formula,T,zT,doi,E0_all_starry,E1_formula_OOD,E2_article_OOD,E3_formula_plus_article_OOD
BiSb(Se0.92Br0.08)3,300.0,0.1599850476190476,10.1002/adfm.201806558,0.15669033,0.1457406,0.14374948,0.14667735
BiSb(Se0.92Br0.08)3,400.0,0.31917744,10.1002/adfm.201806558,0.28853056,0.29573184,0.30655214,0.34425744
BiSb(Se0.92Br0.08)3,500.0,0.522607216981132,10.1002/adfm.201806558,0.4224232,0.331383,0.3959072,0.37073871
BiSb(Se0.92Br0.08)3,600.0,0.7323047058823529,10.1002/adfm.201806558,0.56394804,0.40422866,0.5018161,0.40022844
BiSb(Se0.92Br0.08)3,700.0,0.94,10.1002/adfm.201806558,0.7422375,0.51906174,0.6297905,0.5250298
BiSb(Se0.92Br0.08)3,800.0,1.299207381818182,10.1002/adfm.201806558,0.94773346,0.5735449,0.72096395,0.62313664
BiSb(Se0.94Br0.06)3,300.0,0.15356796,10.1002/adfm.201806558,0.15778522,0.1457406,0.14374948,0.14667735
BiSb(Se0.94Br0.06)3,400.0,0.3139105263157895,10.1002/adfm.201806558,0.2893834,0.29573184,0.30655214,0.34425744
BiSb(Se0.94Br0.06)3,500.0,0.5216963037735849,10.1002/adfm.201806558,0.4224232,0.331383,0.39733842,0.37073871
BiSb(Se0.94Br0.06)3,600.0,0.7122705882352941,10.1002/adfm.201806558,0.56394804,0.40422866,0.5170371,0.40022844
BiSb(Se0.94Br0.06)3,700.0,0.9390624502,10.1002/adfm.201806558,0.73599094,0.51906174,0.6448556,0.5250298
BiSb(Se0.94Br0.06)3,800.0,1.3497969436363635,10.1002/adfm.201806558,0.94635665,0.5735449,0.73831046,0.62313664
BiSb(Se0.96Br0.04)3,300.0,0.12,10.1002/adfm.201806558,0.1477473,0.1397487,0.13964204,0.14432983
BiSb(Se0.96Br0.04)3,400.0,0.28,10.1002/adfm.201806558,0.27634475,0.27173936,0.30533582,0.33934155
BiSb(Se0.96Br0.04)3,500.0,0.42675326909090905,10.1002/adfm.201806558,0.4108943,0.30000502,0.38932613,0.36582282
BiSb(Se0.96Br0.04)3,600.0,0.63,10.1002/adfm.201806558,0.5565175,0.3695462,0.5010403,0.39531255
BiSb(Se0.96Br0.04)3,700.0,0.8446437468,10.1002/adfm.201806558,0.72998405,0.47266692,0.618325,0.5201139
BiSb(Se0.96Br0.04)3,800.0,1.1552,10.1002/adfm.201806558,0.9388434,0.52714986,0.71177983,0.61822075
BiSb(Se0.98Br0.02)3,300.0,0.12,10.1002/adfm.201806558,0.13031067,0.13715646,0.11064958,0.14426497
BiSb(Se0.98Br0.02)3,400.0,0.27435636590163937,10.1002/adfm.201806558,0.25818047,0.2691471,0.2741613,0.3392767
BiSb(Se0.98Br0.02)3,500.0,0.42,10.1002/adfm.201806558,0.36470842,0.29022884,0.32842016,0.36575797
BiSb(Se0.98Br0.02)3,600.0,0.5801785714285714,10.1002/adfm.201806558,0.48572215,0.35977003,0.4100443,0.3952477
BiSb(Se0.98Br0.02)3,700.0,0.7871762354716981,10.1002/adfm.201806558,0.59661585,0.46289074,0.5048203,0.52004904
BiSb(Se0.98Br0.02)3,800.0,1.0600074133333333,10.1002/adfm.201806558,0.71261245,0.5173737,0.60124296,0.6181559
Cu2.025Cd0.975SnSe4,300.0,0.01801114455667789,10.1002/adma.200900409,0.014927858,0.015322926,0.0021796266,0.011254311
Cu2.025Cd0.975SnSe4,350.0,0.02851981367307692,10.1002/adma.200900409,0.038142547,0.032595385,0.019474192,0.026707241
Cu2.025Cd0.975SnSe4,400.0,0.042350277493333345,10.1002/adma.200900409,0.0632253,0.0597937,0.0403694,0.048605554
Cu2.025Cd0.975SnSe4,450.0,0.06377561743022508,10.1002/adma.200900409,0.08171512,0.07158798,0.059543345,0.06669427
Cu2.025Cd0.975SnSe4,500.0,0.08974922552285346,10.1002/adma.200900409,0.11612832,0.11165058,0.09336651,0.1023963
Cu2.025Cd0.975SnSe4,550.0,0.1257818573876106,10.1002/adma.200900409,0.15615109,0.15574755,0.13907544,0.1429284
Cu2.025Cd0.975SnSe4,600.0,0.15772669979456191,10.1002/adma.200900409,0.2004848,0.20229276,0.18252747,0.18484572
Cu2.025Cd0.975SnSe4,650.0,0.19630913348946136,10.1002/adma.200900409,0.23544045,0.23182431,0.22405577,0.21927193
Cu2.025Cd0.975SnSe4,700.0,0.24358649350933329,10.1002/adma.200900409,0.31733635,0.2973233,0.3015616,0.30276105
Cu2.05Cd0.95SnSe4,300.0,0.02789230496150556,10.1002/adma.200900409,0.014927858,0.015322926,0.0021796266,0.011254311
Cu2.05Cd0.95SnSe4,350.0,0.04459555956989246,10.1002/adma.200900409,0.038142547,0.032595385,0.019474192,0.026707241
Cu2.05Cd0.95SnSe4,400.0,0.06798972183661302,10.1002/adma.200900409,0.0632253,0.0597937,0.0403694,0.048605554
Cu2.05Cd0.95SnSe4,450.0,0.11387378329411765,10.1002/adma.200900409,0.08171512,0.07158798,0.059543345,0.06669427
Cu2.05Cd0.95SnSe4,500.0,0.18510322086956524,10.1002/adma.200900409,0.11612832,0.11165058,0.09336651,0.1023963
Cu2.05Cd0.95SnSe4,550.0,0.253348204851752,10.1002/adma.200900409,0.15615109,0.15574755,0.13907544,0.1429284
Cu2.05Cd0.95SnSe4,600.0,0.31394114011502516,10.1002/adma.200900409,0.2004848,0.20229276,0.18252747,0.18484572
Cu2.05Cd0.95SnSe4,650.0,0.3935254476214286,10.1002/adma.200900409,0.23544045,0.23182431,0.22405577,0.21927193
Cu2.05Cd0.95SnSe4,700.0,0.4832231812191104,10.1002/adma.200900409,0.31733635,0.2973233,0.3015616,0.30276105
Cu2.1Cd0.9SnSe4,300.0,0.0503524711097561,10.1002/adma.200900409,0.014927858,0.015322926,0.0021796266,0.017825926
Cu2.1Cd0.9SnSe4,350.0,0.07488251348511384,10.1002/adma.200900409,0.038142547,0.032595385,0.019474192,0.03327887
Cu2.1Cd0.9SnSe4,400.0,0.11103682553379308,10.1002/adma.200900409,0.0632253,0.0597937,0.0403694,0.05517719
Cu2.1Cd0.9SnSe4,450.0,0.1688498984117647,10.1002/adma.200900409,0.08171512,0.07158798,0.059543345,0.073265895
Cu2.1Cd0.9SnSe4,500.0,0.2516386294642857,10.1002/adma.200900409,0.11612832,0.11165058,0.09336651,0.10896786
Cu2.1Cd0.9SnSe4,550.0,0.3281395391325186,10.1002/adma.200900409,0.15615109,0.15574755,0.13907544,0.15236537
Cu2.1Cd0.9SnSe4,600.0,0.399748,10.1002/adma.200900409,0.2004848,0.20229276,0.18252747,0.1918653
Cu2.1Cd0.9SnSe4,650.0,0.5001336619565219,10.1002/adma.200900409,0.23544045,0.23182431,0.22405577,0.22629146
Cu2.1Cd0.9SnSe4,700.0,0.6517850001599998,10.1002/adma.200900409,0.31733635,0.2973233,0.3015616,0.31129804
Cu2CdSnSe4,300.0,0.014595061079610953,10.1002/adma.200900409,0.014927858,0.015322926,0.0021796266,0.011254311
Cu2CdSnSe4,350.0,0.023124009106382976,10.1002/adma.200900409,0.038142547,0.032595385,0.019474192,0.026707241
Cu2CdSnSe4,400.0,0.036198975747035574,10.1002/adma.200900409,0.0632253,0.0597937,0.0403694,0.048605554
Cu2CdSnSe4,450.0,0.05157858339310346,10.1002/adma.200900409,0.08171512,0.07158798,0.059543345,0.06669427
Cu2CdSnSe4,500.0,0.07200123603289474,10.1002/adma.200900409,0.11612832,0.11165058,0.09336651,0.1023963
Cu2CdSnSe4,550.0,0.09526926322445255,10.1002/adma.200900409,0.15615109,0.15574755,0.13907544,0.1429284
Cu2CdSnSe4,600.0,0.12523499999999999,10.1002/adma.200900409,0.2004848,0.20229276,0.18252747,0.18484572
Cu2CdSnSe4,650.0,0.1573708527344028,10.1002/adma.200900409,0.23544045,0.23182431,0.22405577,0.21927193
Cu2CdSnSe4,700.0,0.18983716145849794,10.1002/adma.200900409,0.31733635,0.2973233,0.3015616,0.30276105
In4Se2.32Cl0.03,323.0,0.3676,10.1002/adma.201004739,0.31685168,0.13959357,0.21563478,0.12403526
In4Se2.32Cl0.03,698.0,1.0399606551489362,10.1002/adma.201004739,0.98013145,0.7899835,0.7818559,0.79584396
In4Se2.32Cl0.03,373.0,0.493,10.1002/adma.201004739,0.3847153,0.16200566,0.24607837,0.14323282
In4Se2.32Cl0.03,423.0,0.6,10.1002/adma.201004739,0.47493508,0.19801053,0.27973735,0.18086812
In4Se2.32Cl0.03,473.0,0.6685831307028446,10.1002/adma.201004739,0.51263785,0.23132129,0.30576175,0.20803297
In4Se2.32Cl0.03,523.0,0.7637634678259758,10.1002/adma.201004739,0.58038586,0.31106517,0.3684569,0.29037318
In4Se2.32Cl0.03,598.0,0.8597507380716017,10.1002/adma.201004739,0.6953606,0.435671,0.5132395,0.45017326
In4Se2.32Cl0.03,623.0,0.8917600726829269,10.1002/adma.201004739,0.74932367,0.56150365,0.59343934,0.5798915
In4Se2.32Cl0.03,648.0,0.9270455870117646,10.1002/adma.201004739,0.82215494,0.66894734,0.6826145,0.6838422
In4Se2.32Cl0.03,673.0,0.972803816267973,10.1002/adma.201004739,0.88941956,0.7464262,0.7469404,0.7580447
In4Se2.67Cl0.03,323.0,0.4122837679370568,10.1002/adma.201004739,0.3493337,0.082692966,0.091751434,0.083735794
In4Se2.67Cl0.03,423.0,0.7611122920007549,10.1002/adma.201004739,0.5318195,0.12574753,0.13528135,0.12784007
In4Se2.67Cl0.03,473.0,0.791615016105417,10.1002/adma.201004739,0.5673431,0.15686075,0.16066766,0.15379637
In4Se2.67Cl0.03,523.0,0.8791118286039334,10.1002/adma.201004739,0.6485301,0.22462656,0.2211825,0.22508827
In4Se2.67Cl0.03,573.0,0.996,10.1002/adma.201004739,0.77854645,0.32009497,0.34207335,0.33092818
In4Se2.67Cl0.03,598.0,1.1490627634335204,10.1002/adma.201004739,0.8022286,0.34941936,0.38462722,0.3625812
In4Se2.67Cl0.03,623.0,1.2742654547112948,10.1002/adma.201004739,0.89049876,0.42696065,0.4465775,0.42727828
In4Se2.67Cl0.03,648.0,1.3645733951208963,10.1002/adma.201004739,0.89812493,0.4327488,0.4563461,0.44552884
In4Se2.67Cl0.03,698.0,1.533,10.1002/adma.201004739,1.0445826,0.5427158,0.56166774,0.5575311
In3.94Pb0.06Se3,330.0,0.06339473684210527,10.1002/adma.201302038,0.0838775,0.075222164,0.070245005,0.09331891
In3.94Pb0.06Se3,405.0,0.11367702602230484,10.1002/adma.201302038,0.16030928,0.14894049,0.1448853,0.17560565
In3.94Pb0.06Se3,480.0,0.2243265049180328,10.1002/adma.201302038,0.24713808,0.25185567,0.23445639,0.26637423
In3.94Pb0.06Se3,518.0,0.23422142146507666,10.1002/adma.201302038,0.3226732,0.3207079,0.33720344,0.34455588
In3.95Pb0.05Se3,330.0,0.06902547440758294,10.1002/adma.201302038,0.0838775,0.075222164,0.070245005,0.09331891
In3.95Pb0.05Se3,405.0,0.1727782258064516,10.1002/adma.201302038,0.16030928,0.14894049,0.1448853,0.17560565
In3.95Pb0.05Se3,480.0,0.3660930976744186,10.1002/adma.201302038,0.24713808,0.25185567,0.23445639,0.26637423
In3.95Pb0.05Se3,518.0,0.46759597802469133,10.1002/adma.201302038,0.3226732,0.3207079,0.33720344,0.34455588
In3.96Pb0.04Se3,330.0,0.06850831858407079,10.1002/adma.201302038,0.0838775,0.075222164,0.072675906,0.095768124
In3.96Pb0.04Se3,405.0,0.16547236875,10.1002/adma.201302038,0.16030928,0.14894049,0.1473162,0.17805487
In3.96Pb0.04Se3,480.0,0.3166153846153846,10.1002/adma.201302038,0.24713808,0.25185567,0.23688729,0.26882344
In3.96Pb0.04Se3,518.0,0.42334333023255816,10.1002/adma.201302038,0.3226732,0.3207079,0.33963436,0.3470051
In3.99Pb0.01Se3,330.0,0.12503464285714286,10.1002/adma.201302038,0.0838775,0.083441116,0.073768094,0.095768124
In3.99Pb0.01Se3,405.0,0.2181984262886598,10.1002/adma.201302038,0.16030928,0.15715945,0.1484084,0.17805487
In3.99Pb0.01Se3,480.0,0.37832086575824175,10.1002/adma.201302038,0.25667188,0.26007462,0.23797949,0.26882344
In3.99Pb0.01Se3,518.0,0.41533766476363637,10.1002/adma.201302038,0.3322069,0.32892683,0.33963436,0.3470051
Cu2Se,410.0,0.18976817062521828,10.1002/adma.201302660,0.3126916,0.2762752,0.26900366,0.2427097
Cu2Se,300.0,0.2873508763636363,10.1002/adma.201302660,0.22008324,0.21683717,0.2074336,0.17548798
Cu2Se,425.0,0.35298803971962617,10.1002/adma.201302660,0.30064693,0.28883898,0.27775934,0.2541062
Cu2Se,350.0,0.39341661875600004,10.1002/adma.201302660,0.34015846,0.24760573,0.2679243,0.21597098
Cu2Se,450.0,0.39439155490654204,10.1002/adma.201302660,0.33428437,0.310005,0.29848203,0.28454795
Cu2Se,359.0,0.4423901813536438,10.1002/adma.201302660,0.3627255,0.24876106,0.27082288,0.21771379
Cu2Se,365.0,0.4822863924626866,10.1002/adma.201302660,0.3627255,0.24876106,0.27082288,0.21771379
Cu2Se,375.0,0.5905460883656248,10.1002/adma.201302660,0.3906476,0.25728586,0.27634144,0.2223524
Cu2Se,385.0,0.861150798983051,10.1002/adma.201302660,0.4858855,0.2589175,0.30945224,0.22449203
Cu2Se,400.0,2.277910891079999,10.1002/adma.201302660,0.5366192,0.2762752,0.3235248,0.24526884
Cu2Se0.92I0.08,300.0,0.20836470234226626,10.1002/adma.201302660,0.21984439,0.16766644,0.14913206,0.13719189
Cu2Se0.92I0.08,385.0,0.265519762611276,10.1002/adma.201302660,0.4093802,0.21272005,0.21383126,0.19040728
Cu2Se0.92I0.08,400.0,0.2797600864864864,10.1002/adma.201302660,0.41747615,0.23035131,0.24220002,0.21412955
Cu2Se0.92I0.08,410.0,0.29311113294797686,10.1002/adma.201302660,0.3083744,0.23035131,0.23345555,0.21157041
Cu2Se0.92I0.08,425.0,0.3156741439176245,10.1002/adma.201302660,0.29374558,0.2450345,0.24488384,0.23012412
Cu2Se0.92I0.08,375.0,0.325,10.1002/adma.201302660,0.3780117,0.20811543,0.20920733,0.18319911
Cu2Se0.92I0.08,450.0,0.3549165576254826,10.1002/adma.201302660,0.32392225,0.27972674,0.27525786,0.29010692
Cu2Se0.92I0.08,365.0,0.37585303551290333,10.1002/adma.201302660,0.351964,0.19959037,0.20368862,0.17629239
Cu2Se0.92I0.08,350.0,0.479245361328125,10.1002/adma.201302660,0.33859816,0.19843504,0.20275624,0.17129499
Cu2Se0.92I0.08,359.0,0.8406196963857142,10.1002/adma.201302660,0.351964,0.19959037,0.20368862,0.17629239
Cu2Se0.96I0.04,300.0,0.18741243706216218,10.1002/adma.201302660,0.24775966,0.19458278,0.17115119,0.14923097
Cu2Se0.96I0.04,385.0,0.216,10.1002/adma.201302660,0.4669821,0.23963639,0.24167252,0.20882617
Cu2Se0.96I0.04,400.0,0.2637891705917453,10.1002/adma.201302660,0.47507805,0.25726745,0.27004132,0.23254842
Cu2Se0.96I0.04,410.0,0.28405045798578593,10.1002/adma.201302660,0.33410794,0.25726745,0.24341437,0.22998928
Cu2Se0.96I0.04,425.0,0.3101760715189873,10.1002/adma.201302660,0.32206333,0.27195063,0.25216994,0.24854298
Cu2Se0.96I0.04,450.0,0.35037414854430377,10.1002/adma.201302660,0.3557007,0.306643,0.28696144,0.30852568
Cu2Se0.96I0.04,350.0,0.377436278016,10.1002/adma.201302660,0.3694849,0.22535138,0.22477537,0.18971388
Cu2Se0.96I0.04,359.0,0.46357969896341467,10.1002/adma.201302660,0.39029115,0.22650671,0.22570775,0.19471128
Cu2Se0.96I0.04,365.0,0.5245037485714286,10.1002/adma.201302660,0.39029115,0.22650671,0.22570775,0.19471128
Cu2Se0.96I0.04,375.0,0.7414603689795918,10.1002/adma.201302660,0.41821322,0.23503177,0.23122646,0.201618
TmCuTe2,320.0,0.10571761537517435,10.1002/chem.201404453,0.059696052,0.006400945,-0.0017800928,0.00968527
TmCuTe2,363.0,0.144748020956,10.1002/chem.201404453,0.100112885,0.04112388,0.02967409,0.039423574
TmCuTe2,410.0,0.186,10.1002/chem.201404453,0.12365007,0.05715448,0.047084108,0.06078843
TmCuTe2,457.0,0.243,10.1002/chem.201404453,0.16366194,0.05719242,0.04666392,0.05642301
TmCuTe2,503.0,0.295,10.1002/chem.201404453,0.2021768,0.07533669,0.06798712,0.08089046
TmCuTe2,600.0,0.373,10.1002/chem.201404453,0.33984897,0.21707842,0.23175837,0.22202823
TmCuTe2,550.0,0.3826,10.1002/chem.201404453,0.222385,0.12276509,0.11721481,0.12384842
TmCuTe2,818.0,0.73,10.1002/chem.201404453,0.6693751,0.5221947,0.47914636,0.50899273
TmCuTe2,720.0,0.736,10.1002/chem.201404453,0.53491706,0.36945635,0.3815851,0.36750427
Ag8GeTe6,329.0,0.0332761978458498,10.1002/pssr.200701302,0.114141725,0.15672456,0.14370191,0.12568091
Ag8GeTe6,413.0,0.091,10.1002/pssr.200701302,0.17722788,0.19822095,0.20494634,0.18854532
Ag8GeTe6,509.0,0.189,10.1002/pssr.200701302,0.3357406,0.3521514,0.36830842,0.36793578
Ag8GeTe6,607.0,0.368,10.1002/pssr.200701302,0.48643157,0.535731,0.50767577,0.5669092
Ag8GeTe6,703.0,0.481,10.1002/pssr.200701302,0.6517222,0.78677326,0.694284,0.7487481
YbSi2,522.0,0.04194798248942308,10.1002/pssr.201700372,0.07386636,0.100003816,0.057743024,0.109993204
YbSi2,475.0,0.04806861129568106,10.1002/pssr.201700372,0.033670355,0.065674074,0.028565861,0.08308795
YbSi2,426.0,0.05721513410021052,10.1002/pssr.201700372,0.042308215,0.050353896,0.0125130415,0.06620954
YbSi2,377.0,0.06156051540983606,10.1002/pssr.201700372,0.031490076,0.03146104,0.01098278,0.057251103
YbSi2,330.0,0.07153729828767123,10.1002/pssr.201700372,0.019067608,0.01530624,0.0009668894,0.045417022
YbSi2,300.0,0.0720966181395349,10.1002/pssr.201700372,0.028793337,0.023875767,0.012771661,0.048379526
Sr0.11Ba0.18Co4Sb12.09,300.0,0.23944836413793105,10.1007/s00339-010-5711-3,0.17175606,0.17613551,0.1675012,0.16811661
Sr0.11Ba0.18Co4Sb12.09,350.0,0.3187526941011236,10.1007/s00339-010-5711-3,0.23024732,0.23970091,0.22967495,0.22434133
Sr0.11Ba0.18Co4Sb12.09,400.0,0.41663044235294117,10.1007/s00339-010-5711-3,0.33508843,0.3276397,0.30530202,0.32124186
Sr0.11Ba0.18Co4Sb12.09,450.0,0.5068756880048076,10.1007/s00339-010-5711-3,0.39443013,0.3797084,0.366806,0.38395
Sr0.11Ba0.18Co4Sb12.09,500.0,0.6007325615763547,10.1007/s00339-010-5711-3,0.471506,0.48032054,0.46518847,0.46999416
Sr0.11Ba0.18Co4Sb12.09,550.0,0.70031925095,10.1007/s00339-010-5711-3,0.6060946,0.5765701,0.5964813,0.5933953
Sr0.11Ba0.18Co4Sb12.09,600.0,0.8105021752671755,10.1007/s00339-010-5711-3,0.69189185,0.6746861,0.6895884,0.68360215
Sr0.11Ba0.18Co4Sb12.09,650.0,0.8976345321666668,10.1007/s00339-010-5711-3,0.7718448,0.77254975,0.7569563,0.7580292
Sr0.11Ba0.18Co4Sb12.09,700.0,0.9944333285788114,10.1007/s00339-010-5711-3,0.8600901,0.8751368,0.84681547,0.8629854
Sr0.11Ba0.18Co4Sb12.09,750.0,1.0670813792307692,10.1007/s00339-010-5711-3,0.9083042,0.91761404,0.90121627,0.91923827
Sr0.11Ba0.18Co4Sb12.09,800.0,1.1272587798473281,10.1007/s00339-010-5711-3,0.9741023,0.967047,0.95082545,0.9640116
Sr0.11Ba0.18Co4Sb12.09,850.0,1.2202053619143576,10.1007/s00339-010-5711-3,0.9928836,0.9850578,0.9723411,0.98392963
Sr0.16Yb0.03Co4Sb11.82,300.0,0.2958505931851852,10.1007/s00339-010-5711-3,0.28436592,0.18717991,0.19991967,0.19447474
Sr0.16Yb0.03Co4Sb11.82,350.0,0.389221308,10.1007/s00339-010-5711-3,0.317872,0.24635658,0.25598237,0.24824479
Sr0.16Yb0.03Co4Sb11.82,400.0,0.4927472872727272,10.1007/s00339-010-5711-3,0.4160598,0.3300957,0.3455197,0.32975668
Sr0.16Yb0.03Co4Sb11.82,450.0,0.5876270299586778,10.1007/s00339-010-5711-3,0.46886918,0.3784067,0.40499827,0.38780653
Sr0.16Yb0.03Co4Sb11.82,500.0,0.71302154,10.1007/s00339-010-5711-3,0.5939301,0.4114773,0.4285323,0.4242984
Sr0.16Yb0.03Co4Sb11.82,550.0,0.8114415026666666,10.1007/s00339-010-5711-3,0.6919179,0.48201665,0.46562067,0.5274716
Sr0.16Yb0.03Co4Sb11.82,600.0,0.9236968094117648,10.1007/s00339-010-5711-3,0.71752673,0.578144,0.48853195,0.59022987
Sr0.16Yb0.03Co4Sb11.82,650.0,1.0299083915441176,10.1007/s00339-010-5711-3,0.79214334,0.63670003,0.51468974,0.65788686
Sr0.16Yb0.03Co4Sb11.82,700.0,1.1185829208211142,10.1007/s00339-010-5711-3,0.8181598,0.6968918,0.6155047,0.739065
Sr0.16Yb0.03Co4Sb11.82,750.0,1.1741965317919074,10.1007/s00339-010-5711-3,0.8529075,0.73292917,0.658586,0.75594175
Sr0.16Yb0.03Co4Sb11.82,800.0,1.259530901942857,10.1007/s00339-010-5711-3,0.8937492,0.7903172,0.7251539,0.79798466
Sr0.16Yb0.03Co4Sb11.82,850.0,1.277193993936464,10.1007/s00339-010-5711-3,0.9046546,0.805981,0.7442632,0.80872995
Sr0.21Co4Sb12.25,300.0,0.2347170431211499,10.1007/s00339-010-5711-3,0.1138632,0.09717688,0.10513031,0.09340162
Sr0.21Co4Sb12.25,350.0,0.30774618061135367,10.1007/s00339-010-5711-3,0.1688139,0.15735932,0.16730374,0.1496262
Sr0.21Co4Sb12.25,400.0,0.3938056397202797,10.1007/s00339-010-5711-3,0.264558,0.24109872,0.24293047,0.2352711
Sr0.21Co4Sb12.25,450.0,0.4759801856934306,10.1007/s00339-010-5711-3,0.29947567,0.28594935,0.28979367,0.28079984
Sr0.21Co4Sb12.25,500.0,0.5538521709183672,10.1007/s00339-010-5711-3,0.3700651,0.3638756,0.3779588,0.35493845
Sr0.21Co4Sb12.25,550.0,0.6483486842105264,10.1007/s00339-010-5711-3,0.4781475,0.43225756,0.45898473,0.44324964
Sr0.21Co4Sb12.25,600.0,0.7392018365217391,10.1007/s00339-010-5711-3,0.50987524,0.48945814,0.5230479,0.49186498
Sr0.21Co4Sb12.25,650.0,0.8276396019726028,10.1007/s00339-010-5711-3,0.57783234,0.5481851,0.56073713,0.5319978
Sr0.21Co4Sb12.25,700.0,0.900906843756906,10.1007/s00339-010-5711-3,0.6406454,0.6172514,0.6283552,0.6073324
Sr0.21Co4Sb12.25,750.0,0.9709523112328767,10.1007/s00339-010-5711-3,0.66168195,0.63180476,0.646355,0.63494503
Sr0.21Co4Sb12.25,800.0,1.0122010869565217,10.1007/s00339-010-5711-3,0.701656,0.67681444,0.6799723,0.67596185
Sr0.21Co4Sb12.25,850.0,1.0187802448552632,10.1007/s00339-010-5711-3,0.7518058,0.69482523,0.7117962,0.6977002
Sr0.21Yb0.03Co4Sb12.12,300.0,0.2884074831914893,10.1007/s00339-010-5711-3,0.2548287,0.17862916,0.17078376,0.18282261
Sr0.21Yb0.03Co4Sb12.12,350.0,0.38265937499999997,10.1007/s00339-010-5711-3,0.3070918,0.23780586,0.23295751,0.23659265
Sr0.21Yb0.03Co4Sb12.12,400.0,0.4703986007106599,10.1007/s00339-010-5711-3,0.40351567,0.32154495,0.31194472,0.3279396
Sr0.21Yb0.03Co4Sb12.12,450.0,0.5620862337662338,10.1007/s00339-010-5711-3,0.4598955,0.3768535,0.37730175,0.39289805
Sr0.21Yb0.03Co4Sb12.12,500.0,0.6874890599469495,10.1007/s00339-010-5711-3,0.53403324,0.4571088,0.4674698,0.47244602
Sr0.21Yb0.03Co4Sb12.12,550.0,0.7865936858467741,10.1007/s00339-010-5711-3,0.6605211,0.5537616,0.5717574,0.59549505
Sr0.21Yb0.03Co4Sb12.12,600.0,0.8732447902173912,10.1007/s00339-010-5711-3,0.7154919,0.65052783,0.6554356,0.6694261
Sr0.21Yb0.03Co4Sb12.12,650.0,0.9683024605357142,10.1007/s00339-010-5711-3,0.7890273,0.7266688,0.6949404,0.7312243
Sr0.21Yb0.03Co4Sb12.12,700.0,1.0906835916666666,10.1007/s00339-010-5711-3,0.8986705,0.817293,0.8111983,0.83861494
Sr0.21Yb0.03Co4Sb12.12,750.0,1.1788395432692307,10.1007/s00339-010-5711-3,0.9260882,0.84196043,0.8408171,0.85401994
Sr0.21Yb0.03Co4Sb12.12,800.0,1.229257765667575,10.1007/s00339-010-5711-3,0.98085356,0.8951009,0.8975427,0.89856017
Sr0.21Yb0.03Co4Sb12.12,850.0,1.3358544874054052,10.1007/s00339-010-5711-3,0.99855095,0.9107647,0.915693,0.90337026
Yb13CaMnSb11,373.0,0.0687,10.1007/s11664-010-1149-9,0.049604896,0.07143827,0.052731447,0.06955231
Yb13CaMnSb11,573.0,0.242,10.1007/s11664-010-1149-9,0.24191457,0.26863885,0.27364734,0.25754234
Yb13CaMnSb11,773.0,0.468,10.1007/s11664-010-1149-9,0.4963565,0.4843664,0.48865733,0.49272212
Yb13CaMnSb11,973.0,0.712,10.1007/s11664-010-1149-9,0.69669724,0.66627413,0.67559177,0.67817175
Yb13CaMnSb11,1163.0,0.8974,10.1007/s11664-010-1149-9,0.89127934,0.87374866,0.8874181,0.8757142
Yb14MnSb11,325.0,0.043789360549999996,10.1007/s11664-010-1149-9,0.0139588425,-0.0029687514,0.01687098,0.011204945
Yb14MnSb11,525.0,0.12406245283018867,10.1007/s11664-010-1149-9,0.1908571,0.19216275,0.20488629,0.20387177
Yb14MnSb11,725.0,0.269,10.1007/s11664-010-1149-9,0.41391143,0.40669194,0.4072918,0.39728397
Yb14MnSb11,925.0,0.5121542619210526,10.1007/s11664-010-1149-9,0.6707561,0.6549613,0.6694894,0.64121807
Yb14MnSb11,1125.0,0.7444391744680852,10.1007/s11664-010-1149-9,0.8435024,0.8210078,0.85951036,0.827717
FeVSb,400.0,0.22210169491525425,10.1007/s11664-016-4804-y,0.14927326,0.13911848,0.14408615,0.1338459
FeVSb,700.0,0.266,10.1007/s11664-016-4804-y,0.27553225,0.23925872,0.23837537,0.25644377
FeVSb,500.0,0.2683745152354571,10.1007/s11664-016-4804-y,0.20964631,0.17949033,0.17686534,0.17867883
FeVSb,600.0,0.277,10.1007/s11664-016-4804-y,0.25624052,0.21297444,0.21155033,0.22644344
Ca3Co3.7Ti0.3O9,300.0,0.01781054765217391,10.1016/j.jallcom.2010.04.055,0.01870004,0.012484405,0.021369424,0.015584191
Ca3Co3.7Ti0.3O9,500.0,0.04964724217311233,10.1016/j.jallcom.2010.04.055,0.036234345,0.034220606,0.04219321,0.039878216
Ca3Co3.7Ti0.3O9,700.0,0.11182601033797217,10.1016/j.jallcom.2010.04.055,0.073589735,0.0739111,0.074702784,0.06965238
Ca3Co3.7Ti0.3O9,900.0,0.21521085942857143,10.1016/j.jallcom.2010.04.055,0.14121366,0.13768561,0.14880353,0.13036175
Ca3Co3.7Ti0.3O9,1000.0,0.28,10.1016/j.jallcom.2010.04.055,0.16944523,0.1542997,0.16711275,0.15027544
Ca3Co3.8Ti0.2O9,300.0,0.013285827349397589,10.1016/j.jallcom.2010.04.055,0.01870004,0.012484405,0.021369424,0.015584191
Ca3Co3.8Ti0.2O9,500.0,0.03285258130962706,10.1016/j.jallcom.2010.04.055,0.036234345,0.034220606,0.04219321,0.039878216
Ca3Co3.8Ti0.2O9,700.0,0.08314116040117536,10.1016/j.jallcom.2010.04.055,0.073589735,0.0739111,0.074702784,0.06965238
Ca3Co3.8Ti0.2O9,900.0,0.14701467042253522,10.1016/j.jallcom.2010.04.055,0.14121366,0.13768561,0.14880353,0.13036175
Ca3Co3.8Ti0.2O9,1000.0,0.19446759065693434,10.1016/j.jallcom.2010.04.055,0.16944523,0.1542997,0.16711275,0.15027544
Ca3Co3.9Ti0.1O9,300.0,0.011177177953667954,10.1016/j.jallcom.2010.04.055,0.024223423,0.021733332,0.022650162,0.017678421
Ca3Co3.9Ti0.1O9,500.0,0.027367619371898112,10.1016/j.jallcom.2010.04.055,0.043542784,0.045388523,0.04701394,0.044545576
Ca3Co3.9Ti0.1O9,700.0,0.06563274650132861,10.1016/j.jallcom.2010.04.055,0.0826255,0.08777164,0.07952351,0.074319735
Ca3Co3.9Ti0.1O9,900.0,0.12716988283018868,10.1016/j.jallcom.2010.04.055,0.1493035,0.15022013,0.15378124,0.13500763
Ca3Co3.9Ti0.1O9,1000.0,0.1592611681415929,10.1016/j.jallcom.2010.04.055,0.17753507,0.16683422,0.17209046,0.1549213
Ca3Co4O9,300.0,0.01014107385694396,10.1016/j.jallcom.2010.04.055,0.013070166,0.01225296,0.014245515,0.011028819
Ca3Co4O9,500.0,0.02442258787692308,10.1016/j.jallcom.2010.04.055,0.032389514,0.035908155,0.036675088,0.03789595
Ca3Co4O9,700.0,0.06088840632,10.1016/j.jallcom.2010.04.055,0.07095374,0.07559866,0.069184676,0.06767011
Ca3Co4O9,900.0,0.10952353154416962,10.1016/j.jallcom.2010.04.055,0.14106323,0.14705862,0.1439347,0.14230187
Ca3Co4O9,1000.0,0.129,10.1016/j.jallcom.2010.04.055,0.1692948,0.16549496,0.16224392,0.1625264
Cu3Sb0.85Ge0.15S4,300.0,0.09207434372514889,10.1021/acs.jpcc.6b09379,0.07568425,0.10312111,0.093704484,0.1010389
Cu3Sb0.85Ge0.15S4,373.0,0.18028257937300515,10.1021/acs.jpcc.6b09379,0.115041405,0.14622961,0.126292,0.14296679
Cu3Sb0.85Ge0.15S4,473.0,0.33885910806794056,10.1021/acs.jpcc.6b09379,0.20795487,0.26239154,0.22753401,0.23731086
Cu3Sb0.85Ge0.15S4,573.0,0.517961580169355,10.1021/acs.jpcc.6b09379,0.3457648,0.39244795,0.35348248,0.3692096
Cu3Sb0.925Ge0.075S4,300.0,0.09103227546966204,10.1021/acs.jpcc.6b09379,0.07568425,0.10312111,0.093704484,0.1025165
Cu3Sb0.925Ge0.075S4,373.0,0.17475885017884613,10.1021/acs.jpcc.6b09379,0.115041405,0.14622961,0.126292,0.14444439
Cu3Sb0.925Ge0.075S4,473.0,0.32620627182313494,10.1021/acs.jpcc.6b09379,0.20795487,0.26239154,0.22753401,0.23878846
Cu3Sb0.925Ge0.075S4,573.0,0.49976584500677246,10.1021/acs.jpcc.6b09379,0.3457648,0.39244795,0.35348248,0.37068722
Cu3Sb0.95Ge0.05S4,300.0,0.06066603690768001,10.1021/acs.jpcc.6b09379,0.07568425,0.10312111,0.093704484,0.10612264
Cu3Sb0.95Ge0.05S4,373.0,0.122172099869961,10.1021/acs.jpcc.6b09379,0.115041405,0.14622961,0.126292,0.14805053
Cu3Sb0.95Ge0.05S4,473.0,0.25086258074457674,10.1021/acs.jpcc.6b09379,0.20795487,0.26239154,0.22753401,0.2423946
Cu3Sb0.95Ge0.05S4,573.0,0.415,10.1021/acs.jpcc.6b09379,0.3457648,0.39244795,0.35348248,0.37429336
Cu3Sb0.975Ge0.025S4,300.0,0.06441788321167884,10.1021/acs.jpcc.6b09379,0.07568425,0.100551516,0.093704484,0.102122016
Cu3Sb0.975Ge0.025S4,373.0,0.12243611417945142,10.1021/acs.jpcc.6b09379,0.115041405,0.14053959,0.126292,0.13990568
Cu3Sb0.975Ge0.025S4,473.0,0.24104957185693918,10.1021/acs.jpcc.6b09379,0.20795487,0.2585431,0.22753401,0.23424977
Cu3Sb0.975Ge0.025S4,573.0,0.3822092375750125,10.1021/acs.jpcc.6b09379,0.3457648,0.38583902,0.35348248,0.37388405
Cu3Sb0.9875Ge0.0125S4,300.0,0.030797478176229503,10.1021/acs.jpcc.6b09379,0.07541668,0.09537792,0.087857075,0.09834108
Cu3Sb0.9875Ge0.0125S4,373.0,0.07038924122745946,10.1021/acs.jpcc.6b09379,0.1147738,0.13536598,0.12044472,0.13612472
Cu3Sb0.9875Ge0.0125S4,473.0,0.147,10.1021/acs.jpcc.6b09379,0.2076627,0.25314194,0.20880893,0.23166567
Cu3Sb0.9875Ge0.0125S4,573.0,0.24112580621269467,10.1021/acs.jpcc.6b09379,0.34503335,0.38030416,0.3347575,0.3653134
Cu3Sb0.9Ge0.1S4,300.0,0.09128571428571428,10.1021/acs.jpcc.6b09379,0.07568425,0.10312111,0.093704484,0.1010389
Cu3Sb0.9Ge0.1S4,373.0,0.16756379357369344,10.1021/acs.jpcc.6b09379,0.115041405,0.14622961,0.126292,0.14296679
Cu3Sb0.9Ge0.1S4,473.0,0.32413709316784983,10.1021/acs.jpcc.6b09379,0.20795487,0.26239154,0.22753401,0.23731086
Cu3Sb0.9Ge0.1S4,573.0,0.5112141831307317,10.1021/acs.jpcc.6b09379,0.3457648,0.39244795,0.35348248,0.3692096
Cu3SbS4,300.0,0.006454627590043432,10.1021/acs.jpcc.6b09379,0.07541668,0.09537792,0.087857075,0.09834108
Cu3SbS4,373.0,0.02181566319717386,10.1021/acs.jpcc.6b09379,0.1147738,0.13536598,0.12044472,0.13612472
Cu3SbS4,473.0,0.05313982100030651,10.1021/acs.jpcc.6b09379,0.2076627,0.25314194,0.20880893,0.23166567
Cu3SbS4,573.0,0.0950225292850321,10.1021/acs.jpcc.6b09379,0.34503335,0.38030416,0.3347575,0.3653134
CuFe0.92In0.08S2,300.0,0.022702586287042414,10.1021/acs.jpcc.6b10308,0.03344686,0.04194034,0.028973665,0.028902536
CuFe0.92In0.08S2,390.0,0.0424,10.1021/acs.jpcc.6b10308,0.056466363,0.06548388,0.04598175,0.04646533
CuFe0.92In0.08S2,510.0,0.09136659701767307,10.1021/acs.jpcc.6b10308,0.0885595,0.101435624,0.08957956,0.08445845
CuFe0.92In0.08S2,600.0,0.134,10.1021/acs.jpcc.6b10308,0.12194761,0.16616416,0.13379526,0.14940493
CuFe0.96In0.04S2,300.0,0.0325,10.1021/acs.jpcc.6b10308,0.027195858,0.046969652,0.029965047,0.03788722
CuFe0.96In0.04S2,390.0,0.059,10.1021/acs.jpcc.6b10308,0.04960538,0.06794689,0.04464833,0.05448392
CuFe0.96In0.04S2,510.0,0.11473991094857143,10.1021/acs.jpcc.6b10308,0.082366385,0.113044165,0.092898056,0.088518314
CuFe0.96In0.04S2,600.0,0.1628,10.1021/acs.jpcc.6b10308,0.115754455,0.16558488,0.13917267,0.15322669
CuFe0.98In0.02S2,300.0,0.03329772664359861,10.1021/acs.jpcc.6b10308,0.034712646,0.026963718,0.030432742,0.023275325
CuFe0.98In0.02S2,390.0,0.055929284736,10.1021/acs.jpcc.6b10308,0.05712219,0.045871958,0.045116026,0.03987201
CuFe0.98In0.02S2,510.0,0.11120774043018593,10.1021/acs.jpcc.6b10308,0.08977211,0.09247314,0.0913147,0.07142923
CuFe0.98In0.02S2,600.0,0.15042087455239872,10.1021/acs.jpcc.6b10308,0.12316021,0.15094335,0.13758923,0.14697246
CuFeS2,300.0,0.024536849775667655,10.1021/acs.jpcc.6b10308,0.028655943,0.031399105,0.021855677,0.02494439
CuFeS2,390.0,0.0446700610627268,10.1021/acs.jpcc.6b10308,0.051065464,0.046993937,0.036538947,0.044979997
CuFeS2,510.0,0.09266000823690207,10.1021/acs.jpcc.6b10308,0.08563148,0.08672508,0.08039955,0.073440544
CuFeS2,600.0,0.12967837858508602,10.1021/acs.jpcc.6b10308,0.10576724,0.1458308,0.11865322,0.13961591
Mg2Cu3In3Te8,335.0,0.013459386337838972,10.1021/acsaem.9b02004,0.039067067,0.06441971,0.060972054,0.08079359
Mg2Cu3In3Te8,377.0,0.023602546996363636,10.1021/acsaem.9b02004,0.067912385,0.07634908,0.07956293,0.09177809
Mg2Cu3In3Te8,427.0,0.03793151424233333,10.1021/acsaem.9b02004,0.087031655,0.1084212,0.13830021,0.1203448
Mg2Cu3In3Te8,473.0,0.057921170777349394,10.1021/acsaem.9b02004,0.11180209,0.1398593,0.17343025,0.1468543
Mg2Cu3In3Te8,523.0,0.09111072610248648,10.1021/acsaem.9b02004,0.15142034,0.18112536,0.21707097,0.18327212
Mg2Cu3In3Te8,572.0,0.13584853011870518,10.1021/acsaem.9b02004,0.20601979,0.23741469,0.29617912,0.25844967
Mg2Cu3In3Te8,620.0,0.190858088501292,10.1021/acsaem.9b02004,0.33411887,0.38114798,0.40603638,0.37011963
Mg2Cu3In3Te8,668.0,0.2540916189,10.1021/acsaem.9b02004,0.4330946,0.4683284,0.48052403,0.46713817
Mg2Cu3In3Te8,720.0,0.31913734736842103,10.1021/acsaem.9b02004,0.5331979,0.5911712,0.5865539,0.59647197
Mg2Cu3In3Te8,770.0,0.426,10.1021/acsaem.9b02004,0.64193857,0.69994974,0.6725317,0.7047206
Mg2Cu3In3Te8,866.0,0.496,10.1021/acsaem.9b02004,0.737109,0.9032853,0.82446533,0.8870205
Cu10.5Ni0.5ZnSb4S13,323.0,0.157505436601005,10.1021/cm502570b,0.13870016,0.09316881,0.10687331,0.11075703
Cu10.5Ni0.5ZnSb4S13,420.0,0.29173064394618836,10.1021/cm502570b,0.2434366,0.1978676,0.21525596,0.20246322
Cu10.5Ni0.5ZnSb4S13,517.0,0.473,10.1021/cm502570b,0.3554164,0.29934812,0.31746316,0.30678877
Cu10.5Ni0.5ZnSb4S13,617.0,0.6369831521556886,10.1021/cm502570b,0.4927393,0.4279462,0.45832255,0.44337502
Cu10.5Ni0.5ZnSb4S13,715.0,0.81,10.1021/cm502570b,0.5632091,0.49296057,0.5153497,0.5069464
Cu10.5Ni1.3Zn0.2Sb4S13,517.0,0.562,10.1021/cm502570b,0.37721106,0.32027996,0.33515933,0.32521525
Cu10.5Ni1.3Zn0.2Sb4S13,617.0,0.7459515768653626,10.1021/cm502570b,0.5176587,0.4287668,0.4763063,0.44762552
Cu10.5Ni1.3Zn0.2Sb4S13,715.0,0.8914643315599398,10.1021/cm502570b,0.58771634,0.49792603,0.53613293,0.501351
Cu10.5Ni1.5Sb4S13,323.0,0.15587332711068888,10.1021/cm502570b,0.13994603,0.10939036,0.11788049,0.11679104
Cu10.5Ni1.5Sb4S13,420.0,0.3237,10.1021/cm502570b,0.24537219,0.20676665,0.2265123,0.20771943
Cu10.5Ni1.5Sb4S13,517.0,0.5065823041424581,10.1021/cm502570b,0.3702907,0.31128752,0.32984498,0.3067528
Cu10.5Ni1.5Sb4S13,617.0,0.651,10.1021/cm502570b,0.5107384,0.40883774,0.45771763,0.41118693
Cu10.5Ni1.5Sb4S13,715.0,0.8114386259452985,10.1021/cm502570b,0.579915,0.47056934,0.5102214,0.46229166
Cu10.5NiZn0.5Sb4S13,323.0,0.240291328,10.1021/cm502570b,0.1558751,0.12685753,0.13548604,0.1402597
Cu10.5NiZn0.5Sb4S13,420.0,0.442,10.1021/cm502570b,0.26305488,0.2315563,0.24568504,0.23537679
Cu10.5NiZn0.5Sb4S13,517.0,0.6767586714758872,10.1021/cm502570b,0.38603467,0.33743984,0.3487673,0.3462402
Cu10.5NiZn0.5Sb4S13,715.0,1.025,10.1021/cm502570b,0.600443,0.5444521,0.5696121,0.55383885
Ca14MgSb11,400.0,0.026,10.1021/cm504059t,0.0820924,0.15784754,0.10581485,0.135999
Ca14MgSb11,600.0,0.08233984962406013,10.1021/cm504059t,0.20390294,0.40704527,0.33280286,0.39579856
Ca14MgSb11,700.0,0.125024375,10.1021/cm504059t,0.31028977,0.5425226,0.41857502,0.49717033
Ca14MgSb11,800.0,0.17709090909090908,10.1021/cm504059t,0.38633886,0.6139761,0.48792887,0.6015221
Ca14MgSb11,900.0,0.22505090711641793,10.1021/cm504059t,0.41125467,0.6947043,0.5842596,0.6532304
Ca14MgSb11,1000.0,0.27416378488888893,10.1021/cm504059t,0.4732075,0.7741497,0.6320026,0.7214132
Ca14MgSb11,1083.0,0.322,10.1021/cm504059t,0.5529691,0.8423957,0.7224403,0.79476327
Ca14MgSb11,500.0,0.492,10.1021/cm504059t,0.14264268,0.2805209,0.20483974,0.26970267
Yb14MgSb11,400.0,0.09020339506172839,10.1021/cm504059t,0.12379806,0.1195333,0.113645084,0.12118248
Yb14MgSb11,500.0,0.16226709333333336,10.1021/cm504059t,0.21566156,0.22856209,0.22407241,0.24240087
Yb14MgSb11,600.0,0.26338536666666656,10.1021/cm504059t,0.31332877,0.35535252,0.35065606,0.36252984
Yb14MgSb11,700.0,0.4003806869001297,10.1021/cm504059t,0.4493028,0.48938948,0.4587812,0.46191594
Yb14MgSb11,800.0,0.5571541768381262,10.1021/cm504059t,0.57503736,0.60903746,0.58490133,0.6217175
Yb14MgSb11,900.0,0.7358747371356036,10.1021/cm504059t,0.76520693,0.7679532,0.7814608,0.7386137
Yb14MgSb11,1000.0,0.912,10.1021/cm504059t,0.87220705,0.8450088,0.885835,0.848582
Yb14MgSb11,1083.0,1.03,10.1021/cm504059t,0.9538995,0.9220112,0.97457004,0.923419
Ag0.96Nb0.04BiSe2.0,296.0,0.0656431388888889,10.1021/ja312474n,0.084416404,0.10930168,0.097734496,0.07665383
Ag0.96Nb0.04BiSe2.0,375.0,0.12402199566312255,10.1021/ja312474n,0.14350612,0.15281585,0.13396823,0.11465327
Ag0.98Nb0.02BiSe2.0,296.0,0.08600231286857143,10.1021/ja312474n,0.084416404,0.10930168,0.097734496,0.074939154
Ag0.98Nb0.02BiSe2.0,375.0,0.1656,10.1021/ja312474n,0.14350612,0.15281585,0.13396823,0.11293859
Ag0.98Nb0.02BiSe2.0,425.0,0.2069015625,10.1021/ja312474n,0.17561011,0.19069257,0.15053128,0.14240764
Ag0.98Nb0.02BiSe2.0,478.0,0.2307451113048648,10.1021/ja312474n,0.20611297,0.22755209,0.18553253,0.18552189
Ag0.98Nb0.02BiSe2.0,528.0,0.24332232024550818,10.1021/ja312474n,0.2839101,0.30124226,0.26121214,0.24672244
Ag0.98Nb0.02BiSe2.0,577.0,0.37382118602597536,10.1021/ja312474n,0.34403047,0.35328338,0.3179635,0.32199985
Ag0.98Nb0.02BiSe2.0,625.0,0.4293512658227848,10.1021/ja312474n,0.40290427,0.40149197,0.3900507,0.36601022
Ag0.98Nb0.02BiSe2.0,675.0,0.5312986829999999,10.1021/ja312474n,0.45368704,0.463012,0.45590794,0.4383916
AgBiSe2.0,296.0,0.0787103521736434,10.1021/ja312474n,0.073899366,0.11703,0.10411483,0.106958725
AgBiSe2.0,375.0,0.1281662462686567,10.1021/ja312474n,0.13710806,0.16225669,0.13697515,0.15127338
AgBiSe2.0,478.0,0.1506930123590551,10.1021/ja312474n,0.19957906,0.2494744,0.19013968,0.23160672
AgBiSe2.0,425.0,0.15104330365727003,10.1021/ja312474n,0.1690762,0.20013341,0.15444015,0.18308711
AgBiSe2.0,528.0,0.1545050928518467,10.1021/ja312474n,0.27278468,0.33674237,0.27766427,0.30246767
AgBiSe2.0,577.0,0.26658317564186046,10.1021/ja312474n,0.3230801,0.3855696,0.33571407,0.37774494
AgBiSe2.0,625.0,0.3143115124153498,10.1021/ja312474n,0.3819539,0.42487702,0.40533516,0.41182598
AgBiSe2.0,675.0,0.37348636304347826,10.1021/ja312474n,0.43273667,0.47442454,0.46924025,0.47968668
FeNb0.86Hf0.14Sb,300.0,0.19512381553288458,10.1038/ncomms9144,0.21987593,0.18984,0.21832596,0.21047677
FeNb0.86Hf0.14Sb,400.0,0.3245558569472423,10.1038/ncomms9144,0.3400413,0.29835644,0.33153507,0.3162896
FeNb0.86Hf0.14Sb,500.0,0.49312216207246606,10.1038/ncomms9144,0.44441518,0.39037293,0.43857533,0.41692108
FeNb0.86Hf0.14Sb,600.0,0.6712512584709331,10.1038/ncomms9144,0.56996435,0.49449033,0.55709994,0.5291654
FeNb0.86Hf0.14Sb,700.0,0.8359396229359645,10.1038/ncomms9144,0.6658744,0.60257506,0.65679103,0.6138957
FeNb0.86Hf0.14Sb,800.0,1.001166480143651,10.1038/ncomms9144,0.8254398,0.6998154,0.7880114,0.71104115
FeNb0.86Hf0.14Sb,900.0,1.1424615219248933,10.1038/ncomms9144,0.9573725,0.781055,0.91582936,0.81402826
FeNb0.86Hf0.14Sb,1000.0,1.2647486066433564,10.1038/ncomms9144,1.0515136,0.85148776,0.9958349,0.9092758
FeNb0.86Hf0.14Sb,1100.0,1.3560608285714286,10.1038/ncomms9144,1.141684,0.93807447,1.1196828,0.98578835
FeNb0.86Hf0.14Sb,1200.0,1.4301011651095514,10.1038/ncomms9144,1.2731787,1.0221176,1.2175205,1.0700333
FeNb0.86Zr0.14Sb,400.0,0.2044557549009705,10.1038/ncomms9144,0.2317785,0.22241198,0.23566571,0.23363476
FeNb0.86Zr0.14Sb,500.0,0.3068433906646923,10.1038/ncomms9144,0.30540833,0.2940209,0.30888417,0.3127006
FeNb0.88Hf0.12Sb,300.0,0.1879,10.1038/ncomms9144,0.17769144,0.16974571,0.17101452,0.17937435
FeNb0.88Hf0.12Sb,400.0,0.3345,10.1038/ncomms9144,0.29785675,0.27826217,0.28422335,0.27618277
FeNb0.88Hf0.12Sb,500.0,0.5,10.1038/ncomms9144,0.3952553,0.36582148,0.37525427,0.37260267
FeNb0.88Hf0.12Sb,600.0,0.6727057327298748,10.1038/ncomms9144,0.5208042,0.46993887,0.49377933,0.48288012
FeNb0.88Hf0.12Sb,700.0,0.845,10.1038/ncomms9144,0.61871207,0.57802355,0.59347004,0.57356906
FeNb0.88Hf0.12Sb,800.0,0.988,10.1038/ncomms9144,0.77827746,0.68212247,0.72833574,0.6889107
FeNb0.88Hf0.12Sb,900.0,1.128,10.1038/ncomms9144,0.9143699,0.76336205,0.85615385,0.79189783
FeNb0.88Hf0.12Sb,1000.0,1.253,10.1038/ncomms9144,1.0085108,0.83379483,0.9361594,0.8871454
FeNb0.88Hf0.12Sb,1100.0,1.36,10.1038/ncomms9144,1.0986812,0.9057477,1.0600065,0.94339997
FeNb0.88Hf0.12Sb,1200.0,1.457,10.1038/ncomms9144,1.2301759,0.98979115,1.1422824,1.0276452
FeNb0.92Hf0.08Sb,300.0,0.1482269544282174,10.1038/ncomms9144,0.17081094,0.16974571,0.16959901,0.17937435
FeNb0.92Hf0.08Sb,400.0,0.2973748918066158,10.1038/ncomms9144,0.2937548,0.27826217,0.2828078,0.27618277
FeNb0.92Hf0.08Sb,500.0,0.4377594438596491,10.1038/ncomms9144,0.39115334,0.36582148,0.37198308,0.37260267
FeNb0.92Hf0.08Sb,600.0,0.5790312624390244,10.1038/ncomms9144,0.51520175,0.46993887,0.48754838,0.48288012
FeNb0.92Hf0.08Sb,700.0,0.696053649342339,10.1038/ncomms9144,0.60781705,0.5743363,0.58736414,0.5728096
FeNb0.92Zr0.08Sb,300.0,0.1126109699515399,10.1038/ncomms9144,0.1192512,0.13177101,0.13571745,0.14285617
FeNb0.92Zr0.08Sb,500.0,0.31347895264240877,10.1038/ncomms9144,0.29807785,0.2940209,0.30561298,0.3127006
FeNb0.92Zr0.08Sb,900.0,0.7087257697612407,10.1038/ncomms9144,0.6762795,0.6025854,0.65044045,0.62639266
FeNb0.92Zr0.08Sb,1100.0,0.7683838060736842,10.1038/ncomms9144,0.8401949,0.72084934,0.79420745,0.72993815
FeNb0.92Zr0.08Sb,1000.0,0.7738281098680135,10.1038/ncomms9144,0.7459789,0.6664293,0.7065818,0.67931384
FeNb0.9Hf0.1Sb,400.0,0.38,10.1038/ncomms9144,0.2937548,0.27826217,0.2828078,0.27618277
FeNb0.9Hf0.1Sb,500.0,0.5556253793103448,10.1038/ncomms9144,0.39115334,0.36582148,0.37198308,0.37260267
FeNb0.9Zr0.1Sb,300.0,0.10923431668805474,10.1038/ncomms9144,0.1192512,0.13177101,0.13571745,0.14285617
FeNb0.9Zr0.1Sb,400.0,0.20850766031234438,10.1038/ncomms9144,0.22444798,0.22241198,0.2342502,0.23363476
FeNb0.9Zr0.1Sb,500.0,0.31682962991537034,10.1038/ncomms9144,0.29807785,0.2940209,0.30561298,0.3127006
FeNb0.9Zr0.1Sb,600.0,0.41264000879846024,10.1038/ncomms9144,0.41915,0.3901667,0.41528302,0.41574875
FeNb0.9Zr0.1Sb,700.0,0.5010609162121964,10.1038/ncomms9144,0.5059909,0.48737332,0.49241954,0.49541834
FeNb0.9Zr0.1Sb,800.0,0.5886660822325582,10.1038/ncomms9144,0.61336946,0.5542409,0.5908094,0.5676228
FeNb0.9Zr0.1Sb,900.0,0.6772053597723761,10.1038/ncomms9144,0.69252664,0.6025854,0.65044045,0.62639266
FeNb0.9Zr0.1Sb,1000.0,0.7559765791907515,10.1038/ncomms9144,0.77868295,0.6664293,0.7065818,0.67931384
Cu2Sn0.8Zn0.2S3,323.0,0.033399557728932036,10.1038/srep32501,0.025406979,0.01757793,0.019125098,0.030775884
Cu2Sn0.8Zn0.2S3,423.0,0.08135637905048715,10.1038/srep32501,0.067275114,0.060755484,0.057102535,0.07147087
Cu2Sn0.8Zn0.2S3,523.0,0.16833446709677416,10.1038/srep32501,0.13947715,0.14473385,0.13574697,0.15762974
Cu2Sn0.8Zn0.2S3,623.0,0.29627145535135135,10.1038/srep32501,0.2345161,0.23875809,0.22985421,0.26099253
Cu2Sn0.8Zn0.2S3,723.0,0.476198402661341,10.1038/srep32501,0.32034186,0.3055314,0.30977282,0.33875564
Cu2Sn0.95Zn0.05S3,323.0,0.03650868694899244,10.1038/srep32501,0.045535065,0.041427664,0.040623963,0.049633533
Cu2Sn0.95Zn0.05S3,423.0,0.08978917871900827,10.1038/srep32501,0.08740322,0.08460517,0.078601375,0.09032852
Cu2Sn0.95Zn0.05S3,523.0,0.17318352904564316,10.1038/srep32501,0.16123489,0.17298664,0.15812087,0.17648733
Cu2Sn0.95Zn0.05S3,623.0,0.2887402238845144,10.1038/srep32501,0.2594098,0.26654536,0.25525394,0.27985013
Cu2Sn0.95Zn0.05S3,723.0,0.5645278048780488,10.1038/srep32501,0.34523568,0.33187526,0.33548814,0.35677117
Cu2Sn0.9Zn0.1S3,323.0,0.04781294696928648,10.1038/srep32501,0.045535065,0.0397275,0.040623963,0.049960256
Cu2Sn0.9Zn0.1S3,423.0,0.10724052533973553,10.1038/srep32501,0.08740322,0.08290501,0.078601375,0.09065524
Cu2Sn0.9Zn0.1S3,523.0,0.1832977121716447,10.1038/srep32501,0.16123489,0.17128648,0.15812087,0.17681405
Cu2Sn0.9Zn0.1S3,623.0,0.302940463362069,10.1038/srep32501,0.2594098,0.26484516,0.25525394,0.28017688
Cu2Sn0.9Zn0.1S3,723.0,0.576,10.1038/srep32501,0.34523568,0.33017507,0.33548814,0.35709792
Cu2SnS3,323.0,0.0014347372285714284,10.1038/srep32501,0.016461235,0.03365842,0.021854784,0.03121456
Cu2SnS3,423.0,0.005099874846625767,10.1038/srep32501,0.057904676,0.087361485,0.054864824,0.07315717
Cu2SnS3,523.0,0.012287948780487805,10.1038/srep32501,0.12665232,0.18067877,0.12301881,0.16117473
Cu2SnS3,623.0,0.023450063789634146,10.1038/srep32501,0.20600346,0.26788908,0.21426676,0.2520346
Cu2SnS3,723.0,0.04256041377272727,10.1038/srep32501,0.29490218,0.33265594,0.29280367,0.31810293
Eu(Zn0.5Cd0.5)2Sb2,300.0,0.1761868495297806,10.1039/b916346h,0.1846103,0.15712324,0.17426969,0.16042513
Eu(Zn0.5Cd0.5)2Sb2,350.0,0.2531900488826816,10.1039/b916346h,0.2357734,0.2056562,0.23180519,0.20814069
Eu(Zn0.5Cd0.5)2Sb2,400.0,0.3359371569230769,10.1039/b916346h,0.31115723,0.2727893,0.30032572,0.2736902
Eu(Zn0.5Cd0.5)2Sb2,450.0,0.43379564025,10.1039/b916346h,0.3704573,0.31674743,0.35727465,0.32752046
Eu(Zn0.5Cd0.5)2Sb2,500.0,0.524199196412556,10.1039/b916346h,0.48289233,0.4152122,0.44020712,0.40267223
Eu(Zn0.5Cd0.5)2Sb2,550.0,0.6275262912621359,10.1039/b916346h,0.5439047,0.49623787,0.55075943,0.47559634
Eu(Zn0.5Cd0.5)2Sb2,600.0,0.7028582016,10.1039/b916346h,0.62901986,0.5474807,0.6161947,0.5370275
Eu(Zn0.5Cd0.5)2Sb2,650.0,0.7742842535787322,10.1039/b916346h,0.6597347,0.59072906,0.6515114,0.5777511
Eu(Zn0.7Cd0.3)2Sb2,300.0,0.2037858541893362,10.1039/b916346h,0.18356308,0.14637113,0.1718237,0.14271596
Eu(Zn0.7Cd0.3)2Sb2,350.0,0.2956795598802396,10.1039/b916346h,0.23472618,0.19128108,0.2293592,0.18770026
Eu(Zn0.7Cd0.3)2Sb2,400.0,0.3890730611183355,10.1039/b916346h,0.31011,0.25841418,0.29787973,0.25325012
Eu(Zn0.7Cd0.3)2Sb2,450.0,0.4975958054222852,10.1039/b916346h,0.36941007,0.29690504,0.3644398,0.30708
Eu(Zn0.7Cd0.3)2Sb2,500.0,0.6046682623124044,10.1039/b916346h,0.4818451,0.3834301,0.44737226,0.3822318
Eu(Zn0.7Cd0.3)2Sb2,550.0,0.706102487414634,10.1039/b916346h,0.54285747,0.45125607,0.55792457,0.43374282
Eu(Zn0.7Cd0.3)2Sb2,600.0,0.795492734648276,10.1039/b916346h,0.6279726,0.49946612,0.62335986,0.49365985
Eu(Zn0.7Cd0.3)2Sb2,650.0,0.8668512309758281,10.1039/b916346h,0.6586875,0.5427151,0.6586765,0.5343841
Eu(Zn0.9Cd0.1)2Sb2,300.0,0.20571779475982532,10.1039/b916346h,0.19395964,0.15267392,0.1757921,0.14193784
Eu(Zn0.9Cd0.1)2Sb2,350.0,0.3050702307692308,10.1039/b916346h,0.24432991,0.19483307,0.2333276,0.18506044
Eu(Zn0.9Cd0.1)2Sb2,400.0,0.4126851832460733,10.1039/b916346h,0.31971365,0.2619662,0.30184814,0.25061053
Eu(Zn0.9Cd0.1)2Sb2,450.0,0.5459387528571429,10.1039/b916346h,0.38133672,0.3004571,0.36928672,0.3044402
Eu(Zn0.9Cd0.1)2Sb2,500.0,0.6870087322722487,10.1039/b916346h,0.49822804,0.3869821,0.450783,0.379592
Eu(Zn0.9Cd0.1)2Sb2,550.0,0.8233747599999999,10.1039/b916346h,0.5592405,0.45319462,0.5588031,0.43889046
Eu(Zn0.9Cd0.1)2Sb2,600.0,0.9551458333333334,10.1039/b916346h,0.6386771,0.50140464,0.6242384,0.4959284
Eu(Zn0.9Cd0.1)2Sb2,650.0,1.0654362931034485,10.1039/b916346h,0.669392,0.5446536,0.659555,0.5366526
EuCd2Sb2,300.0,0.12185864920113315,10.1039/b916346h,0.14588004,0.12897667,0.12576847,0.12524723
EuCd2Sb2,350.0,0.18026005735294118,10.1039/b916346h,0.20417094,0.17388661,0.17765248,0.16922814
EuCd2Sb2,400.0,0.24449486666666664,10.1039/b916346h,0.27955493,0.2359633,0.24617288,0.23593897
EuCd2Sb2,450.0,0.3185516219999999,10.1039/b916346h,0.32127202,0.27861893,0.29614428,0.28976852
EuCd2Sb2,500.0,0.39692360297482837,10.1039/b916346h,0.40624282,0.35411978,0.38089043,0.36928388
EuCd2Sb2,550.0,0.4799717592592592,10.1039/b916346h,0.45668015,0.4270735,0.4664612,0.4254903
EuCd2Sb2,600.0,0.5681227763044331,10.1039/b916346h,0.5256716,0.47528356,0.5228849,0.47804755
EuCd2Sb2,650.0,0.6756639304648647,10.1039/b916346h,0.5532698,0.5185326,0.55518466,0.51877195
EuZn2Sb2,300.0,0.1924532066385265,10.1039/b916346h,0.12695907,0.08590024,0.12555365,0.071235165
EuZn2Sb2,350.0,0.2714095132743363,10.1039/b916346h,0.17104264,0.117376104,0.16682273,0.112372406
EuZn2Sb2,400.0,0.36424129248,10.1039/b916346h,0.2450212,0.17937814,0.23603413,0.17379853
EuZn2Sb2,450.0,0.4877353125,10.1039/b916346h,0.28177965,0.20924217,0.27443954,0.20519398
EuZn2Sb2,500.0,0.6146237284946237,10.1039/b916346h,0.3555438,0.26727942,0.3420056,0.26601404
EuZn2Sb2,550.0,0.7270902160101651,10.1039/b916346h,0.40460634,0.31961793,0.4008726,0.30949816
EuZn2Sb2,600.0,0.8248778516778523,10.1039/b916346h,0.46400383,0.36486867,0.45625648,0.36662024
EuZn2Sb2,650.0,0.8886114495412841,10.1039/b916346h,0.4947185,0.41275975,0.49493164,0.4098589
(PbTe)0.05(Ag2Te)0.95,350.0,0.530909580542022,10.1039/c1jm13888j,0.42220616,0.2691521,0.2296664,0.27110982
(PbTe)0.05(Ag2Te)0.95,450.0,0.6193283923237052,10.1039/c1jm13888j,0.4550686,0.37657258,0.38479888,0.3382134
(PbTe)0.05(Ag2Te)0.95,550.0,0.8215,10.1039/c1jm13888j,0.6114904,0.56522137,0.53031355,0.49992004
(PbTe)0.05(Ag2Te)0.95,650.0,0.8341099720481927,10.1039/c1jm13888j,0.69125384,0.6792754,0.63142526,0.6840172
(PbTe)0.05(Ag2Te)0.95,600.0,0.867,10.1039/c1jm13888j,0.66038424,0.626175,0.5541138,0.5767035
(PbTe)0.1(Ag2Te)0.9,300.0,0.4127,10.1039/c1jm13888j,0.2453726,0.23689377,0.16535999,0.17971243
(PbTe)0.1(Ag2Te)0.9,350.0,0.515,10.1039/c1jm13888j,0.31117,0.29717812,0.21221007,0.24857122
(PbTe)0.1(Ag2Te)0.9,450.0,0.5171737890650944,10.1039/c1jm13888j,0.46210733,0.44604877,0.37005636,0.352716
(PbTe)0.1(Ag2Te)0.9,550.0,0.7131773227443609,10.1039/c1jm13888j,0.6406378,0.6490683,0.5291497,0.56956625
(PbTe)0.1(Ag2Te)0.9,600.0,0.7557774826209444,10.1039/c1jm13888j,0.6997917,0.6986938,0.56206506,0.63788503
(PbTe)0.15(Ag2Te)0.85,300.0,0.4196,10.1039/c1jm13888j,0.23351568,0.16077861,0.13036829,0.14689198
(PbTe)0.15(Ag2Te)0.85,350.0,0.549,10.1039/c1jm13888j,0.29931298,0.22053126,0.17629863,0.2238791
(PbTe)0.15(Ag2Te)0.85,450.0,0.6019,10.1039/c1jm13888j,0.4502503,0.36026976,0.3214749,0.34477454
(PbTe)0.15(Ag2Te)0.85,500.0,0.726,10.1039/c1jm13888j,0.5659903,0.46428078,0.4348648,0.4559068
(PbTe)0.15(Ag2Te)0.85,650.0,0.763,10.1039/c1jm13888j,0.721785,0.6765076,0.650594,0.7349
(PbTe)0.15(Ag2Te)0.85,550.0,0.772,10.1039/c1jm13888j,0.6330423,0.57007384,0.5233646,0.5718558
(PbTe)0.15(Ag2Te)0.85,600.0,0.791954278296146,10.1039/c1jm13888j,0.6975735,0.6223719,0.5822142,0.6378164
Ag2Te,500.0,0.6141879457761581,10.1039/c1jm13888j,0.42994913,0.4236746,0.41460317,0.42948213
Ag2Te,550.0,0.61456,10.1039/c1jm13888j,0.46209466,0.50349516,0.45197064,0.5137905
Ag2Te,600.0,0.6230306133333333,10.1039/c1jm13888j,0.5529069,0.58156854,0.498775,0.60231143
Ag2Te,650.0,0.63354,10.1039/c1jm13888j,0.60072774,0.65668267,0.5560495,0.71145123
BiCuSeO,773.0,0.7,10.1039/c2ee21274a,0.39243215,0.43793088,0.39697206,0.45396668
Hf0.5Ti0.5CoSb0.8Sn0.2,305.0,0.16,10.1039/c2ee21554c,0.117349714,0.09845737,0.11084711,0.078223206
Hf0.5Ti0.5CoSb0.8Sn0.2,377.0,0.23906269731210192,10.1039/c2ee21554c,0.15324365,0.13231105,0.1421817,0.11467359
Hf0.5Ti0.5CoSb0.8Sn0.2,473.0,0.33967949375497214,10.1039/c2ee21554c,0.22883964,0.21756168,0.22673972,0.19529636
Hf0.5Ti0.5CoSb0.8Sn0.2,574.6,0.4515,10.1039/c2ee21554c,0.3800348,0.33919388,0.36761984,0.30192572
Hf0.5Ti0.5CoSb0.8Sn0.2,676.0,0.592,10.1039/c2ee21554c,0.53392434,0.46135214,0.51705486,0.43681446
Hf0.5Ti0.5CoSb0.8Sn0.2,779.0,0.685,10.1039/c2ee21554c,0.6353633,0.5745431,0.6359906,0.5687876
Hf0.5Ti0.5CoSb0.8Sn0.2,885.0,0.806,10.1039/c2ee21554c,0.7403679,0.69148815,0.7336253,0.6613744
Hf0.5Ti0.5CoSb0.8Sn0.2,989.0,0.867,10.1039/c2ee21554c,0.80151105,0.762415,0.77990407,0.7419989
Hf0.7Ti0.3CoSb0.8Sn0.2,305.0,0.15335622065444085,10.1039/c2ee21554c,0.09987694,0.3294848,0.05500396,0.2825714
Hf0.7Ti0.3CoSb0.8Sn0.2,377.0,0.22,10.1039/c2ee21554c,0.10695459,0.38262135,0.07076273,0.31902182
Hf0.7Ti0.3CoSb0.8Sn0.2,473.0,0.31072204903914585,10.1039/c2ee21554c,0.15766883,0.46549603,0.13454877,0.37674266
Hf0.7Ti0.3CoSb0.8Sn0.2,574.6,0.4225581682115194,10.1039/c2ee21554c,0.26356778,0.4222395,0.17462192,0.2998442
Hf0.7Ti0.3CoSb0.8Sn0.2,676.0,0.531,10.1039/c2ee21554c,0.34981933,0.49842095,0.25170058,0.37009054
Hf0.7Ti0.3CoSb0.8Sn0.2,779.0,0.63,10.1039/c2ee21554c,0.41972786,0.60365224,0.33435282,0.48699987
Hf0.7Ti0.3CoSb0.8Sn0.2,885.0,0.7729922881173593,10.1039/c2ee21554c,0.517596,0.62794495,0.41264567,0.55107933
Hf0.7Ti0.3CoSb0.8Sn0.2,989.0,0.8728794810170672,10.1039/c2ee21554c,0.6118916,0.6987709,0.4690584,0.63251656
Hf0.7Ti0.3CoSb0.8Sn0.2,1088.0,0.962860231848014,10.1039/c2ee21554c,0.692009,0.7559811,0.52959895,0.705001
Hf0.8Ti0.2CoSb0.8Sn0.2,305.0,0.16969017076700432,10.1039/c2ee21554c,0.18119071,0.35080603,0.26651382,0.31304345
Hf0.8Ti0.2CoSb0.8Sn0.2,377.0,0.23998406249999998,10.1039/c2ee21554c,0.21708459,0.39424038,0.28533328,0.34949386
Hf0.8Ti0.2CoSb0.8Sn0.2,480.0,0.351168179920917,10.1039/c2ee21554c,0.283873,0.493003,0.35822007,0.4046964
Hf0.8Ti0.2CoSb0.8Sn0.2,580.0,0.45306266553571434,10.1039/c2ee21554c,0.41245702,0.48346537,0.43932164,0.46146122
Hf0.8Ti0.2CoSb0.8Sn0.2,682.0,0.589,10.1039/c2ee21554c,0.5593037,0.55648255,0.5652692,0.5780005
Hf0.8Ti0.2CoSb0.8Sn0.2,784.0,0.7207870132529745,10.1039/c2ee21554c,0.6498849,0.661523,0.6633564,0.6974361
Hf0.8Ti0.2CoSb0.8Sn0.2,885.0,0.8289165552454103,10.1039/c2ee21554c,0.7561401,0.6984537,0.729699,0.7601499
Hf0.8Ti0.2CoSb0.8Sn0.2,987.0,0.9205925181348316,10.1039/c2ee21554c,0.81519306,0.7715608,0.790067,0.8415871
Hf0.8Ti0.2CoSb0.8Sn0.2,1088.0,1.012,10.1039/c2ee21554c,0.89122695,0.828771,0.85060793,0.91407156
Hf0.9Ti0.1CoSb0.8Sn0.2,305.0,0.142,10.1039/c2ee21554c,0.16845536,0.29379356,0.2336854,0.24869834
Hf0.9Ti0.1CoSb0.8Sn0.2,377.0,0.207,10.1039/c2ee21554c,0.20434923,0.319773,0.2616562,0.28298375
Hf0.9Ti0.1CoSb0.8Sn0.2,473.0,0.2982087196781065,10.1039/c2ee21554c,0.25613144,0.3978606,0.32482234,0.33274978
Hf0.9Ti0.1CoSb0.8Sn0.2,574.6,0.3967579807874038,10.1039/c2ee21554c,0.38100034,0.43315884,0.32883126,0.3616525
Hf0.9Ti0.1CoSb0.8Sn0.2,676.4,0.487,10.1039/c2ee21554c,0.5236166,0.53708875,0.45632038,0.46651942
Hf0.9Ti0.1CoSb0.8Sn0.2,779.0,0.6,10.1039/c2ee21554c,0.6047444,0.6031986,0.5456865,0.5889056
Hf0.9Ti0.1CoSb0.8Sn0.2,885.0,0.709,10.1039/c2ee21554c,0.69347304,0.64779437,0.6207017,0.65940315
Hf0.9Ti0.1CoSb0.8Sn0.2,989.0,0.781,10.1039/c2ee21554c,0.7505856,0.7047309,0.67428607,0.7408404
Hf0.9Ti0.1CoSb0.8Sn0.2,1088.0,0.819,10.1039/c2ee21554c,0.8266195,0.76194113,0.734827,0.8133248
Ca3Al0.95Zn0.05Sb3,422.0,0.06,10.1039/c2jm31324c,0.11357627,0.15181388,0.066592075,0.1392451
Ca3Al0.95Zn0.05Sb3,522.0,0.129,10.1039/c2jm31324c,0.20245148,0.23280272,0.1397535,0.2215204
Ca3Al0.95Zn0.05Sb3,622.0,0.21081327819999993,10.1039/c2jm31324c,0.24549998,0.2602416,0.14239626,0.24890883
Ca3Al0.95Zn0.05Sb3,722.0,0.294,10.1039/c2jm31324c,0.29332036,0.31434768,0.17327411,0.31300187
Ca3Al0.95Zn0.05Sb3,822.0,0.3911423789918206,10.1039/c2jm31324c,0.36112696,0.40448806,0.2374514,0.39748585
Ca3Al0.98Zn0.02Sb3,422.0,0.046,10.1039/c2jm31324c,0.09328632,0.13330269,0.051100317,0.1191504
Ca3Al0.98Zn0.02Sb3,522.0,0.1135341931875396,10.1039/c2jm31324c,0.1799356,0.21429132,0.122426935,0.20142567
Ca3Al0.98Zn0.02Sb3,622.0,0.205,10.1039/c2jm31324c,0.21585873,0.23789077,0.14242329,0.2266323
Ca3Al0.98Zn0.02Sb3,722.0,0.287,10.1039/c2jm31324c,0.2628822,0.2726114,0.16672686,0.2805146
Ca3Al0.98Zn0.02Sb3,822.0,0.3602475679991072,10.1039/c2jm31324c,0.3375913,0.36275178,0.2407908,0.3764341
Ca3Al0.99Zn0.01Sb3,422.0,0.101,10.1039/c2jm31324c,0.10980397,0.13017431,0.05053122,0.11874536
Ca3Al0.99Zn0.01Sb3,522.0,0.187,10.1039/c2jm31324c,0.19645315,0.21116292,0.12185784,0.20102064
Ca3Al0.99Zn0.01Sb3,822.0,0.437,10.1039/c2jm31324c,0.35357702,0.35850176,0.23466606,0.376029
Ca3AlSb3,422.0,0.015,10.1039/c2jm31324c,0.05535085,0.12912525,0.048574157,0.11907737
Ca3AlSb3,522.0,0.045,10.1039/c2jm31324c,0.10738821,0.21011387,0.11877775,0.20135263
Ca3AlSb3,722.0,0.091,10.1039/c2jm31324c,0.15576702,0.27056944,0.1670447,0.28044155
Ca3AlSb3,822.0,0.101,10.1039/c2jm31324c,0.1905526,0.34936014,0.22008325,0.37236103
Ca5In1.95Zn0.05Sb6,622.0,0.4284434084615384,10.1039/c3dt50428j,0.2495767,0.22847004,0.2647678,0.20367633
Ca5In1.95Zn0.05Sb6,722.0,0.5123038509879518,10.1039/c3dt50428j,0.33999676,0.3282148,0.35922718,0.30034116
Ca5In1.95Zn0.05Sb6,822.0,0.6076291339211822,10.1039/c3dt50428j,0.45936158,0.44164127,0.4858889,0.41615412
Ca5In1.95Zn0.05Sb6,922.0,0.68,10.1039/c3dt50428j,0.5216036,0.50006574,0.5212698,0.47441146
Ca5In1.98Zn0.02Sb6,422.0,0.164,10.1039/c3dt50428j,0.06917735,0.06740559,0.069692515,0.036316197
Ca5In1.98Zn0.02Sb6,522.0,0.282,10.1039/c3dt50428j,0.15419416,0.13927498,0.16147399,0.11451224
Ca5In1.98Zn0.02Sb6,622.0,0.358,10.1039/c3dt50428j,0.23888007,0.22534168,0.2641987,0.19855458
Ca5In1.98Zn0.02Sb6,922.0,0.4022477631865344,10.1039/c3dt50428j,0.50910676,0.4958156,0.5151452,0.46023926
Ca5In1.98Zn0.02Sb6,722.0,0.405,10.1039/c3dt50428j,0.3293002,0.3272219,0.35696045,0.29521936
Ca5In1.98Zn0.02Sb6,822.0,0.4301705459541984,10.1039/c3dt50428j,0.4451635,0.43739125,0.47976428,0.41103247
Ca5In1.9Zn0.1Sb6,422.0,0.15,10.1039/c3dt50428j,0.116105884,0.11032178,0.12453733,0.092847385
Ca5In1.9Zn0.1Sb6,522.0,0.273,10.1039/c3dt50428j,0.21289177,0.19071954,0.23114285,0.18556426
Ca5In1.9Zn0.1Sb6,622.0,0.379,10.1039/c3dt50428j,0.31797504,0.2853148,0.33265328,0.27632326
Ca5In1.9Zn0.1Sb6,722.0,0.477,10.1039/c3dt50428j,0.41517925,0.39616892,0.44447476,0.39089626
Ca5In2Sb6,422.0,0.10917705697435304,10.1039/c3dt50428j,0.0450656,0.068922475,0.067921296,0.036648195
Ca5In2Sb6,820.0,0.124,10.1039/c3dt50428j,0.41017145,0.4308156,0.47299755,0.4073645
Ca5In2Sb6,520.0,0.1545548772678762,10.1039/c3dt50428j,0.12111242,0.13561489,0.16164291,0.114844255
Ca5In2Sb6,620.0,0.156,10.1039/c3dt50428j,0.20051345,0.22546197,0.26242745,0.19423313
Mg3Sb1.6Bi0.4,332.0,0.024346650357894736,10.1039/c3ra40457a,0.13766734,0.19871452,0.108838096,0.20889907
Mg3Sb1.6Bi0.4,470.0,0.07926087121212122,10.1039/c3ra40457a,0.3732907,0.4867782,0.45255026,0.48855588
Mg3Sb1.6Bi0.4,750.0,0.1287,10.1039/c3ra40457a,0.5839622,0.6970099,0.5774422,0.647321
Mg3Sb1.6Bi0.4,565.0,0.12966980264150943,10.1039/c3ra40457a,0.5106408,0.62514573,0.5567339,0.6102613
Mg3Sb1.6Bi0.4,660.0,0.20471950212765957,10.1039/c3ra40457a,0.5271299,0.67122656,0.5105059,0.61759466
Mg3Sb1.8Bi0.2,332.0,0.008847881723076923,10.1039/c3ra40457a,0.05668467,0.1169605,0.019378135,0.1309397
Mg3Sb1.8Bi0.2,470.0,0.036796347,10.1039/c3ra40457a,0.22231734,0.34865943,0.22182986,0.33123124
Mg3Sb1.8Bi0.2,565.0,0.09840279743243244,10.1039/c3ra40457a,0.34577802,0.4784277,0.34639803,0.4540005
Mg3Sb1.8Bi0.2,660.0,0.29,10.1039/c3ra40457a,0.47251534,0.5792494,0.4572206,0.48897654
Mg3Sb1.8Bi0.2,750.0,0.5702761363636364,10.1039/c3ra40457a,0.5422067,0.6608985,0.5500878,0.56563336
Mg3Sb1.9Bi0.1,332.0,0.005870305284848485,10.1039/c3ra40457a,0.04781038,0.079721786,-0.0070195193,0.08438564
Mg3Sb1.9Bi0.1,470.0,0.02772040816326531,10.1039/c3ra40457a,0.21988666,0.28948668,0.19565172,0.30958194
Mg3Sb1.9Bi0.1,565.0,0.06708255272727273,10.1039/c3ra40457a,0.34448397,0.44619113,0.32795683,0.437043
Mg3Sb1.9Bi0.1,660.0,0.152286714,10.1039/c3ra40457a,0.472172,0.5563085,0.46276188,0.4815982
Mg3Sb1.9Bi0.1,750.0,0.327,10.1039/c3ra40457a,0.5418634,0.6566734,0.55562896,0.56799644
Mg3Sb2,332.0,0.0019103733402985074,10.1039/c3ra40457a,-0.014324205,0.03693531,-0.038025547,0.05330829
Mg3Sb2,470.0,0.011106737203539824,10.1039/c3ra40457a,0.11959216,0.21580571,0.120823815,0.23784678
Mg3Sb2,565.0,0.03810065438202247,10.1039/c3ra40457a,0.23043756,0.36829898,0.23895895,0.3712718
Mg3Sb2,660.0,0.13989131462686566,10.1039/c3ra40457a,0.34678465,0.46141374,0.37318355,0.4437886
Mg3Sb2,750.0,0.248832,10.1039/c3ra40457a,0.42431012,0.53502715,0.428945,0.5179733
Ca5Al1.9Zn0.1Sb6,425.0,0.11113461361417323,10.1039/c3ta00844d,0.11886079,0.123139516,0.121234104,0.12699771
Ca5Al1.9Zn0.1Sb6,525.0,0.174,10.1039/c3ta00844d,0.19204518,0.19914374,0.20954658,0.20188498
Ca5Al1.9Zn0.1Sb6,624.0,0.2452407587737226,10.1039/c3ta00844d,0.24403353,0.23594202,0.2435664,0.23073025
Ca5Al1.9Zn0.1Sb6,724.0,0.3228887170201657,10.1039/c3ta00844d,0.26582184,0.28123242,0.3039987,0.29227686
Ca5Al1.9Zn0.1Sb6,773.0,0.3601464484145001,10.1039/c3ta00844d,0.30109936,0.3281013,0.34606847,0.337065
Ca5Ga1.7Zn0.3Sb6,425.0,0.07015213898163604,10.1039/c3ta00844d,0.11240881,0.16576277,0.18865682,0.1651757
Ca5Ga1.7Zn0.3Sb6,525.0,0.12260777266013029,10.1039/c3ta00844d,0.18646562,0.26013455,0.2809332,0.248504
Ca5Ga1.7Zn0.3Sb6,624.0,0.1845,10.1039/c3ta00844d,0.2899597,0.3652148,0.41247845,0.3635183
Ca5Ga1.7Zn0.3Sb6,724.0,0.24596555467164172,10.1039/c3ta00844d,0.377237,0.46778765,0.52866167,0.4933299
Ca5Ga1.7Zn0.3Sb6,773.0,0.26798325640172305,10.1039/c3ta00844d,0.41811907,0.51036197,0.5740709,0.5310298
Ca5Ga1.8Zn0.2Sb6,425.0,0.06461599788109756,10.1039/c3ta00844d,0.11469244,0.17206375,0.18452337,0.15245275
Ca5Ga1.8Zn0.2Sb6,525.0,0.11516500793046361,10.1039/c3ta00844d,0.19154137,0.24809323,0.27679977,0.22851257
Ca5Ga1.8Zn0.2Sb6,624.0,0.16626361258938424,10.1039/c3ta00844d,0.29503548,0.35317335,0.39027157,0.33432186
Ca5Ga1.8Zn0.2Sb6,724.0,0.2282744949210712,10.1039/c3ta00844d,0.38231277,0.45184425,0.4982937,0.45901462
Ca5Ga1.8Zn0.2Sb6,773.0,0.2609944344740491,10.1039/c3ta00844d,0.42319486,0.4944189,0.54370314,0.496715
Ca5Ga1.95Zn0.05Sb6,425.0,0.121,10.1039/c3ta00844d,0.10284378,0.13929531,0.14331464,0.12308901
Ca5Ga1.95Zn0.05Sb6,525.0,0.214,10.1039/c3ta00844d,0.18112694,0.21319205,0.22376662,0.1979762
Ca5Ga1.95Zn0.05Sb6,624.0,0.308,10.1039/c3ta00844d,0.27935004,0.3096376,0.33723867,0.30258903
Ca5Ga1.95Zn0.05Sb6,773.0,0.3726964489028118,10.1039/c3ta00844d,0.41444957,0.4471382,0.4615751,0.47240272
Ca5Ga1.95Zn0.05Sb6,724.0,0.37419687724813994,10.1039/c3ta00844d,0.3649316,0.40142536,0.42287624,0.41015655
Ca5Ga1.9Zn0.1Sb6,425.0,0.1221875,10.1039/c3ta00844d,0.12134652,0.16932425,0.18639964,0.16067804
Ca5Ga1.9Zn0.1Sb6,525.0,0.213,10.1039/c3ta00844d,0.20034674,0.24535362,0.278676,0.23673786
Ca5Ga1.9Zn0.1Sb6,624.0,0.306,10.1039/c3ta00844d,0.3059123,0.3504338,0.3921478,0.34353283
Ca5Ga1.9Zn0.1Sb6,724.0,0.3679556970203829,10.1039/c3ta00844d,0.39318958,0.4498771,0.4951474,0.46598276
Ca5Ga1.9Zn0.1Sb6,773.0,0.385,10.1039/c3ta00844d,0.4395675,0.49559,0.54055685,0.5093816
Ca5Ga2Sb6,624.0,0.01,10.1039/c3ta00844d,0.19524094,0.31295773,0.3369478,0.30875087
Ca5Ga2Sb6,525.0,0.0362,10.1039/c3ta00844d,0.14405486,0.21566713,0.22347577,0.20413807
Ca5Ga2Sb6,425.0,0.04325690993718042,10.1039/c3ta00844d,0.0741399,0.1417704,0.14302379,0.1292509
Bi0.985Na0.015CuSeO,300.0,0.2975104166666666,10.1039/c3ta14532h,0.10781121,0.07482127,0.041282687,0.04598831
Bi0.985Na0.015CuSeO,923.0,0.91,10.1039/c3ta14532h,0.64589965,0.6001778,0.55196565,0.5537172
In4Pb0.01Sn0.03Se2.9Cl0.02,323.0,0.10691986997991966,10.1039/c4dt03432e,0.10782071,0.109486885,0.12701954,0.12514478
In4Pb0.01Sn0.03Se2.9Cl0.02,373.0,0.186,10.1039/c4dt03432e,0.13220428,0.16045365,0.16409376,0.15341926
In4Pb0.01Sn0.03Se2.9Cl0.02,473.0,0.472,10.1039/c4dt03432e,0.27639163,0.3441226,0.33538827,0.32474074
In4Pb0.01Sn0.03Se2.9Cl0.02,523.0,0.68,10.1039/c4dt03432e,0.4076855,0.46263826,0.4611781,0.45324412
In4Pb0.01Sn0.03Se2.9Cl0.02,623.0,1.05287,10.1039/c4dt03432e,0.5973356,0.6035785,0.6588595,0.6057702
In4Pb0.01Sn0.03Se2.9Cl0.02,673.0,1.121975835658631,10.1039/c4dt03432e,0.71496344,0.6972566,0.74741924,0.71231174
In4Pb0.01Sn0.03Se2.9Cl0.02,723.0,1.2038479914642277,10.1039/c4dt03432e,0.859868,0.89472777,0.91254807,0.96127915
In4Pb0.01Sn0.03Se2.9Cl0.04,323.0,0.09294189488913282,10.1039/c4dt03432e,0.16771851,0.13207611,0.15897335,0.16680911
In4Pb0.01Sn0.03Se2.9Cl0.04,623.0,1.0226359727472305,10.1039/c4dt03432e,0.67526436,0.7363889,0.8293724,0.74205005
In4Pb0.01Sn0.03Se2.9Cl0.04,673.0,1.1432211209178698,10.1039/c4dt03432e,0.7928922,0.79715806,0.91793233,0.8485918
In4Pb0.01Sn0.03Se2.9Cl0.04,723.0,1.2525272062583026,10.1039/c4dt03432e,0.9489305,0.92513794,0.99759537,1.0570176
In4Pb0.01Sn0.03Se2.9Cl0.06,323.0,0.038,10.1039/c4dt03432e,0.16505359,0.10510764,0.17501378,0.13215847
In4Pb0.01Sn0.03Se2.9Cl0.06,373.0,0.08096885125592418,10.1039/c4dt03432e,0.18943702,0.12292685,0.21333939,0.15730737
In4Pb0.01Sn0.03Se2.9Cl0.06,423.0,0.155,10.1039/c4dt03432e,0.25504586,0.19056343,0.26578027,0.2250339
In4Pb0.01Sn0.03Se2.9Cl0.06,523.0,0.39,10.1039/c4dt03432e,0.45864728,0.47881052,0.56783074,0.5051556
In4Pb0.01Sn0.03Se2.9Cl0.06,473.0,0.52,10.1039/c4dt03432e,0.32750314,0.32553795,0.40541217,0.33338246
In4Pb0.01Sn0.03Se2.9Cl0.06,573.0,0.5736652648613462,10.1039/c4dt03432e,0.56356543,0.5509462,0.6567298,0.57422817
In4Pb0.01Sn0.03Se2.9Cl0.06,623.0,0.715,10.1039/c4dt03432e,0.67526436,0.63692,0.8049786,0.6637402
In4Pb0.01Sn0.03Se2.9Cl0.06,673.0,0.894,10.1039/c4dt03432e,0.7928922,0.7309459,0.9185641,0.7784853
In4Pb0.01Sn0.03Se2.9Cl0.06,723.0,0.964,10.1039/c4dt03432e,0.9489305,0.86893976,1.0101578,1.0170835
BiCu0.90SeO,323.0,0.0003216178857142857,10.1021/ja2091195,0.039581977,0.05879365,0.043207027,0.059775606
BiCu0.90SeO,523.0,0.0008993562932166303,10.1021/ja2091195,0.08314909,0.17547996,0.095947996,0.099583745
BiCu0.90SeO,723.0,0.004051162478873239,10.1021/ja2091195,0.13228337,0.31015477,0.26283616,0.18928528
BiCu0.90SeO,923.0,0.018574839782743158,10.1021/ja2091195,0.28383273,0.45931706,0.43579355,0.3442071
BiCu0.925SeO,323.0,0.03781043144236429,10.1021/ja2091195,0.061230507,0.05879365,0.043207027,0.072280966
BiCu0.925SeO,523.0,0.06100271999999999,10.1021/ja2091195,0.17120747,0.17547996,0.095947996,0.18223903
BiCu0.925SeO,723.0,0.12640718054193548,10.1021/ja2091195,0.3438227,0.31015477,0.26283616,0.3658361
BiCu0.925SeO,923.0,0.2570603814427804,10.1021/ja2091195,0.50489384,0.45931706,0.43579355,0.5226326
BiCu0.975SeO,323.0,0.02685838611433164,10.1021/ja2091195,0.073857725,0.069046564,0.080601215,0.072280966
BiCu0.975SeO,523.0,0.08,10.1021/ja2091195,0.19332585,0.19366492,0.1951134,0.18223903
BiCu0.975SeO,723.0,0.3301781767866425,10.1021/ja2091195,0.37710968,0.38511616,0.42755505,0.3658361
BiCu0.975SeO,923.0,0.7863,10.1021/ja2091195,0.5448229,0.5613584,0.600515,0.5206124
BiCuSeO,323.0,0.00761449794059406,10.1021/ja2091195,0.042445485,0.058963504,0.036620036,0.06715261
BiCuSeO,523.0,0.030126610384615386,10.1021/ja2091195,0.13093285,0.18358183,0.13152075,0.1669245
BiCuSeO,723.0,0.14437019623318387,10.1021/ja2091195,0.32212391,0.37503302,0.34412968,0.37825614
BiCuSeO,923.0,0.5335838013071429,10.1021/ja2091195,0.5158142,0.5502077,0.52072126,0.5489246
FeNb0.80Ti0.20Sb,300.0,0.0953856,10.1039/c4ee03042g,0.14445934,0.15869737,0.14940533,0.16618693
FeNb0.80Ti0.20Sb,500.0,0.281921186440678,10.1039/c4ee03042g,0.335409,0.33695716,0.3422633,0.34300867
FeNb0.80Ti0.20Sb,700.0,0.49033018867924527,10.1039/c4ee03042g,0.54929835,0.5465974,0.54574203,0.5505461
FeNb0.80Ti0.20Sb,900.0,0.775531914893617,10.1039/c4ee03042g,0.7688585,0.726995,0.78884935,0.74822915
FeNb0.88Ti0.12Sb,300.0,0.12111159292035398,10.1039/c4ee03042g,0.14445934,0.15869737,0.14940533,0.1646342
FeNb0.88Ti0.12Sb,500.0,0.2973300970873787,10.1039/c4ee03042g,0.335409,0.33695716,0.3422633,0.34145594
FeNb0.88Ti0.12Sb,700.0,0.463736,10.1039/c4ee03042g,0.54929835,0.5465974,0.54574203,0.54899335
FeNb0.88Ti0.12Sb,900.0,0.6744501818181817,10.1039/c4ee03042g,0.75865054,0.726995,0.78884935,0.7466764
FeNb0.92Ti0.08Sb,300.0,0.13292307692307692,10.1039/c4ee03042g,0.14825551,0.16275539,0.14853342,0.17159732
FeNb0.92Ti0.08Sb,500.0,0.30025531914893616,10.1039/c4ee03042g,0.3392052,0.34441358,0.33936495,0.348419
FeNb0.92Ti0.08Sb,700.0,0.44586121621621616,10.1039/c4ee03042g,0.54848784,0.554054,0.54463094,0.5519349
FeNb0.92Ti0.08Sb,900.0,0.6500571428571428,10.1039/c4ee03042g,0.72185546,0.70246863,0.75209856,0.7342354
FeNb0.96Ti0.04Sb,300.0,0.0749088,10.1039/c4ee03042g,0.10205547,0.16275539,0.16033351,0.17159732
FeNb0.96Ti0.04Sb,500.0,0.23255421920465566,10.1039/c4ee03042g,0.28946424,0.34441358,0.3583431,0.348419
FeNb0.96Ti0.04Sb,700.0,0.375519375,10.1039/c4ee03042g,0.4887602,0.554054,0.5529945,0.5519349
FeNb0.96Ti0.04Sb,900.0,0.4741519129082426,10.1039/c4ee03042g,0.6080216,0.70246863,0.75792533,0.70868623
AgSn15.0BiTe17.0,300.0,0.10250440217030769,10.1039/c4ta05530f,0.14830269,0.13804802,0.16321701,0.13745362
AgSn15.0BiTe17.0,400.0,0.23126415136929457,10.1039/c4ta05530f,0.25821653,0.2250146,0.24197985,0.21082012
AgSn15.0BiTe17.0,500.0,0.43849850167464116,10.1039/c4ta05530f,0.33243605,0.27689773,0.31880143,0.29576498
AgSn15.0BiTe17.0,600.0,0.732934883286119,10.1039/c4ta05530f,0.4487269,0.44561192,0.45420635,0.49229166
AgSn25.0BiTe27.0,300.0,0.047434638826979465,10.1039/c4ta05530f,0.0712379,0.09871037,0.06917081,0.070097834
AgSn25.0BiTe27.0,400.0,0.10924137931034483,10.1039/c4ta05530f,0.14264122,0.17903325,0.13430378,0.14753148
AgSn25.0BiTe27.0,500.0,0.2260191637630662,10.1039/c4ta05530f,0.22465265,0.24800573,0.22710405,0.24550013
AgSn25.0BiTe27.0,600.0,0.4072862466403162,10.1039/c4ta05530f,0.4212777,0.41878474,0.4110326,0.43701366
AgSn5.0BiTe7.0,300.0,0.2337391304347826,10.1039/c4ta05530f,0.2945023,0.2248057,0.28676373,0.2577356
AgSn5.0BiTe7.0,400.0,0.35383148006134973,10.1039/c4ta05530f,0.37487108,0.29596475,0.3544704,0.34291607
AgSn5.0BiTe7.0,600.0,0.36108935004929577,10.1039/c4ta05530f,0.5161124,0.5025594,0.46566558,0.5857436
AgSn5.0BiTe7.0,500.0,0.4008290553879902,10.1039/c4ta05530f,0.42012697,0.35652235,0.40522566,0.43758368
SnTe,300.0,0.03567173956777358,10.1039/c4ta05530f,-0.004788562,-0.023404244,-0.012069287,-0.012718622
SnTe,400.0,0.056430787144668024,10.1039/c4ta05530f,0.020303592,0.015094657,0.022562098,0.027546376
SnTe,500.0,0.07577995877862596,10.1039/c4ta05530f,0.062746786,0.06973272,0.050325904,0.086074255
SnTe,600.0,0.13605558639572193,10.1039/c4ta05530f,0.17467533,0.21896526,0.19133905,0.22680935
Zn0.85Cd0.15Sc0.02O1.03,300.0,0.001876630401055409,10.1039/c6ta03126a,0.105438225,0.078937165,0.10172755,0.07805449
Zn0.85Cd0.15Sc0.02O1.03,373.0,0.003905298101169679,10.1039/c6ta03126a,0.106611714,0.07726964,0.11261889,0.09111174
Zn0.85Cd0.15Sc0.02O1.03,473.0,0.008061565217391304,10.1039/c6ta03126a,0.14052488,0.09230212,0.1521508,0.10574687
Zn0.85Cd0.15Sc0.02O1.03,573.0,0.01416132828,10.1039/c6ta03126a,0.19338106,0.109579384,0.17121477,0.11938394
Zn0.85Cd0.15Sc0.02O1.03,673.0,0.021621754208144797,10.1039/c6ta03126a,0.21574791,0.19148867,0.20458601,0.16946098
Zn0.85Cd0.15Sc0.02O1.03,773.0,0.03148562992185659,10.1039/c6ta03126a,0.20227258,0.24444397,0.22589985,0.20262918
Zn0.85Cd0.15Sc0.02O1.03,873.0,0.045018128842105265,10.1039/c6ta03126a,0.22875698,0.2605042,0.24216211,0.23047116
Zn0.85Cd0.15Sc0.02O1.03,973.0,0.06588098264264264,10.1039/c6ta03126a,0.28096557,0.32194564,0.30048934,0.29633263
Zn0.85Cd0.15Sc0.02O1.03,1073.0,0.07464752049230769,10.1039/c6ta03126a,0.24131694,0.25861156,0.26581925,0.2598277
Zn0.85Cd0.15Sc0.02O1.03,1173.0,0.08233808333333333,10.1039/c6ta03126a,0.16790617,0.20961756,0.22895257,0.21237344
Zn0.875Cd0.125Sc0.02O1.03,300.0,0.0102899657,10.1039/c6ta03126a,0.094325915,0.073209584,0.080561034,0.07805449
Zn0.875Cd0.125Sc0.02O1.03,373.0,0.018580860141093475,10.1039/c6ta03126a,0.095499404,0.07154206,0.09145233,0.09111174
Zn0.875Cd0.125Sc0.02O1.03,473.0,0.0298,10.1039/c6ta03126a,0.12941252,0.08657454,0.12567088,0.10574687
Zn0.875Cd0.125Sc0.02O1.03,573.0,0.04892065967294117,10.1039/c6ta03126a,0.18226875,0.1038518,0.14473489,0.11938394
Zn0.875Cd0.125Sc0.02O1.03,673.0,0.06986653733681462,10.1039/c6ta03126a,0.2046356,0.1857611,0.17810608,0.16946098
Zn0.875Cd0.125Sc0.02O1.03,773.0,0.0877,10.1039/c6ta03126a,0.19116028,0.2387164,0.19941992,0.20262918
Zn0.875Cd0.125Sc0.02O1.03,873.0,0.1219877581909091,10.1039/c6ta03126a,0.22875698,0.2605042,0.22310568,0.23047116
Zn0.875Cd0.125Sc0.02O1.03,973.0,0.15854104163333335,10.1039/c6ta03126a,0.28096557,0.32194564,0.28143293,0.29633263
Zn0.875Cd0.125Sc0.02O1.03,1073.0,0.18711877578947367,10.1039/c6ta03126a,0.24131694,0.25861156,0.2520761,0.2598277
Zn0.875Cd0.125Sc0.02O1.03,1173.0,0.2287668794425087,10.1039/c6ta03126a,0.16790617,0.20961756,0.21520959,0.21237344
Zn0.95Cd0.05Sc0.02O1.03,300.0,0.0016904347826086957,10.1039/c6ta03126a,0.095695905,0.073209584,0.080561034,0.074982904
Zn0.95Cd0.05Sc0.02O1.03,373.0,0.003394169928205128,10.1039/c6ta03126a,0.096869394,0.07154206,0.09145233,0.08804016
Zn0.95Cd0.05Sc0.02O1.03,473.0,0.00756509105,10.1039/c6ta03126a,0.1307825,0.08657454,0.12567088,0.10267529
Zn0.95Cd0.05Sc0.02O1.03,573.0,0.014261333333333334,10.1039/c6ta03126a,0.18363874,0.1038518,0.14473489,0.116312355
Zn0.95Cd0.05Sc0.02O1.03,673.0,0.02200891891891892,10.1039/c6ta03126a,0.20600559,0.1857611,0.17810608,0.16638939
Zn0.95Cd0.05Sc0.02O1.03,773.0,0.033734760576923074,10.1039/c6ta03126a,0.19253026,0.24524963,0.20505895,0.19955759
Zn0.95Cd0.05Sc0.02O1.03,873.0,0.04749333484716157,10.1039/c6ta03126a,0.23012705,0.27993855,0.22874472,0.24212232
Zn0.95Cd0.05Sc0.02O1.03,973.0,0.06647786404411764,10.1039/c6ta03126a,0.28233555,0.34138015,0.287072,0.3063773
Zn0.95Cd0.05Sc0.02O1.03,1073.0,0.07568847576,10.1039/c6ta03126a,0.24268693,0.2839217,0.25771517,0.26987213
Zn0.95Cd0.05Sc0.02O1.03,1173.0,0.0884229970845481,10.1039/c6ta03126a,0.16927615,0.23492785,0.22084862,0.22402462
Zn0.9Cd0.1Sc0.006O1.009,300.0,0.011832359182464456,10.1039/c6ta03126a,0.04606585,0.0077387732,0.031990394,0.013565402
Zn0.9Cd0.1Sc0.006O1.009,773.0,0.09982167479905436,10.1039/c6ta03126a,0.12764019,0.118408725,0.14569876,0.08786389
Zn0.9Cd0.1Sc0.006O1.009,973.0,0.16819873819411765,10.1039/c6ta03126a,0.21744561,0.2261014,0.22826077,0.2108316
Zn0.9Cd0.1Sc0.006O1.009,1073.0,0.20352122135,10.1039/c6ta03126a,0.17779683,0.15961058,0.19890402,0.17432663
Zn0.9Cd0.1Sc0.006O1.009,1173.0,0.24733460219178083,10.1039/c6ta03126a,0.10985998,0.110616386,0.1620377,0.1343924
Zn0.9Cd0.1Sc0.01O1.015,300.0,0.01236956517209302,10.1039/c6ta03126a,0.09566286,0.07283555,0.07861998,0.063800305
Zn0.9Cd0.1Sc0.01O1.015,473.0,0.037605946986666666,10.1039/c6ta03126a,0.13074946,0.086200505,0.12552224,0.09149269
Zn0.9Cd0.1Sc0.01O1.015,573.0,0.057978436639676105,10.1039/c6ta03126a,0.181131,0.10347778,0.14368924,0.105129756
Zn0.9Cd0.1Sc0.01O1.015,673.0,0.08530490960400545,10.1039/c6ta03126a,0.20349783,0.16499946,0.173318,0.14842445
Zn0.9Cd0.1Sc0.01O1.015,773.0,0.11336394782499999,10.1039/c6ta03126a,0.19002253,0.21145144,0.18948248,0.18159264
Zn0.9Cd0.1Sc0.02O1.03,300.0,0.011349445011494251,10.1039/c6ta03126a,0.094325915,0.073209584,0.080561034,0.074982904
Zn0.9Cd0.1Sc0.02O1.03,373.0,0.020383015384615382,10.1039/c6ta03126a,0.095499404,0.07154206,0.09145233,0.08804016
Zn0.9Cd0.1Sc0.02O1.03,473.0,0.033460622,10.1039/c6ta03126a,0.12941252,0.08657454,0.12567088,0.10267529
Zn0.9Cd0.1Sc0.02O1.03,573.0,0.053430367122,10.1039/c6ta03126a,0.18226875,0.1038518,0.14473489,0.116312355
Zn0.9Cd0.1Sc0.02O1.03,673.0,0.07720018355760366,10.1039/c6ta03126a,0.2046356,0.1857611,0.17810608,0.16638939
Zn0.9Cd0.1Sc0.02O1.03,773.0,0.11345304345180159,10.1039/c6ta03126a,0.19116028,0.2387164,0.19941992,0.19955759
Zn0.9Cd0.1Sc0.02O1.03,873.0,0.14700169969299468,10.1039/c6ta03126a,0.22875698,0.27340534,0.22310568,0.24212232
Zn0.9Cd0.1Sc0.02O1.03,973.0,0.1845333300613497,10.1039/c6ta03126a,0.28096557,0.33484694,0.28143293,0.3063773
Zn0.9Cd0.1Sc0.02O1.03,1073.0,0.2258491935483871,10.1039/c6ta03126a,0.24131694,0.2683561,0.2520761,0.26987213
Zn0.9Cd0.1Sc0.02O1.03,1173.0,0.2811884098939929,10.1039/c6ta03126a,0.16790617,0.21936217,0.21520959,0.22402462
Zn0.9Cd0.1Sc0.03O1.045,300.0,0.012165933716814159,10.1039/c6ta03126a,0.044369224,-0.0059363013,0.024581287,0.0035508403
Zn0.9Cd0.1Sc0.03O1.045,373.0,0.020577721871515155,10.1039/c6ta03126a,0.04961303,0.0010343746,0.044952877,0.010910732
Zn0.9Cd0.1Sc0.03O1.045,473.0,0.03495650830509075,10.1039/c6ta03126a,0.07451025,-0.0061220145,0.07196456,0.0062321513
Zn0.9Cd0.1Sc0.03O1.045,573.0,0.04394605019878296,10.1039/c6ta03126a,0.11323034,-0.0025166906,0.08052379,0.007248709
Zn0.9Cd0.1Sc0.03O1.045,673.0,0.07572632876712329,10.1039/c6ta03126a,0.11638695,0.0153840305,0.09313515,0.007963023
Zn0.9Cd0.1Sc0.03O1.045,773.0,0.1069740103248731,10.1039/c6ta03126a,0.09664118,0.046886697,0.114448816,0.03156291
Zn0.9Cd0.1Sc0.03O1.045,873.0,0.1408090509,10.1039/c6ta03126a,0.13423786,0.08157584,0.13813467,0.074127644
Zn0.9Cd0.1Sc0.03O1.045,973.0,0.17819774750227066,10.1039/c6ta03126a,0.18050747,0.1384843,0.19646168,0.1383829
Zn0.9Cd0.1Sc0.03O1.045,1073.0,0.21864151490066225,10.1039/c6ta03126a,0.13474421,0.07199336,0.16710488,0.10187773
Zn0.9Cd0.1Sc0.03O1.045,1173.0,0.27016709825,10.1039/c6ta03126a,0.069353975,0.022999275,0.13023858,0.05602986
Zn0.9Cd0.1Sc0.04O1.06,300.0,0.012436446331125,10.1039/c6ta03126a,0.03854934,-0.0059363013,0.019769767,0.0035508403
Zn0.9Cd0.1Sc0.04O1.06,373.0,0.020874615882352943,10.1039/c6ta03126a,0.04307914,0.0010343746,0.04024034,0.010910732
Zn0.9Cd0.1Sc0.04O1.06,473.0,0.035523377444210524,10.1039/c6ta03126a,0.06356189,-0.0061220145,0.0612125,0.0062321513
Zn0.9Cd0.1Sc0.04O1.06,573.0,0.05281436010327581,10.1039/c6ta03126a,0.10228198,-0.0025166906,0.06887478,0.007248709
Zn0.9Cd0.1Sc0.04O1.06,673.0,0.07434328103904109,10.1039/c6ta03126a,0.1054386,0.0153840305,0.07639478,0.007963023
Zn0.9Cd0.1Sc0.04O1.06,773.0,0.10446698481982553,10.1039/c6ta03126a,0.08018215,0.046886697,0.08569354,0.03156291
Zn0.9Cd0.1Sc0.04O1.06,873.0,0.13789724694522476,10.1039/c6ta03126a,0.117778845,0.08157584,0.10937924,0.074127644
Zn0.9Cd0.1Sc0.04O1.06,973.0,0.1742063750646154,10.1039/c6ta03126a,0.16404843,0.1384843,0.16764605,0.1383829
Zn0.9Cd0.1Sc0.04O1.06,1073.0,0.21732766351243865,10.1039/c6ta03126a,0.11828517,0.07199336,0.13828926,0.10187773
Zn0.9Cd0.1Sc0.04O1.06,1173.0,0.2543598623857778,10.1039/c6ta03126a,0.05289497,0.022999275,0.10142299,0.05602986
ZnSc0.02O1.03,300.0,0.00043838058542756915,10.1039/c6ta03126a,0.05182104,0.06670264,0.04718469,0.06071526
ZnSc0.02O1.03,373.0,0.0010598347601078165,10.1039/c6ta03126a,0.048493195,0.059766397,0.043723285,0.06884149
ZnSc0.02O1.03,473.0,0.002538818387455431,10.1039/c6ta03126a,0.05990383,0.07220412,0.04786911,0.081182584
ZnSc0.02O1.03,573.0,0.005972375416226318,10.1039/c6ta03126a,0.07725792,0.08400287,0.061738122,0.087157235
ZnSc0.02O1.03,673.0,0.013487244831929987,10.1039/c6ta03126a,0.10577753,0.15128149,0.09362834,0.14654538
ZnSc0.02O1.03,773.0,0.025023597199371018,10.1039/c6ta03126a,0.12029196,0.17551483,0.10226364,0.1627828
ZnSc0.02O1.03,873.0,0.03691163268083197,10.1039/c6ta03126a,0.13913289,0.18238607,0.1247052,0.16207434
ZnSc0.02O1.03,973.0,0.05162630823381913,10.1039/c6ta03126a,0.15263139,0.20200695,0.14001237,0.184143
ZnSc0.02O1.03,1073.0,0.06627389745777777,10.1039/c6ta03126a,0.16796951,0.21205343,0.15186459,0.19706707
ZnSc0.02O1.03,1173.0,0.08134240526315789,10.1039/c6ta03126a,0.18166931,0.22202685,0.16384685,0.19572319
CuGa0.97Mn0.03Te2,325.0,0.03944854444806251,10.1039/c6ta11120c,0.033775125,0.037390884,0.03733323,0.045733538
CuGa0.97Mn0.03Te2,375.0,0.058727751965513934,10.1039/c6ta11120c,0.06529666,0.07398353,0.06530764,0.07479113
CuGa0.97Mn0.03Te2,425.0,0.09390204331311554,10.1039/c6ta11120c,0.09926386,0.10958219,0.09715103,0.11735388
CuGa0.97Mn0.03Te2,475.0,0.13193028803395399,10.1039/c6ta11120c,0.1234851,0.13661826,0.12423002,0.13254884
CuGa0.97Mn0.03Te2,525.0,0.17417919195979897,10.1039/c6ta11120c,0.15335451,0.15536846,0.1445353,0.16616912
CuGa0.97Mn0.03Te2,625.0,0.17907754472617873,10.1039/c6ta11120c,0.30650786,0.3204682,0.3184089,0.3161709
CuGa0.97Mn0.03Te2,575.0,0.2282304782480315,10.1039/c6ta11120c,0.22731236,0.23611476,0.22360772,0.24062322
CuGa0.97Mn0.03Te2,670.0,0.34698,10.1039/c6ta11120c,0.3816195,0.38946015,0.38050693,0.3738685
CuGa0.98Mn0.02Te2,425.0,0.07609278249514563,10.1039/c6ta11120c,0.09926386,0.10958219,0.09715103,0.11735388
CuGa0.98Mn0.02Te2,475.0,0.09587870485519331,10.1039/c6ta11120c,0.1234851,0.13661826,0.12423002,0.13254884
CuGa0.98Mn0.02Te2,525.0,0.1284987032731175,10.1039/c6ta11120c,0.15335451,0.15536846,0.1445353,0.16616912
CuGa0.98Mn0.02Te2,575.0,0.18294656546483185,10.1039/c6ta11120c,0.22731236,0.23611476,0.22360772,0.24062322
CuGa0.98Mn0.02Te2,625.0,0.18505477716896465,10.1039/c6ta11120c,0.30650786,0.3204682,0.3184089,0.3161709
CuGa0.98Mn0.02Te2,670.0,0.34064,10.1039/c6ta11120c,0.3816195,0.38946015,0.38050693,0.3738685
CuGa0.99Mn0.01Te2,325.0,0.04028151744380457,10.1039/c6ta11120c,0.033775125,0.037390884,0.03733323,0.04723877
CuGa0.99Mn0.01Te2,375.0,0.05557335347804052,10.1039/c6ta11120c,0.06529666,0.07070749,0.06530764,0.07629636
CuGa0.99Mn0.01Te2,425.0,0.07805521134393063,10.1039/c6ta11120c,0.09926386,0.10630618,0.09715103,0.11885912
CuGa0.99Mn0.01Te2,475.0,0.1043077673333404,10.1039/c6ta11120c,0.1234851,0.1333422,0.12423002,0.13405406
CuGa0.99Mn0.01Te2,525.0,0.15398834009269988,10.1039/c6ta11120c,0.15335451,0.15209238,0.1445353,0.16767435
CuGa0.99Mn0.01Te2,575.0,0.2458685080503979,10.1039/c6ta11120c,0.22731236,0.2328387,0.22360772,0.24212845
CuGa0.99Mn0.01Te2,718.0,0.56972,10.1039/c6ta11120c,0.4738907,0.48509434,0.4851549,0.46966863
CuGa0.99Mn0.01Te2,768.0,0.605258,10.1039/c6ta11120c,0.58263165,0.5764955,0.5620387,0.58089197
CuGa0.99Mn0.01Te2,818.0,0.707,10.1039/c6ta11120c,0.64846367,0.68244845,0.65801924,0.6893841
CuGa0.99Mn0.01Te2,868.0,0.83,10.1039/c6ta11120c,0.6846769,0.6970928,0.69426453,0.70826757
CuGaTe2,325.0,0.014220799770263479,10.1039/c6ta11120c,0.03316877,0.036588483,0.036816686,0.04611406
CuGaTe2,375.0,0.027,10.1039/c6ta11120c,0.06469031,0.06990509,0.06479109,0.07517164
CuGaTe2,718.0,0.381892,10.1039/c6ta11120c,0.47328433,0.48429197,0.48463836,0.46854392
CuGaTe2,775.0,0.43117288868159204,10.1039/c6ta11120c,0.58785295,0.59315,0.5916517,0.59630984
CuGaTe2,818.0,0.53402,10.1039/c6ta11120c,0.64785737,0.68164605,0.6575027,0.6882594
CuGaTe2,868.0,0.58214,10.1039/c6ta11120c,0.6840706,0.6962904,0.693748,0.7071429
(Sn0.8Ge0.2)0.82Mn0.18Te,300.0,0.0855,10.1039/c7cp04931e,0.06573335,0.071766324,0.07006784,0.06759108
(Sn0.8Ge0.2)0.82Mn0.18Te,673.0,0.75555018,10.1039/c7cp04931e,0.58668387,0.6203618,0.6025206,0.60188866
(Sn0.8Ge0.2)0.82Mn0.18Te,773.0,0.9140439860695114,10.1039/c7cp04931e,0.84963655,0.8680517,0.84804124,0.8654054
(Sn0.8Ge0.2)0.82Mn0.18Te,873.0,1.0893824035714288,10.1039/c7cp04931e,0.93319756,0.9626705,0.9547742,0.9632834
(Sn0.8Ge0.2)0.85Mn0.15Te,373.0,0.1565,10.1039/c7cp04931e,0.10145498,0.11465382,0.09235934,0.09504902
(Sn0.8Ge0.2)0.85Mn0.15Te,473.0,0.3069473834272517,10.1039/c7cp04931e,0.19960558,0.19707447,0.19492729,0.18018734
(Sn0.8Ge0.2)0.85Mn0.15Te,573.0,0.4726025641025641,10.1039/c7cp04931e,0.33713686,0.3449587,0.31217077,0.32144332
(Sn0.8Ge0.2)0.85Mn0.15Te,673.0,0.7224017087180644,10.1039/c7cp04931e,0.61815786,0.6460349,0.5959535,0.62070245
(Sn0.8Ge0.2)0.85Mn0.15Te,773.0,0.987,10.1039/c7cp04931e,0.8856119,0.9099732,0.84147424,0.88899153
(Sn0.8Ge0.2)0.85Mn0.15Te,873.0,1.2192624626995647,10.1039/c7cp04931e,0.97089034,1.0003235,0.95309377,1.0121944
(Sn0.8Ge0.2)0.88Mn0.12Te,298.0,0.06599756740914418,10.1039/c7cp04931e,0.06990551,0.06587255,0.06269858,0.09924079
(Sn0.8Ge0.2)0.88Mn0.12Te,373.0,0.11363131445937247,10.1039/c7cp04931e,0.09778852,0.10537978,0.091818474,0.13061707
(Sn0.8Ge0.2)0.88Mn0.12Te,473.0,0.245248575,10.1039/c7cp04931e,0.19179162,0.18683335,0.18547343,0.2060574
(Sn0.8Ge0.2)0.88Mn0.12Te,573.0,0.40315688487692314,10.1039/c7cp04931e,0.33598617,0.34031034,0.30747685,0.37354055
(Sn0.8Ge0.2)0.88Mn0.12Te,673.0,0.6006490977912196,10.1039/c7cp04931e,0.61700714,0.6502678,0.5987908,0.677308
(Sn0.8Ge0.2)0.88Mn0.12Te,773.0,0.8063456206896551,10.1039/c7cp04931e,0.8880704,0.9181816,0.8452549,0.9118485
(Sn0.8Ge0.2)0.88Mn0.12Te,873.0,1.013,10.1039/c7cp04931e,0.971224,1.0048703,0.95390046,1.0350516
(Sn0.8Ge0.2)0.8Mn0.2Te,298.0,0.07807552362819939,10.1039/c7cp04931e,0.06279519,0.06584161,0.06757806,0.06346833
(Sn0.8Ge0.2)0.8Mn0.2Te,373.0,0.142,10.1039/c7cp04931e,0.09168782,0.11048381,0.09917727,0.09700775
(Sn0.8Ge0.2)0.8Mn0.2Te,473.0,0.30358955132606896,10.1039/c7cp04931e,0.1843233,0.190651,0.20174523,0.17925577
(Sn0.8Ge0.2)0.8Mn0.2Te,573.0,0.4574,10.1039/c7cp04931e,0.30816403,0.32835227,0.31725365,0.30067512
(Sn0.8Ge0.2)0.8Mn0.2Te,673.0,0.6726,10.1039/c7cp04931e,0.58536655,0.6203618,0.6078659,0.60012245
(Sn0.8Ge0.2)0.8Mn0.2Te,773.0,0.8538753430256409,10.1039/c7cp04931e,0.84831923,0.8680517,0.8533866,0.8636392
(Sn0.8Ge0.2)0.8Mn0.2Te,873.0,1.06,10.1039/c7cp04931e,0.92631763,0.92945224,0.96011955,0.9615172
(Sn0.8Ge0.2)0.91Mn0.09Te,373.0,0.10704772692190097,10.1039/c7cp04931e,0.09778852,0.10537978,0.094464414,0.1316029
(Sn0.8Ge0.2)0.91Mn0.09Te,473.0,0.216,10.1039/c7cp04931e,0.19179162,0.18683335,0.18811934,0.20885904
(Sn0.8Ge0.2)0.91Mn0.09Te,573.0,0.3742729470881517,10.1039/c7cp04931e,0.33598617,0.34031034,0.3268757,0.37634215
(Sn0.8Ge0.2)0.91Mn0.09Te,773.0,0.7516719510812894,10.1039/c7cp04931e,0.8914791,0.92621076,0.8631624,0.9600411
(Sn0.8Ge0.2)0.94Mn0.06Te,373.0,0.09760528750589217,10.1039/c7cp04931e,0.06235449,0.080947004,0.055366423,0.09959836
(Sn0.8Ge0.2)0.94Mn0.06Te,473.0,0.1859596596,10.1039/c7cp04931e,0.14416112,0.15289393,0.13810165,0.16728078
(Sn0.8Ge0.2)0.94Mn0.06Te,573.0,0.3016,10.1039/c7cp04931e,0.26006138,0.28152,0.24761355,0.29144204
(Sn0.8Ge0.2)0.94Mn0.06Te,673.0,0.4919459161538462,10.1039/c7cp04931e,0.567895,0.5958701,0.5462927,0.5985962
(Sn0.8Ge0.2)0.94Mn0.06Te,773.0,0.6934601401391135,10.1039/c7cp04931e,0.83182484,0.85390925,0.76244915,0.8746179
(Sn0.8Ge0.2)0.94Mn0.06Te,873.0,0.9402504033384002,10.1039/c7cp04931e,0.91269463,0.91295874,0.828559,0.9590813
(Sn0.8Ge0.2)0.97Mn0.03Te,573.0,0.25968,10.1039/c7cp04931e,0.26006138,0.28152,0.24761355,0.2922323
(Sn0.8Ge0.2)0.97Mn0.03Te,673.0,0.4060924956441956,10.1039/c7cp04931e,0.567895,0.5958701,0.5462927,0.5993865
(Sn0.8Ge0.2)0.97Mn0.03Te,773.0,0.5792975984745763,10.1039/c7cp04931e,0.83182484,0.85390925,0.76244915,0.8754082
(Sn0.8Ge0.2)0.97Mn0.03Te,873.0,0.8739660842320532,10.1039/c7cp04931e,0.91269463,0.91295874,0.847803,0.9590813
Sn0.8Ge0.2Te,373.0,0.0645,10.1039/c7cp04931e,0.06235449,0.07731756,0.050148197,0.06679355
Sn0.8Ge0.2Te,473.0,0.09515235935664336,10.1039/c7cp04931e,0.14416112,0.14926448,0.13288341,0.13587828
Sn0.8Ge0.2Te,573.0,0.15349873022212043,10.1039/c7cp04931e,0.26006138,0.27789056,0.24239531,0.26003948
Sn0.8Ge0.2Te,673.0,0.2757169318378378,10.1039/c7cp04931e,0.567895,0.59224063,0.5410745,0.5584668
Sn0.8Ge0.2Te,773.0,0.41665745138969307,10.1039/c7cp04931e,0.8379961,0.84095,0.766477,0.8134388
Sn0.8Ge0.2Te,873.0,0.5855,10.1039/c7cp04931e,0.9302224,0.8938089,0.84011894,0.9042828
SnTe,298.0,0.04,10.1039/c7cp04931e,-0.0077268058,-0.029328983,-0.014809909,-0.01645808
SnTe,373.0,0.0484,10.1039/c7cp04931e,0.013714176,-0.0027562913,0.0042954274,0.012794977
SnTe,473.0,0.07413774480000002,10.1039/c7cp04931e,0.046924118,0.054961614,0.04437331,0.06470675
SnTe,573.0,0.1145,10.1039/c7cp04931e,0.10710643,0.15046644,0.11607985,0.15209353
SnTe,673.0,0.16175700207828805,10.1039/c7cp04931e,0.23894244,0.31914613,0.25370282,0.32558203
SnTe,773.0,0.23706157061064964,10.1039/c7cp04931e,0.4444405,0.5430127,0.39820826,0.527558
SnTe,873.0,0.318,10.1039/c7cp04931e,0.5922434,0.7005872,0.54220724,0.69868577
AgBiSe2.0,323.0,0.17518396173553719,10.1039/c7dt04821a,0.10529168,0.12717992,0.114198595,0.1169292
AgBiSe2.0,514.0,0.3039177752112676,10.1039/c7dt04821a,0.24858116,0.31181964,0.24492621,0.26732588
AgBiSe2.0,418.0,0.3117367484745763,10.1039/c7dt04821a,0.16217753,0.20070481,0.1529706,0.1756812
AgBiSe2.0,612.0,0.384030714816,10.1039/c7dt04821a,0.35474384,0.4139196,0.36822712,0.39607123
AgBiSe2.0,660.0,0.44429355616438354,10.1039/c7dt04821a,0.38971806,0.42633325,0.42421544,0.41980517
AgBiSe2.0,710.0,0.4942039175257732,10.1039/c7dt04821a,0.46293953,0.5020948,0.50442797,0.50805974
AgBiSe2.0,757.0,0.575354822,10.1039/c7dt04821a,0.56097764,0.5712224,0.5660351,0.5745731
Ge0.99Te,323.0,0.06514619918324,10.1039/c9ee00317g,0.067225516,0.12461245,0.0955422,0.1456203
Ge0.99Te,423.0,0.1545477227161017,10.1039/c9ee00317g,0.17728153,0.22846256,0.18947494,0.2459201
Ge0.99Te,523.0,0.3801902998605283,10.1039/c9ee00317g,0.37325412,0.5162691,0.40100974,0.48923615
Ge0.99Te,623.0,0.7958665236809817,10.1039/c9ee00317g,0.683238,0.89237684,0.680401,0.83028996
Ge0.99Te,673.0,0.963158,10.1039/c9ee00317g,0.9139868,1.0848721,0.9814159,0.995276
Ge1.04Te,323.0,0.17,10.1039/c9ee00317g,0.1399676,0.13591677,0.09494157,0.12257513
Ge1.04Te,423.0,0.3369211196128189,10.1039/c9ee00317g,0.2658792,0.23782925,0.20887174,0.22853445
Ge1.04Te,523.0,0.6768677964052288,10.1039/c9ee00317g,0.47379082,0.50684756,0.38836008,0.47352546
Ge1.04Te,623.0,1.173694305882353,10.1039/c9ee00317g,0.84596646,0.8657554,0.7214438,0.8039312
Ge1.04Te,673.0,1.53479097446401,10.1039/c9ee00317g,1.0340878,1.0324025,0.96843666,0.9699248
GeTe,323.0,0.07983492269666667,10.1039/c9ee00317g,0.060510773,0.09789895,0.065183476,0.11222957
GeTe,423.0,0.17618071881355932,10.1039/c9ee00317g,0.17594287,0.19935003,0.17397727,0.2170648
GeTe,523.0,0.39320832349056606,10.1039/c9ee00317g,0.37284383,0.46175477,0.3582801,0.45871958
GeTe,623.0,0.993817030690909,10.1039/c9ee00317g,0.67114776,0.8091344,0.63845164,0.7891254
GeTe,673.0,1.5414329536277056,10.1039/c9ee00317g,0.8952941,0.98250157,0.9200097,0.955119
Cu2.82Ag0.18SbSe4,298.0,0.208814949784,10.1039/c9ta05115e,0.0868022,0.11709214,0.11537266,0.123960555
Cu2.82Ag0.18SbSe4,323.0,0.25,10.1039/c9ta05115e,0.09678778,0.1235559,0.121757165,0.13256846
Cu2.82Ag0.18SbSe4,348.0,0.3116187893739131,10.1039/c9ta05115e,0.13262327,0.15768218,0.15322208,0.165757
Cu2.82Ag0.18SbSe4,373.0,0.36,10.1039/c9ta05115e,0.1342972,0.16219819,0.1571688,0.16773947
Cu2.82Ag0.18SbSe4,398.0,0.3772898485043478,10.1039/c9ta05115e,0.19844598,0.20792797,0.21596405,0.22261839
Cu2.82Ag0.18SbSe4,423.0,0.4,10.1039/c9ta05115e,0.20030569,0.22517437,0.2206431,0.22958295
Cu2.82Ag0.18SbSe4,448.0,0.43,10.1039/c9ta05115e,0.23338023,0.2512195,0.2499207,0.25995263
Cu2.82Ag0.18SbSe4,473.0,0.49675234194193546,10.1039/c9ta05115e,0.24021144,0.26359195,0.27834427,0.27377558
Cu2.82Ag0.18SbSe4,498.0,0.537169111,10.1039/c9ta05115e,0.30908853,0.3151407,0.33859414,0.33540115
Cu2.82Ag0.18SbSe4,523.0,0.64,10.1039/c9ta05115e,0.33512613,0.34597564,0.36104256,0.3601682
Cu2.82Ag0.18SbSe4,548.0,0.69,10.1039/c9ta05115e,0.37651703,0.38342574,0.40018004,0.4018396
Cu2.82Ag0.18SbSe4,573.0,0.75,10.1039/c9ta05115e,0.39205316,0.3972654,0.4144448,0.4139499
Cu2.82Ag0.18SbSe4,598.0,0.841175205,10.1039/c9ta05115e,0.4388553,0.4274131,0.4594686,0.46112964
Cu2.88Ag0.12SbSe4,298.0,0.231691287516,10.1039/c9ta05115e,0.091775395,0.14767203,0.12711444,0.12943374
Cu2.88Ag0.12SbSe4,323.0,0.2584619607272727,10.1039/c9ta05115e,0.101760976,0.1541357,0.13349892,0.13804166
Cu2.88Ag0.12SbSe4,348.0,0.29741408697142857,10.1039/c9ta05115e,0.13759649,0.18826202,0.16682257,0.17123023
Cu2.88Ag0.12SbSe4,373.0,0.35163057365637584,10.1039/c9ta05115e,0.13927042,0.19277802,0.17076929,0.17321269
Cu2.88Ag0.12SbSe4,398.0,0.3747140095597123,10.1039/c9ta05115e,0.2034192,0.2385078,0.22956453,0.22809161
Cu2.88Ag0.12SbSe4,423.0,0.4,10.1039/c9ta05115e,0.2052789,0.25906175,0.23424359,0.23505618
Cu2.88Ag0.12SbSe4,448.0,0.4219191341176471,10.1039/c9ta05115e,0.23835345,0.28042227,0.26352102,0.26542586
Cu2.88Ag0.12SbSe4,473.0,0.4537878890862385,10.1039/c9ta05115e,0.24518466,0.3002492,0.2932898,0.29273924
Cu2.88Ag0.12SbSe4,498.0,0.5,10.1039/c9ta05115e,0.31406176,0.3517977,0.3537148,0.347772
Cu2.88Ag0.12SbSe4,523.0,0.56,10.1039/c9ta05115e,0.34009936,0.37791014,0.38311523,0.37253904
Cu2.88Ag0.12SbSe4,573.0,0.61,10.1039/c9ta05115e,0.39883834,0.4291999,0.4365175,0.42985564
Cu2.88Ag0.12SbSe4,548.0,0.62,10.1039/c9ta05115e,0.3833022,0.41536024,0.4222527,0.41774535
Cu2.88Ag0.12SbSe4,598.0,0.67,10.1039/c9ta05115e,0.44219536,0.4593476,0.48154128,0.47703537
Cu2.88Ag0.12SbSe4,623.0,0.75,10.1039/c9ta05115e,0.48631948,0.50930953,0.5181343,0.50507987
Cu2.94Ag0.06SbSe4,298.0,0.14288224120538115,10.1039/c9ta05115e,0.09240765,0.14767203,0.11354194,0.12786096
Cu2.94Ag0.06SbSe4,323.0,0.16377635825609757,10.1039/c9ta05115e,0.10239323,0.1541357,0.119926445,0.13646889
Cu2.94Ag0.06SbSe4,348.0,0.1968952728908108,10.1039/c9ta05115e,0.13822874,0.18826202,0.15325007,0.16965745
Cu2.94Ag0.06SbSe4,373.0,0.21795763363393938,10.1039/c9ta05115e,0.13990268,0.19277802,0.15719679,0.17163992
Cu2.94Ag0.06SbSe4,398.0,0.23524971077922077,10.1039/c9ta05115e,0.20405145,0.2385078,0.21599203,0.22651884
Cu2.94Ag0.06SbSe4,423.0,0.26494319475,10.1039/c9ta05115e,0.20591116,0.25906175,0.22067109,0.2334834
Cu2.94Ag0.06SbSe4,448.0,0.28369767572519083,10.1039/c9ta05115e,0.2389857,0.28042227,0.24994868,0.2638531
Cu2.94Ag0.06SbSe4,473.0,0.33758487887666666,10.1039/c9ta05115e,0.24581692,0.3002492,0.27157858,0.29116648
Cu2.94Ag0.06SbSe4,498.0,0.35977832452173913,10.1039/c9ta05115e,0.31469402,0.3517977,0.33200362,0.34619924
Cu2.94Ag0.06SbSe4,523.0,0.39,10.1039/c9ta05115e,0.34073162,0.37791014,0.36140406,0.3709663
Cu2.94Ag0.06SbSe4,548.0,0.4011203946461538,10.1039/c9ta05115e,0.38393447,0.41536024,0.40054154,0.4161726
Cu2.94Ag0.06SbSe4,573.0,0.47,10.1039/c9ta05115e,0.3994706,0.4291999,0.41480634,0.4282829
Cu2.94Ag0.06SbSe4,598.0,0.5233799871354167,10.1039/c9ta05115e,0.4428276,0.4593476,0.4598301,0.47546262
Cu2.94Ag0.06SbSe4,623.0,0.59,10.1039/c9ta05115e,0.48695174,0.50930953,0.496423,0.5035072
Cu3.0SbSe4,298.0,0.06330135353745454,10.1039/c9ta05115e,0.07154478,0.10777237,0.0777797,0.1046312
Cu3.0SbSe4,323.0,0.07892672452809918,10.1039/c9ta05115e,0.08153036,0.114236146,0.08416421,0.11323922
Cu3.0SbSe4,348.0,0.09240698250418605,10.1039/c9ta05115e,0.1173658,0.14836253,0.11748784,0.14642763
Cu3.0SbSe4,373.0,0.1084046097363158,10.1039/c9ta05115e,0.11903974,0.15287855,0.12143456,0.1484101
Cu3.0SbSe4,398.0,0.12160518571022727,10.1039/c9ta05115e,0.18318857,0.19860832,0.18022978,0.20328905
Cu3.0SbSe4,423.0,0.13709230385521473,10.1039/c9ta05115e,0.18504828,0.21916246,0.18490884,0.21025361
Cu3.0SbSe4,448.0,0.15263903185066666,10.1039/c9ta05115e,0.20895411,0.24052289,0.20396456,0.24046953
Cu3.0SbSe4,473.0,0.18637435565766422,10.1039/c9ta05115e,0.21578535,0.25970715,0.22130579,0.2642102
Cu3.0SbSe4,498.0,0.23063773633846152,10.1039/c9ta05115e,0.2774347,0.31125566,0.27432278,0.31924295
Cu3.0SbSe4,523.0,0.2737188144145161,10.1039/c9ta05115e,0.2930056,0.34207085,0.29677117,0.34401
Cu3.0SbSe4,548.0,0.3202279785,10.1039/c9ta05115e,0.33620843,0.37952095,0.33590865,0.39714488
Cu3.0SbSe4,573.0,0.3819019624285714,10.1039/c9ta05115e,0.3489536,0.39042422,0.35017344,0.4031225
Cu3.0SbSe4,598.0,0.44,10.1039/c9ta05115e,0.39231062,0.42057192,0.3951972,0.45030224
Cu3.0SbSe4,623.0,0.4969291702941176,10.1039/c9ta05115e,0.43643475,0.47053376,0.4317901,0.4764084
Bi1.2Sb0.8Se2.76Cl0.24,300.0,0.13110575166666666,10.1039/d0ra04065g,0.2742683,0.22674023,0.23862228,0.2124626
Bi1.2Sb0.8Se2.76Cl0.24,400.0,0.24228200000000003,10.1039/d0ra04065g,0.42966488,0.40956572,0.4280755,0.44391164
Bi1.2Sb0.8Se2.76Cl0.24,500.0,0.37630879,10.1039/d0ra04065g,0.5068305,0.44491258,0.48659822,0.51364267
Bi1.2Sb0.8Se2.76Cl0.24,600.0,0.5296643303225806,10.1039/d0ra04065g,0.6019763,0.4784493,0.5555282,0.53591424
Bi1.2Sb0.8Se2.76Cl0.24,700.0,0.690138105263158,10.1039/d0ra04065g,0.84074044,0.6585867,0.8009343,0.77037895
Bi1.2Sb0.8Se2.82Cl0.18,300.0,0.11093856578313253,10.1039/d0ra04065g,0.35454988,0.26210365,0.27299476,0.2567586
Bi1.2Sb0.8Se2.82Cl0.18,400.0,0.1977298036363636,10.1039/d0ra04065g,0.5274318,0.45351082,0.4639919,0.49267644
Bi1.2Sb0.8Se2.82Cl0.18,500.0,0.32190449577464786,10.1039/d0ra04065g,0.6002397,0.50556135,0.5332586,0.5882869
Bi1.2Sb0.8Se2.82Cl0.18,600.0,0.45363665454545454,10.1039/d0ra04065g,0.6912705,0.5489478,0.6150534,0.61221224
Bi1.2Sb0.8Se2.82Cl0.18,700.0,0.6169955806451612,10.1039/d0ra04065g,0.9383756,0.70758307,0.8401939,0.84355885
Bi1.2Sb0.8Se2.88Cl0.12,300.0,0.10213354756097562,10.1039/d0ra04065g,0.3149403,0.25278986,0.25773174,0.24488518
Bi1.2Sb0.8Se2.88Cl0.12,400.0,0.1780270690909091,10.1039/d0ra04065g,0.48174962,0.44105032,0.44635284,0.47258005
Bi1.2Sb0.8Se2.88Cl0.12,500.0,0.2786635267605634,10.1039/d0ra04065g,0.5572623,0.4884764,0.5004965,0.56179976
Bi1.2Sb0.8Se2.88Cl0.12,600.0,0.3843647462686567,10.1039/d0ra04065g,0.6355758,0.53955,0.5834887,0.5840712
Bi1.2Sb0.8Se2.88Cl0.12,700.0,0.4960040580645161,10.1039/d0ra04065g,0.8807755,0.72918123,0.8241626,0.81904936
BiSbSe2.76Cl0.24,300.0,0.11950460689655172,10.1039/d0ra04065g,0.2620006,0.21417174,0.21164283,0.19950858
BiSbSe2.76Cl0.24,400.0,0.20692966666666665,10.1039/d0ra04065g,0.39347735,0.3602891,0.39190215,0.41120458
BiSbSe2.76Cl0.24,500.0,0.32839053061224494,10.1039/d0ra04065g,0.47831488,0.39021623,0.46160984,0.47012603
BiSbSe2.76Cl0.24,600.0,0.4829832,10.1039/d0ra04065g,0.6020564,0.45263833,0.5560278,0.51476973
BiSbSe2.76Cl0.24,700.0,0.6341568048780488,10.1039/d0ra04065g,0.8472983,0.63056934,0.78217924,0.7546992
BiSbSe2.82Cl0.18,300.0,0.13616431451612904,10.1039/d0ra04065g,0.34228218,0.27475548,0.24601519,0.25417596
BiSbSe2.82Cl0.18,400.0,0.23582013793103448,10.1039/d0ra04065g,0.49124426,0.42945465,0.42781857,0.46836433
BiSbSe2.82Cl0.18,500.0,0.3544268,10.1039/d0ra04065g,0.571724,0.4760853,0.5082705,0.56268877
BiSbSe2.82Cl0.18,600.0,0.5099761107692308,10.1039/d0ra04065g,0.6913506,0.54835707,0.615553,0.60898584
BiSbSe2.82Cl0.18,700.0,0.659344,10.1039/d0ra04065g,0.9449335,0.7047862,0.82143885,0.8477737
BiSbSe2.88Cl0.12,300.0,0.11281359374999998,10.1039/d0ra04065g,0.2999533,0.26244155,0.23461032,0.24230239
BiSbSe2.88Cl0.12,400.0,0.197145,10.1039/d0ra04065g,0.44284278,0.41399598,0.41692883,0.44826794
BiSbSe2.88Cl0.12,500.0,0.3120646808510638,10.1039/d0ra04065g,0.52602726,0.4621608,0.47846216,0.53620166
BiSbSe2.88Cl0.12,600.0,0.4172256,10.1039/d0ra04065g,0.6347371,0.5414435,0.57882524,0.5808449
BiSbSe2.88Cl0.12,700.0,0.5080526213942308,10.1039/d0ra04065g,0.8864146,0.7288689,0.80024445,0.8232642
Sr14.1Ga29.6Ge56.3,367.0,0.24,10.1063/1.2194187,0.14805871,0.1783131,0.14698666,0.20457989
Sr14.1Ga29.6Ge56.3,774.0,0.3267647086197779,10.1063/1.2194187,0.5521502,0.5916969,0.60268706,0.61440927
Sr14.1Ga29.6Ge56.3,463.0,0.3295752394619205,10.1063/1.2194187,0.20618032,0.27129617,0.23120496,0.27797872
Sr14.1Ga29.6Ge56.3,568.0,0.34695363757241376,10.1063/1.2194187,0.32572153,0.35884163,0.37232897,0.37805617
Sr14.1Ga29.6Ge56.3,669.0,0.4122338879601133,10.1063/1.2194187,0.44897187,0.49905342,0.5054354,0.531978
Sr14.5Ga29.2Ge56.3,367.0,0.24248536577575708,10.1063/1.2194187,0.18468483,0.19616452,0.17654279,0.21485676
Sr14.5Ga29.2Ge56.3,463.0,0.34960779510178114,10.1063/1.2194187,0.23658267,0.30319992,0.28154585,0.29482174
Sr14.5Ga29.2Ge56.3,564.0,0.386913063633408,10.1063/1.2194187,0.34781927,0.3992742,0.420727,0.39442745
Sr14.5Ga29.2Ge56.3,669.0,0.4891762064017522,10.1063/1.2194187,0.47785446,0.54132336,0.5667095,0.54882115
Sr14.5Ga29.2Ge56.3,774.0,0.4941457988859879,10.1063/1.2194187,0.5698759,0.63396704,0.66396093,0.63125235
Sr14.7Ga28.7Ge56.6,563.0,0.3878216101584386,10.1063/1.2194187,0.35059547,0.36714804,0.3877038,0.38017341
Sr14.7Ga28.7Ge56.6,666.0,0.5154339482393733,10.1063/1.2194187,0.4746575,0.4919655,0.487832,0.48385975
Sr14.7Ga28.7Ge56.6,772.0,0.6328156242036577,10.1063/1.2194187,0.5649558,0.5888995,0.59745735,0.59319204
Sr14.8Ga28.6Ge56.6,408.0,0.15669006588150627,10.1063/1.2194187,0.21292113,0.22681701,0.21111704,0.2430945
Sr14.8Ga28.6Ge56.6,510.0,0.2229010592361111,10.1063/1.2194187,0.29558724,0.3273597,0.33799714,0.3179455
Sr14.8Ga28.6Ge56.6,613.0,0.25466800789985916,10.1063/1.2194187,0.41640815,0.4232927,0.4519623,0.45349517
Sr14.8Ga28.6Ge56.6,711.0,0.32283390150509966,10.1063/1.2194187,0.504048,0.4977156,0.52599716,0.52957773
Sr15Ga29.5Ge55.6,375.0,0.363,10.1063/1.2194187,0.16922855,0.17830773,0.16508345,0.1813324
Sr15Ga29.5Ge55.6,774.0,0.4023323178135048,10.1063/1.2194187,0.5661979,0.55497116,0.57756823,0.5685127
Sr15Ga29.5Ge55.6,468.0,0.4633,10.1063/1.2194187,0.22272488,0.24087718,0.21073176,0.23395237
Sr15Ga29.5Ge55.6,568.0,0.4785446449256198,10.1063/1.2194187,0.34226614,0.32349685,0.3534232,0.3280549
Sr15Ga29.5Ge55.6,669.0,0.533,10.1063/1.2194187,0.46399674,0.46370864,0.48652953,0.48197633
BaCu3.96S3.0,300.0,0.03558969042056075,10.1063/1.5099291,0.063837,0.09190417,0.10284125,0.08544647
BaCu3.96S3.0,400.0,0.06072301007838746,10.1063/1.5099291,0.11601972,0.13978522,0.15404695,0.12999585
BaCu3.96S3.0,500.0,0.09177456521739129,10.1063/1.5099291,0.16237281,0.20850195,0.23809367,0.2138353
BaCu3.96S3.0,600.0,0.1318051699585308,10.1063/1.5099291,0.23177043,0.28531668,0.2984746,0.28682166
BaCu3.96S3.0,700.0,0.20694346361671467,10.1063/1.5099291,0.3012805,0.3461862,0.3713428,0.3627105
BaCu4.0S3.0,300.0,0.028346572388571432,10.1063/1.5099291,0.063837,0.09190417,0.10284125,0.08544647
BaCu4.0S3.0,400.0,0.044016896,10.1063/1.5099291,0.11601972,0.13978522,0.15404695,0.12999585
BaCu4.0S3.0,500.0,0.06382482962962963,10.1063/1.5099291,0.16237281,0.20850195,0.23809367,0.2138353
BaCu4.0S3.0,600.0,0.09145702285714286,10.1063/1.5099291,0.23177043,0.28531668,0.2984746,0.28682166
BaCu4.0S3.0,700.0,0.151102503125,10.1063/1.5099291,0.3012805,0.3461862,0.3713428,0.3627105
TiS2,300.0,0.016398100991150445,10.1103/physrevb.64.241104,0.054700144,0.064330526,0.051914684,0.061421778
Ba8.02Cu4.98Si35Ge5.99,417.0,0.0827,10.1103/physrevb.87.115206,0.09827961,0.09124506,0.09236638,0.08925173
Ba8.02Cu4.98Si35Ge5.99,466.0,0.10996912873424655,10.1103/physrevb.87.115206,0.11703054,0.10833708,0.11578821,0.10867968
Ba8.02Cu4.98Si35Ge5.99,517.0,0.1378,10.1103/physrevb.87.115206,0.1584112,0.16107938,0.16430093,0.14783485
Ba8.02Cu4.98Si35Ge5.99,566.0,0.1677,10.1103/physrevb.87.115206,0.20847784,0.1906523,0.20822056,0.1932331
Ba8.02Cu4.98Si35Ge5.99,615.0,0.204,10.1103/physrevb.87.115206,0.25381923,0.25094417,0.2639393,0.26618063
Ba8.02Cu4.98Si35Ge5.99,665.0,0.2386,10.1103/physrevb.87.115206,0.28143466,0.28847712,0.2980535,0.28680727
Ba8.02Cu4.98Si35Ge5.99,713.0,0.256,10.1103/physrevb.87.115206,0.3270904,0.31203932,0.339226,0.33419636
Ba8.02Cu4.98Si35Ge5.99,763.0,0.2741727118413871,10.1103/physrevb.87.115206,0.3514352,0.3318211,0.3714042,0.34435833
Ba8.02Cu4.98Si35Ge5.99,811.0,0.2868388101607143,10.1103/physrevb.87.115206,0.39566684,0.40540555,0.42297938,0.38802606
Ba8.02Cu5.04Si6Ge34.93,566.0,0.282,10.1103/physrevb.87.115206,0.21951814,0.20898288,0.2239343,0.20676379
Ba8.02Cu5.04Si6Ge34.93,615.0,0.33577405999731647,10.1103/physrevb.87.115206,0.25101247,0.26255175,0.26118228,0.26084563
Ba8.02Cu5.04Si6Ge34.93,665.0,0.384087223,10.1103/physrevb.87.115206,0.27862793,0.2846682,0.29227164,0.26737717
Ba8.02Cu5.04Si6Ge34.93,716.0,0.434,10.1103/physrevb.87.115206,0.32875326,0.30997184,0.33951253,0.31410947
Ba8.02Cu5.04Si6Ge34.93,766.0,0.45025242762033846,10.1103/physrevb.87.115206,0.35000354,0.32747304,0.36452234,0.34042343
Ba8.02Cu5.04Si6Ge34.93,814.0,0.472,10.1103/physrevb.87.115206,0.3988054,0.39125815,0.3889609,0.3699291
Ba8.03Cu5Ge40.97,415.0,0.1858405336401137,10.1103/physrevb.87.115206,0.11871959,0.13224952,0.0980637,0.12819271
Ba8.03Cu5Ge40.97,465.0,0.2409670275590551,10.1103/physrevb.87.115206,0.14602952,0.15482114,0.12157094,0.15141042
Ba8.03Cu5Ge40.97,514.0,0.2970716079039232,10.1103/physrevb.87.115206,0.21514292,0.18879072,0.14751035,0.14448892
Ba8.03Cu5Ge40.97,564.0,0.348365109458367,10.1103/physrevb.87.115206,0.27200252,0.2225923,0.16538206,0.15824929
Ba8.03Cu5Ge40.97,613.0,0.39503482374999993,10.1103/physrevb.87.115206,0.30748987,0.25923485,0.17891788,0.16746883
Ba8.03Cu5Ge40.97,809.0,0.399,10.1103/physrevb.87.115206,0.43813962,0.36003292,0.3203125,0.27596936
Ba8.03Cu5Ge40.97,760.0,0.418,10.1103/physrevb.87.115206,0.39645576,0.31264585,0.28011656,0.240084
Ba8.03Cu5Ge40.97,711.0,0.4300807058863636,10.1103/physrevb.87.115206,0.37575966,0.3135394,0.25827554,0.22478506
Ba8.03Cu5Ge40.97,661.0,0.4367,10.1103/physrevb.87.115206,0.3353289,0.27615952,0.20231737,0.1810621
Ba8.04Cu4.99Si18Ge22.98,760.0,0.152,10.1103/physrevb.87.115206,0.37080947,0.32591853,0.34570876,0.32737985
Ba8.04Cu4.99Si18Ge22.98,712.0,0.18304065517500004,10.1103/physrevb.87.115206,0.34646466,0.30613667,0.3135306,0.3172179
Ba8.04Cu4.99Si18Ge22.98,417.0,0.21795095215384616,10.1103/physrevb.87.115206,0.08957701,0.083221786,0.08183883,0.073902726
Ba8.04Cu4.99Si18Ge22.98,663.0,0.21807268144329897,10.1103/physrevb.87.115206,0.3010401,0.26795372,0.26322064,0.26863742
Ba8.04Cu4.99Si18Ge22.98,615.0,0.2567,10.1103/physrevb.87.115206,0.27342469,0.24724354,0.24411614,0.25996026
Ba8.04Cu4.99Si18Ge22.98,466.0,0.2584455312081102,10.1103/physrevb.87.115206,0.10654056,0.10031377,0.10300805,0.094167575
Ba8.04Cu4.99Si18Ge22.98,514.0,0.281,10.1103/physrevb.87.115206,0.14718789,0.14463323,0.15729608,0.13593636
Ba8.04Cu4.99Si18Ge22.98,566.0,0.2938791195762712,10.1103/physrevb.87.115206,0.2111678,0.17974521,0.20343637,0.1840937
Ba8.04Cu4.9Si3.23Ge37.83,417.0,0.1489244185796545,10.1103/physrevb.87.115206,0.12905471,0.14280531,0.17226109,0.20301506
Ba8.04Cu4.9Si3.23Ge37.83,466.0,0.1881345734606451,10.1103/physrevb.87.115206,0.1541342,0.17236264,0.19669175,0.24333796
Ba8.04Cu4.9Si3.23Ge37.83,517.0,0.237,10.1103/physrevb.87.115206,0.22383918,0.23529132,0.2887567,0.29204676
Ba8.04Cu4.9Si3.23Ge37.83,663.0,0.4079440760956176,10.1103/physrevb.87.115206,0.33461732,0.3636821,0.4174405,0.3980959
Ba8.04Cu4.9Si3.23Ge37.83,712.0,0.44861381149273444,10.1103/physrevb.87.115206,0.38391808,0.40077862,0.4631728,0.44747487
Ba8.04Cu4.9Si3.23Ge37.83,763.0,0.483,10.1103/physrevb.87.115206,0.40461418,0.41827983,0.48497912,0.46164656
Ba8.04Cu4.9Si3.23Ge37.83,810.0,0.49462728834054265,10.1103/physrevb.87.115206,0.45341605,0.47999555,0.52414995,0.5077417
Ba8.07Cu4.89Si41.03,417.0,0.0638,10.1103/physrevb.87.115206,0.060967207,0.058842055,0.058906388,0.05454521
Ba8.07Cu4.89Si41.03,466.0,0.089,10.1103/physrevb.87.115206,0.06735446,0.0684104,0.0735306,0.06592481
Ba8.07Cu4.89Si41.03,517.0,0.11359517106666665,10.1103/physrevb.87.115206,0.09098491,0.10198048,0.10071414,0.08984032
Ba8.07Cu4.89Si41.03,566.0,0.143139342593162,10.1103/physrevb.87.115206,0.12702149,0.11988752,0.12238469,0.11401576
Ba8.07Cu4.89Si41.03,615.0,0.17086914,10.1103/physrevb.87.115206,0.14059044,0.15595841,0.15610528,0.146213
Ba8.07Cu4.89Si41.03,665.0,0.19214926710539842,10.1103/physrevb.87.115206,0.15890943,0.1711623,0.16638836,0.1523918
Ba8.07Cu4.89Si41.03,713.0,0.21,10.1103/physrevb.87.115206,0.20085043,0.19411162,0.20282523,0.19435175
Ba8.07Cu4.89Si41.03,763.0,0.22750638579861113,10.1103/physrevb.87.115206,0.21574251,0.20691861,0.21752116,0.20892608
Ba8.07Cu4.89Si41.03,811.0,0.23780393248800547,10.1103/physrevb.87.115206,0.25657043,0.25764695,0.2574534,0.24905811
Ba8Cu5.04Si13.01Ge27.96,417.0,0.122,10.1103/physrevb.87.115206,0.11457545,0.11554699,0.08688956,0.0790472
Ba8Cu5.04Si13.01Ge27.96,466.0,0.15603372850909092,10.1103/physrevb.87.115206,0.13965504,0.1469404,0.11132001,0.105277166
Ba8Cu5.04Si13.01Ge27.96,517.0,0.1906,10.1103/physrevb.87.115206,0.20128275,0.20918402,0.18669169,0.15581387
Ba8Cu5.04Si13.01Ge27.96,566.0,0.2246383058057515,10.1103/physrevb.87.115206,0.26615164,0.2513311,0.23814966,0.2097353
Ba8Cu5.04Si13.01Ge27.96,615.0,0.25903482468036243,10.1103/physrevb.87.115206,0.32099748,0.31980675,0.2938554,0.28176802
Ba8Cu5.04Si13.01Ge27.96,665.0,0.2843718816813671,10.1103/physrevb.87.115206,0.35106987,0.34861857,0.33680245,0.29917154
Ba8Cu5.04Si13.01Ge27.96,713.0,0.30866,10.1103/physrevb.87.115206,0.40409097,0.3764981,0.38502866,0.35274914
Ba8Cu5.04Si13.01Ge27.96,763.0,0.33283541921532145,10.1103/physrevb.87.115206,0.4239946,0.4042167,0.41611773,0.37253845
Ba8Cu5.04Si13.01Ge27.96,811.0,0.34005610318674034,10.1103/physrevb.87.115206,0.46741393,0.4680018,0.46290183,0.4198988
Ba8Cu5.18Si9.98Ge30.85,415.0,0.14195335530538924,10.1103/physrevb.87.115206,0.11586594,0.117631845,0.07413509,0.08028693
Ba8Cu5.18Si9.98Ge30.85,466.0,0.18590229535714287,10.1103/physrevb.87.115206,0.14094552,0.14902525,0.09856554,0.10651689
Ba8Cu5.18Si9.98Ge30.85,514.0,0.23477994850946166,10.1103/physrevb.87.115206,0.19887209,0.20572984,0.17393722,0.1570536
Ba8Cu5.18Si9.98Ge30.85,566.0,0.271,10.1103/physrevb.87.115206,0.2674421,0.25644526,0.22539519,0.21097504
Ba8Cu5.18Si9.98Ge30.85,613.0,0.30214960390588236,10.1103/physrevb.87.115206,0.32265723,0.31437635,0.28110093,0.27240366
Ba8Cu5.18Si9.98Ge30.85,663.0,0.3499461406326219,10.1103/physrevb.87.115206,0.35236034,0.3456314,0.3133283,0.3006826
Ba8Cu5.18Si9.98Ge30.85,809.0,0.3767702424390244,10.1103/physrevb.87.115206,0.4780962,0.47819957,0.44340914,0.42797846
Ba8Cu5.18Si9.98Ge30.85,711.0,0.378,10.1103/physrevb.87.115206,0.40568185,0.38669586,0.36553597,0.3581086
Ba8Cu5.18Si9.98Ge30.85,760.0,0.3903469879518072,10.1103/physrevb.87.115206,0.42517668,0.41441447,0.39662504,0.37789792
Ba8Cu5Si25Ge16,415.0,0.10351183414893618,10.1103/physrevb.87.115206,0.08745081,0.085416846,0.08742352,0.08626246
Ba8Cu5Si25Ge16,465.0,0.1417441844919786,10.1103/physrevb.87.115206,0.10620176,0.10250885,0.11084532,0.10569043
Ba8Cu5Si25Ge16,514.0,0.1781332322992042,10.1103/physrevb.87.115206,0.14449775,0.14971207,0.16147493,0.147351
Ba8Cu5Si25Ge16,564.0,0.21861315609498677,10.1103/physrevb.87.115206,0.1929921,0.18298648,0.20539455,0.19858186
Ba8Cu5Si25Ge16,613.0,0.255,10.1103/physrevb.87.115206,0.24216393,0.24154015,0.25805435,0.26139712
Ba8Cu5Si25Ge16,661.0,0.2843,10.1103/physrevb.87.115206,0.27000278,0.27292162,0.2832933,0.2928992
Ba8Cu5Si25Ge16,711.0,0.313,10.1103/physrevb.87.115206,0.31742904,0.31110457,0.33334106,0.34147966
Ba8Cu5Si25Ge16,809.0,0.3244,10.1103/physrevb.87.115206,0.38600546,0.4044708,0.41709444,0.39530936
Ba8Cu5Si25Ge16,760.0,0.332,10.1103/physrevb.87.115206,0.34177384,0.33088636,0.36551926,0.35164163
SnS,300.0,0.303,10.1126/science.aax5123,0.008667269,-0.04253499,-0.042578164,-0.025201665
SnS,423.0,0.49228011439717856,10.1126/science.aax5123,0.05168324,0.0039694225,-0.018543582,0.017516268
SnS,573.0,0.6935,10.1126/science.aax5123,0.10503117,0.08683276,0.015433521,0.104707755
SnS,723.0,0.788,10.1126/science.aax5123,0.25719875,0.2021956,0.13709831,0.2275471
SnS,873.0,0.9113,10.1126/science.aax5123,0.49337867,0.42600974,0.32019523,0.38240343
SnS0.88Se0.12,300.0,0.44023085367088605,10.1126/science.aax5123,0.18041395,-0.054813202,-0.029392993,-0.053431455
SnS0.88Se0.12,423.0,0.5745410754774726,10.1126/science.aax5123,0.2332622,-0.0021251638,0.007996615,-0.0052786814
SnS0.88Se0.12,573.0,0.7038425196850394,10.1126/science.aax5123,0.29543304,0.078738056,0.07833757,0.064412564
SnS0.88Se0.12,872.0,0.72,10.1126/science.aax5123,0.66961,0.41527426,0.3572562,0.34137747
SnS0.88Se0.12,723.0,0.83,10.1126/science.aax5123,0.43954822,0.19571932,0.20758483,0.18725184
SnS0.91Se0.09,300.0,0.6855,10.1126/science.aax5123,0.36868814,-0.053639296,-0.029758323,-0.057705794
SnS0.91Se0.09,423.0,1.0538,10.1126/science.aax5123,0.4781771,-0.0032955466,0.008427796,-0.009553008
SnS0.91Se0.09,573.0,1.2849,10.1126/science.aax5123,0.53567564,0.07756765,0.08053668,0.06013821
SnS0.91Se0.09,723.0,1.423876822790378,10.1126/science.aax5123,0.68436044,0.19454895,0.20871922,0.18297747
SnS0.91Se0.09,873.0,1.6425,10.1126/science.aax5123,1.0069606,0.4176418,0.3583906,0.3371031
SnS0.94Se0.06,300.0,0.4953678117647059,10.1126/science.aax5123,0.31842148,-0.03724623,-0.014679194,-0.052985743
SnS0.94Se0.06,423.0,0.7383839156353591,10.1126/science.aax5123,0.3699725,0.009950423,0.023506952,-0.0048329793
SnS0.94Se0.06,573.0,0.825600372180451,10.1126/science.aax5123,0.41565633,0.0938456,0.09402158,0.06746165
SnS0.94Se0.06,723.0,0.9033007572815533,10.1126/science.aax5123,0.56575006,0.20969668,0.22220416,0.1903009
SnS0.94Se0.06,873.0,1.25,10.1126/science.aax5123,0.88982487,0.42648628,0.37266675,0.34515718
SnS0.97Se0.03,300.0,0.34858715753424657,10.1126/science.aax5123,0.22304553,-0.038650587,-0.020051548,-0.050088048
SnS0.97Se0.03,423.0,0.508,10.1126/science.aax5123,0.2760567,0.008546059,0.02303112,-0.0052739326
SnS0.97Se0.03,573.0,0.6865,10.1126/science.aax5123,0.34175995,0.09244121,0.09354573,0.07035933
TlCr5Se8,323.0,0.15586210362606231,dx.doi.org/10.1021/cm400365q,0.05636034,0.005910509,0.07028573,-0.0016063199
TlCr5Se8,423.0,0.21555824479240795,dx.doi.org/10.1021/cm400365q,0.093892135,0.0395296,0.10736876,0.0301943
TlCr5Se8,523.0,0.2855807004255319,dx.doi.org/10.1021/cm400365q,0.15824099,0.0747892,0.14102635,0.067897126
TlCr5Se8,623.0,0.38,dx.doi.org/10.1021/cm400365q,0.23142551,0.13649727,0.23561248,0.12547371
TlCr5Se8,723.0,0.4546033468235294,dx.doi.org/10.1021/cm400365q,0.3173569,0.10868542,0.3488318,0.15112661
TlCr5Se8,823.0,0.5081706754647367,dx.doi.org/10.1021/cm400365q,0.42187196,0.13054621,0.39108488,0.16098702
LaCo0.5(Ni0.5Fe0.5)0.5O3,300.0,0.052,dx.doi.org/10.1021/jp3021408,-0.0194867,-0.034854803,-0.032482136,-0.041104123
LaCo0.5Fe0.5O3,300.0,0.0021,dx.doi.org/10.1021/jp3021408,-0.010346327,-0.010475314,-0.013942547,-0.015956394
LaCo0.75Fe0.25O3,300.0,0.0071,dx.doi.org/10.1021/jp3021408,-0.020456458,-0.017632674,-0.024060892,-0.01605358
LaCo0.75Ni0.25O3,300.0,0.049,dx.doi.org/10.1021/jp3021408,-0.012796487,-0.024152698,-0.016004356,-0.02736071
LaCo0.8(Ni0.5Fe0.5)0.2O3,300.0,0.1577,dx.doi.org/10.1021/jp3021408,0.0034134896,5.4703225e-05,-0.0015149429,0.0039820387
LaCo0.9(Ni0.5Fe0.5)0.1O3,300.0,0.05554533046875,dx.doi.org/10.1021/jp3021408,0.0034134896,0.002325202,0.005172228,0.0047153556
LaCo0.95Fe0.05O3,300.0,0.0262,dx.doi.org/10.1021/jp3021408,0.0034134896,0.0019977037,0.0059445747,0.0047570453
LaCo0.95Ni0.05O3,300.0,0.072,dx.doi.org/10.1021/jp3021408,-0.0036561333,-0.0026966797,-0.0012509399,-0.0032491859
LaCo0.9Fe0.1O3,300.0,0.0193,dx.doi.org/10.1021/jp3021408,0.0034134896,-0.0002727935,-0.00074259914,0.0040237294
LaCo0.9Ni0.1O3,300.0,0.072,dx.doi.org/10.1021/jp3021408,-0.0036561333,-0.0026966797,-0.0012509399,-0.0032491859
LaCoO3,300.0,0.0152,dx.doi.org/10.1021/jp3021408,-0.0036561333,-0.0030241767,-0.00047859192,-0.0032074961
Bi0.92Ag0.08CuSeO,323.0,0.05066619720577617,http://dx.doi.org/10.1016/j.jeurceramsoc.2014.09.015,0.07541665,0.07178705,0.097837545,0.09386725
Bi0.92Ag0.08CuSeO,373.0,0.058559465371428567,http://dx.doi.org/10.1016/j.jeurceramsoc.2014.09.015,0.09034078,0.09271742,0.10918273,0.105223574
Bi0.92Ag0.08CuSeO,423.0,0.06899269825971076,http://dx.doi.org/10.1016/j.jeurceramsoc.2014.09.015,0.11826772,0.120508306,0.13905004,0.13026194
Bi0.92Ag0.08CuSeO,473.0,0.08734221217916292,http://dx.doi.org/10.1016/j.jeurceramsoc.2014.09.015,0.13971768,0.13984281,0.15368263,0.14458258
Bi0.92Ag0.08CuSeO,523.0,0.14530722954545455,http://dx.doi.org/10.1016/j.jeurceramsoc.2014.09.015,0.19421314,0.19774616,0.1910837,0.1868051
Bi0.92Ag0.08CuSeO,573.0,0.23444300554729405,http://dx.doi.org/10.1016/j.jeurceramsoc.2014.09.015,0.23419483,0.23125115,0.23005547,0.23283458
Bi0.92Ag0.08CuSeO,673.0,0.38073215450934583,http://dx.doi.org/10.1016/j.jeurceramsoc.2014.09.015,0.34782934,0.34645224,0.35846618,0.3464424
Bi0.92Ag0.08CuSeO,723.0,0.4506059502919708,http://dx.doi.org/10.1016/j.jeurceramsoc.2014.09.015,0.40350872,0.3891975,0.40910938,0.40081546
Bi0.92Ag0.08CuSeO,773.0,0.5007329091738861,http://dx.doi.org/10.1016/j.jeurceramsoc.2014.09.015,0.47846493,0.45209536,0.4619835,0.476526
Bi0.94Ag0.06CuSeO,323.0,0.048361993032608686,http://dx.doi.org/10.1016/j.jeurceramsoc.2014.09.015,0.08130056,0.08438754,0.114505455,0.096423134
Bi0.94Ag0.06CuSeO,373.0,0.05927672189454545,http://dx.doi.org/10.1016/j.jeurceramsoc.2014.09.015,0.09622469,0.105317906,0.12626304,0.10777945
Bi0.94Ag0.06CuSeO,423.0,0.07298383204633205,http://dx.doi.org/10.1016/j.jeurceramsoc.2014.09.015,0.12415169,0.13310888,0.15332083,0.13281785
Bi0.94Ag0.06CuSeO,473.0,0.09479172422112678,http://dx.doi.org/10.1016/j.jeurceramsoc.2014.09.015,0.14560162,0.15244329,0.16795343,0.14713849
Bi0.94Ag0.06CuSeO,523.0,0.1260941094308943,http://dx.doi.org/10.1016/j.jeurceramsoc.2014.09.015,0.19570924,0.21034664,0.20474534,0.18276826
Bi0.94Ag0.06CuSeO,573.0,0.17328825677193746,http://dx.doi.org/10.1016/j.jeurceramsoc.2014.09.015,0.23569101,0.24385163,0.2437171,0.22879772
Bi0.94Ag0.06CuSeO,673.0,0.27762794840406574,http://dx.doi.org/10.1016/j.jeurceramsoc.2014.09.015,0.3458804,0.35905275,0.37171546,0.34240553
Bi0.96Ag0.04CuSeO,323.0,0.047810596502608695,http://dx.doi.org/10.1016/j.jeurceramsoc.2014.09.015,0.080228694,0.078858815,0.08321926,0.07806283
Bi0.96Ag0.04CuSeO,373.0,0.06349609428947368,http://dx.doi.org/10.1016/j.jeurceramsoc.2014.09.015,0.095152825,0.09978918,0.09497684,0.08941915
Bi0.96Ag0.04CuSeO,423.0,0.08328364654951674,http://dx.doi.org/10.1016/j.jeurceramsoc.2014.09.015,0.12307983,0.12758017,0.12203494,0.11445764
Bi0.96Ag0.04CuSeO,473.0,0.1009981471926996,http://dx.doi.org/10.1016/j.jeurceramsoc.2014.09.015,0.14452976,0.14691457,0.13666722,0.12877822
Bi0.96Ag0.04CuSeO,523.0,0.1260281305467692,http://dx.doi.org/10.1016/j.jeurceramsoc.2014.09.015,0.19463739,0.20247516,0.18027389,0.17783472
Bi0.96Ag0.04CuSeO,573.0,0.15985100966195262,http://dx.doi.org/10.1016/j.jeurceramsoc.2014.09.015,0.23461916,0.23598015,0.21924566,0.22386418
Bi0.96Ag0.04CuSeO,623.0,0.1940176172372307,http://dx.doi.org/10.1016/j.jeurceramsoc.2014.09.015,0.30659777,0.31320375,0.29164988,0.2977163
Bi0.96Ag0.04CuSeO,723.0,0.3418023229983674,http://dx.doi.org/10.1016/j.jeurceramsoc.2014.09.015,0.39585122,0.3939265,0.3978873,0.3924149
Bi0.96Ag0.04CuSeO,823.0,0.5437954914529913,http://dx.doi.org/10.1016/j.jeurceramsoc.2014.09.015,0.52079576,0.5118926,0.5164434,0.5105167
Bi0.96Ag0.04CuSeO,873.0,0.6028009079291845,http://dx.doi.org/10.1016/j.jeurceramsoc.2014.09.015,0.56895894,0.5480279,0.5460766,0.5451985
Bi0.9Ag0.1CuSeO,323.0,0.03829493998571429,http://dx.doi.org/10.1016/j.jeurceramsoc.2014.09.015,0.077223904,0.07650404,0.09662954,0.096129
Bi0.9Ag0.1CuSeO,373.0,0.05034367541756757,http://dx.doi.org/10.1016/j.jeurceramsoc.2014.09.015,0.092148036,0.0974344,0.10753398,0.10748533
Bi0.9Ag0.1CuSeO,423.0,0.06395759999999999,http://dx.doi.org/10.1016/j.jeurceramsoc.2014.09.015,0.12007498,0.1252254,0.1374013,0.13059755
Bi0.9Ag0.1CuSeO,473.0,0.09216427311320755,http://dx.doi.org/10.1016/j.jeurceramsoc.2014.09.015,0.14152494,0.1445598,0.1520339,0.14491819
Bi0.9Ag0.1CuSeO,523.0,0.1352119946153846,http://dx.doi.org/10.1016/j.jeurceramsoc.2014.09.015,0.1960204,0.20518842,0.19394077,0.18067457
Bi0.9Ag0.1CuSeO,573.0,0.18288204414666662,http://dx.doi.org/10.1016/j.jeurceramsoc.2014.09.015,0.24193141,0.23869348,0.23825581,0.23285905
Bi0.9Ag0.1CuSeO,623.0,0.25464083482444444,http://dx.doi.org/10.1016/j.jeurceramsoc.2014.09.015,0.3216558,0.31591702,0.31065986,0.31219837
Bi0.9Ag0.1CuSeO,673.0,0.29501351647289253,http://dx.doi.org/10.1016/j.jeurceramsoc.2014.09.015,0.35986656,0.3538945,0.3671072,0.35767278
Bi0.9Ag0.1CuSeO,723.0,0.3505634563577586,http://dx.doi.org/10.1016/j.jeurceramsoc.2014.09.015,0.41554594,0.39663976,0.41775042,0.41204584
Bi0.9Ag0.1CuSeO,773.0,0.400889958431111,http://dx.doi.org/10.1016/j.jeurceramsoc.2014.09.015,0.49050215,0.46290755,0.47062454,0.49404213
Bi0.9Ag0.1CuSeO,823.0,0.5298610693678161,http://dx.doi.org/10.1016/j.jeurceramsoc.2014.09.015,0.56046975,0.53212726,0.5417247,0.5421302
Bi0.9Ag0.1CuSeO,873.0,0.6029443312941176,http://dx.doi.org/10.1016/j.jeurceramsoc.2014.09.015,0.6141066,0.57441723,0.5874378,0.58455086
BiCuSeO,323.0,0.05069191251389162,http://dx.doi.org/10.1016/j.jeurceramsoc.2014.09.015,0.042445485,0.058963504,0.036620036,0.06715261
BiCuSeO,373.0,0.05518421608000001,http://dx.doi.org/10.1016/j.jeurceramsoc.2014.09.015,0.056579426,0.07989385,0.047865175,0.07850896
BiCuSeO,423.0,0.0630800357142857,http://dx.doi.org/10.1016/j.jeurceramsoc.2014.09.015,0.07974237,0.107684776,0.07786684,0.10354745
BiCuSeO,473.0,0.08229552131449228,http://dx.doi.org/10.1016/j.jeurceramsoc.2014.09.015,0.089249164,0.12701935,0.09384544,0.11786791
BiCuSeO,523.0,0.12971238517642106,http://dx.doi.org/10.1016/j.jeurceramsoc.2014.09.015,0.13093285,0.18358183,0.13152075,0.1669245
BiCuSeO,573.0,0.19621574750462106,http://dx.doi.org/10.1016/j.jeurceramsoc.2014.09.015,0.16502912,0.21708682,0.16896664,0.21295388
BiCuSeO,623.0,0.2612063787286822,http://dx.doi.org/10.1016/j.jeurceramsoc.2014.09.015,0.2422001,0.29431027,0.24137084,0.28096515
BiCuSeO,673.0,0.3237828937119675,http://dx.doi.org/10.1016/j.jeurceramsoc.2014.09.015,0.27551657,0.33228776,0.2934865,0.32072085
BiCuSeO,723.0,0.3705753138075314,http://dx.doi.org/10.1016/j.jeurceramsoc.2014.09.015,0.32212391,0.37503302,0.34412968,0.37825614
BiCuSeO,873.0,0.5214338144073226,http://dx.doi.org/10.1016/j.jeurceramsoc.2014.09.015,0.48076147,0.52170694,0.4759908,0.52194333
Bi2Te3,373.0,0.9161637189999999,http://dx.doi.org/10.1016/j.pnsc.2013.06.007,0.5125568,0.4341971,0.5111426,0.4447789
Bi2Te3,473.0,0.9376700057327633,http://dx.doi.org/10.1016/j.pnsc.2013.06.007,0.48120254,0.36182126,0.4734044,0.37615734
Bi2Te3,498.0,0.9590075623547853,http://dx.doi.org/10.1016/j.pnsc.2013.06.007,0.46461123,0.34414715,0.45120493,0.3653332
Bi2Te3,398.0,1.0119227726423157,http://dx.doi.org/10.1016/j.pnsc.2013.06.007,0.5221999,0.40820268,0.50904864,0.41988733
Bi2Te3,458.0,1.038,http://dx.doi.org/10.1016/j.pnsc.2013.06.007,0.48389292,0.3688556,0.47877374,0.38876647
Bi2Te3,423.0,1.1683838305430465,http://dx.doi.org/10.1016/j.pnsc.2013.06.007,0.51613605,0.3897805,0.5076524,0.40531713
Ce0.2Bi1.8Te3,498.0,1.049059498698408,http://dx.doi.org/10.1016/j.pnsc.2013.06.007,0.62608314,0.48850796,0.63651365,0.5186496
Ce0.2Bi1.8Te3,373.0,1.0837038358491504,http://dx.doi.org/10.1016/j.pnsc.2013.06.007,0.71894515,0.6379701,0.7748775,0.6622434
Ce0.2Bi1.8Te3,458.0,1.242,http://dx.doi.org/10.1016/j.pnsc.2013.06.007,0.67944384,0.5548501,0.70730805,0.5842063
Ce0.2Bi1.8Te3,473.0,1.2598300943411436,http://dx.doi.org/10.1016/j.pnsc.2013.06.007,0.67675346,0.5445185,0.70065016,0.57786465
Ce0.2Bi1.8Te3,423.0,1.2799062053298118,http://dx.doi.org/10.1016/j.pnsc.2013.06.007,0.72652584,0.5920806,0.7591885,0.6267051
Ce0.2Bi1.8Te3,398.0,1.293,http://dx.doi.org/10.1016/j.pnsc.2013.06.007,0.7325897,0.6124145,0.77278346,0.64932626
Sm0.2Bi1.8Te3,373.0,0.766,http://dx.doi.org/10.1016/j.pnsc.2013.06.007,0.48895353,0.45307618,0.5442117,0.47773203
Sm0.2Bi1.8Te3,498.0,0.7805143990814816,http://dx.doi.org/10.1016/j.pnsc.2013.06.007,0.42254752,0.33975476,0.43082952,0.36304355
Sm0.2Bi1.8Te3,473.0,0.8668761591960892,http://dx.doi.org/10.1016/j.pnsc.2013.06.007,0.44676226,0.36825114,0.46662712,0.39335376
Sm0.2Bi1.8Te3,458.0,0.92,http://dx.doi.org/10.1016/j.pnsc.2013.06.007,0.44945264,0.37229,0.47328517,0.3996954
Sm0.2Bi1.8Te3,398.0,0.993,http://dx.doi.org/10.1016/j.pnsc.2013.06.007,0.502598,0.42985407,0.54211766,0.46481487
Sm0.2Bi1.8Te3,423.0,1.0107818539594204,http://dx.doi.org/10.1016/j.pnsc.2013.06.007,0.49653447,0.4095202,0.5285227,0.44219396
Y0.2Bi1.8Te3,498.0,0.827,http://dx.doi.org/10.1016/j.pnsc.2013.06.007,0.54995346,0.5189986,0.59102464,0.5456589
Y0.2Bi1.8Te3,473.0,0.9061933935935401,http://dx.doi.org/10.1016/j.pnsc.2013.06.007,0.58150196,0.5540054,0.627075,0.56208026
Y0.2Bi1.8Te3,458.0,0.925,http://dx.doi.org/10.1016/j.pnsc.2013.06.007,0.58419234,0.56255144,0.63244426,0.56842184
Y0.2Bi1.8Te3,373.0,0.963,http://dx.doi.org/10.1016/j.pnsc.2013.06.007,0.6296612,0.6173182,0.69531065,0.63187695
Y0.2Bi1.8Te3,398.0,1.070977204332215,http://dx.doi.org/10.1016/j.pnsc.2013.06.007,0.6433058,0.59409577,0.70011455,0.61895955
Y0.2Bi1.8Te3,423.0,1.1422423769573793,http://dx.doi.org/10.1016/j.pnsc.2013.06.007,0.64500916,0.5997817,0.68651956,0.61137134
Cu3P0.6Ge0.4S4,350.0,0.06794994478527608,10.1002/adfm.202000973,0.08084632,0.08620372,0.068197906,0.083995484
Cu3P0.6Ge0.4S4,400.0,0.09593046776232617,10.1002/adfm.202000973,0.10580129,0.113401964,0.09106338,0.105893776
Cu3P0.6Ge0.4S4,500.0,0.16190684210526315,10.1002/adfm.202000973,0.16694222,0.20300753,0.15536107,0.17385294
Cu3P0.7Ge0.3S4,350.0,0.07242268493687834,10.1002/adfm.202000973,0.08084632,0.08620372,0.068197906,0.083995484
Cu3P0.7Ge0.3S4,400.0,0.10487657142857143,10.1002/adfm.202000973,0.10580129,0.113401964,0.09106338,0.105893776
Cu3P0.7Ge0.3S4,500.0,0.18425958333333334,10.1002/adfm.202000973,0.16341497,0.19224021,0.15536107,0.16310705
Cu3P0.8Ge0.2S4,350.0,0.07879438405797103,10.1002/adfm.202000973,0.08084632,0.08620372,0.068197906,0.084404565
Cu3P0.8Ge0.2S4,400.0,0.11539708350305498,10.1002/adfm.202000973,0.10580129,0.113401964,0.09106338,0.10630286
Cu3P0.8Ge0.2S4,500.0,0.22064719723183393,10.1002/adfm.202000973,0.16341497,0.19224021,0.15536107,0.16351613
Cu3P0.9Ge0.1S4,350.0,0.052566895517676765,10.1002/adfm.202000973,0.08084632,0.08620372,0.068197906,0.084404565
Cu3P0.9Ge0.1S4,400.0,0.08546638202859085,10.1002/adfm.202000973,0.1033525,0.113401964,0.09106338,0.10630286
Cu3P0.9Ge0.1S4,500.0,0.18431554534676944,10.1002/adfm.202000973,0.14805333,0.18877839,0.14461951,0.15924776
Yb10LaCdSb9,323.0,0.010457310794146628,10.1002/asia.201200827,-0.006970052,0.07080907,0.06964079,0.048145175
Yb10LaCdSb9,473.0,0.026674513145609067,10.1002/asia.201200827,0.10774201,0.17023595,0.1363326,0.14992347
Yb10LaCdSb9,573.0,0.04372073146315441,10.1002/asia.201200827,0.1982506,0.25450528,0.2777205,0.23026432
Yb10LaCdSb9,673.0,0.06159874476463266,10.1002/asia.201200827,0.29876274,0.33068135,0.3554856,0.3130753
Yb10LaCdSb9,1023.0,0.08338014776550169,10.1002/asia.201200827,0.75207543,0.74090105,0.7834788,0.70743465
Yb10LaCdSb9,773.0,0.08568603313067322,10.1002/asia.201200827,0.4269027,0.4131372,0.43819398,0.39261794
Yb10LaCdSb9,973.0,0.10017470479418183,10.1002/asia.201200827,0.7440547,0.71396214,0.75993305,0.6987563
Yb10LaCdSb9,873.0,0.1064154006135693,10.1002/asia.201200827,0.61229616,0.55572426,0.5610242,0.5265709
Bi2.0S2.79Se0.21,323.0,0.05168921001117319,10.1007/s11467-018-0845-4,0.089235656,0.10534722,0.094060324,0.0928804
Bi2.0S2.79Se0.21,423.0,0.07398368243837172,10.1007/s11467-018-0845-4,0.14913505,0.16848296,0.14706492,0.16059637
Bi2.0S2.79Se0.21,523.0,0.0849125949890909,10.1007/s11467-018-0845-4,0.19836488,0.22642396,0.192261,0.22926767
Bi2.0S2.79Se0.21,623.0,0.1030334844,10.1007/s11467-018-0845-4,0.26563442,0.3382216,0.27665406,0.32603943
Bi2.0S2.79Se0.21,723.0,0.18131789239999999,10.1007/s11467-018-0845-4,0.32697055,0.41955456,0.33754972,0.40909562
Bi2.0S2.85Se0.15,323.0,0.07583045747272728,10.1007/s11467-018-0845-4,0.07956195,0.0981038,0.09006856,0.08719382
Bi2.0S2.85Se0.15,423.0,0.10482878531249999,10.1007/s11467-018-0845-4,0.14195402,0.15809247,0.14461598,0.15490977
Bi2.0S2.85Se0.15,523.0,0.12549607045614036,10.1007/s11467-018-0845-4,0.19010173,0.21603344,0.18981205,0.22184268
Bi2.0S2.85Se0.15,623.0,0.12612948615849054,10.1007/s11467-018-0845-4,0.26010802,0.3278311,0.27420515,0.3186144
Bi2.0S2.85Se0.15,723.0,0.1900053569117647,10.1007/s11467-018-0845-4,0.32285297,0.41408995,0.3351008,0.40167058
Bi2.0S2.91Se0.09,323.0,0.05249219136982938,10.1007/s11467-018-0845-4,0.07810174,0.095952846,0.08517208,0.08385518
Bi2.0S2.91Se0.09,423.0,0.0816106154181818,10.1007/s11467-018-0845-4,0.14195402,0.15460852,0.14461598,0.14750095
Bi2.0S2.91Se0.09,523.0,0.09677386018461538,10.1007/s11467-018-0845-4,0.19010173,0.21060984,0.18981205,0.21443391
Bi2.0S2.91Se0.09,623.0,0.11336884144727272,10.1007/s11467-018-0845-4,0.26010802,0.32374048,0.27420515,0.31896734
Bi2.0S2.91Se0.09,723.0,0.14838271514423076,10.1007/s11467-018-0845-4,0.32285297,0.41408995,0.3351008,0.40609372
Bi2.0S3.0,323.0,0.0008025482007323944,10.1007/s11467-018-0845-4,0.059734363,0.06991623,0.061319996,0.06602961
Bi2.0S3.0,423.0,0.010108314601562501,10.1007/s11467-018-0845-4,0.10591733,0.12943421,0.1033466,0.12717973
Bi2.0S3.0,523.0,0.0294770459619802,10.1007/s11467-018-0845-4,0.15283361,0.18543553,0.1506153,0.19386248
Bi2.0S3.0,623.0,0.039739026614893626,10.1007/s11467-018-0845-4,0.22794926,0.28722048,0.21849525,0.2660145
Bi2.0S3.0,723.0,0.14270433672272725,10.1007/s11467-018-0845-4,0.2632481,0.34654877,0.26136875,0.33371082
Cu3Sb0.90Ge0.10S4,323.0,0.08275,10.1007/s11664-014-3064-y,0.08103405,0.10958487,0.09526584,0.10867592
Cu3Sb0.92Ge0.08S4,323.0,0.093,10.1007/s11664-014-3064-y,0.08103405,0.10958487,0.09526584,0.11015352
Cu3Sb0.94Ge0.06S4,323.0,0.0957,10.1007/s11664-014-3064-y,0.08103405,0.10958487,0.09526584,0.11375966
Cu3Sb0.98Ge0.02S4,323.0,0.0794,10.1007/s11664-014-3064-y,0.08114862,0.103894845,0.0893658,0.10975906
Cu3SbS4,323.0,0.0313,10.1007/s11664-014-3064-y,0.08076648,0.09872126,0.08941843,0.10597814
Bi2Te1.95Se1.05,323.0,0.503,10.1007/s11664-020-08258-9,0.5754097,0.5877389,0.5809822,0.5938838
Bi2Te1.95Se1.05,373.0,0.573,10.1007/s11664-020-08258-9,0.6775397,0.67185414,0.6652869,0.66421676
Bi2Te1.95Se1.05,423.0,0.673,10.1007/s11664-020-08258-9,0.72753423,0.73100275,0.7186751,0.7209305
Bi2Te1.95Se1.05,573.0,0.706,10.1007/s11664-020-08258-9,0.67195535,0.67531425,0.6811529,0.7083729
Bi2Te1.95Se1.05,473.0,0.751,10.1007/s11664-020-08258-9,0.7367961,0.73375326,0.72635406,0.7295445
Bi2Te1.95Se1.05,523.0,0.76,10.1007/s11664-020-08258-9,0.7269747,0.72657096,0.7195101,0.7380901
Bi2Te2.01Se0.99,323.0,0.42,10.1007/s11664-020-08258-9,0.5748249,0.5877389,0.5809822,0.5961175
Bi2Te2.01Se0.99,373.0,0.4904,10.1007/s11664-020-08258-9,0.6769549,0.67185414,0.6651975,0.66645044
Bi2Te2.01Se0.99,423.0,0.581,10.1007/s11664-020-08258-9,0.7112473,0.73100275,0.71858567,0.72045475
Bi2Te2.01Se0.99,473.0,0.651,10.1007/s11664-020-08258-9,0.7220268,0.73375326,0.72413325,0.72906876
Bi2Te2.01Se0.99,523.0,0.67,10.1007/s11664-020-08258-9,0.71220547,0.72657096,0.71728927,0.73761433
Bi2Te2.1Se0.9,323.0,0.452,10.1007/s11664-020-08258-9,0.57354194,0.58436257,0.57925516,0.595864
Bi2Te2.1Se0.9,373.0,0.535,10.1007/s11664-020-08258-9,0.6588833,0.66847783,0.659329,0.66619694
Bi2Te2.1Se0.9,423.0,0.6366,10.1007/s11664-020-08258-9,0.702467,0.72762644,0.7086233,0.72660285
Bi2Te2.1Se0.9,573.0,0.649,10.1007/s11664-020-08258-9,0.64359885,0.67193794,0.6689697,0.70045537
Bi2Te2.1Se0.9,473.0,0.688,10.1007/s11664-020-08258-9,0.7084396,0.73037696,0.7100427,0.73780483
Bi2Te2.1Se0.9,523.0,0.7,10.1007/s11664-020-08258-9,0.69861823,0.72319466,0.70319873,0.7412082
Bi2Te2.55Se0.45,323.0,0.446,10.1007/s11664-020-08258-9,0.6172102,0.63607955,0.6156622,0.6509891
Bi2Te2.55Se0.45,373.0,0.53,10.1007/s11664-020-08258-9,0.6853142,0.70370525,0.6822991,0.6948326
Bi2Te2.55Se0.45,573.0,0.56,10.1007/s11664-020-08258-9,0.6467516,0.6566898,0.6660047,0.61944604
Bi2Te2.55Se0.45,423.0,0.599,10.1007/s11664-020-08258-9,0.7023877,0.70585513,0.6984412,0.70395935
Bi2Te2.55Se0.45,523.0,0.6282,10.1007/s11664-020-08258-9,0.67065406,0.6626165,0.6780275,0.64556694
Bi2Te2.55Se0.45,473.0,0.6409046329695521,10.1007/s11664-020-08258-9,0.69152015,0.6811903,0.69228315,0.6806938
Bi2Te2.7Se0.3,323.0,0.46,10.1007/s11664-020-08258-9,0.661075,0.69532615,0.66490364,0.70152634
Bi2Te2.7Se0.3,573.0,0.506,10.1007/s11664-020-08258-9,0.5690081,0.6143317,0.60145533,0.6083664
Bi2Te2.7Se0.3,373.0,0.54,10.1007/s11664-020-08258-9,0.70070934,0.73598105,0.69788927,0.7322901
Bi2Te2.7Se0.3,423.0,0.6076283879281494,10.1007/s11664-020-08258-9,0.6958491,0.7348884,0.702712,0.72597045
Bi2Te2.7Se0.3,523.0,0.61,10.1007/s11664-020-08258-9,0.62544185,0.63579327,0.6239068,0.64036536
Bi2Te2.7Se0.3,473.0,0.65,10.1007/s11664-020-08258-9,0.64412385,0.6689671,0.6502495,0.6706227
CrO0.09N0.9,50.0,0.0002620129715409836,10.1016/j.actamat.2010.10.046,0.016527787,0.010777531,0.01663807,0.012181046
CrO0.09N0.9,100.0,0.0007743986181372549,10.1016/j.actamat.2010.10.046,0.019701645,0.013863888,0.019122664,0.014434593
CrO0.09N0.9,150.0,0.0017644237081545064,10.1016/j.actamat.2010.10.046,0.02110907,0.017189967,0.021143854,0.018515874
CrO0.09N0.9,200.0,0.003545397874183717,10.1016/j.actamat.2010.10.046,0.02621625,0.020916468,0.029646153,0.023079325
CrO0.09N0.9,250.0,0.006333554676390154,10.1016/j.actamat.2010.10.046,0.033808347,0.02536146,0.03377434,0.027542694
CrO0.09N0.9,275.0,0.007445077818724356,10.1016/j.actamat.2010.10.046,0.030648397,0.02536146,0.036904406,0.027339352
CrO0.09N0.9,300.0,0.009207369856363636,10.1016/j.actamat.2010.10.046,0.064468704,0.044405613,0.058378045,0.051287193
Mg2.975Na0.025Sb2,323.0,0.03308339552238806,10.1016/j.actamat.2015.04.023,0.10220587,0.06891359,0.07190018,0.059591435
Mg2.975Na0.025Sb2,373.0,0.06262325380434783,10.1016/j.actamat.2015.04.023,0.15483297,0.12469707,0.13547824,0.12028461
Mg2.975Na0.025Sb2,473.0,0.1480772705655527,10.1016/j.actamat.2015.04.023,0.2613938,0.2631233,0.26474577,0.27144054
Mg2.975Na0.025Sb2,573.0,0.2516033201486989,10.1016/j.actamat.2015.04.023,0.3832753,0.45198396,0.41951048,0.43192634
Mg2.975Na0.025Sb2,673.0,0.37570864628099176,10.1016/j.actamat.2015.04.023,0.52617204,0.53322345,0.5116998,0.5258861
Mg2.9875Na0.0125Sb2,323.0,0.04480924855491329,10.1016/j.actamat.2015.04.023,0.05678043,0.05553204,0.0853401,0.07895959
Mg2.9875Na0.0125Sb2,373.0,0.07355463094456814,10.1016/j.actamat.2015.04.023,0.10373201,0.09821188,0.1489182,0.1349628
Mg2.9875Na0.0125Sb2,473.0,0.19033887630153845,10.1016/j.actamat.2015.04.023,0.19817577,0.23316163,0.27569202,0.28938895
Mg2.9875Na0.0125Sb2,573.0,0.3375244627027027,10.1016/j.actamat.2015.04.023,0.31979203,0.41687608,0.43045673,0.44987476
Mg2.9875Na0.0125Sb2,673.0,0.472300632,10.1016/j.actamat.2015.04.023,0.4582116,0.49809676,0.5283196,0.54134804
Mg2.994Na0.006Sb2,323.0,0.04260315049652734,10.1016/j.actamat.2015.04.023,0.045794323,0.018800782,0.022668723,0.07161475
Mg2.994Na0.006Sb2,370.0,0.08524610143582306,10.1016/j.actamat.2015.04.023,0.092745915,0.05576319,0.078096434,0.12761793
Mg2.994Na0.006Sb2,468.0,0.1922943014532872,10.1016/j.actamat.2015.04.023,0.18524748,0.17461592,0.17463478,0.2530191
Mg2.994Na0.006Sb2,565.0,0.32259770408163263,10.1016/j.actamat.2015.04.023,0.2999354,0.3394551,0.30658063,0.40117192
Mg2.994Na0.006Sb2,663.0,0.4303302099710983,10.1016/j.actamat.2015.04.023,0.40058073,0.42391315,0.4028633,0.4593915
CaTiO3,321.0,0.023516641024296677,10.1016/j.cej.2021.131121,0.033296786,0.027117314,0.03324791,0.030492207
CaTiO3,538.0,0.02517420741144414,10.1016/j.cej.2021.131121,0.07993039,0.0660663,0.07621297,0.06902362
CaTiO3,432.0,0.02588694074441687,10.1016/j.cej.2021.131121,0.052313432,0.045780204,0.053133577,0.044890366
CaTiO3,640.0,0.03158477687861272,10.1016/j.cej.2021.131121,0.097440355,0.09403124,0.08974712,0.09886628
CaTiO3,740.0,0.042429611940298505,10.1016/j.cej.2021.131121,0.12533838,0.12148327,0.110500045,0.12481117
CaTiO3,840.0,0.050155087433121026,10.1016/j.cej.2021.131121,0.1426827,0.14144945,0.13645045,0.14596243
CaTiO3,1016.0,0.07042742050909091,10.1016/j.cej.2021.131121,0.17230211,0.16963418,0.16153808,0.17082389
La0.15Ca0.85TiO3,432.0,0.105,10.1016/j.cej.2021.131121,0.05892763,0.05199766,0.06385713,0.05446674
La0.15Ca0.85TiO3,538.0,0.135,10.1016/j.cej.2021.131121,0.086544566,0.07228378,0.08790715,0.07903838
La0.15Ca0.85TiO3,640.0,0.1548627140186916,10.1016/j.cej.2021.131121,0.10399338,0.10024873,0.1014413,0.10862155
La0.15Ca0.85TiO3,740.0,0.17774271589124993,10.1016/j.cej.2021.131121,0.13189133,0.1296987,0.12131191,0.13456655
La0.1Ca0.9TiO3,538.0,0.06779513886034286,10.1016/j.cej.2021.131121,0.0888211,0.07426121,0.08904204,0.07982119
La0.1Ca0.9TiO3,640.0,0.08361250865966648,10.1016/j.cej.2021.131121,0.10663002,0.102226146,0.10257619,0.10966385
La0.1Ca0.9TiO3,740.0,0.09427958758256275,10.1016/j.cej.2021.131121,0.13452797,0.13167611,0.12288756,0.13560884
La0.1Ca0.9TiO3,840.0,0.1160777142857143,10.1016/j.cej.2021.131121,0.15261847,0.15164219,0.14920776,0.15676007
La0.25Ca0.75TiO3,321.0,0.044633521240462715,10.1016/j.cej.2021.131121,0.04098255,0.03651793,0.042961203,0.039909385
La0.25Ca0.75TiO3,432.0,0.0776367737704918,10.1016/j.cej.2021.131121,0.057508092,0.055708107,0.05905603,0.054820944
La0.25Ca0.75TiO3,538.0,0.1173216273939394,10.1016/j.cej.2021.131121,0.08512504,0.07599425,0.0847567,0.08015525
La0.25Ca0.75TiO3,640.0,0.1543007947882736,10.1016/j.cej.2021.131121,0.10257385,0.10395918,0.09667049,0.10599047
La0.25Ca0.75TiO3,740.0,0.18925029324060705,10.1016/j.cej.2021.131121,0.12935618,0.13340913,0.1165411,0.12991005
La0.25Ca0.75TiO3,840.0,0.22666064875034486,10.1016/j.cej.2021.131121,0.14744668,0.15337521,0.1428614,0.15078187
La0.25Ca0.75TiO3,1016.0,0.34116513207547167,10.1016/j.cej.2021.131121,0.17706607,0.1819241,0.17104916,0.17854123
La0.2Ca0.8TiO3,321.0,0.0689119981390124,10.1016/j.cej.2021.131121,0.039911,0.033334784,0.043971486,0.037620924
La0.2Ca0.8TiO3,432.0,0.11415280027118645,10.1016/j.cej.2021.131121,0.05892763,0.05199766,0.06385713,0.05446674
La0.2Ca0.8TiO3,538.0,0.15864266322580645,10.1016/j.cej.2021.131121,0.086544566,0.07228378,0.08790715,0.07903838
La0.2Ca0.8TiO3,740.0,0.24158660008924945,10.1016/j.cej.2021.131121,0.13189133,0.1296987,0.12131191,0.13456655
La0.2Ca0.8TiO3,840.0,0.2785924337034434,10.1016/j.cej.2021.131121,0.14998181,0.14966477,0.14763212,0.15571778
La0.2Ca0.8TiO3,1016.0,0.40484291187739463,10.1016/j.cej.2021.131121,0.17960124,0.17821367,0.17271976,0.18057923
(Zn0.95In0.05)4Sb3,323.0,0.21317628295197216,10.1016/j.intermet.2004.02.030,0.32718405,0.31084812,0.32585594,0.29538745
(Zn0.95In0.05)4Sb3,348.0,0.24598391299764705,10.1016/j.intermet.2004.02.030,0.3907573,0.37568682,0.39829934,0.35708132
(Zn0.95In0.05)4Sb3,373.0,0.26343792768227764,10.1016/j.intermet.2004.02.030,0.422661,0.4001146,0.4165457,0.37934694
(Zn0.95In0.05)4Sb3,398.0,0.3069526205008193,10.1016/j.intermet.2004.02.030,0.5458629,0.5094799,0.533368,0.4814012
(Zn0.95In0.05)4Sb3,448.0,0.40162657920000006,10.1016/j.intermet.2004.02.030,0.6377382,0.61769474,0.627514,0.5894768
(Zn0.95In0.05)4Sb3,473.0,0.44326603485590055,10.1016/j.intermet.2004.02.030,0.6779128,0.6662655,0.6698147,0.619971
(Zn0.98In0.02)4Sb3,323.0,0.2694447203087886,10.1016/j.intermet.2004.02.030,0.225615,0.25278896,0.23806584,0.25522867
(Zn0.98In0.02)4Sb3,373.0,0.29004018168058243,10.1016/j.intermet.2004.02.030,0.31674847,0.33912936,0.3287561,0.34085265
(Zn0.98In0.02)4Sb3,423.0,0.38158921117333333,10.1016/j.intermet.2004.02.030,0.45149952,0.49006712,0.46818152,0.49190614
(Zn0.9In0.1)4Sb3,323.0,0.11757010025019167,10.1016/j.intermet.2004.02.030,0.21948574,0.23574418,0.25593638,0.21009411
(Zn0.9In0.1)4Sb3,373.0,0.17914469685628745,10.1016/j.intermet.2004.02.030,0.25932795,0.27826315,0.3021826,0.24991712
(Zn0.9In0.1)4Sb3,423.0,0.23835461604420732,10.1016/j.intermet.2004.02.030,0.34410325,0.37930158,0.36970025,0.33501554
(Zn0.9In0.1)4Sb3,473.0,0.31108087351351354,10.1016/j.intermet.2004.02.030,0.41864362,0.45086432,0.43584496,0.42471918
Ag0.4Sb1.1Pb19.6Te18.8,423.0,4.4196019292604505e-06,10.1016/j.jallcom.2004.08.049,0.26222298,0.3399101,0.32777745,0.3343617
Ag0.4Sb1.1Pb19.6Te18.8,473.0,0.0017316315850549454,10.1016/j.jallcom.2004.08.049,0.33919656,0.47514734,0.454724,0.45204428
Ag0.4Sb1.1Pb19.6Te18.8,373.0,0.001786087249741431,10.1016/j.jallcom.2004.08.049,0.18729647,0.2446419,0.23103987,0.23598497
Ag0.4Sb1.1Pb19.6Te18.8,523.0,0.03134907847895501,10.1016/j.jallcom.2004.08.049,0.44881976,0.57421696,0.56226116,0.55651516
Ag0.4Sb1.1Pb19.6Te18.8,573.0,0.11330005970149253,10.1016/j.jallcom.2004.08.049,0.5603002,0.7188188,0.68409425,0.69838595
Ag0.4Sb1.1Pb19.6Te18.8,623.0,0.23686228444847757,10.1016/j.jallcom.2004.08.049,0.67399913,0.82849514,0.8057587,0.8091581
Ag0.4Sb1.1Pb19.6Te18.8,673.0,0.3724949151426481,10.1016/j.jallcom.2004.08.049,0.7558799,0.9200605,0.88153666,0.8733533
Ag0.5Sb1.1Pb19.6Te18.8,423.0,1.9810802204531544e-05,10.1016/j.jallcom.2004.08.049,0.25686514,0.33543992,0.3174185,0.3343617
Ag0.5Sb1.1Pb19.6Te18.8,373.0,0.00015840213704347824,10.1016/j.jallcom.2004.08.049,0.18193868,0.24017176,0.220681,0.23598497
Ag0.5Sb1.1Pb19.6Te18.8,473.0,0.0018449372604501606,10.1016/j.jallcom.2004.08.049,0.32995635,0.47067717,0.44436505,0.45204428
Ag0.5Sb1.1Pb19.6Te18.8,523.0,0.022791579840434197,10.1016/j.jallcom.2004.08.049,0.44222957,0.57212687,0.55770457,0.55651516
Ag0.5Sb1.1Pb19.6Te18.8,573.0,0.0978693670886076,10.1016/j.jallcom.2004.08.049,0.55371,0.7167287,0.67953765,0.69838595
Ag0.5Sb1.1Pb19.6Te18.8,623.0,0.25630462080000005,10.1016/j.jallcom.2004.08.049,0.66740894,0.83109546,0.8012021,0.8091581
Ag0.5Sb1.1Pb19.6Te18.8,673.0,0.3464984573804573,10.1016/j.jallcom.2004.08.049,0.7492897,0.9226607,0.87698007,0.8733533
Ag0.6Sb0.9Pb19.5Te19.1,573.0,0.16,10.1016/j.jallcom.2004.08.049,0.67615664,0.7268001,0.7107863,0.70906454
Ag0.6Sb0.9Pb19.5Te19.1,623.0,0.3365546218487395,10.1016/j.jallcom.2004.08.049,0.7898556,0.84116685,0.83353287,0.8198367
Ag0.6Sb0.9Pb19.5Te19.1,673.0,0.42,10.1016/j.jallcom.2004.08.049,0.8743304,0.9389014,0.91622615,0.8829185
Ag0.8Sb0.8Pb18.3Te20.0,373.0,0.18736057648854962,10.1016/j.jallcom.2004.08.049,0.21541104,0.19957156,0.22617808,0.21853393
Ag0.8Sb0.8Pb18.3Te20.0,423.0,0.25875730882057274,10.1016/j.jallcom.2004.08.049,0.30361775,0.29232913,0.29607594,0.31068942
Ag0.8Sb0.8Pb18.3Te20.0,473.0,0.37956790123456785,10.1016/j.jallcom.2004.08.049,0.41832098,0.37864864,0.39774224,0.41116112
Ag0.8Sb0.8Pb18.3Te20.0,523.0,0.5234382189473684,10.1016/j.jallcom.2004.08.049,0.52038026,0.4805126,0.46968722,0.48940563
Ag0.8Sb0.8Pb18.3Te20.0,573.0,0.7139886600084945,10.1016/j.jallcom.2004.08.049,0.62854326,0.6068392,0.5466552,0.6279468
Ag0.8Sb0.8Pb18.3Te20.0,623.0,0.9358844444444444,10.1016/j.jallcom.2004.08.049,0.696276,0.65682673,0.6266534,0.69833845
Ag0.8Sb0.8Pb18.3Te20.0,673.0,1.07479292774893,10.1016/j.jallcom.2004.08.049,0.7570892,0.71700984,0.6817881,0.7379858
Ag0.9Sb0.9Pb18.3Te19.9,373.0,0.09349085468115606,10.1016/j.jallcom.2004.08.049,0.20959865,0.21009846,0.20951699,0.21855827
Ag0.9Sb0.9Pb18.3Te19.9,423.0,0.18185580565445025,10.1016/j.jallcom.2004.08.049,0.2969288,0.30615115,0.2929413,0.31581816
Ag0.9Sb0.9Pb18.3Te19.9,473.0,0.30870786813186807,10.1016/j.jallcom.2004.08.049,0.4071993,0.3969705,0.39970577,0.4159434
Ag0.9Sb0.9Pb18.3Te19.9,523.0,0.460634993006993,10.1016/j.jallcom.2004.08.049,0.51616836,0.49461162,0.47317016,0.49418786
Ag1.1Sb0.8Pb15.5Te22.6,573.0,0.19697479343589744,10.1016/j.jallcom.2004.08.049,0.42111826,0.5923634,0.56108916,0.6021111
Ag1.1Sb0.8Pb15.5Te22.6,623.0,0.28800413299030836,10.1016/j.jallcom.2004.08.049,0.43304,0.5717106,0.5608373,0.5958592
Ag1.1Sb0.8Pb15.5Te22.6,673.0,0.30645145945945945,10.1016/j.jallcom.2004.08.049,0.46647507,0.6054475,0.5761906,0.6123061
Ag1.1Sb0.8Pb15.5Te22.6,373.0,0.187,10.1016/j.jallcom.2004.08.049,0.15356748,0.20577379,0.20907268,0.23525822
Ag1.1Sb0.8Pb15.5Te22.6,423.0,0.22754816793893126,10.1016/j.jallcom.2004.08.049,0.25590447,0.30244118,0.29534993,0.33961457
Ag1.1Sb0.8Pb15.5Te22.6,473.0,0.11138958243243244,10.1016/j.jallcom.2004.08.049,0.3140503,0.39940074,0.40696093,0.44623467
Ag1.1Sb0.8Pb15.5Te22.6,523.0,0.14854928925619837,10.1016/j.jallcom.2004.08.049,0.41415086,0.491342,0.48992643,0.5285132
Ag1.2Sb0.8Pb14.9Te22.7,523.0,0.06426541148514851,10.1016/j.jallcom.2004.08.049,0.40688166,0.49639457,0.5108824,0.52710605
Ag1.2Sb0.8Pb14.9Te22.7,473.0,0.08246678058666665,10.1016/j.jallcom.2004.08.049,0.29895404,0.4044533,0.41113108,0.4448276
Ag1.2Sb0.8Pb14.9Te22.7,573.0,0.10631112851802664,10.1016/j.jallcom.2004.08.049,0.4280684,0.597416,0.5840517,0.60070395
Ag1.2Sb0.8Pb14.9Te22.7,373.0,0.12981184928880735,10.1016/j.jallcom.2004.08.049,0.122439966,0.21082632,0.2106351,0.22783338
Ag1.2Sb0.8Pb14.9Te22.7,423.0,0.13811670297169812,10.1016/j.jallcom.2004.08.049,0.22093034,0.30749375,0.29952013,0.33820748
Ag1.2Sb0.8Pb14.9Te22.7,623.0,0.2138785878928696,10.1016/j.jallcom.2004.08.049,0.43999016,0.57676315,0.5837999,0.5944521
Ag1.2Sb0.8Pb14.9Te22.7,673.0,0.28,10.1016/j.jallcom.2004.08.049,0.46952638,0.61050004,0.59915316,0.610899
Ag1.3Sb0.9Pb15.7Te22.0,623.0,0.0015853866666666666,10.1016/j.jallcom.2004.08.049,0.42846298,0.5813667,0.58537936,0.59320843
Ag1.3Sb0.9Pb15.7Te22.0,473.0,0.0034358896815307157,10.1016/j.jallcom.2004.08.049,0.2985956,0.40905687,0.4127106,0.44358394
Ag1.3Sb0.9Pb15.7Te22.0,573.0,0.005792849474912485,10.1016/j.jallcom.2004.08.049,0.41654113,0.60201955,0.5856312,0.5994603
Ag1.3Sb0.9Pb15.7Te22.0,423.0,0.00831319179264,10.1016/j.jallcom.2004.08.049,0.20940296,0.31540436,0.3010996,0.33696383
Ag1.3Sb0.9Pb15.7Te22.0,523.0,0.013856661673821779,10.1016/j.jallcom.2004.08.049,0.40652323,0.5009982,0.51246184,0.5258624
Ag1.3Sb0.9Pb15.7Te22.0,673.0,0.02916356034173585,10.1016/j.jallcom.2004.08.049,0.45799914,0.6151036,0.6007326,0.6096553
Ag1.3Sb0.9Pb15.7Te22.0,373.0,0.04,10.1016/j.jallcom.2004.08.049,0.11091266,0.21873696,0.21221462,0.22658971
CoSi,320.0,0.08179039295224184,10.1016/j.jallcom.2004.09.036,0.030176375,0.028585622,0.027916562,0.03076177
CoSi0.98Ge0.02,320.0,0.10270347191531999,10.1016/j.jallcom.2004.09.036,0.04782797,0.048855696,0.047294974,0.04960165
CoSi0.995B0.005,320.0,0.1078,10.1016/j.jallcom.2004.09.036,0.028512096,0.028585622,0.027916562,0.03076177
Ag8.0GeTe6.0,770.0,0.0014,10.1016/j.jallcom.2004.12.038,0.7565064,0.8594684,0.7753418,0.8344842
Sn0.98In0.02Se,373.0,0.00249482681875,10.1016/j.jallcom.2016.01.190,0.10068153,0.077335976,0.08166065,0.044410434
Sn0.98In0.02Se,423.0,0.005261269273743017,10.1016/j.jallcom.2016.01.190,0.12866381,0.10985922,0.107383765,0.086241245
Sn0.98In0.02Se,473.0,0.008,10.1016/j.jallcom.2016.01.190,0.15399927,0.1468783,0.1401013,0.13611576
Sn0.98In0.02Se,523.0,0.014044315435816166,10.1016/j.jallcom.2016.01.190,0.21335591,0.20960736,0.19425945,0.21027339
Sn0.98In0.02Se,573.0,0.019,10.1016/j.jallcom.2016.01.190,0.24267986,0.23192973,0.24089253,0.2593311
Sn0.98In0.02Se,623.0,0.029,10.1016/j.jallcom.2016.01.190,0.3105952,0.31507146,0.31062907,0.32522032
Sn0.98In0.02Se,673.0,0.046,10.1016/j.jallcom.2016.01.190,0.35271227,0.3906981,0.37365085,0.36681277
Sn0.98In0.02Se,723.0,0.0662155985915493,10.1016/j.jallcom.2016.01.190,0.45064178,0.49035317,0.45713305,0.43738014
Sn0.98In0.02Se,773.0,0.098,10.1016/j.jallcom.2016.01.190,0.55858546,0.61915547,0.5877136,0.5809303
SnSe,323.0,0.006,10.1016/j.jallcom.2016.01.190,0.052994933,0.016531,0.040917236,0.021168645
SnSe,373.0,0.016,10.1016/j.jallcom.2016.01.190,0.07533443,0.03532931,0.06638286,0.038144715
SnSe,423.0,0.037,10.1016/j.jallcom.2016.01.190,0.10331668,0.07067688,0.09210618,0.07997557
SnSe,523.0,0.04031229608,10.1016/j.jallcom.2016.01.190,0.20031705,0.1701279,0.17991453,0.18171452
SnSe,573.0,0.04469914590967742,10.1016/j.jallcom.2016.01.190,0.22295684,0.2094305,0.21849005,0.2388388
SnSe,473.0,0.045,10.1016/j.jallcom.2016.01.190,0.12632596,0.09317015,0.12047188,0.118024364
SnSe,623.0,0.07302495978305086,10.1016/j.jallcom.2016.01.190,0.30264655,0.28715348,0.2882267,0.30668584
SnSe,673.0,0.14418777573529412,10.1016/j.jallcom.2016.01.190,0.351087,0.35393372,0.3516994,0.36885506
SnSe,723.0,0.20916946460689656,10.1016/j.jallcom.2016.01.190,0.43569115,0.4535888,0.44693947,0.4331402
SnSe,773.0,0.37470657366071425,10.1016/j.jallcom.2016.01.190,0.5710734,0.57779974,0.5809972,0.5960838
SnS,300.0,5.864361702127659e-06,10.1016/j.jmat.2019.12.003,0.008667269,-0.04253499,-0.042578164,-0.025201665
SnS,400.0,6.151211009174311e-05,10.1016/j.jmat.2019.12.003,0.050195448,0.00036022498,-0.012918057,0.010487193
SnS,500.0,0.0005562514285714286,10.1016/j.jmat.2019.12.003,0.097336076,0.051571812,0.021780007,0.07851278
SnS,600.0,0.005505533924050632,10.1016/j.jmat.2019.12.003,0.146782,0.11706665,0.044807468,0.13515851
SnS,700.0,0.028549602122015915,10.1016/j.jmat.2019.12.003,0.23763305,0.18854395,0.11161622,0.21487519
SnS,800.0,0.10296137142857144,10.1016/j.jmat.2019.12.003,0.3055877,0.26804876,0.18170357,0.29030323
Sn0.87Mn0.1Bi0.03Te,323.0,0.07286367713004484,10.1016/j.jmst.2020.12.063,0.113386825,0.13407852,0.10846076,0.13935167
Sn0.87Mn0.1Bi0.03Te,373.0,0.08998133006134969,10.1016/j.jmst.2020.12.063,0.17426562,0.17743821,0.16670376,0.18417357
Sn0.87Mn0.1Bi0.03Te,423.0,0.119509344,10.1016/j.jmst.2020.12.063,0.19964369,0.20567805,0.20399421,0.21071827
Sn0.87Mn0.1Bi0.03Te,473.0,0.18581829325714289,10.1016/j.jmst.2020.12.063,0.2632921,0.2671416,0.27946228,0.27116677
Sn0.87Mn0.1Bi0.03Te,523.0,0.2265109566739606,10.1016/j.jmst.2020.12.063,0.32062918,0.3325568,0.37867543,0.37376022
Sn0.87Mn0.1Bi0.03Te,623.0,0.321843236268568,10.1016/j.jmst.2020.12.063,0.5547357,0.5659402,0.6048223,0.60747635
Sn0.87Mn0.1Bi0.03Te,773.0,0.5925465,10.1016/j.jmst.2020.12.063,0.8355513,0.8625195,0.8753406,0.88891965
Sn0.91Mn0.08Bi0.01Te,323.0,0.062765569837587,10.1016/j.jmst.2020.12.063,0.11444947,0.12634635,0.10766018,0.13269827
Sn0.91Mn0.08Bi0.01Te,373.0,0.09280464629673449,10.1016/j.jmst.2020.12.063,0.17586325,0.16970605,0.15548185,0.17752017
Sn0.91Mn0.08Bi0.01Te,423.0,0.11246268315512196,10.1016/j.jmst.2020.12.063,0.20124131,0.19794588,0.1927723,0.20406488
Sn0.91Mn0.08Bi0.01Te,473.0,0.16286179128024195,10.1016/j.jmst.2020.12.063,0.26488972,0.25648504,0.26363987,0.26451343
Sn0.91Mn0.08Bi0.01Te,523.0,0.23113535152844197,10.1016/j.jmst.2020.12.063,0.31982845,0.32190025,0.36367217,0.36710683
Sn0.91Mn0.08Bi0.01Te,773.0,0.7497401806451612,10.1016/j.jmst.2020.12.063,0.8347506,0.8234742,0.8668906,0.87689567
SnTe,323.0,0.01669764025344995,10.1016/j.jmst.2020.12.063,-0.001397033,-0.0172078,-0.008149793,-0.006232933
SnTe,373.0,0.02004607289105691,10.1016/j.jmst.2020.12.063,0.013714176,-0.0027562913,0.0042954274,0.012794977
SnTe,423.0,0.0268683914516129,10.1016/j.jmst.2020.12.063,0.024177104,0.019206235,0.021813553,0.028931102
SnTe,473.0,0.03557913054915254,10.1016/j.jmst.2020.12.063,0.046924118,0.054961614,0.04437331,0.06470675
SnTe,523.0,0.047909320481927704,10.1016/j.jmst.2020.12.063,0.08380345,0.08848133,0.057750884,0.09346262
SnTe,573.0,0.06190014505609183,10.1016/j.jmst.2020.12.063,0.10710643,0.15046644,0.11607985,0.15209353
SnTe,623.0,0.09338423340771668,10.1016/j.jmst.2020.12.063,0.19391073,0.2432303,0.20872506,0.2606441
SnTe,673.0,0.12381482239239743,10.1016/j.jmst.2020.12.063,0.23894244,0.31914613,0.25370282,0.32558203
SnTe,723.0,0.16666922049846208,10.1016/j.jmst.2020.12.063,0.31739274,0.42304772,0.31126994,0.41201532
SnTe,773.0,0.24848696098562628,10.1016/j.jmst.2020.12.063,0.4444405,0.5430127,0.39820826,0.527558
Zn0.96Al0.04O,373.0,0.01723515917667238,10.1016/j.jpcs.2010.06.006,0.0027968027,0.002550619,0.006426235,0.0024684411
Zn0.96Al0.04O,473.0,0.03184509126106195,10.1016/j.jpcs.2010.06.006,0.014018476,0.014988329,0.011953587,0.01770428
Zn0.96Al0.04O,573.0,0.051311453108108106,10.1016/j.jpcs.2010.06.006,0.02563745,0.0108166905,0.024925625,0.020307057
Zn0.96Al0.04O,673.0,0.08266516973782771,10.1016/j.jpcs.2010.06.006,0.034687962,0.024441492,0.034638572,0.034816682
Zn0.97Al0.03O,373.0,0.011420655135135134,10.1016/j.jpcs.2010.06.006,0.0077248807,0.0056825336,0.009633918,0.0047123428
Zn0.97Al0.03O,473.0,0.019328050746268657,10.1016/j.jpcs.2010.06.006,0.019933341,0.01812024,0.015161286,0.017888745
Zn0.97Al0.03O,573.0,0.02834042617449664,10.1016/j.jpcs.2010.06.006,0.031552285,0.026601072,0.028133322,0.023863439
Zn0.97Al0.03O,673.0,0.051,10.1016/j.jpcs.2010.06.006,0.040861648,0.040225863,0.03784626,0.038373034
Mg2.16(Si0.4Sn0.6)0.97Bi0.03,300.0,0.32039402808065093,10.1016/j.jssc.2013.04.041,0.34002265,0.35159084,0.3735948,0.39731547
Mg2.16(Si0.4Sn0.6)0.97Bi0.03,400.0,0.5541708594775092,10.1016/j.jssc.2013.04.041,0.50649637,0.5031184,0.5336364,0.54532003
Mg2.16(Si0.4Sn0.6)0.97Bi0.03,500.0,0.8104250782754292,10.1016/j.jssc.2013.04.041,0.6732059,0.73093957,0.72415537,0.7959714
Mg2.16(Si0.4Sn0.6)0.97Bi0.03,600.0,1.0587728377232377,10.1016/j.jssc.2013.04.041,0.8430609,0.96889484,0.87216675,1.0028434
Mg2.16(Si0.4Sn0.6)0.97Bi0.03,700.0,1.278765801430452,10.1016/j.jssc.2013.04.041,0.9085109,1.0333829,0.9749652,1.0535144
Mg2.16(Si0.4Sn0.6)0.97Bi0.03,800.0,1.438712341974249,10.1016/j.jssc.2013.04.041,0.9573284,1.069955,1.043331,1.0838258
Mg2.16(Si0.4Sn0.6)0.985Bi0.015,300.0,0.36619597315436236,10.1016/j.jssc.2013.04.041,0.33922192,0.442633,0.3771918,0.45377737
Mg2.16(Si0.4Sn0.6)0.985Bi0.015,400.0,0.6088,10.1016/j.jssc.2013.04.041,0.50569564,0.6158147,0.5427445,0.6199869
Mg2.16(Si0.4Sn0.6)0.985Bi0.015,500.0,0.877,10.1016/j.jssc.2013.04.041,0.6724052,0.86913395,0.7285473,0.89414996
Mg2.16(Si0.4Sn0.6)0.985Bi0.015,600.0,1.12,10.1016/j.jssc.2013.04.041,0.8422602,1.1211898,0.87655866,1.1065319
Mg2.16(Si0.4Sn0.6)0.985Bi0.015,700.0,1.2874535071232875,10.1016/j.jssc.2013.04.041,0.9077102,1.2059377,0.97826105,1.1852641
Mg2.16(Si0.4Sn0.6)0.985Bi0.015,800.0,1.3273407535901145,10.1016/j.jssc.2013.04.041,0.95652765,1.2243298,1.0416865,1.2123624
Mg2.16(Si0.4Sn0.6)0.98Bi0.02,300.0,0.2982173285198556,10.1016/j.jssc.2013.04.041,0.34002265,0.41027915,0.3771918,0.43122908
Mg2.16(Si0.4Sn0.6)0.98Bi0.02,400.0,0.5128604546031746,10.1016/j.jssc.2013.04.041,0.50649637,0.56699586,0.5427445,0.5804176
Mg2.16(Si0.4Sn0.6)0.98Bi0.02,500.0,0.7736491532769554,10.1016/j.jssc.2013.04.041,0.6732059,0.8147558,0.7285473,0.84713864
Mg2.16(Si0.4Sn0.6)0.98Bi0.02,600.0,1.0280080805198215,10.1016/j.jssc.2013.04.041,0.8430609,1.0875636,0.87655866,1.060241
Mg2.16(Si0.4Sn0.6)0.98Bi0.02,700.0,1.2123176337439507,10.1016/j.jssc.2013.04.041,0.9085109,1.2017001,0.97826105,1.1886253
Mg2.16(Si0.4Sn0.6)0.98Bi0.02,800.0,1.2388740375481457,10.1016/j.jssc.2013.04.041,0.9573284,1.2293094,1.0416865,1.2157236
Mg2.16(Si0.4Sn0.6)0.995Bi0.005,300.0,0.3108724379252452,10.1016/j.jssc.2013.04.041,0.3134973,0.39393923,0.3602125,0.41093078
Mg2.16(Si0.4Sn0.6)0.995Bi0.005,520.0,0.8748001942720612,10.1016/j.jssc.2013.04.041,0.6381656,0.8030754,0.6975877,0.81201065
Mg2.16(Si0.4Sn0.6)0.995Bi0.005,760.0,0.974,10.1016/j.jssc.2013.04.041,0.69370544,0.95749956,0.770242,0.9625786
Mg2.16(Si0.4Sn0.6)0.995Bi0.005,620.0,1.0778471677796901,10.1016/j.jssc.2013.04.041,0.74869585,0.9756378,0.80481243,0.9578671
Mg2.16(Si0.4Sn0.6)0.99Bi0.01,300.0,0.3630473983831579,10.1016/j.jssc.2013.04.041,0.3088762,0.3906201,0.34316936,0.41093078
Mg2.16(Si0.4Sn0.6)0.99Bi0.01,400.0,0.5877187517290552,10.1016/j.jssc.2013.04.041,0.44889453,0.5289004,0.48220244,0.53817457
Mg2.16(Si0.4Sn0.6)0.99Bi0.01,500.0,0.87,10.1016/j.jssc.2013.04.041,0.6108457,0.76844686,0.6639299,0.7709586
Mg2.16(Si0.4Sn0.6)0.99Bi0.01,600.0,1.1314637205218263,10.1016/j.jssc.2013.04.041,0.7568668,0.97543186,0.78034437,0.9610104
Mg2.16(Si0.4Sn0.6)0.99Bi0.01,800.0,1.1477774080581025,10.1016/j.jssc.2013.04.041,0.8072132,1.0401069,0.8641997,1.0390673
Mg2.16(Si0.4Sn0.6)0.99Bi0.01,700.0,1.2544990194308148,10.1016/j.jssc.2013.04.041,0.77925915,1.0196666,0.82405037,1.0390413
Mg2.16Si0.4Sn0.6,620.0,0.084,10.1016/j.jssc.2013.04.041,0.3319221,0.63752717,0.38407642,0.6005667
Mg2.16Si0.4Sn0.6,760.0,0.085,10.1016/j.jssc.2013.04.041,0.40478098,0.6776973,0.44111785,0.63922304
La0.1Co4Sb12,373.0,0.013008101124173195,10.1016/j.matchemphys.2005.07.068,0.09609522,0.093499124,0.08676639,0.09729397
La0.1Co4Sb12,473.0,0.02480033803659849,10.1016/j.matchemphys.2005.07.068,0.1820558,0.18707456,0.18270549,0.19057406
La0.1Co4Sb12,573.0,0.043245283018867924,10.1016/j.matchemphys.2005.07.068,0.24734528,0.24114747,0.24986199,0.23051856
La0.1Co4Sb12,773.0,0.04409382665088,10.1016/j.matchemphys.2005.07.068,0.38264918,0.366007,0.3756579,0.3524342
La0.1Co4Sb12,673.0,0.05968869340702673,10.1016/j.matchemphys.2005.07.068,0.33326456,0.31634137,0.31179014,0.29176798
La0.3Co4Sb12,373.0,0.0111923654012987,10.1016/j.matchemphys.2005.07.068,0.17018606,0.18879902,0.18408334,0.17921093
La0.3Co4Sb12,473.0,0.022952359952422098,10.1016/j.matchemphys.2005.07.068,0.30724752,0.3227472,0.31622228,0.32309666
La0.3Co4Sb12,573.0,0.038982366429342934,10.1016/j.matchemphys.2005.07.068,0.50680894,0.49723762,0.51951456,0.50701
La0.3Co4Sb12,673.0,0.046728939504469276,10.1016/j.matchemphys.2005.07.068,0.64572465,0.6791526,0.6790482,0.68596435
La0.5Co4Sb12,373.0,0.020645302371340348,10.1016/j.matchemphys.2005.07.068,0.16147271,0.18796471,0.17014225,0.18097349
La0.5Co4Sb12,473.0,0.03647967731401661,10.1016/j.matchemphys.2005.07.068,0.2985343,0.32191288,0.28281644,0.32485923
La0.5Co4Sb12,773.0,0.051308322526315786,10.1016/j.matchemphys.2005.07.068,0.73456657,0.8077705,0.7292543,0.79547465
La0.5Co4Sb12,573.0,0.05724258167922078,10.1016/j.matchemphys.2005.07.068,0.4779119,0.4964032,0.47435352,0.5136006
La0.5Co4Sb12,673.0,0.07034168144863268,10.1016/j.matchemphys.2005.07.068,0.61947453,0.68033475,0.63497734,0.6970705
La0.7Co4Sb12,373.0,0.12418175664239467,10.1016/j.matchemphys.2005.07.068,0.19522116,0.20740044,0.1827697,0.19655147
La0.7Co4Sb12,473.0,0.1384204481452655,10.1016/j.matchemphys.2005.07.068,0.33228275,0.34049067,0.31647775,0.33960325
La0.7Co4Sb12,573.0,0.18212538901883407,10.1016/j.matchemphys.2005.07.068,0.53184414,0.5149811,0.5177672,0.52953273
La0.7Co4Sb12,773.0,0.1854958168750896,10.1016/j.matchemphys.2005.07.068,0.78849864,0.8246582,0.77266806,0.80873525
La1.25Co4Sb12,373.0,0.07109863050126312,10.1016/j.matchemphys.2005.07.068,0.13351123,0.15407036,0.14060618,0.15228066
La2.0Co4Sb12,373.0,0.012601223865999999,10.1016/j.matchemphys.2005.07.068,0.07573267,0.08204738,0.08001482,0.09250271
LaCo4Sb12,373.0,0.16233089699511402,10.1016/j.matchemphys.2005.07.068,0.13998173,0.15407036,0.14794709,0.15624806
Cu3Sb0.996In0.004Se4,323.0,0.03929534496431404,10.1016/j.matdes.2016.03.001,0.08634559,0.116690576,0.09111189,0.11582917
Cu3Sb0.996In0.004Se4,373.0,0.07223198271487,10.1016/j.matdes.2016.03.001,0.1253475,0.15533301,0.13103227,0.1537265
Cu3Sb0.996In0.004Se4,423.0,0.12498619905633801,10.1016/j.matdes.2016.03.001,0.1953534,0.23343703,0.20414995,0.21963932
Cu3Sb0.996In0.004Se4,473.0,0.19609514084507043,10.1016/j.matdes.2016.03.001,0.22861768,0.27694714,0.2419998,0.27450845
Cu3Sb0.996In0.004Se4,523.0,0.2670880743720565,10.1016/j.matdes.2016.03.001,0.3077815,0.35799706,0.31746516,0.3589733
Cu3Sb0.996In0.004Se4,573.0,0.35339433779258606,10.1016/j.matdes.2016.03.001,0.36282983,0.4022962,0.37185195,0.4180858
Cu3Sb0.996In0.004Se4,623.0,0.4311946310679612,10.1016/j.matdes.2016.03.001,0.45031098,0.47463983,0.4458633,0.48730236
Cu3Sb0.997In0.003Se4,323.0,0.05,10.1016/j.matdes.2016.03.001,0.08733514,0.114236146,0.08948911,0.11323922
Cu3Sb0.997In0.003Se4,373.0,0.08288287625641026,10.1016/j.matdes.2016.03.001,0.124844596,0.15287855,0.12675945,0.1484101
Cu3Sb0.997In0.003Se4,423.0,0.138,10.1016/j.matdes.2016.03.001,0.19085306,0.21916246,0.19227184,0.21025361
Cu3Sb0.997In0.003Se4,473.0,0.21,10.1016/j.matdes.2016.03.001,0.22159013,0.25970715,0.2286688,0.2642102
Cu3Sb0.997In0.003Se4,573.0,0.364,10.1016/j.matdes.2016.03.001,0.35475838,0.39042422,0.35753646,0.4031225
Cu3Sb0.997In0.003Se4,623.0,0.451566560990099,10.1016/j.matdes.2016.03.001,0.44223952,0.47053376,0.43915313,0.4764084
Cu3Sb0.998In0.002Se4,323.0,0.04169421910112359,10.1016/j.matdes.2016.03.001,0.08733514,0.114236146,0.08948911,0.11323922
Cu3Sb0.998In0.002Se4,373.0,0.06987892170989585,10.1016/j.matdes.2016.03.001,0.124844596,0.15287855,0.12675945,0.1484101
Cu3Sb0.998In0.002Se4,423.0,0.11321051252727274,10.1016/j.matdes.2016.03.001,0.19085306,0.21916246,0.19227184,0.21025361
Cu3Sb0.998In0.002Se4,473.0,0.188224196875,10.1016/j.matdes.2016.03.001,0.22159013,0.25970715,0.2286688,0.2642102
Cu3Sb0.998In0.002Se4,523.0,0.25100787189276674,10.1016/j.matdes.2016.03.001,0.29881036,0.34207085,0.3041342,0.34401
Cu3Sb0.998In0.002Se4,573.0,0.36053046269732136,10.1016/j.matdes.2016.03.001,0.35475838,0.39042422,0.35753646,0.4031225
Cu3SbSe4,323.0,0.0399667896888412,10.1016/j.matdes.2016.03.001,0.08153036,0.114236146,0.08416421,0.11323922
Cu3SbSe4,423.0,0.09625013073170732,10.1016/j.matdes.2016.03.001,0.18504828,0.21916246,0.18490884,0.21025361
Cu3SbSe4,473.0,0.13666883570032573,10.1016/j.matdes.2016.03.001,0.21578535,0.25970715,0.22130579,0.2642102
Cu3SbSe4,523.0,0.17410741540676744,10.1016/j.matdes.2016.03.001,0.2930056,0.34207085,0.29677117,0.34401
Cu3SbSe4,573.0,0.229047707641196,10.1016/j.matdes.2016.03.001,0.3489536,0.39042422,0.35017344,0.4031225
Cu3SbSe4,623.0,0.28,10.1016/j.matdes.2016.03.001,0.43643475,0.47053376,0.4317901,0.4764084
Sn0.97Ce0.03Te,323.0,0.06036183770059881,10.1016/j.mtphys.2019.100156,0.04199241,0.03667137,0.04318919,0.044995572
Sn0.97Ce0.03Te,423.0,0.14272224782760004,10.1016/j.mtphys.2019.100156,0.08472988,0.07131027,0.0827525,0.08192886
Sn0.97Ce0.03Te,523.0,0.3,10.1016/j.mtphys.2019.100156,0.16080782,0.15422438,0.16613476,0.15565662
Sn0.97Ce0.03Te,623.0,0.48,10.1016/j.mtphys.2019.100156,0.32777524,0.32349616,0.3189915,0.3373299
Sn0.97Ce0.03Te,723.0,0.618616875,10.1016/j.mtphys.2019.100156,0.48999646,0.51229745,0.48281118,0.49436527
Sn0.98Ce0.02Te,323.0,0.018445916667573996,10.1016/j.mtphys.2019.100156,0.040703654,0.04482341,0.046082813,0.041708633
Sn0.98Ce0.02Te,423.0,0.054653234351614115,10.1016/j.mtphys.2019.100156,0.08555488,0.08024628,0.08564613,0.07864196
Sn0.98Ce0.02Te,523.0,0.1463540809945946,10.1016/j.mtphys.2019.100156,0.16080782,0.16316038,0.16902839,0.15236974
Sn0.98Ce0.02Te,623.0,0.3280605730928944,10.1016/j.mtphys.2019.100156,0.32777524,0.33548552,0.32188514,0.33404297
Sn0.98Ce0.02Te,723.0,0.55,10.1016/j.mtphys.2019.100156,0.48999646,0.52264625,0.4857048,0.48845154
Sn0.99Ce0.01Te,323.0,0.012131341474154749,10.1016/j.mtphys.2019.100156,0.024269909,0.005247882,0.030041337,0.007251483
Sn0.99Ce0.01Te,423.0,0.03254335086401202,10.1016/j.mtphys.2019.100156,0.05744798,0.03788647,0.05878066,0.041379754
Sn0.99Ce0.01Te,523.0,0.09427334089861751,10.1016/j.mtphys.2019.100156,0.10480101,0.10414642,0.10155459,0.111166604
Sn0.99Ce0.01Te,623.0,0.24227146908864183,10.1016/j.mtphys.2019.100156,0.26226714,0.27190948,0.26362562,0.28171638
Sn0.99Ce0.01Te,723.0,0.45267597276923077,10.1016/j.mtphys.2019.100156,0.42350042,0.4563003,0.41151184,0.4362238
Cu2.7Ag0.3ErTe3,300.0,0.059295722553191474,10.1016/j.mtphys.2020.100180,0.066943854,0.06401499,0.08133331,0.07706881
Cu2.7Ag0.3ErTe3,400.0,0.10198427467811155,10.1016/j.mtphys.2020.100180,0.15061684,0.13299574,0.16077466,0.15422702
Cu2.7Ag0.3ErTe3,500.0,0.17301024154589373,10.1016/j.mtphys.2020.100180,0.24043877,0.20917277,0.235738,0.24579398
Cu2.7Ag0.3ErTe3,600.0,0.3105671641791044,10.1016/j.mtphys.2020.100180,0.4163079,0.39283696,0.4137571,0.42604655
Cu2.7Ag0.3ErTe3,700.0,0.6342889561270801,10.1016/j.mtphys.2020.100180,0.5636557,0.55856186,0.58737844,0.5657661
Cu2.7Ag0.3ErTe3,800.0,0.7227792,10.1016/j.mtphys.2020.100180,0.763117,0.7769626,0.7653438,0.78274566
Cu2.7Ag0.3ErTe3,900.0,0.9616352459016394,10.1016/j.mtphys.2020.100180,0.8089287,0.7996311,0.8145132,0.8208799
Cu2.9Ag0.1ErTe3,300.0,0.05378248274336284,10.1016/j.mtphys.2020.100180,0.057011858,0.05187418,0.061120298,0.06321367
Cu2.9Ag0.1ErTe3,400.0,0.09900803571428571,10.1016/j.mtphys.2020.100180,0.13885994,0.12085486,0.14056154,0.14037187
Cu2.9Ag0.1ErTe3,500.0,0.16052268058252425,10.1016/j.mtphys.2020.100180,0.21299212,0.1909845,0.1943132,0.21701887
Cu2.9Ag0.1ErTe3,600.0,0.2596829268292683,10.1016/j.mtphys.2020.100180,0.36187318,0.34862584,0.35258964,0.3698914
Cu2.9Ag0.1ErTe3,700.0,0.5355,10.1016/j.mtphys.2020.100180,0.51015323,0.50241005,0.5199297,0.48371935
Cu2.9Ag0.1ErTe3,800.0,0.5768533333333333,10.1016/j.mtphys.2020.100180,0.70746964,0.707858,0.697895,0.70992
Cu2.9Ag0.1ErTe3,900.0,0.8442477272727271,10.1016/j.mtphys.2020.100180,0.7523915,0.73052657,0.7448273,0.7528598
Cu3ErTe3,300.0,0.05303151210937499,10.1016/j.mtphys.2020.100180,0.038652193,0.049817618,0.048703235,0.03470179
Cu3ErTe3,400.0,0.09721350998319328,10.1016/j.mtphys.2020.100180,0.117284425,0.115453355,0.12814446,0.10820434
Cu3ErTe3,500.0,0.15647317431192664,10.1016/j.mtphys.2020.100180,0.18743354,0.17073505,0.18180132,0.17256993
Cu3ErTe3,600.0,0.2391974620689655,10.1016/j.mtphys.2020.100180,0.32552996,0.31584042,0.33031324,0.31650317
Cu3ErTe3,800.0,0.5440572194285714,10.1016/j.mtphys.2020.100180,0.6733208,0.6656422,0.6616388,0.6637469
Cu3ErTe3,700.0,0.5912859716129032,10.1016/j.mtphys.2020.100180,0.46627662,0.45584697,0.4769023,0.4339868
Cu3ErTe3,900.0,0.7463944714645162,10.1016/j.mtphys.2020.100180,0.7112766,0.7010862,0.6980581,0.7066867
CoSb3.0,523.0,0.0003148464367432151,10.1016/s0925-8388(00)01275-5,0.14959715,0.19291745,0.15259057,0.19358939
CoSb3.0,473.0,0.0031953584558823533,10.1016/s0925-8388(00)01275-5,0.11931752,0.15968612,0.1213619,0.17169248
CoSb3.0,323.0,0.00838763104463768,10.1016/s0925-8388(00)01275-5,0.052024554,0.05366777,0.043501716,0.05659579
CoSb3.0,373.0,0.00908117418032787,10.1016/s0925-8388(00)01275-5,0.06889496,0.08262013,0.058155425,0.08959292
CoSb3.0,423.0,0.009215133333333332,10.1016/s0925-8388(00)01275-5,0.103383325,0.1291092,0.100340664,0.14051758
CoSb3.0,573.0,0.0108941625,10.1016/s0925-8388(00)01275-5,0.15063506,0.20615993,0.15790984,0.20218742
CoSb3.0,623.0,0.034313536046511633,10.1016/s0925-8388(00)01275-5,0.19831917,0.22658746,0.18823478,0.23211055
CoSb3.0,673.0,0.045466286978409085,10.1016/s0925-8388(00)01275-5,0.20973954,0.26107973,0.21644261,0.2577221
CoSb3.0,723.0,0.049743254618863635,10.1016/s0925-8388(00)01275-5,0.23420687,0.2554943,0.25459978,0.27475616
Ag2Mo6Te8,500.0,0.004442024626230353,10.1016/s1003-6326(08)60326-x,0.03238371,0.19149816,0.1877766,0.14319612
Ag2Mo6Te8,600.0,0.009143574778124998,10.1016/s1003-6326(08)60326-x,0.10268944,0.26409099,0.26321334,0.21635716
Ag2Mo6Te8,700.0,0.01483804724771534,10.1016/s1003-6326(08)60326-x,0.118564405,0.35815418,0.34927526,0.33580494
Ag2Mo6Te8,800.0,0.02095310723954748,10.1016/s1003-6326(08)60326-x,0.20417221,0.38427186,0.43439692,0.38193843
AgMo6Te8,400.0,0.00073,10.1016/s1003-6326(08)60326-x,-0.025046755,0.033733036,0.016196461,0.010256141
AgMo6Te8,500.0,0.0039513684210526305,10.1016/s1003-6326(08)60326-x,0.030037062,0.13267088,0.10083978,0.093585506
AgMo6Te8,600.0,0.00937608969496403,10.1016/s1003-6326(08)60326-x,0.11088515,0.227667,0.20310062,0.14577869
AgMo6Te8,700.0,0.0176,10.1016/s1003-6326(08)60326-x,0.106720775,0.2629815,0.2530028,0.21228652
AgMo6Te8,800.0,0.03446968777007114,10.1016/s1003-6326(08)60326-x,0.17839456,0.2815293,0.33869874,0.2250658
Cu2Mo6Te8,500.0,0.0003396655468277946,10.1016/s1003-6326(08)60326-x,-0.046884887,0.004834177,-0.0024828587,-0.016660444
CuMo6Te8,400.0,0.00011883730121824638,10.1016/s1003-6326(08)60326-x,-0.01105895,0.021761741,0.022839282,0.00086487323
CuMo6Te8,500.0,0.00046,10.1016/s1003-6326(08)60326-x,-0.048914183,0.019474842,0.022370689,-0.026594626
CuMo6Te8,600.0,0.0038938106373626368,10.1016/s1003-6326(08)60326-x,0.088849634,0.15781844,0.1870184,0.10072908
CuMo6Te8,700.0,0.010547147321716646,10.1016/s1003-6326(08)60326-x,0.0591356,0.20342956,0.21135813,0.16725633
CuMo6Te8,800.0,0.018946744270828333,10.1016/s1003-6326(08)60326-x,0.20599453,0.32909805,0.34396806,0.2801599
AgBi0.94Pb0.06Se2.12,300.0,0.18605616,10.1021/acs.chemmater.0c00481,0.16049363,0.18765305,0.20311043,0.12912491
AgBi0.94Pb0.06Se2.12,350.0,0.333189567097826,10.1021/acs.chemmater.0c00481,0.20441918,0.22050409,0.24025804,0.15804136
AgBi0.94Pb0.06Se2.12,400.0,0.40100106941176467,10.1021/acs.chemmater.0c00481,0.2577082,0.28463438,0.2937176,0.21939337
AgBi0.95Pb0.05Se2.12,300.0,0.1558100710526316,10.1021/acs.chemmater.0c00481,0.16049363,0.18765305,0.21719225,0.12476933
AgBi0.95Pb0.05Se2.12,350.0,0.2832061547619048,10.1021/acs.chemmater.0c00481,0.19985281,0.22050409,0.25433993,0.15368575
AgBi0.95Pb0.05Se2.12,400.0,0.3862937386018237,10.1021/acs.chemmater.0c00481,0.25314188,0.28463438,0.30779946,0.21503776
AgBi0.96Pb0.04Se2.12,300.0,0.12164008712798978,10.1021/acs.chemmater.0c00481,0.16049363,0.18836747,0.2146913,0.12825733
AgBi0.96Pb0.04Se2.12,350.0,0.19947235360126575,10.1021/acs.chemmater.0c00481,0.19985281,0.22121851,0.24517879,0.15717378
AgBi0.96Pb0.04Se2.12,400.0,0.4013446535314285,10.1021/acs.chemmater.0c00481,0.25314188,0.2853488,0.2986866,0.21852583
AgBi0.97Pb0.03Se2.12,300.0,0.09603505005319148,10.1021/acs.chemmater.0c00481,0.15942177,0.16279219,0.13737336,0.1031001
AgBi0.97Pb0.03Se2.12,350.0,0.15270538502123593,10.1021/acs.chemmater.0c00481,0.20202017,0.19564323,0.17318097,0.13201661
AgBi0.97Pb0.03Se2.12,400.0,0.3526663962042324,10.1021/acs.chemmater.0c00481,0.25530922,0.25977364,0.22668852,0.19336863
AgBi0.97Pb0.03Se2.12,450.0,0.4894122917943598,10.1021/acs.chemmater.0c00481,0.29337332,0.299354,0.2683933,0.24355993
AgBi0.98Pb0.02Se2.12,300.0,0.06575754188571428,10.1021/acs.chemmater.0c00481,0.15190996,0.14958562,0.13311963,0.1031001
AgBi0.98Pb0.02Se2.12,350.0,0.11252912944212523,10.1021/acs.chemmater.0c00481,0.19450836,0.18243666,0.16892746,0.13201661
AgBi0.98Pb0.02Se2.12,400.0,0.21359037185438598,10.1021/acs.chemmater.0c00481,0.24779741,0.2465672,0.22828276,0.19336863
AgBi0.98Pb0.02Se2.12,450.0,0.4826039811594204,10.1021/acs.chemmater.0c00481,0.2858615,0.28614742,0.2699877,0.24355993
AgBi0.99Pb0.01Se2.12,300.0,0.024538791888431655,10.1021/acs.chemmater.0c00481,0.15169093,0.14380363,0.13309683,0.098604225
AgBi0.99Pb0.01Se2.12,350.0,0.03787818645125349,10.1021/acs.chemmater.0c00481,0.19428925,0.17941251,0.16890466,0.13102962
AgBi0.99Pb0.01Se2.12,400.0,0.08591705750722888,10.1021/acs.chemmater.0c00481,0.25348687,0.24422911,0.22825997,0.19336863
AgBi0.99Pb0.01Se2.12,450.0,0.2084003611772727,10.1021/acs.chemmater.0c00481,0.2915511,0.2838093,0.26996487,0.24355993
AgBiSe2.12,300.0,0.008541986791484518,10.1021/acs.chemmater.0c00481,0.11378885,0.10917312,0.10646916,0.097049944
AgBiSe2.12,350.0,0.016910661599999998,10.1021/acs.chemmater.0c00481,0.1473124,0.14240119,0.1333103,0.1269881
AgBiSe2.12,400.0,0.03148830559006211,10.1021/acs.chemmater.0c00481,0.18086484,0.18930286,0.15499784,0.16003536
AgBiSe2.12,450.0,0.052096460202909645,10.1021/acs.chemmater.0c00481,0.19605075,0.19678915,0.17153706,0.17937574
Rb2Bi8Se12.909,330.0,0.12489472796428573,10.1021/acs.chemmater.0c00703,0.09342256,0.09714799,0.107660756,0.10550961
Rb2Bi8Se12.909,428.0,0.1783885169679137,10.1021/acs.chemmater.0c00703,0.15565993,0.16573381,0.16265823,0.17413065
Rb2Bi8Se12.909,526.0,0.20669325839951128,10.1021/acs.chemmater.0c00703,0.21487331,0.23462941,0.21710482,0.22986268
Rb2Bi8Se12.909,625.0,0.29485446377502383,10.1021/acs.chemmater.0c00703,0.29992643,0.31777984,0.32890314,0.3197055
Rb2Bi8Se12.909,724.0,0.39842982285311995,10.1021/acs.chemmater.0c00703,0.45580256,0.45422134,0.46341377,0.45310673
Rb2Bi8Se12.909,823.0,0.5088263870967742,10.1021/acs.chemmater.0c00703,0.59896636,0.5721672,0.59281176,0.5899179
Rb2Bi8Se12.9415,330.0,0.1380626626602947,10.1021/acs.chemmater.0c00703,0.09342256,0.09714799,0.107660756,0.10550961
Rb2Bi8Se12.9415,428.0,0.1956067134072289,10.1021/acs.chemmater.0c00703,0.15565993,0.16573381,0.16265823,0.17413065
Rb2Bi8Se12.9415,526.0,0.2550125925925926,10.1021/acs.chemmater.0c00703,0.21487331,0.23462941,0.21710482,0.22986268
Rb2Bi8Se12.9415,625.0,0.325031307845518,10.1021/acs.chemmater.0c00703,0.29992643,0.31777984,0.32890314,0.3197055
Rb2Bi8Se12.9415,724.0,0.43899594139769493,10.1021/acs.chemmater.0c00703,0.45580256,0.45422134,0.46341377,0.45310673
Rb2Bi8Se12.9415,823.0,0.5458736399246745,10.1021/acs.chemmater.0c00703,0.59896636,0.5721672,0.59281176,0.5899179
Rb2Bi8Se12.961,330.0,0.18743303430079156,10.1021/acs.chemmater.0c00703,0.09342256,0.09714799,0.107660756,0.10550961
Rb2Bi8Se12.961,428.0,0.2951918770698467,10.1021/acs.chemmater.0c00703,0.15565993,0.16573381,0.16265823,0.17413065
Rb2Bi8Se12.961,526.0,0.34604985487850465,10.1021/acs.chemmater.0c00703,0.21487331,0.23462941,0.21710482,0.22986268
Rb2Bi8Se12.961,625.0,0.45553823175883257,10.1021/acs.chemmater.0c00703,0.29992643,0.31777984,0.32890314,0.3197055
Rb2Bi8Se12.961,724.0,0.5978108953702224,10.1021/acs.chemmater.0c00703,0.45580256,0.45422134,0.46341377,0.45310673
Rb2Bi8Se12.961,823.0,0.7308810977090239,10.1021/acs.chemmater.0c00703,0.59896636,0.5721672,0.59281176,0.5899179
Rb2Bi8Se12.974Cl0.026,330.0,0.09377304255,10.1021/acs.chemmater.0c00703,0.103183515,0.103165336,0.12797202,0.11379413
Rb2Bi8Se12.974Cl0.026,428.0,0.13794459774824447,10.1021/acs.chemmater.0c00703,0.1654209,0.17773548,0.1829698,0.18896796
Rb2Bi8Se12.974Cl0.026,526.0,0.14571777719754095,10.1021/acs.chemmater.0c00703,0.23424913,0.24964075,0.24320517,0.2525791
Rb2Bi8Se12.974Cl0.026,625.0,0.19548764366197185,10.1021/acs.chemmater.0c00703,0.32423374,0.3473371,0.36495644,0.35377327
Rb2Bi8Se12.974Cl0.026,724.0,0.3121768041335989,10.1021/acs.chemmater.0c00703,0.48010987,0.48670065,0.49946702,0.4871745
Rb2Bi8Se12.974Cl0.026,823.0,0.4327932934682081,10.1021/acs.chemmater.0c00703,0.62327355,0.6046465,0.6288651,0.6239856
Rb2Bi8Se12.9805,330.0,0.1800848589664865,10.1021/acs.chemmater.0c00703,0.09342256,0.09714799,0.107660756,0.10550961
Rb2Bi8Se12.9805,428.0,0.2495110612626817,10.1021/acs.chemmater.0c00703,0.15565993,0.16573381,0.16265823,0.17413065
Rb2Bi8Se12.9805,526.0,0.2941974812590544,10.1021/acs.chemmater.0c00703,0.21487331,0.23462941,0.21710482,0.22986268
Rb2Bi8Se12.9805,625.0,0.2879701967592593,10.1021/acs.chemmater.0c00703,0.29992643,0.31777984,0.32890314,0.3197055
Rb2Bi8Se12.9805,724.0,0.31896628458213666,10.1021/acs.chemmater.0c00703,0.45580256,0.45422134,0.46341377,0.45310673
Rb2Bi8Se12.9805,823.0,0.4679390581836411,10.1021/acs.chemmater.0c00703,0.59896636,0.5721672,0.59281176,0.5899179
Rb2Bi8Se12.9805Cl0.0195,330.0,0.110176863806625,10.1021/acs.chemmater.0c00703,0.100380875,0.103165336,0.11949438,0.11157433
Rb2Bi8Se12.9805Cl0.0195,428.0,0.15289111374509223,10.1021/acs.chemmater.0c00703,0.16261826,0.17175117,0.17449187,0.18019535
Rb2Bi8Se12.9805Cl0.0195,526.0,0.1661141312820083,10.1021/acs.chemmater.0c00703,0.23144649,0.24365668,0.23243372,0.24380697
Rb2Bi8Se12.9805Cl0.0195,625.0,0.2377593889242521,10.1021/acs.chemmater.0c00703,0.3214311,0.33369267,0.34955823,0.34250018
Rb2Bi8Se12.9805Cl0.0195,724.0,0.34437152779472746,10.1021/acs.chemmater.0c00703,0.47730723,0.4730562,0.48406887,0.47590142
Rb2Bi8Se12.9805Cl0.0195,823.0,0.4639938940400431,10.1021/acs.chemmater.0c00703,0.6204709,0.59100205,0.6134669,0.6127125
Rb2Bi8Se12.9909Cl0.0091,330.0,0.16002424609789362,10.1021/acs.chemmater.0c00703,0.09869687,0.10199381,0.12094732,0.11157433
Rb2Bi8Se12.9909Cl0.0091,428.0,0.19911402445689763,10.1021/acs.chemmater.0c00703,0.16093425,0.17057963,0.1759448,0.18019535
Rb2Bi8Se12.9909Cl0.0091,526.0,0.24503813732450205,10.1021/acs.chemmater.0c00703,0.22976248,0.24248514,0.23388666,0.24380697
Rb2Bi8Se12.9909Cl0.0091,625.0,0.31296195749027933,10.1021/acs.chemmater.0c00703,0.31974706,0.33369267,0.3464526,0.34250018
Rb2Bi8Se12.9909Cl0.0091,724.0,0.397679625,10.1021/acs.chemmater.0c00703,0.4756232,0.4730562,0.48096323,0.47590142
Rb2Bi8Se12.9909Cl0.0091,823.0,0.4967155939622641,10.1021/acs.chemmater.0c00703,0.6187868,0.59100205,0.6103613,0.6127125
Rb2Bi8Se12.9935,330.0,0.1904207109737249,10.1021/acs.chemmater.0c00703,0.09342256,0.09714799,0.107660756,0.10550961
Rb2Bi8Se12.9935,428.0,0.2668245320894737,10.1021/acs.chemmater.0c00703,0.15565993,0.16573381,0.16265823,0.17413065
Rb2Bi8Se12.9935,526.0,0.33615969377819543,10.1021/acs.chemmater.0c00703,0.21487331,0.23462941,0.21710482,0.22986268
Rb2Bi8Se12.9935,625.0,0.43614817415730334,10.1021/acs.chemmater.0c00703,0.29992643,0.31777984,0.32890314,0.3197055
Rb2Bi8Se12.9935,724.0,0.5097880425298112,10.1021/acs.chemmater.0c00703,0.45580256,0.45422134,0.46341377,0.45310673
Rb2Bi8Se12.9935,823.0,0.5240242053279942,10.1021/acs.chemmater.0c00703,0.59896636,0.5721672,0.59281176,0.5899179
Rb2Bi8Se12.9935Cl0.0065,330.0,0.20124414814297767,10.1021/acs.chemmater.0c00703,0.09342256,0.09714799,0.107660756,0.10550961
Rb2Bi8Se12.9935Cl0.0065,428.0,0.27515003118390013,10.1021/acs.chemmater.0c00703,0.15565993,0.16573381,0.16265823,0.17413065
Rb2Bi8Se12.9935Cl0.0065,526.0,0.29483059873009143,10.1021/acs.chemmater.0c00703,0.21487331,0.23462941,0.21710482,0.22986268
Rb2Bi8Se12.9935Cl0.0065,625.0,0.342506144706751,10.1021/acs.chemmater.0c00703,0.29992643,0.31777984,0.32890314,0.3197055
Rb2Bi8Se12.9935Cl0.0065,724.0,0.36629646464646465,10.1021/acs.chemmater.0c00703,0.45580256,0.45422134,0.46341377,0.45310673
Rb2Bi8Se12.9935Cl0.0065,823.0,0.42818019411240715,10.1021/acs.chemmater.0c00703,0.59896636,0.5721672,0.59281176,0.5899179
Rb2Bi8Se13,330.0,0.07399873375196231,10.1021/acs.chemmater.0c00703,0.09342256,0.09714799,0.107660756,0.10550961
Rb2Bi8Se13,428.0,0.09161901780571428,10.1021/acs.chemmater.0c00703,0.15565993,0.16573381,0.16265823,0.17413065
Rb2Bi8Se13,526.0,0.10645554976744186,10.1021/acs.chemmater.0c00703,0.21487331,0.23462941,0.21710482,0.22986268
Rb2Bi8Se13,625.0,0.11345098735955055,10.1021/acs.chemmater.0c00703,0.29992643,0.31777984,0.32890314,0.3197055
Rb2Bi8Se13,724.0,0.118864369725,10.1021/acs.chemmater.0c00703,0.45580256,0.45422134,0.46341377,0.45310673
Rb2Bi8Se13,823.0,0.3222077294978132,10.1021/acs.chemmater.0c00703,0.59896636,0.5721672,0.59281176,0.5899179
VFeSb,350.0,0.21722422591729654,10.1021/acs.chemmater.0c01189,0.08865028,0.08154723,0.08249722,0.081336506
VFeSb,400.0,0.26664573740184455,10.1021/acs.chemmater.0c01189,0.14927326,0.13911848,0.14408615,0.1338459
VFeSb,500.0,0.3359858030087612,10.1021/acs.chemmater.0c01189,0.20964631,0.17949033,0.17686534,0.17867883
VFeSb,550.0,0.3429,10.1021/acs.chemmater.0c01189,0.23963079,0.21255137,0.18931434,0.20061915
VFeSb,600.0,0.334,10.1021/acs.chemmater.0c01189,0.25624052,0.21297444,0.21155033,0.22644344
VFeSb,700.0,0.2778,10.1021/acs.chemmater.0c01189,0.27553225,0.23925872,0.23837537,0.25644377
VFeSb,800.0,0.203,10.1021/acs.chemmater.0c01189,0.30665213,0.27619323,0.23550826,0.28109545
Yb13.43Ce0.44Mn1.07Sb11.07,300.0,0.014496562499999999,10.1021/acs.chemmater.0c03043,-0.008971696,0.029254764,0.022296794,0.037554763
Yb13.43Ce0.44Mn1.07Sb11.07,373.0,0.0876464164485532,10.1021/acs.chemmater.0c03043,0.029870393,0.07011824,0.061399225,0.07779875
Yb13.43Ce0.44Mn1.07Sb11.07,473.0,0.21400761074000002,10.1021/acs.chemmater.0c03043,0.082269385,0.16462217,0.16590531,0.16876708
Yb13.43Ce0.44Mn1.07Sb11.07,573.0,0.3410437021590168,10.1021/acs.chemmater.0c03043,0.13326345,0.25967205,0.28463462,0.24383445
Yb13.43Ce0.44Mn1.07Sb11.07,673.0,0.5033766002104084,10.1021/acs.chemmater.0c03043,0.24220169,0.37792265,0.39931467,0.3619439
Yb13.43Ce0.44Mn1.07Sb11.07,773.0,0.6790640147423663,10.1021/acs.chemmater.0c03043,0.3660924,0.47756875,0.5107303,0.48163152
Yb13.43Ce0.44Mn1.07Sb11.07,873.0,0.8629422266734177,10.1021/acs.chemmater.0c03043,0.5465744,0.5633629,0.6083987,0.5719607
Yb13.43Ce0.44Mn1.07Sb11.07,973.0,1.0206095234717283,10.1021/acs.chemmater.0c03043,0.67627555,0.6743428,0.70654315,0.69097215
Yb13.43Ce0.44Mn1.07Sb11.07,1073.0,1.1487072720588234,10.1021/acs.chemmater.0c03043,0.7355001,0.78203297,0.8432378,0.77895147
Yb13.43Ce0.44Mn1.07Sb11.07,1173.0,1.2126544744698533,10.1021/acs.chemmater.0c03043,0.7793035,0.88685715,0.9231045,0.8766687
Yb13.44Ce0.4Mn1.09Sb11.07,300.0,0.02860969982652,10.1021/acs.chemmater.0c03043,-0.008971696,0.031481598,0.022296794,0.014096913
Yb13.44Ce0.4Mn1.09Sb11.07,373.0,0.08790334168899082,10.1021/acs.chemmater.0c03043,0.029870393,0.072345085,0.061399225,0.04163462
Yb13.44Ce0.4Mn1.09Sb11.07,473.0,0.18889930331805926,10.1021/acs.chemmater.0c03043,0.082269385,0.17182879,0.16590531,0.07533694
Yb13.44Ce0.4Mn1.09Sb11.07,573.0,0.3103387659560216,10.1021/acs.chemmater.0c03043,0.13326345,0.26687866,0.28463462,0.1125345
Yb13.44Ce0.4Mn1.09Sb11.07,673.0,0.4555241999156644,10.1021/acs.chemmater.0c03043,0.24220169,0.38512927,0.39931467,0.20434459
Yb13.44Ce0.4Mn1.09Sb11.07,773.0,0.607447834564254,10.1021/acs.chemmater.0c03043,0.3660924,0.48477522,0.5107303,0.31923524
Yb13.44Ce0.4Mn1.09Sb11.07,873.0,0.72138701430651,10.1021/acs.chemmater.0c03043,0.5465744,0.57056946,0.6018808,0.45198378
Yb13.44Ce0.4Mn1.09Sb11.07,973.0,0.8228336666666666,10.1021/acs.chemmater.0c03043,0.67627555,0.6771815,0.70002526,0.64918417
Yb13.44Ce0.4Mn1.09Sb11.07,1073.0,0.9330180207589756,10.1021/acs.chemmater.0c03043,0.7355001,0.7776651,0.8389252,0.72024477
Yb13.44Ce0.4Mn1.09Sb11.07,1173.0,1.007776454876033,10.1021/acs.chemmater.0c03043,0.7793035,0.88248926,0.9187919,0.7586244
Yb13.49Ce0.39Mn1.05Sb11.08,300.0,0.027298439125910512,10.1021/acs.chemmater.0c03043,-0.013460054,0.030693434,0.021227704,0.010854994
Yb13.49Ce0.39Mn1.05Sb11.08,473.0,0.19530637984000002,10.1021/acs.chemmater.0c03043,0.079882845,0.17586829,0.16726422,0.073537394
Yb13.49Ce0.39Mn1.05Sb11.08,573.0,0.32257982381155065,10.1021/acs.chemmater.0c03043,0.1308769,0.27091816,0.28791338,0.11212662
Yb13.49Ce0.39Mn1.05Sb11.08,673.0,0.4628166653507427,10.1021/acs.chemmater.0c03043,0.2437581,0.39442563,0.40562108,0.2024719
Yb13.49Ce0.39Mn1.05Sb11.08,873.0,0.7456269144017724,10.1021/acs.chemmater.0c03043,0.528484,0.6124434,0.6332634,0.43591073
Yb13.49Ce0.39Mn1.05Sb11.08,973.0,0.8873368943425907,10.1021/acs.chemmater.0c03043,0.70878214,0.7685497,0.7685217,0.66406155
Yb13.49Ce0.39Mn1.05Sb11.08,1073.0,0.9972120999421644,10.1021/acs.chemmater.0c03043,0.7680067,0.8673089,0.90521646,0.7410134
Yb13.49Ce0.39Mn1.05Sb11.08,1173.0,1.0602702001407043,10.1021/acs.chemmater.0c03043,0.8118101,0.96572196,0.98508316,0.77991754
Yb13.6Ce0.363Mn0.99Sb11.05,300.0,0.01675879692422121,10.1021/acs.chemmater.0c03043,0.011934374,0.02773659,0.018037012,0.030202538
Yb13.6Ce0.363Mn0.99Sb11.05,373.0,0.06948703223890143,10.1021/acs.chemmater.0c03043,0.058680948,0.06693255,0.05358653,0.07145283
Yb13.6Ce0.363Mn0.99Sb11.05,473.0,0.15832008378590207,10.1021/acs.chemmater.0c03043,0.14331566,0.17291147,0.1605206,0.16523129
Yb13.6Ce0.363Mn0.99Sb11.05,573.0,0.2682356022669244,10.1021/acs.chemmater.0c03043,0.25954944,0.2679613,0.28116977,0.24965337
Yb13.6Ce0.363Mn0.99Sb11.05,673.0,0.4029365855297907,10.1021/acs.chemmater.0c03043,0.41028762,0.38390297,0.39887747,0.37214568
Yb13.6Ce0.363Mn0.99Sb11.05,773.0,0.556502540220366,10.1021/acs.chemmater.0c03043,0.525346,0.49408126,0.5140087,0.49475777
Yb13.6Ce0.363Mn0.99Sb11.05,873.0,0.6621112505804055,10.1021/acs.chemmater.0c03043,0.63118565,0.5919967,0.6223362,0.5975183
Yb13.6Ce0.363Mn0.99Sb11.05,973.0,0.7793917253144165,10.1021/acs.chemmater.0c03043,0.7950074,0.7345561,0.74879354,0.7363891
Yb13.6Ce0.363Mn0.99Sb11.05,1073.0,0.8769788508381038,10.1021/acs.chemmater.0c03043,0.89353985,0.8333153,0.8854883,0.8387321
Yb13.6Ce0.363Mn0.99Sb11.05,1173.0,0.969193456143362,10.1021/acs.chemmater.0c03043,0.99508446,0.93172836,0.965355,0.93697387
Gd2.75Se4,350.0,0.024533110501910833,10.1021/acs.chemmater.0c03581,0.011513163,0.00835011,0.017425446,0.015278078
Gd2.75Se4,450.0,0.060945266855676236,10.1021/acs.chemmater.0c03581,0.04802489,0.03527317,0.043690324,0.040840834
Gd2.75Se4,550.0,0.10591419758412424,10.1021/acs.chemmater.0c03581,0.07552316,0.06685492,0.07492043,0.073370844
Gd2.75Se4,650.0,0.1342694675792142,10.1021/acs.chemmater.0c03581,0.118398935,0.12475313,0.13909717,0.14008452
Gd2.75Se4,750.0,0.16443566654117645,10.1021/acs.chemmater.0c03581,0.25425723,0.21436465,0.23400792,0.25891027
Gd2.75Se4,850.0,0.2042914507532957,10.1021/acs.chemmater.0c03581,0.38054836,0.35902798,0.38306955,0.4081672
Gd2.79Se4,350.0,0.022471033423472144,10.1021/acs.chemmater.0c03581,0.011513163,0.00835011,0.017425446,0.015278078
Gd2.79Se4,450.0,0.05045517792673422,10.1021/acs.chemmater.0c03581,0.04802489,0.03527317,0.043690324,0.040840834
Gd2.79Se4,550.0,0.09479743973304415,10.1021/acs.chemmater.0c03581,0.081152014,0.06685492,0.07492043,0.073370844
Gd2.79Se4,650.0,0.139072375,10.1021/acs.chemmater.0c03581,0.12402783,0.12475313,0.13909717,0.14008452
Gd2.79Se4,750.0,0.17,10.1021/acs.chemmater.0c03581,0.2598861,0.21436465,0.23400792,0.25891027
Gd2.79Se4,850.0,0.23087822831746035,10.1021/acs.chemmater.0c03581,0.3861772,0.35902798,0.38306955,0.4081672
Gd2.84Se4,350.0,0.032768777279812936,10.1021/acs.chemmater.0c03581,0.011513163,0.00835011,0.017425446,0.015278078
Gd2.84Se4,450.0,0.06704956503496505,10.1021/acs.chemmater.0c03581,0.04802489,0.03527317,0.043690324,0.040840834
Gd2.84Se4,550.0,0.11381460125265391,10.1021/acs.chemmater.0c03581,0.081152014,0.06685492,0.07492043,0.073370844
Gd2.84Se4,650.0,0.16550614926469565,10.1021/acs.chemmater.0c03581,0.12402783,0.12475313,0.13909717,0.14008452
Gd2.84Se4,750.0,0.22005322298265156,10.1021/acs.chemmater.0c03581,0.2598861,0.21436465,0.23400792,0.25891027
Gd2.84Se4,850.0,0.27475809976744187,10.1021/acs.chemmater.0c03581,0.3861772,0.35902798,0.38306955,0.4081672
Gd2Se2.92,350.0,0.04263781880020909,10.1021/acs.chemmater.0c03581,0.011513163,0.00835011,0.017425446,0.015278078
Gd2Se2.92,450.0,0.08414554212839505,10.1021/acs.chemmater.0c03581,0.04802489,0.03527317,0.043690324,0.040840834
Gd2Se2.92,550.0,0.13319614386257145,10.1021/acs.chemmater.0c03581,0.07552316,0.06685492,0.07492043,0.073370844
Gd2Se2.92,650.0,0.1915193586738617,10.1021/acs.chemmater.0c03581,0.118398935,0.12475313,0.13909717,0.14008452
Gd2Se2.92,750.0,0.2504815785306,10.1021/acs.chemmater.0c03581,0.25425723,0.21436465,0.23400792,0.25891027
Gd2Se2.92,850.0,0.3119644746582338,10.1021/acs.chemmater.0c03581,0.38054836,0.35902798,0.38306955,0.4081672
Gd2Se2.94,350.0,0.04196674244131455,10.1021/acs.chemmater.0c03581,0.011513163,0.00835011,0.017425446,0.015278078
Gd2Se2.94,450.0,0.0930516377113867,10.1021/acs.chemmater.0c03581,0.04802489,0.03527317,0.043690324,0.040840834
Gd2Se2.94,550.0,0.15169997180156658,10.1021/acs.chemmater.0c03581,0.07552316,0.06685492,0.07492043,0.073370844
Gd2Se2.94,650.0,0.20978359810771469,10.1021/acs.chemmater.0c03581,0.118398935,0.12475313,0.13909717,0.14008452
Gd2Se2.94,750.0,0.2885348804868317,10.1021/acs.chemmater.0c03581,0.25425723,0.21436465,0.23400792,0.25891027
Gd2Se2.94,850.0,0.33321220556475917,10.1021/acs.chemmater.0c03581,0.38054836,0.35902798,0.38306955,0.4081672
Gd2Se2.98,350.0,0.1101025251012931,10.1021/acs.chemmater.0c03581,0.011513163,0.009307694,0.017425446,0.015278078
Gd2Se2.98,450.0,0.19701617594421056,10.1021/acs.chemmater.0c03581,0.04802489,0.036230754,0.043690324,0.040840834
Gd2Se2.98,550.0,0.2920537711363485,10.1021/acs.chemmater.0c03581,0.07552316,0.06685492,0.07492043,0.073370844
Gd2Se2.98,650.0,0.38904534547864505,10.1021/acs.chemmater.0c03581,0.118398935,0.12475313,0.13909717,0.14008452
Gd2Se2.98,750.0,0.4706143025012933,10.1021/acs.chemmater.0c03581,0.25425723,0.21436465,0.23400792,0.25891027
Gd2Se2.98,850.0,0.5452623538871979,10.1021/acs.chemmater.0c03581,0.38054836,0.35902798,0.38306955,0.4081672
Sn0.965Pb0.01Cd0.025Se,300.0,0.0667941423075,10.1021/acs.chemmater.0c03657,0.08873817,0.10318953,0.072208844,0.07408524
Sn0.965Pb0.01Cd0.025Se,373.0,0.17848142082289803,10.1021/acs.chemmater.0c03657,0.12117944,0.12350753,0.10486745,0.10256366
Sn0.965Pb0.01Cd0.025Se,423.0,0.26366903034683054,10.1021/acs.chemmater.0c03657,0.18828098,0.19183005,0.15822227,0.1811283
Sn0.965Pb0.01Cd0.025Se,473.0,0.3292116407953816,10.1021/acs.chemmater.0c03657,0.24233113,0.24417314,0.22605044,0.24694918
Sn0.965Pb0.01Cd0.025Se,573.0,0.4374642167804387,10.1021/acs.chemmater.0c03657,0.4444793,0.4015154,0.40951067,0.42672256
Sn0.965Pb0.01Cd0.025Se,673.0,0.4920229382670306,10.1021/acs.chemmater.0c03657,0.6099338,0.5632604,0.5652206,0.5571587
Sn0.965Pb0.01Cd0.025Se,723.0,0.6890997579537805,10.1021/acs.chemmater.0c03657,0.7279085,0.7056322,0.6722482,0.6990423
Sn0.965Pb0.01Cd0.025Se,823.0,1.3110621765688708,10.1021/acs.chemmater.0c03657,1.0193919,1.0748296,1.0378482,1.0495899
Sn0.965Pb0.01Cd0.025Se,873.0,1.5047616410837312,10.1021/acs.chemmater.0c03657,1.3422805,1.3790755,1.3487761,1.3400252
Sn0.96Pb0.01Cd0.035Se,300.0,0.08364647834862633,10.1021/acs.chemmater.0c03657,0.130086,0.14541459,0.11961166,0.14752585
Sn0.96Pb0.01Cd0.035Se,373.0,0.2224249995572451,10.1021/acs.chemmater.0c03657,0.16088007,0.17300728,0.15227042,0.18017253
Sn0.96Pb0.01Cd0.035Se,423.0,0.33536773310335866,10.1021/acs.chemmater.0c03657,0.2279816,0.24132952,0.20562544,0.2587366
Sn0.96Pb0.01Cd0.035Se,473.0,0.43428297045580105,10.1021/acs.chemmater.0c03657,0.28848118,0.29927716,0.28274426,0.32455775
Sn0.96Pb0.01Cd0.035Se,573.0,0.5686869436952293,10.1021/acs.chemmater.0c03657,0.49585584,0.46268505,0.4661142,0.52101296
Sn0.96Pb0.01Cd0.035Se,673.0,0.679031628802273,10.1021/acs.chemmater.0c03657,0.6700036,0.6429156,0.63332784,0.66970015
Sn0.96Pb0.01Cd0.035Se,723.0,0.9864376073442989,10.1021/acs.chemmater.0c03657,0.78517073,0.77946824,0.7414802,0.81465
Sn0.96Pb0.01Cd0.035Se,823.0,1.6533596536313782,10.1021/acs.chemmater.0c03657,1.0425307,1.1119463,1.0637906,1.0903921
Sn0.96Pb0.01Cd0.035Se,873.0,1.9165852045513494,10.1021/acs.chemmater.0c03657,1.3395313,1.4282304,1.3421464,1.3289529
Sn0.975Pb0.01Cd0.015Se,300.0,0.03767335472480401,10.1021/acs.chemmater.0c03657,0.08873817,0.091799885,0.072208844,0.07216989
Sn0.975Pb0.01Cd0.015Se,373.0,0.11086114226553861,10.1021/acs.chemmater.0c03657,0.12117944,0.11211786,0.10486745,0.10064831
Sn0.975Pb0.01Cd0.015Se,423.0,0.1714645927624225,10.1021/acs.chemmater.0c03657,0.18828098,0.1804404,0.15822227,0.17921293
Sn0.975Pb0.01Cd0.015Se,473.0,0.21365094581298855,10.1021/acs.chemmater.0c03657,0.24233113,0.23278365,0.22605044,0.24503382
Sn0.975Pb0.01Cd0.015Se,573.0,0.2566922386144964,10.1021/acs.chemmater.0c03657,0.4444793,0.39012572,0.40951067,0.4227371
Sn0.975Pb0.01Cd0.015Se,673.0,0.3302653155159466,10.1021/acs.chemmater.0c03657,0.6099338,0.5518707,0.5652206,0.55685896
Sn0.975Pb0.01Cd0.015Se,723.0,0.4742874501691508,10.1021/acs.chemmater.0c03657,0.7279085,0.6930792,0.6722482,0.69874257
Sn0.975Pb0.01Cd0.015Se,823.0,0.9499770741894421,10.1021/acs.chemmater.0c03657,1.0227293,1.0636255,1.026542,1.0450147
Sn0.975Pb0.01Cd0.015Se,873.0,1.0449412223975092,10.1021/acs.chemmater.0c03657,1.354339,1.3678714,1.3291574,1.33545
Sn0.97Pb0.01Cd0.025Se,300.0,0.05490299869214437,10.1021/acs.chemmater.0c03657,0.130086,0.15111494,0.119638,0.14986272
Sn0.97Pb0.01Cd0.025Se,373.0,0.13954573967274803,10.1021/acs.chemmater.0c03657,0.16088007,0.17870763,0.15229677,0.18250944
Sn0.97Pb0.01Cd0.025Se,423.0,0.2046778091670899,10.1021/acs.chemmater.0c03657,0.2279816,0.24702999,0.20565179,0.26107353
Sn0.97Pb0.01Cd0.025Se,473.0,0.257958796769262,10.1021/acs.chemmater.0c03657,0.28848118,0.30732402,0.2827706,0.32689467
Sn0.97Pb0.01Cd0.025Se,573.0,0.33067111003166016,10.1021/acs.chemmater.0c03657,0.49585584,0.4707319,0.4696251,0.51606065
Sn0.97Pb0.01Cd0.025Se,673.0,0.4024770502272845,10.1021/acs.chemmater.0c03657,0.6700036,0.6444078,0.63683873,0.6652654
Sn0.97Pb0.01Cd0.025Se,723.0,0.554334798,10.1021/acs.chemmater.0c03657,0.78517073,0.78096044,0.74499106,0.80714923
Sn0.97Pb0.01Cd0.025Se,823.0,1.0855220778382602,10.1021/acs.chemmater.0c03657,1.0371379,1.1118318,1.0644348,1.1032982
Sn0.97Pb0.01Cd0.025Se,873.0,1.2452344344339623,10.1021/acs.chemmater.0c03657,1.3418359,1.4154164,1.3483022,1.3383496
SnSe,300.0,0.02779606676571428,10.1021/acs.chemmater.0c03657,0.0496501,0.011941478,0.038015384,0.017747153
SnSe,373.0,0.08115081966055847,10.1021/acs.chemmater.0c03657,0.07533443,0.03532931,0.06638286,0.038144715
SnSe,423.0,0.12843377420046678,10.1021/acs.chemmater.0c03657,0.10331668,0.07067688,0.09210618,0.07997557
SnSe,473.0,0.1645817006907244,10.1021/acs.chemmater.0c03657,0.12632596,0.09317015,0.12047188,0.118024364
SnSe,573.0,0.20721138159727087,10.1021/acs.chemmater.0c03657,0.22295684,0.2094305,0.21849005,0.2388388
SnSe,673.0,0.2309967763967022,10.1021/acs.chemmater.0c03657,0.351087,0.35393372,0.3516994,0.36885506
SnSe,723.0,0.3214260766100924,10.1021/acs.chemmater.0c03657,0.43569115,0.4535888,0.44693947,0.4331402
SnSe,823.0,0.7233140204497407,10.1021/acs.chemmater.0c03657,0.65131235,0.67702067,0.667191,0.6889224
SnSe,873.0,0.7863173812418097,10.1021/acs.chemmater.0c03657,1.0537546,0.89906275,0.9542722,0.9098099
Ca10GaSb9,398.0,0.00012579980400531996,10.1021/acs.chemmater.0c04940,0.08539385,0.14273845,0.113058716,0.12309428
Ca10GaSb9,473.0,0.0004830312362148811,10.1021/acs.chemmater.0c04940,0.10614392,0.18921626,0.13569832,0.16042742
Ca10GaSb9,573.0,0.002002747063256508,10.1021/acs.chemmater.0c04940,0.18540348,0.28133506,0.2196029,0.24326576
Ca10GaSb9,673.0,0.005876575894031963,10.1021/acs.chemmater.0c04940,0.3024078,0.39340323,0.31073317,0.36290884
Ca10InSb9,398.0,0.017700906511087737,10.1021/acs.chemmater.0c04940,0.11132486,0.16976155,0.14445779,0.1311327
Ca10InSb9,573.0,0.09077328719330958,10.1021/acs.chemmater.0c04940,0.2327409,0.33349097,0.27591565,0.2543513
Ca10InSb9,673.0,0.14450664979029892,10.1021/acs.chemmater.0c04940,0.35032094,0.43705896,0.36302108,0.3703641
Ca10InSb9,772.0,0.1990518902777778,10.1021/acs.chemmater.0c04940,0.44659582,0.5103048,0.42734662,0.46990103
Ca10MnSb9,373.0,4.432873155103164e-07,10.1021/acs.chemmater.0c04940,0.04238218,0.089928515,0.065083496,0.06584438
Ca10MnSb9,473.0,7.113319974272854e-06,10.1021/acs.chemmater.0c04940,0.106944494,0.18386497,0.130383,0.15517278
Ca10MnSb9,573.0,9.021628329297819e-05,10.1021/acs.chemmater.0c04940,0.19351959,0.27587882,0.21703117,0.23421088
Ca10ZnSb9,373.0,8.156935528935903e-06,10.1021/acs.chemmater.0c04940,0.067836165,0.07906959,0.05738413,0.06725747
Ca10ZnSb9,473.0,2.9931082416447282e-05,10.1021/acs.chemmater.0c04940,0.16123308,0.17301102,0.13231218,0.16426513
Ca10ZnSb9,573.0,0.0001549208103490534,10.1021/acs.chemmater.0c04940,0.2690151,0.2554633,0.22287409,0.24651903
Ge0.87Mn0.05Sb0.08Te,298.0,0.1454138734887152,10.1021/acs.chemmater.1c00331,0.2153072,0.24601978,0.2663518,0.24118613
Ge0.87Mn0.05Sb0.08Te,398.0,0.31559747652252856,10.1021/acs.chemmater.1c00331,0.45668885,0.49075717,0.48343745,0.4880182
Ge0.87Mn0.05Sb0.08Te,498.0,0.7,10.1021/acs.chemmater.1c00331,0.7196428,0.7664763,0.83328176,0.7878604
Ge0.87Mn0.05Sb0.08Te,598.0,1.1349394124275325,10.1021/acs.chemmater.1c00331,1.3380952,1.3087381,1.434818,1.4215107
Ge0.87Mn0.05Sb0.08Te,648.0,1.3691738566429035,10.1021/acs.chemmater.1c00331,1.63342,1.5480467,1.6078243,1.5636622
Ge0.87Mn0.05Sb0.08Te,698.0,1.5771072801880457,10.1021/acs.chemmater.1c00331,1.7178931,1.6782528,1.6828805,1.7105163
Ge0.87Mn0.05Sb0.08Te,773.0,1.6639926294812013,10.1021/acs.chemmater.1c00331,1.7256707,1.7043989,1.7094394,1.7098578
Ge0.95Mn0.05Te,298.0,0.04812129198542655,10.1021/acs.chemmater.1c00331,0.03656535,0.06750804,0.04993647,0.06792208
Ge0.95Mn0.05Te,398.0,0.09157362271477365,10.1021/acs.chemmater.1c00331,0.16387032,0.16393022,0.1506233,0.1751443
Ge0.95Mn0.05Te,498.0,0.25383839037223,10.1021/acs.chemmater.1c00331,0.31836006,0.3162226,0.32038102,0.3418062
Ge0.95Mn0.05Te,598.0,0.6232428398235712,10.1021/acs.chemmater.1c00331,0.59381086,0.6676458,0.6092956,0.70312136
Ge0.95Mn0.05Te,648.0,0.806110571492846,10.1021/acs.chemmater.1c00331,0.9186205,0.91761667,0.86830014,0.84383905
Ge0.95Mn0.05Te,698.0,0.9711435280392201,10.1021/acs.chemmater.1c00331,0.99235374,1.0148151,0.9874173,0.9754981
Ge0.95Mn0.05Te,773.0,1.0388175128763146,10.1021/acs.chemmater.1c00331,1.0312836,1.0504926,1.0451523,1.0171577
Ge0.96Mn0.02Sb0.02Te,298.0,0.06272429168951801,10.1021/acs.chemmater.1c00331,0.06898425,0.09078893,0.08071733,0.10589557
Ge0.96Mn0.02Sb0.02Te,398.0,0.15181857501410181,10.1021/acs.chemmater.1c00331,0.19121271,0.20498273,0.1921544,0.23144273
Ge0.96Mn0.02Sb0.02Te,498.0,0.3712464536338619,10.1021/acs.chemmater.1c00331,0.40061578,0.3654643,0.38156164,0.4272598
Ge0.96Mn0.02Sb0.02Te,598.0,0.9031368477057946,10.1021/acs.chemmater.1c00331,0.67415935,0.690506,0.7022587,0.7787387
Ge0.96Mn0.02Sb0.02Te,648.0,1.2408216474024896,10.1021/acs.chemmater.1c00331,1.0225407,0.9530498,0.96976954,0.9300056
Ge0.96Mn0.02Sb0.02Te,698.0,1.36664960806271,10.1021/acs.chemmater.1c00331,1.1181442,1.0758181,1.1211352,1.093293
Ge0.96Mn0.02Sb0.02Te,773.0,1.2452400656661322,10.1021/acs.chemmater.1c00331,1.1491787,1.1051681,1.1597186,1.1242887
Ge0.98Mn0.01Sb0.01Te,298.0,0.030758688105322025,10.1021/acs.chemmater.1c00331,0.057363324,0.07690461,0.07431338,0.091859505
Ge0.98Mn0.01Sb0.01Te,398.0,0.07837703453647035,10.1021/acs.chemmater.1c00331,0.17959176,0.1910984,0.18448353,0.21640697
Ge0.98Mn0.01Sb0.01Te,498.0,0.18496509646737055,10.1021/acs.chemmater.1c00331,0.37393427,0.3422698,0.36058614,0.4065201
Ge0.98Mn0.01Sb0.01Te,598.0,0.4443737901437472,10.1021/acs.chemmater.1c00331,0.6394721,0.66090494,0.6261517,0.7245108
Ge0.98Mn0.01Sb0.01Te,648.0,0.6868983792779492,10.1021/acs.chemmater.1c00331,0.9543019,0.923184,0.90630203,0.88305026
Ge0.98Mn0.01Sb0.01Te,698.0,1.0111918010725183,10.1021/acs.chemmater.1c00331,1.0489757,1.0442649,1.0691438,1.0391375
Ge0.98Mn0.01Sb0.01Te,773.0,0.9042592390039794,10.1021/acs.chemmater.1c00331,1.0751535,1.0736151,1.1077269,1.0782888
Ge0.98Mn0.02Te,298.0,0.04189423112917971,10.1021/acs.chemmater.1c00331,0.031870954,0.062621325,0.0432113,0.06736928
Ge0.98Mn0.02Te,398.0,0.0778864330602879,10.1021/acs.chemmater.1c00331,0.14263825,0.15904349,0.1438981,0.17459153
Ge0.98Mn0.02Te,498.0,0.18075850651782,10.1021/acs.chemmater.1c00331,0.29512355,0.30322322,0.2996501,0.34125343
Ge0.98Mn0.02Te,598.0,0.45330184123877976,10.1021/acs.chemmater.1c00331,0.53138286,0.63970643,0.5300642,0.6754594
Ge0.98Mn0.02Te,648.0,0.6068172886120178,10.1021/acs.chemmater.1c00331,0.87573975,0.90680283,0.81633043,0.82307124
Ge0.98Mn0.02Te,698.0,0.8455505794752095,10.1021/acs.chemmater.1c00331,0.9494347,1.0099286,0.97261727,0.9699102
Ge0.99Mn0.01Te,298.0,0.02750737696796566,10.1021/acs.chemmater.1c00331,0.031870954,0.07753464,0.0432113,0.08720808
Ge0.99Mn0.01Te,398.0,0.05607709584548525,10.1021/acs.chemmater.1c00331,0.14263825,0.1739568,0.1438981,0.19443034
Ge0.99Mn0.01Te,498.0,0.13555422005718956,10.1021/acs.chemmater.1c00331,0.29512355,0.3181365,0.2996501,0.36109212
Ge0.99Mn0.01Te,648.0,0.748773187536097,10.1021/acs.chemmater.1c00331,0.87573975,0.92171615,0.7986908,0.82029486
Ge0.9Mn0.05Sb0.05Te,298.0,0.09408843116286976,10.1021/acs.chemmater.1c00331,0.13955292,0.13796154,0.1387084,0.1453316
Ge0.9Mn0.05Sb0.05Te,398.0,0.17678550370438315,10.1021/acs.chemmater.1c00331,0.28159407,0.268563,0.2530636,0.27948833
Ge0.9Mn0.05Sb0.05Te,498.0,0.4238404288550057,10.1021/acs.chemmater.1c00331,0.53546274,0.50851905,0.567173,0.56358033
Ge0.9Mn0.05Sb0.05Te,598.0,0.9677177776839021,10.1021/acs.chemmater.1c00331,1.1552086,1.0578882,1.1749371,1.1743417
Ge0.9Mn0.05Sb0.05Te,648.0,1.1727810504908835,10.1021/acs.chemmater.1c00331,1.3885217,1.2898729,1.3772287,1.2980039
Ge0.9Mn0.05Sb0.05Te,698.0,1.2905315289948405,10.1021/acs.chemmater.1c00331,1.4745524,1.3605499,1.4678636,1.4067826
Ge0.9Mn0.05Sb0.05Te,773.0,1.3399736219674294,10.1021/acs.chemmater.1c00331,1.5185236,1.3840312,1.5140481,1.4278067
GeTe,298.0,0.02016944123096606,10.1021/acs.chemmater.1c00331,0.0312646,0.07673223,0.042694755,0.08608336
GeTe,398.0,0.042301445901067346,10.1021/acs.chemmater.1c00331,0.1420319,0.1731544,0.14338155,0.19330564
GeTe,498.0,0.11769124745291683,10.1021/acs.chemmater.1c00331,0.2945172,0.33903193,0.29913357,0.3599674
GeTe,598.0,0.3436480796079422,10.1021/acs.chemmater.1c00331,0.53077656,0.67551506,0.5295477,0.72205335
GeTe,648.0,0.608961800795279,10.1021/acs.chemmater.1c00331,0.87513345,0.938203,0.79817426,0.86228037
GeTe,698.0,0.9193773384483321,10.1021/acs.chemmater.1c00331,0.9488284,1.0536877,0.9430803,1.0268806
Cu26Ti2Sb3Ge3S32,308.0,0.10977464300602388,10.1021/acs.chemmater.1c00872,0.18274097,0.16752772,0.1592425,0.18813378
Cu26Ti2Sb3Ge3S32,400.0,0.21614840441912944,10.1021/acs.chemmater.1c00872,0.29536784,0.27607232,0.26787055,0.28710684
Cu26Ti2Sb3Ge3S32,498.0,0.34201535752887063,10.1021/acs.chemmater.1c00872,0.44552884,0.41542307,0.41677025,0.42657015
Cu26Ti2Sb3Ge3S32,596.0,0.493,10.1021/acs.chemmater.1c00872,0.5710264,0.5173442,0.52268815,0.53504014
Cu26Ti2Sb3Ge3S32,677.0,0.6373430836880312,10.1021/acs.chemmater.1c00872,0.6549783,0.62802976,0.6087149,0.6277488
Cu26Ti2Sb4Ge2S32,308.0,0.18937009493071597,10.1021/acs.chemmater.1c00872,0.17951064,0.16824582,0.1592425,0.18795155
Cu26Ti2Sb4Ge2S32,400.0,0.35544910450920786,10.1021/acs.chemmater.1c00872,0.2921375,0.2767904,0.26787055,0.28692457
Cu26Ti2Sb4Ge2S32,498.0,0.5563371263699625,10.1021/acs.chemmater.1c00872,0.4422985,0.41614115,0.41279888,0.42638797
Cu26Ti2Sb4Ge2S32,596.0,0.7509240175089604,10.1021/acs.chemmater.1c00872,0.5677962,0.5180623,0.5187168,0.5348579
Cu26Ti2Sb4Ge2S32,677.0,0.9054387139689579,10.1021/acs.chemmater.1c00872,0.65174794,0.6287479,0.60474354,0.6293493
Ca3.2Yb1.65Pr0.15Al2Sb6,323.0,0.0012157779765986395,10.1021/acs.chemmater.1c01318,-0.014741029,0.027946252,0.02608742,0.030018816
Ca3.2Yb1.65Pr0.15Al2Sb6,423.0,0.0020276968561643836,10.1021/acs.chemmater.1c01318,0.044333402,0.1129563,0.105834834,0.110206865
Ca3.2Yb1.65Pr0.15Al2Sb6,523.0,0.003210033814432989,10.1021/acs.chemmater.1c01318,0.082878955,0.19051918,0.19208254,0.18701065
Ca3.2Yb1.65Pr0.15Al2Sb6,623.0,0.004491743794434902,10.1021/acs.chemmater.1c01318,0.1090176,0.21108383,0.21414767,0.20440781
Ca3.2Yb1.65Pr0.15Al2Sb6,723.0,0.00616,10.1021/acs.chemmater.1c01318,0.08571536,0.25620076,0.24081942,0.22651821
Ca3.2Yb1.65Pr0.15Al2Sb6,823.0,0.0076,10.1021/acs.chemmater.1c01318,0.13720009,0.31003714,0.2909518,0.30441418
Ca3.3Yb1.5Sm0.2Al2Sb6,323.0,0.006711241252231405,10.1021/acs.chemmater.1c01318,-0.018860301,0.01683701,0.014604175,0.013348293
Ca3.3Yb1.5Sm0.2Al2Sb6,423.0,0.013392747607802017,10.1021/acs.chemmater.1c01318,0.040214118,0.10436272,0.094351694,0.093536496
Ca3.3Yb1.5Sm0.2Al2Sb6,523.0,0.021640680507478992,10.1021/acs.chemmater.1c01318,0.07875972,0.18192571,0.18059927,0.17021361
Ca3.3Yb1.5Sm0.2Al2Sb6,623.0,0.031901457713725496,10.1021/acs.chemmater.1c01318,0.1052652,0.20249046,0.20266448,0.18787012
Ca3.3Yb1.5Sm0.2Al2Sb6,723.0,0.042,10.1021/acs.chemmater.1c01318,0.081962965,0.23231629,0.22564696,0.20998067
Ca3.3Yb1.5Sm0.2Al2Sb6,823.0,0.049,10.1021/acs.chemmater.1c01318,0.1334477,0.28615245,0.2757791,0.29411724
Ca3.3Yb1.5Sm0.2Al2Sb6,323.0,0.0003051159790928516,10.1021/acs.chemmater.1c01318,-0.018860301,0.01683701,0.014604175,0.013348293
Ca3.3Yb1.5Sm0.2Al2Sb6,423.0,0.001958409232880642,10.1021/acs.chemmater.1c01318,0.040214118,0.10436272,0.094351694,0.093536496
Ca3.3Yb1.5Sm0.2Al2Sb6,523.0,0.0055071403364595544,10.1021/acs.chemmater.1c01318,0.07875972,0.18192571,0.18059927,0.17021361
Ca3.3Yb1.5Sm0.2Al2Sb6,623.0,0.0083,10.1021/acs.chemmater.1c01318,0.1052652,0.20249046,0.20266448,0.18787012
Ca3.3Yb1.5Sm0.2Al2Sb6,723.0,0.0066,10.1021/acs.chemmater.1c01318,0.081962965,0.23231629,0.22564696,0.20998067
Ca3.3Yb1.5Sm0.2Al2Sb6,823.0,0.00188,10.1021/acs.chemmater.1c01318,0.1334477,0.28615245,0.2757791,0.29411724
Ca3.46Yb1.35Pr0.19Al2Sb6,323.0,0.0007605922983529412,10.1021/acs.chemmater.1c01318,-0.012612937,0.028643213,0.02957793,0.031566437
Ca3.46Yb1.35Pr0.19Al2Sb6,423.0,0.0038819248249660535,10.1021/acs.chemmater.1c01318,0.04646152,0.1129563,0.10932534,0.111754544
Ca3.46Yb1.35Pr0.19Al2Sb6,523.0,0.009804769811320755,10.1021/acs.chemmater.1c01318,0.08500705,0.19051918,0.19557306,0.18855828
Ca3.46Yb1.35Pr0.19Al2Sb6,623.0,0.013843167921259841,10.1021/acs.chemmater.1c01318,0.111145675,0.21108383,0.2176382,0.20595545
Ca3.46Yb1.35Pr0.19Al2Sb6,723.0,0.011193912066694605,10.1021/acs.chemmater.1c01318,0.087843455,0.25620076,0.24430995,0.22806583
Ca3.46Yb1.35Pr0.19Al2Sb6,823.0,0.0036054003209336242,10.1021/acs.chemmater.1c01318,0.13932817,0.31003714,0.29444233,0.30596182
Cu1.55S,300.0,0.0029013025741054005,10.1021/acs.chemmater.1c01856,0.06659444,0.05406329,0.06527053,0.062192954
Cu1.55S,350.0,0.008888886492130517,10.1021/acs.chemmater.1c01856,0.09110201,0.07467664,0.085604504,0.080722116
Cu1.55S,400.0,0.012139070802707689,10.1021/acs.chemmater.1c01856,0.12079731,0.10493983,0.1164763,0.10380741
Cu1.55S,450.0,0.01689595807905823,10.1021/acs.chemmater.1c01856,0.13546987,0.12813587,0.14171451,0.13371913
Cu1.55S,500.0,0.02331231486812045,10.1021/acs.chemmater.1c01856,0.17455406,0.1816297,0.194954,0.18642174
Cu1.55S,550.0,0.03230990376655708,10.1021/acs.chemmater.1c01856,0.24056281,0.24179016,0.25737908,0.23777701
Cu1.55S,600.0,0.047805314453623494,10.1021/acs.chemmater.1c01856,0.28426763,0.31189275,0.30712155,0.30482173
Cu1.5S,300.0,0.004246492778032037,10.1021/acs.chemmater.1c01856,0.067320496,0.05406329,0.06527053,0.062192954
Cu1.5S,350.0,0.008817268700247705,10.1021/acs.chemmater.1c01856,0.09182807,0.07467664,0.085604504,0.080722116
Cu1.5S,400.0,0.010748611736523465,10.1021/acs.chemmater.1c01856,0.12152337,0.10493983,0.1164763,0.10380741
Cu1.5S,450.0,0.01511308205683594,10.1021/acs.chemmater.1c01856,0.14215404,0.12813587,0.14171451,0.13371913
Cu1.5S,500.0,0.020764863634738676,10.1021/acs.chemmater.1c01856,0.18123823,0.18447599,0.194954,0.18642174
Cu1.5S,550.0,0.028387983991477492,10.1021/acs.chemmater.1c01856,0.24724698,0.24463645,0.25737908,0.23777701
Cu1.5S,600.0,0.03954979606142395,10.1021/acs.chemmater.1c01856,0.29095182,0.31473905,0.30712155,0.30482173
Cu1.6S,300.0,0.002435242214896904,10.1021/acs.chemmater.1c01856,0.06659444,0.05406329,0.06527053,0.062192954
Cu1.6S,350.0,0.011225891153628917,10.1021/acs.chemmater.1c01856,0.09110201,0.07467664,0.085604504,0.080722116
Cu1.6S,400.0,0.015815085158150853,10.1021/acs.chemmater.1c01856,0.12079731,0.10493983,0.1164763,0.10380741
Cu1.6S,450.0,0.023142655644320945,10.1021/acs.chemmater.1c01856,0.13546987,0.12813587,0.14171451,0.13371913
Cu1.6S,500.0,0.032827803339657916,10.1021/acs.chemmater.1c01856,0.17455406,0.1816297,0.194954,0.18642174
Cu1.6S,550.0,0.046103511715799995,10.1021/acs.chemmater.1c01856,0.24056281,0.24179016,0.25737908,0.23777701
Cu1.6S,600.0,0.06063528649861497,10.1021/acs.chemmater.1c01856,0.28426763,0.31189275,0.30712155,0.30482173
Yb10Ca3BaMgSb11,300.0,0.028076850453172205,10.1021/acs.chemmater.1c02584,0.08208579,0.10443584,0.043663107,0.08641623
Yb10Ca3BaMgSb11,500.0,0.20524086709734307,10.1021/acs.chemmater.1c02584,0.28148282,0.35849515,0.27753407,0.3312339
Yb10Ca3BaMgSb11,700.0,0.4148896762870522,10.1021/acs.chemmater.1c02584,0.5213137,0.6295984,0.52153057,0.56104594
Yb10Ca3BaMgSb11,800.0,0.5473962863091997,10.1021/acs.chemmater.1c02584,0.6457185,0.7180475,0.62796074,0.71067566
Yb11Ca2BaMgSb11,400.0,0.09583068464946062,10.1021/acs.chemmater.1c02584,0.17492631,0.19052663,0.13577773,0.19032711
Yb11Ca2BaMgSb11,600.0,0.28809014930710775,10.1021/acs.chemmater.1c02584,0.36264443,0.43297258,0.39116445,0.45320058
Yb11Ca2BaMgSb11,800.0,0.5218091409855591,10.1021/acs.chemmater.1c02584,0.6416642,0.6818075,0.6281719,0.71096283
Yb11Ca2BaMgSb11,900.0,0.6699089461883408,10.1021/acs.chemmater.1c02584,0.75933737,0.77948505,0.77498966,0.8064671
Yb12CaBaMgSb11,400.0,0.12133730981085764,10.1021/acs.chemmater.1c02584,0.16830342,0.18101808,0.1397176,0.17720653
Yb12CaBaMgSb11,600.0,0.28876788761453026,10.1021/acs.chemmater.1c02584,0.3531375,0.42271438,0.39171723,0.44008
Yb12CaBaMgSb11,800.0,0.5236039201626664,10.1021/acs.chemmater.1c02584,0.6321573,0.66493946,0.6320151,0.68814033
Yb12CaBaMgSb11,1000.0,0.8550781180961937,10.1021/acs.chemmater.1c02584,0.8529046,0.84527427,0.8813975,0.8651071
Yb7Ca6BaMgSb11,300.0,0.022336623290454542,10.1021/acs.chemmater.1c02584,-0.005196446,0.050444722,-0.018135564,0.037585735
Yb7Ca6BaMgSb11,500.0,0.19361698882882883,10.1021/acs.chemmater.1c02584,0.1290644,0.300178,0.18570206,0.2562718
Yb7Ca6BaMgSb11,700.0,0.39463438235294124,10.1021/acs.chemmater.1c02584,0.31934023,0.57007253,0.43021286,0.47655103
Yb7Ca6BaMgSb11,900.0,0.659145700562701,10.1021/acs.chemmater.1c02584,0.5537866,0.7578831,0.69000196,0.72466415
Yb7Ca6BaMgSb11,1100.0,0.9141702826666666,10.1021/acs.chemmater.1c02584,0.70953435,0.8927051,0.88228935,0.86490196
Yb7Ca6BaMgSb11,1200.0,1.019952317732105,10.1021/acs.chemmater.1c02584,0.7904152,0.97960025,0.96654326,0.9529305
Yb8Ca5BaMgSb11,300.0,0.03,10.1021/acs.chemmater.1c02584,0.069535404,0.08959165,0.033161215,0.083268836
Yb8Ca5BaMgSb11,500.0,0.21115047923875435,10.1021/acs.chemmater.1c02584,0.27028626,0.34365094,0.2631461,0.3280865
Yb8Ca5BaMgSb11,700.0,0.4231517269736842,10.1021/acs.chemmater.1c02584,0.47912943,0.61652505,0.507916,0.55182284
Yb8Ca5BaMgSb11,900.0,0.6995272477905073,10.1021/acs.chemmater.1c02584,0.72293955,0.80027753,0.76936406,0.794797
Yb8Ca5BaMgSb11,1100.0,0.9544080373250389,10.1021/acs.chemmater.1c02584,0.889925,0.93509954,0.96720666,0.9319799
Yb8Ca5BaMgSb11,1200.0,1.0319330030107527,10.1021/acs.chemmater.1c02584,0.97294587,1.0152149,1.0363148,1.0157512
Yb9Ca4BaMgSb11,300.0,0.036021083499005964,10.1021/acs.chemmater.1c02584,0.069535404,0.08959165,0.033161215,0.08082188
Yb9Ca4BaMgSb11,500.0,0.24964989369241672,10.1021/acs.chemmater.1c02584,0.27028626,0.34365094,0.2631461,0.32563955
Yb9Ca4BaMgSb11,700.0,0.4846512158309575,10.1021/acs.chemmater.1c02584,0.5010714,0.61652505,0.51133144,0.5531188
Yb9Ca4BaMgSb11,900.0,0.8076016232979077,10.1021/acs.chemmater.1c02584,0.74488133,0.80027753,0.7727795,0.79854
Yb9Ca4BaMgSb11,1100.0,1.142302509271887,10.1021/acs.chemmater.1c02584,0.9118669,0.93509954,0.9706221,0.9357229
Yb9Ca4BaMgSb11,1200.0,1.2574112882284516,10.1021/acs.chemmater.1c02584,0.9880865,1.0152149,1.0330269,1.0194943
Sn0.92Ge0.04As0.04Te,328.0,0.1064,10.1021/acs.chemmater.1c03198,0.09011364,0.10851043,0.07916386,0.105618514
Sn0.92Ge0.04As0.04Te,470.0,0.2192,10.1021/acs.chemmater.1c03198,0.19854827,0.19201922,0.18721665,0.22421104
Sn0.92Ge0.04As0.04Te,620.0,0.382,10.1021/acs.chemmater.1c03198,0.46756324,0.45912495,0.45740062,0.4537258
Sn0.92Ge0.04As0.04Te,769.0,0.5923,10.1021/acs.chemmater.1c03198,0.87673146,0.8625364,0.82613176,0.8612039
Sn0.92Ge0.04As0.04Te,869.0,0.7513,10.1021/acs.chemmater.1c03198,0.9667875,0.93908495,0.9358866,0.96978545
Cu5.133Sn1.866S6.3Cl0.7,327.0,0.0519118282212816,10.1021/acs.chemmater.1c03434,0.025539385,0.06465706,0.03407538,0.033356227
Cu5.133Sn1.866S6.3Cl0.7,426.0,0.12361772423559818,10.1021/acs.chemmater.1c03434,0.07783734,0.12054129,0.08336148,0.08346534
Cu5.133Sn1.866S6.3Cl0.7,529.0,0.22990560723796102,10.1021/acs.chemmater.1c03434,0.16380954,0.22687788,0.17260332,0.1872626
Cu5.133Sn1.866S6.3Cl0.7,633.0,0.3733344645573054,10.1021/acs.chemmater.1c03434,0.26912466,0.38806573,0.27922413,0.36075422
Cu5.133Sn1.866S6.3Cl0.7,685.0,0.4331444256635841,10.1021/acs.chemmater.1c03434,0.32986277,0.43972003,0.32455868,0.42469326
Cu5.133Sn1.866S6.65Cl0.35,300.0,0.04100851593127741,10.1021/acs.chemmater.1c03434,0.104181565,0.10655376,0.103179395,0.096945085
Cu5.133Sn1.866S6.65Cl0.35,415.0,0.11979213457661288,10.1021/acs.chemmater.1c03434,0.15277094,0.15570088,0.14810011,0.14430173
Cu5.133Sn1.866S6.65Cl0.35,515.0,0.22465918726899503,10.1021/acs.chemmater.1c03434,0.22579418,0.24890189,0.22840637,0.2435856
Cu5.133Sn1.866S6.65Cl0.35,617.0,0.35574372213541666,10.1021/acs.chemmater.1c03434,0.33804572,0.42726192,0.37925977,0.39946795
Cu5.133Sn1.866S6.65Cl0.35,667.0,0.42068999154934406,10.1021/acs.chemmater.1c03434,0.3877743,0.46867555,0.39818814,0.4646499
Cu5.133Sn1.866S7,300.0,0.008303837257142855,10.1021/acs.chemmater.1c03434,0.06114233,0.062115476,0.06610392,0.06194653
Cu5.133Sn1.866S7,415.0,0.030394214794014388,10.1021/acs.chemmater.1c03434,0.10203867,0.10926464,0.10046409,0.103613004
Cu5.133Sn1.866S7,515.0,0.06865470016966163,10.1021/acs.chemmater.1c03434,0.17051718,0.19414935,0.16724832,0.18067269
Cu5.133Sn1.866S7,617.0,0.1214138489175185,10.1021/acs.chemmater.1c03434,0.27386117,0.29472935,0.2731902,0.29453748
Cu5.133Sn1.866S7,667.0,0.1525384326565391,10.1021/acs.chemmater.1c03434,0.30797052,0.32909995,0.28400075,0.32229027
Cu5Sn2S6.65Cl0.35,300.0,0.03067640259981177,10.1021/acs.chemmater.1c03434,0.09456171,0.10430003,0.10236196,0.096945085
Cu5Sn2S6.65Cl0.35,415.0,0.08442833794304001,10.1021/acs.chemmater.1c03434,0.14152454,0.15344714,0.14728267,0.14430173
Cu5Sn2S6.65Cl0.35,515.0,0.16215274852941178,10.1021/acs.chemmater.1c03434,0.21722618,0.24664816,0.23718615,0.2435856
Cu5Sn2S6.65Cl0.35,617.0,0.27332315335419466,10.1021/acs.chemmater.1c03434,0.3336536,0.42500818,0.39265603,0.39946795
Cu5Sn2S6.65Cl0.35,667.0,0.32697553108060007,10.1021/acs.chemmater.1c03434,0.3833821,0.4664218,0.4115844,0.4646499
Cu5Sn2S7,300.0,0.01696496229006803,10.1021/acs.chemmater.1c03434,0.058946233,0.061080173,0.06528649,0.06194653
Cu5Sn2S7,422.0,0.04278163577104663,10.1021/acs.chemmater.1c03434,0.10143138,0.11155063,0.101631336,0.10735975
Cu5Sn2S7,524.0,0.08661533160687285,10.1021/acs.chemmater.1c03434,0.18843946,0.21440405,0.19164944,0.20371573
Cu5Sn2S7,627.0,0.15093265481249998,10.1021/acs.chemmater.1c03434,0.29737103,0.30722958,0.29165047,0.31003788
Cu5Sn2S7,678.0,0.18425662597402592,10.1021/acs.chemmater.1c03434,0.35006833,0.35138768,0.33468714,0.35344034
Ba7.97Ga15.95Sn30.05,300.0,0.42745,10.1021/acs.chemmater.5b00025,0.4408016,0.3940505,0.4536803,0.3883034
Ba7.97Ga15.95Sn30.06,340.0,0.562,10.1021/acs.chemmater.5b00025,0.514956,0.48080647,0.5407095,0.48624647
Ba7.97Ga15.95Sn30.07,580.0,0.5882,10.1021/acs.chemmater.5b00025,0.6712706,0.6863939,0.6650273,0.66813594
Ba7.97Ga15.95Sn30.08,540.0,0.7,10.1021/acs.chemmater.5b00025,0.7208976,0.74617213,0.7236114,0.7250249
Ba7.97Ga15.95Sn30.09,500.0,0.762,10.1021/acs.chemmater.5b00025,0.7999567,0.80354714,0.81289214,0.7748985
Ba7.97Ga15.95Sn30.10,460.0,0.779,10.1021/acs.chemmater.5b00025,0.8055428,0.8077973,0.8367159,0.7946777
Ba8.01Ga15.83Zn0.019Sn30.15,300.0,0.3054450281589803,10.1021/acs.chemmater.5b00025,0.39465883,0.40319484,0.42630345,0.39718822
Ba8.01Ga15.83Zn0.019Sn30.15,340.0,0.3767130594268765,10.1021/acs.chemmater.5b00025,0.46881336,0.4899508,0.5161206,0.49513128
Ba8.01Ga15.83Zn0.019Sn30.15,380.0,0.45899757587776374,10.1021/acs.chemmater.5b00025,0.61299217,0.64182633,0.65744483,0.655723
Ba8.01Ga15.83Zn0.019Sn30.15,580.0,0.480913495544741,10.1021/acs.chemmater.5b00025,0.6352301,0.72645247,0.7504613,0.68826824
Ba8.01Ga15.83Zn0.019Sn30.15,540.0,0.5247282228379633,10.1021/acs.chemmater.5b00025,0.6803809,0.7795027,0.8012827,0.7607114
Ba8.01Ga15.83Zn0.019Sn30.15,420.0,0.5409220945838837,10.1021/acs.chemmater.5b00025,0.7093475,0.7903488,0.7895876,0.7909192
Ba8.01Ga15.83Zn0.019Sn30.15,500.0,0.5741204256249567,10.1021/acs.chemmater.5b00025,0.7643209,0.83527917,0.83475894,0.8092792
Ba8.01Ga15.83Zn0.019Sn30.15,460.0,0.5845632377603651,10.1021/acs.chemmater.5b00025,0.7759752,0.83782583,0.8327949,0.8153367
Ba8.01Ga15.88Zn0.009Sn30.11,300.0,0.3268,10.1021/acs.chemmater.5b00025,0.41024357,0.3988074,0.4064555,0.39718822
Ba8.01Ga15.88Zn0.009Sn30.11,340.0,0.4196,10.1021/acs.chemmater.5b00025,0.4843981,0.48556337,0.497794,0.49513128
Ba8.01Ga15.88Zn0.009Sn30.11,380.0,0.5059,10.1021/acs.chemmater.5b00025,0.6398827,0.6272698,0.63186777,0.65021926
Ba8.01Ga15.88Zn0.009Sn30.11,420.0,0.5765,10.1021/acs.chemmater.5b00025,0.73623794,0.7678025,0.7597822,0.78541553
Ba8.01Ga15.88Zn0.009Sn30.11,580.0,0.6379,10.1021/acs.chemmater.5b00025,0.67667747,0.70332426,0.6453999,0.690572
Ba8.01Ga15.88Zn0.009Sn30.11,460.0,0.6575,10.1021/acs.chemmater.5b00025,0.8028657,0.81527954,0.79174894,0.80983305
Ba8.01Ga15.88Zn0.009Sn30.11,540.0,0.6928,10.1021/acs.chemmater.5b00025,0.7218282,0.76024026,0.7034405,0.76301515
Ba8.01Ga15.88Zn0.009Sn30.11,500.0,0.698,10.1021/acs.chemmater.5b00025,0.79146606,0.8176153,0.783298,0.8077063
Ba8.01Ga15.89Zn0.006Sn30.1,300.0,0.4983555820210186,10.1021/acs.chemmater.5b00025,0.41024357,0.3988074,0.4064555,0.39718822
Ba8.01Ga15.89Zn0.006Sn30.1,340.0,0.6321553547168898,10.1021/acs.chemmater.5b00025,0.4843981,0.48556337,0.497794,0.49513128
Ba8.01Ga15.89Zn0.006Sn30.1,380.0,0.7546037552901785,10.1021/acs.chemmater.5b00025,0.6398827,0.6272698,0.63186777,0.65021926
Ba8.01Ga15.89Zn0.006Sn30.1,580.0,0.8237671218768797,10.1021/acs.chemmater.5b00025,0.67667747,0.696355,0.6453999,0.6684102
Ba8.01Ga15.89Zn0.006Sn30.1,420.0,0.841452723942505,10.1021/acs.chemmater.5b00025,0.73623794,0.7678025,0.7597822,0.78291047
Ba8.01Ga15.89Zn0.006Sn30.1,460.0,0.92236331941703,10.1021/acs.chemmater.5b00025,0.8028657,0.81527954,0.79174894,0.80177915
Ba8.01Ga15.89Zn0.006Sn30.1,540.0,0.9462631827945207,10.1021/acs.chemmater.5b00025,0.7218282,0.7561332,0.7034405,0.7323196
Ba8.01Ga15.89Zn0.006Sn30.1,500.0,0.9684343305243446,10.1021/acs.chemmater.5b00025,0.79146606,0.8135082,0.783298,0.784273
Ba8Ga15.88Zn0.007Sn30.12,300.0,0.515,10.1021/acs.chemmater.5b00025,0.41024357,0.37856603,0.3842526,0.36354238
Ba8Ga15.88Zn0.007Sn30.12,340.0,0.6588,10.1021/acs.chemmater.5b00025,0.4843981,0.465322,0.47559103,0.46148545
Ba8Ga15.88Zn0.007Sn30.12,380.0,0.7935,10.1021/acs.chemmater.5b00025,0.6398827,0.60702837,0.60966486,0.6124665
Ba8Ga15.88Zn0.007Sn30.12,580.0,0.8157,10.1021/acs.chemmater.5b00025,0.67667747,0.680604,0.630744,0.6683137
Ba8Ga15.88Zn0.007Sn30.12,420.0,0.9046,10.1021/acs.chemmater.5b00025,0.73623794,0.74756104,0.740791,0.75236666
Ba8Ga15.88Zn0.007Sn30.12,540.0,0.9882,10.1021/acs.chemmater.5b00025,0.7218282,0.73752,0.683306,0.7317893
Ba8Ga15.88Zn0.007Sn30.12,460.0,1.0222,10.1021/acs.chemmater.5b00025,0.8028657,0.7950381,0.77275777,0.7807475
Ba8Ga15.88Zn0.007Sn30.12,500.0,1.0719,10.1021/acs.chemmater.5b00025,0.79146606,0.794895,0.76802427,0.7802244
Ba0.5Cr5Se8,300.0,0.005298,10.1021/acs.chemmater.5b02933,0.0144023085,0.024447035,0.01377425,0.02187499
Ba0.5Cr5Se8,389.0,0.01046,10.1021/acs.chemmater.5b02933,0.046173964,0.040975917,0.040471017,0.043040052
Ba0.5Cr5Se8,507.37,0.023,10.1021/acs.chemmater.5b02933,0.07033813,0.07007732,0.0734813,0.081628986
Ba0.5Cr5Se8,625.79,0.05145,10.1021/acs.chemmater.5b02933,0.15433241,0.158162,0.1391025,0.16681032
Ba0.5Cr5Se8,743.0,0.095,10.1021/acs.chemmater.5b02933,0.21635783,0.20186627,0.22288871,0.23405895
Ba0.5Cr5Se8,803.0,0.11197,10.1021/acs.chemmater.5b02933,0.25331247,0.25673786,0.2551773,0.2789958
Ba0.5Cr5Se8,833.0,0.1154,10.1021/acs.chemmater.5b02933,0.28039342,0.2695748,0.27979076,0.312651
Ba0.5Cr5Se8,862.0,0.114,10.1021/acs.chemmater.5b02933,0.2861787,0.28516498,0.30104548,0.3222392
Ge0.55Pb0.45Te,300.0,0.02273014764565044,10.1021/acs.chemmater.6b02772,0.18757227,0.2169135,0.26343504,0.28400734
Ge0.55Pb0.45Te,373.0,0.04477468091906046,10.1021/acs.chemmater.6b02772,0.28155357,0.30582598,0.33621743,0.36808172
Ge0.55Pb0.45Te,472.0,0.07959362800118167,10.1021/acs.chemmater.6b02772,0.4613986,0.5440117,0.5443184,0.6278681
Ge0.55Pb0.45Te,571.0,0.10004369571678008,10.1021/acs.chemmater.6b02772,0.6867883,0.7467071,0.7544476,0.82684946
Ge0.55Pb0.45Te,671.0,0.207,10.1021/acs.chemmater.6b02772,1.015824,1.0318364,1.094736,1.1069369
Ge0.55Pb0.45Te,721.0,0.283,10.1021/acs.chemmater.6b02772,1.0956595,1.1264559,1.2311046,1.2237046
Ge0.55Pb0.45Te0.2Se0.8,300.0,0.01,10.1021/acs.chemmater.6b02772,0.11920752,0.19257393,0.2185286,0.19697161
Ge0.55Pb0.45Te0.2Se0.8,370.0,0.039,10.1021/acs.chemmater.6b02772,0.1957559,0.26935223,0.28590447,0.27262455
Ge0.55Pb0.45Te0.2Se0.8,470.0,0.0488,10.1021/acs.chemmater.6b02772,0.40265587,0.48371327,0.5135981,0.53555804
Ge0.55Pb0.45Te0.2Se0.8,569.0,0.0705021891418564,10.1021/acs.chemmater.6b02772,0.5917483,0.64751065,0.69526744,0.71069026
Ge0.55Pb0.45Te0.2Se0.8,668.0,0.13549056603773588,10.1021/acs.chemmater.6b02772,0.8930872,0.8800823,0.99446183,0.93320006
Ge0.55Pb0.45Te0.2Se0.8,721.0,0.0306404161849711,10.1021/acs.chemmater.6b02772,0.959348,1.0269376,1.1170315,1.091614
Ge0.55Pb0.45Te0.3Se0.7,300.0,0.16290281654402436,10.1021/acs.chemmater.6b02772,0.13238293,0.19257393,0.22115818,0.19697161
Ge0.55Pb0.45Te0.3Se0.7,370.0,0.27465063861758077,10.1021/acs.chemmater.6b02772,0.20893133,0.26935223,0.28853402,0.27262455
Ge0.55Pb0.45Te0.3Se0.7,470.0,0.3700787401574803,10.1021/acs.chemmater.6b02772,0.41583127,0.48371327,0.5162277,0.53555804
Ge0.55Pb0.45Te0.3Se0.7,569.0,0.4843886703383164,10.1021/acs.chemmater.6b02772,0.6049237,0.64751065,0.7020676,0.71069026
Ge0.55Pb0.45Te0.3Se0.7,668.0,0.6903244646333551,10.1021/acs.chemmater.6b02772,0.90626264,0.8800823,1.0012617,0.93320006
Ge0.55Pb0.45Te0.3Se0.7,721.0,0.7278466033601169,10.1021/acs.chemmater.6b02772,0.98184526,1.0269376,1.1238315,1.091614
Ge0.55Pb0.45Te0.4Se0.6,300.0,0.15073141519823788,10.1021/acs.chemmater.6b02772,0.14776829,0.19418319,0.2218204,0.1987303
Ge0.55Pb0.45Te0.4Se0.6,370.0,0.24778952675219024,10.1021/acs.chemmater.6b02772,0.2646114,0.2709615,0.3222644,0.27438328
Ge0.55Pb0.45Te0.4Se0.6,470.0,0.3595,10.1021/acs.chemmater.6b02772,0.47996372,0.48532254,0.5666782,0.5373168
Ge0.55Pb0.45Te0.4Se0.6,569.0,0.3976,10.1021/acs.chemmater.6b02772,0.67006886,0.64911985,0.74438167,0.7124491
Ge0.55Pb0.45Te0.4Se0.6,668.0,0.768,10.1021/acs.chemmater.6b02772,0.92409503,0.8816915,1.0014844,0.9349589
Ge0.55Pb0.45Te0.4Se0.6,721.0,0.917,10.1021/acs.chemmater.6b02772,0.98791623,1.0247142,1.1240543,1.0933726
Ge0.55Pb0.45Te0.5Se0.5,300.0,0.25,10.1021/acs.chemmater.6b02772,0.15588515,0.22394119,0.22133613,0.22621691
Ge0.55Pb0.45Te0.5Se0.5,370.0,0.4,10.1021/acs.chemmater.6b02772,0.27272826,0.3228677,0.3268504,0.32224217
Ge0.55Pb0.45Te0.5Se0.5,470.0,0.58,10.1021/acs.chemmater.6b02772,0.48808035,0.55566067,0.5712642,0.57515204
Ge0.55Pb0.45Te0.5Se0.5,569.0,0.788,10.1021/acs.chemmater.6b02772,0.67818576,0.6980951,0.7489676,0.75760853
Ge0.55Pb0.45Te0.5Se0.5,668.0,1.464,10.1021/acs.chemmater.6b02772,0.93221194,0.90346515,1.0010002,0.9422341
Ge0.55Pb0.45Te0.5Se0.5,721.0,1.555,10.1021/acs.chemmater.6b02772,0.99213475,1.0313704,1.117218,1.0845634
Ge0.55Pb0.45Te0.8Se0.2,300.0,0.1,10.1021/acs.chemmater.6b02772,0.1989811,0.27349415,0.2647228,0.2615176
Ge0.55Pb0.45Te0.8Se0.2,370.0,0.1186192867905575,10.1021/acs.chemmater.6b02772,0.34495452,0.40311143,0.39477608,0.38752326
Ge0.55Pb0.45Te0.8Se0.2,470.0,0.18,10.1021/acs.chemmater.6b02772,0.5411523,0.6370323,0.6498154,0.68435615
Ge0.55Pb0.45Te0.8Se0.2,569.0,0.24,10.1021/acs.chemmater.6b02772,0.74311155,0.7847574,0.8288046,0.84995586
Ge0.55Pb0.45Te0.8Se0.2,668.0,0.3,10.1021/acs.chemmater.6b02772,1.0572113,1.0421519,1.1606445,1.1682252
Ge0.55Pb0.45Te0.8Se0.2,721.0,0.383,10.1021/acs.chemmater.6b02772,1.1098613,1.1971061,1.2855899,1.3042818
ZrNiPb,303.0,0.030018601999582742,10.1021/acs.chemmater.6b04898,0.065792374,0.041246135,0.050245237,0.03061369
ZrNiPb,475.0,0.09281240798890429,10.1021/acs.chemmater.6b04898,0.18715772,0.19078827,0.19263886,0.20025049
ZrNiPb,673.0,0.145,10.1021/acs.chemmater.6b04898,0.44185328,0.43282446,0.47370416,0.42846704
ZrNiPb,871.0,0.12125653318039213,10.1021/acs.chemmater.6b04898,0.57723325,0.6494723,0.67060065,0.5995727
ZrNiPb0.92Sn0.6Bi0.02,303.0,0.16106916096457627,10.1021/acs.chemmater.6b04898,0.07233355,0.059105013,0.07763984,0.05648405
ZrNiPb0.92Sn0.6Bi0.02,475.0,0.3629282067391304,10.1021/acs.chemmater.6b04898,0.20825328,0.21461111,0.22160652,0.21268116
ZrNiPb0.92Sn0.6Bi0.02,673.0,0.582,10.1021/acs.chemmater.6b04898,0.5384517,0.4965677,0.4644799,0.48556933
ZrNiPb0.92Sn0.6Bi0.02,771.0,0.6722973932468795,10.1021/acs.chemmater.6b04898,0.66774845,0.6362774,0.5809644,0.65361536
ZrNiPb0.92Sn0.6Bi0.02,871.0,0.7409738159541177,10.1021/acs.chemmater.6b04898,0.7225999,0.74772793,0.66815734,0.7239919
ZrNiPb0.94Sn0.4Bi0.02,303.0,0.140026580893872,10.1021/acs.chemmater.6b04898,0.05423974,0.040161546,0.074476354,0.053075176
ZrNiPb0.94Sn0.4Bi0.02,475.0,0.3335426599457593,10.1021/acs.chemmater.6b04898,0.17730564,0.18762521,0.21253878,0.20282394
ZrNiPb0.94Sn0.4Bi0.02,673.0,0.5768332655549926,10.1021/acs.chemmater.6b04898,0.5140067,0.47259185,0.44694704,0.4935351
ZrNiPb0.94Sn0.4Bi0.02,771.0,0.6622523797553159,10.1021/acs.chemmater.6b04898,0.64330345,0.61988753,0.572416,0.66590774
ZrNiPb0.94Sn0.4Bi0.02,871.0,0.7079543949290664,10.1021/acs.chemmater.6b04898,0.6990099,0.7254432,0.66777354,0.7555558
ZrNiPb0.96Sn0.2Bi0.02,303.0,0.14591402063727274,10.1021/acs.chemmater.6b04898,0.060607765,0.036638677,0.08821371,0.06372478
ZrNiPb0.96Sn0.2Bi0.02,475.0,0.32345976967909806,10.1021/acs.chemmater.6b04898,0.18967004,0.19595683,0.23392278,0.22544238
ZrNiPb0.96Sn0.2Bi0.02,673.0,0.5824900824036571,10.1021/acs.chemmater.6b04898,0.52609223,0.4861582,0.47048992,0.5176501
ZrNiPb0.96Sn0.2Bi0.02,771.0,0.6526801111090911,10.1021/acs.chemmater.6b04898,0.6531005,0.6334537,0.6199346,0.6900233
ZrNiPb0.96Sn0.2Bi0.02,871.0,0.6768499815335463,10.1021/acs.chemmater.6b04898,0.71754247,0.7412656,0.71697086,0.80759263
ZrNiPb0.985Bi0.015,303.0,0.08003276219074007,10.1021/acs.chemmater.6b04898,0.054141533,0.03155548,0.05699298,0.038377814
ZrNiPb0.985Bi0.015,475.0,0.2215968241474554,10.1021/acs.chemmater.6b04898,0.16684096,0.17907466,0.19912806,0.19317698
ZrNiPb0.985Bi0.015,673.0,0.4057283551061382,10.1021/acs.chemmater.6b04898,0.43281493,0.4186008,0.42459348,0.42170978
ZrNiPb0.985Bi0.015,771.0,0.4646,10.1021/acs.chemmater.6b04898,0.52269846,0.55737627,0.53581196,0.5626896
ZrNiPb0.985Bi0.015,871.0,0.4278572420825726,10.1021/acs.chemmater.6b04898,0.5748657,0.6538194,0.6106893,0.6317581
ZrNiPb0.98Bi0.02,303.0,0.08900070193466222,10.1021/acs.chemmater.6b04898,0.05996241,0.03155548,0.050149743,0.03949361
ZrNiPb0.98Bi0.02,475.0,0.24863967624447028,10.1021/acs.chemmater.6b04898,0.17266183,0.17907466,0.19228484,0.19429277
ZrNiPb0.98Bi0.02,673.0,0.4569430648697681,10.1021/acs.chemmater.6b04898,0.43816525,0.4186008,0.42028978,0.4190722
ZrNiPb0.98Bi0.02,771.0,0.5429323016303139,10.1021/acs.chemmater.6b04898,0.5335075,0.55737627,0.53150827,0.56368035
ZrNiPb0.98Bi0.02,871.0,0.5470613621342018,10.1021/acs.chemmater.6b04898,0.58567476,0.6538194,0.6063856,0.63430476
ZrNiPb0.993Bi0.007,303.0,0.12463492035848513,10.1021/acs.chemmater.6b04898,0.05954306,0.037562717,0.050710868,0.044870127
ZrNiPb0.993Bi0.007,475.0,0.33922378236068457,10.1021/acs.chemmater.6b04898,0.17974807,0.18678184,0.19763958,0.21767393
ZrNiPb0.993Bi0.007,673.0,0.505,10.1021/acs.chemmater.6b04898,0.42657098,0.41692162,0.46547085,0.4323712
ZrNiPb0.993Bi0.007,771.0,0.5195289046138291,10.1021/acs.chemmater.6b04898,0.51979834,0.5485448,0.5797222,0.554632
ZrNiPb0.993Bi0.007,871.0,0.4190239067332108,10.1021/acs.chemmater.6b04898,0.5688101,0.6505403,0.6575819,0.624261
ZrNiPb0.995Bi0.005,303.0,0.11575436558427554,10.1021/acs.chemmater.6b04898,0.05954306,0.037562717,0.050710868,0.044870127
ZrNiPb0.995Bi0.005,475.0,0.2968103715960135,10.1021/acs.chemmater.6b04898,0.18090834,0.18678184,0.19763958,0.21767393
ZrNiPb0.995Bi0.005,673.0,0.458,10.1021/acs.chemmater.6b04898,0.4301924,0.41692162,0.46547085,0.4323712
ZrNiPb0.995Bi0.005,771.0,0.4406703147970069,10.1021/acs.chemmater.6b04898,0.5234198,0.54566735,0.5797222,0.554632
ZrNiPb0.995Bi0.005,871.0,0.33499046323098675,10.1021/acs.chemmater.6b04898,0.57243156,0.6476628,0.6575819,0.624261
ZrNiPb0.99Bi0.01,475.0,0.27019510885010667,10.1021/acs.chemmater.6b04898,0.1823088,0.18671654,0.20169024,0.20816699
ZrNiPb0.99Bi0.01,673.0,0.4784659785077726,10.1021/acs.chemmater.6b04898,0.43169755,0.4112238,0.4547175,0.42470884
ZrNiPb0.99Bi0.01,771.0,0.49800903331218904,10.1021/acs.chemmater.6b04898,0.52502596,0.5488333,0.56565857,0.5561327
ZrNiPb0.9Sn0.8Bi0.02,303.0,0.13636776401615158,10.1021/acs.chemmater.6b04898,0.091557875,0.08885432,0.08156014,0.07006408
ZrNiPb0.9Sn0.8Bi0.02,475.0,0.31180178506396944,10.1021/acs.chemmater.6b04898,0.24155904,0.2492269,0.2500187,0.24382569
ZrNiPb0.9Sn0.8Bi0.02,673.0,0.5177190064633924,10.1021/acs.chemmater.6b04898,0.57420695,0.5360797,0.50438523,0.5192265
ZrNiPb0.9Sn0.8Bi0.02,771.0,0.597661263903306,10.1021/acs.chemmater.6b04898,0.697871,0.6741991,0.60958457,0.6898923
ZrNiPb0.9Sn0.8Bi0.02,871.0,0.6406289913277994,10.1021/acs.chemmater.6b04898,0.7520922,0.78564966,0.68727505,0.7602688
ZrNiSn0.98Bi0.02,303.0,0.024612164799999996,10.1021/acs.chemmater.6b04898,0.06888431,0.07731452,0.08992023,0.0764029
ZrNiSn0.98Bi0.02,475.0,0.08824990326830327,10.1021/acs.chemmater.6b04898,0.1917985,0.2138669,0.25054494,0.23821081
ZrNiSn0.98Bi0.02,673.0,0.23679474768826234,10.1021/acs.chemmater.6b04898,0.5010414,0.5404194,0.50722533,0.51575214
ZrNiSn0.98Bi0.02,771.0,0.30494169709543567,10.1021/acs.chemmater.6b04898,0.5732821,0.60195595,0.5808951,0.6042759
ZrNiSn0.98Bi0.02,871.0,0.33714473335543926,10.1021/acs.chemmater.6b04898,0.6032052,0.6465289,0.6423269,0.67245984
Cu12Sb4S13,322.0,0.0825,10.1021/acs.chemmater.6b04950,0.1356784,0.14668095,0.13054894,0.15925413
Cu12Sb4S13,422.0,0.2151174483528829,10.1021/acs.chemmater.6b04950,0.24397714,0.25866497,0.2397493,0.2621144
Cu12Sb4S13,522.0,0.365,10.1021/acs.chemmater.6b04950,0.37541297,0.4100369,0.3807273,0.41578582
Cu12Sb4S13,622.0,0.563,10.1021/acs.chemmater.6b04950,0.52096033,0.5383898,0.51042557,0.5433667
Cu12Sb4S13,720.0,0.6637178419200002,10.1021/acs.chemmater.6b04950,0.5841963,0.6106198,0.5687798,0.60662234
Cu11ZnSb4S13,322.0,0.12289638903776741,10.1021/acs.chemmater.6b04950,0.14052045,0.116857395,0.12694597,0.13301827
Cu11ZnSb4S13,422.0,0.21803909694039736,10.1021/acs.chemmater.6b04950,0.25192046,0.21763505,0.24085054,0.22771567
Cu11ZnSb4S13,522.0,0.36863115771135785,10.1021/acs.chemmater.6b04950,0.39970845,0.36596662,0.38725933,0.36841932
Cu11ZnSb4S13,621.0,0.5836970736073852,10.1021/acs.chemmater.6b04950,0.54211956,0.4987918,0.5139315,0.49723458
Cu11ZnSb4S13,720.0,1.090699776,10.1021/acs.chemmater.6b04950,0.60535574,0.55909055,0.5718706,0.5613324
K0.975Ba0.025GaSb4,324.0,0.123,10.1021/acs.chemmater.7b01217,0.13076867,0.12150416,0.12504058,0.12349623
K0.975Ba0.025GaSb4,416.0,0.3243,10.1021/acs.chemmater.7b01217,0.24235122,0.23123777,0.22478215,0.23391512
K0.975Ba0.025GaSb4,509.0,0.5435,10.1021/acs.chemmater.7b01217,0.32879028,0.3103185,0.31295976,0.3304042
K0.985Ba0.015GaSb4,324.0,0.1435,10.1021/acs.chemmater.7b01217,0.13076867,0.12150416,0.12504058,0.12349623
K0.985Ba0.015GaSb4,416.0,0.3582,10.1021/acs.chemmater.7b01217,0.24235122,0.23123777,0.22478215,0.23391512
K0.985Ba0.015GaSb4,509.0,0.512,10.1021/acs.chemmater.7b01217,0.32879028,0.3103185,0.31295976,0.3304042
K0.985Ba0.015GaSb4,602.0,0.705,10.1021/acs.chemmater.7b01217,0.43618104,0.39904425,0.4219359,0.42073053
K0.985Ba0.015GaSb4,649.0,0.8023,10.1021/acs.chemmater.7b01217,0.4656322,0.4401789,0.4662423,0.45650128
K0.98Ba0.02GaSb4,324.0,0.1073,10.1021/acs.chemmater.7b01217,0.13076867,0.12150416,0.12504058,0.12349623
K0.98Ba0.02GaSb4,416.0,0.3028,10.1021/acs.chemmater.7b01217,0.24235122,0.23123777,0.22478215,0.23391512
K0.98Ba0.02GaSb4,509.0,0.51186,10.1021/acs.chemmater.7b01217,0.32879028,0.3103185,0.31295976,0.3304042
K0.98Ba0.02GaSb4,602.0,0.7051,10.1021/acs.chemmater.7b01217,0.43618104,0.39904425,0.4219359,0.42073053
K0.98Ba0.02GaSb4,649.0,0.8023,10.1021/acs.chemmater.7b01217,0.4656322,0.4401789,0.4662423,0.45650128
K0.995Ba0.005GaSb4,324.0,0.0203,10.1021/acs.chemmater.7b01217,0.13076867,0.12150416,0.12504058,0.12349623
K0.995Ba0.005GaSb4,416.0,0.1096,10.1021/acs.chemmater.7b01217,0.24235122,0.23123777,0.22478215,0.23391512
K0.995Ba0.005GaSb4,509.0,0.374,10.1021/acs.chemmater.7b01217,0.32879028,0.3103185,0.31295976,0.3304042
K0.995Ba0.005GaSb4,602.0,0.65537,10.1021/acs.chemmater.7b01217,0.43618104,0.39904425,0.4219359,0.42073053
K0.995Ba0.005GaSb4,649.0,0.7469,10.1021/acs.chemmater.7b01217,0.4656322,0.4401789,0.4662423,0.45650128
K0.99Ba0.01GaSb4,324.0,0.0689,10.1021/acs.chemmater.7b01217,0.13076867,0.12150416,0.12504058,0.12349623
K0.99Ba0.01GaSb4,416.0,0.236,10.1021/acs.chemmater.7b01217,0.24235122,0.23123777,0.22478215,0.23391512
K0.99Ba0.01GaSb4,509.0,0.4689,10.1021/acs.chemmater.7b01217,0.32879028,0.3103185,0.31295976,0.3304042
K0.99Ba0.01GaSb4,602.0,0.6633,10.1021/acs.chemmater.7b01217,0.43618104,0.39904425,0.4219359,0.42073053
K0.99Ba0.01GaSb4,649.0,0.757,10.1021/acs.chemmater.7b01217,0.4656322,0.4401789,0.4662423,0.45650128
Ag0.01Sn0.99Se,322.0,0.08219897281507994,10.1021/acs.chemmater.7b01612,0.075474784,0.0634335,0.07899462,0.05702312
Ag0.01Sn0.99Se,418.0,0.13365153905696903,10.1021/acs.chemmater.7b01612,0.12420776,0.112080775,0.12819877,0.1067432
Ag0.01Sn0.99Se,518.0,0.18310039547361368,10.1021/acs.chemmater.7b01612,0.19093503,0.21662594,0.21716636,0.20705755
Ag0.01Sn0.99Se,567.0,0.1859669818076496,10.1021/acs.chemmater.7b01612,0.2495249,0.2736861,0.25110286,0.28020087
Ag0.01Sn0.99Se,616.0,0.2397087806060606,10.1021/acs.chemmater.7b01612,0.31613335,0.33289185,0.32285243,0.34577513
Ag0.01Sn0.99Se,666.0,0.3172165805574777,10.1021/acs.chemmater.7b01612,0.35484412,0.39067608,0.35370764,0.3812047
Ag0.01Sn0.99Se,763.0,0.6150947629067649,10.1021/acs.chemmater.7b01612,0.54332274,0.57673234,0.5423662,0.5785643
Ag0.01Sn0.99Se,813.0,0.917107019383319,10.1021/acs.chemmater.7b01612,0.64723265,0.7249889,0.68978345,0.7121661
Ag0.01Sn0.99Se0.65S0.35,322.0,0.05607890224761255,10.1021/acs.chemmater.7b01612,0.070364535,0.030112395,0.062409222,0.028778654
Ag0.01Sn0.99Se0.65S0.35,418.0,0.10733563496882781,10.1021/acs.chemmater.7b01612,0.11747324,0.09274075,0.10580361,0.06569416
Ag0.01Sn0.99Se0.65S0.35,518.0,0.147292045992,10.1021/acs.chemmater.7b01612,0.19320126,0.19917442,0.18858041,0.13594252
Ag0.01Sn0.99Se0.65S0.35,567.0,0.15731292040684197,10.1021/acs.chemmater.7b01612,0.25720385,0.2508542,0.22676682,0.20427883
Ag0.01Sn0.99Se0.65S0.35,616.0,0.19495774170572552,10.1021/acs.chemmater.7b01612,0.30769357,0.31400013,0.2952009,0.25118798
Ag0.01Sn0.99Se0.65S0.35,666.0,0.2505781042541811,10.1021/acs.chemmater.7b01612,0.35044268,0.36571947,0.3078973,0.29258636
Ag0.01Sn0.99Se0.65S0.35,763.0,0.501582532995122,10.1021/acs.chemmater.7b01612,0.5161268,0.53511596,0.4939533,0.45841336
Ag0.01Sn0.99Se0.65S0.35,813.0,0.6018732258507135,10.1021/acs.chemmater.7b01612,0.6220276,0.6643277,0.6077756,0.5654385
Ag0.01Sn0.99Se0.85S0.15,322.0,0.1605357054961832,10.1021/acs.chemmater.7b01612,0.06861919,0.029993134,0.06406913,0.03202641
Ag0.01Sn0.99Se0.85S0.15,418.0,0.22781889955910742,10.1021/acs.chemmater.7b01612,0.1157279,0.08950148,0.107463524,0.06894185
Ag0.01Sn0.99Se0.85S0.15,518.0,0.2860079731189356,10.1021/acs.chemmater.7b01612,0.19145592,0.1970359,0.19024031,0.13919023
Ag0.01Sn0.99Se0.85S0.15,567.0,0.33434230837944257,10.1021/acs.chemmater.7b01612,0.2554585,0.2487158,0.2284268,0.2075265
Ag0.01Sn0.99Se0.85S0.15,616.0,0.42823347484219065,10.1021/acs.chemmater.7b01612,0.3094402,0.31186163,0.29686084,0.25443575
Ag0.01Sn0.99Se0.85S0.15,666.0,0.5857069541419913,10.1021/acs.chemmater.7b01612,0.3521893,0.366701,0.30955723,0.29583412
Ag0.01Sn0.99Se0.85S0.15,763.0,1.1184099137735946,10.1021/acs.chemmater.7b01612,0.51787347,0.5360976,0.4956131,0.46166107
Ag0.01Sn0.99Se0.85S0.15,813.0,1.5568667419303914,10.1021/acs.chemmater.7b01612,0.62377423,0.6763973,0.60943544,0.5686862
Ag0.01Sn0.99Se0.8S0.2,322.0,0.16447842982999397,10.1021/acs.chemmater.7b01612,0.06861919,0.027229285,0.061903138,0.03202641
Ag0.01Sn0.99Se0.8S0.2,418.0,0.2811156772876845,10.1021/acs.chemmater.7b01612,0.1157279,0.086737625,0.105297536,0.06894185
Ag0.01Sn0.99Se0.8S0.2,518.0,0.3024772242860801,10.1021/acs.chemmater.7b01612,0.19145592,0.19427203,0.18807434,0.13919023
Ag0.01Sn0.99Se0.8S0.2,567.0,0.2894545776382731,10.1021/acs.chemmater.7b01612,0.2554585,0.24595205,0.22626077,0.2075265
Ag0.01Sn0.99Se0.8S0.2,616.0,0.3511059827144105,10.1021/acs.chemmater.7b01612,0.30594823,0.30909777,0.2946948,0.25443575
Ag0.01Sn0.99Se0.8S0.2,666.0,0.4452236218449781,10.1021/acs.chemmater.7b01612,0.34869733,0.36393714,0.3073912,0.29583412
Ag0.01Sn0.99Se0.8S0.2,763.0,0.9130215041361515,10.1021/acs.chemmater.7b01612,0.51438147,0.5333337,0.49344715,0.46166107
Ag0.01Sn0.99Se0.8S0.2,813.0,1.4033498688,10.1021/acs.chemmater.7b01612,0.62028223,0.66254544,0.60726947,0.5686862
Ag0.01Sn0.99Se0.9S0.1,322.0,0.13231493583929113,10.1021/acs.chemmater.7b01612,0.086104505,0.09033575,0.09206535,0.076499425
Ag0.01Sn0.99Se0.9S0.1,418.0,0.21257878788029805,10.1021/acs.chemmater.7b01612,0.13321322,0.15234372,0.14126927,0.12830098
Ag0.01Sn0.99Se0.9S0.1,518.0,0.272101323094936,10.1021/acs.chemmater.7b01612,0.20894122,0.26767132,0.23512253,0.2254435
Ag0.01Sn0.99Se0.9S0.1,567.0,0.29051132461312507,10.1021/acs.chemmater.7b01612,0.2729559,0.3278607,0.27330884,0.3040955
Ag0.01Sn0.99Se0.9S0.1,616.0,0.3228085259398964,10.1021/acs.chemmater.7b01612,0.33150765,0.39194217,0.34959862,0.36280307
Ag0.01Sn0.99Se0.9S0.1,666.0,0.39588558868134677,10.1021/acs.chemmater.7b01612,0.37425676,0.4524826,0.37721616,0.4060244
Ag0.01Sn0.99Se0.9S0.1,763.0,0.7674674254473919,10.1021/acs.chemmater.7b01612,0.5399409,0.6218794,0.56856596,0.5787896
Ag0.01Sn0.99Se0.9S0.1,813.0,1.1671038847909116,10.1021/acs.chemmater.7b01612,0.65258974,0.74966764,0.694032,0.69871664
Cu2Se,303.0,0.19212777018535,10.1021/acs.chemmater.7b01687,0.22848734,0.21683717,0.21623887,0.17548798
Cu2Se,333.0,0.27765008733552626,10.1021/acs.chemmater.7b01687,0.2780294,0.22771524,0.23549284,0.19955358
Cu2Se,353.0,0.3586605377202643,10.1021/acs.chemmater.7b01687,0.34015846,0.24760573,0.2679243,0.21597098
Cu2Se,372.0,0.4165019542753628,10.1021/acs.chemmater.7b01687,0.3627255,0.24876106,0.27082288,0.21771379
Cu2Se,450.0,0.3012256320786886,10.1021/acs.chemmater.7b01687,0.33428437,0.310005,0.29848203,0.28454795
Cu2Se,550.0,0.49365443182564606,10.1021/acs.chemmater.7b01687,0.46984676,0.46430162,0.46210083,0.4623727
Cu2Se,650.0,0.6960047605667294,10.1021/acs.chemmater.7b01687,0.63820416,0.6313688,0.6352049,0.63856465
Cu2Se,750.0,0.91179424875,10.1021/acs.chemmater.7b01687,0.8703992,0.88208467,0.8513466,0.872824
Cu2Se,850.0,1.1426881984626867,10.1021/acs.chemmater.7b01687,1.238038,1.2938231,1.2378172,1.2165148
Cu2Se,1000.0,1.408921235542857,10.1021/acs.chemmater.7b01687,1.6036048,1.8382612,1.5655273,1.7642977
Cu2Se0.88S0.12,303.0,0.3939069378035585,10.1021/acs.chemmater.7b01687,0.1512025,0.15264793,0.1628788,0.13921002
Cu2Se0.88S0.12,333.0,0.501,10.1021/acs.chemmater.7b01687,0.17992361,0.163526,0.17526618,0.15689588
Cu2Se0.88S0.12,353.0,0.611,10.1021/acs.chemmater.7b01687,0.23304938,0.18161239,0.20769773,0.17331325
Cu2Se0.88S0.12,372.0,0.9376957423034485,10.1021/acs.chemmater.7b01687,0.23619193,0.18276772,0.20863011,0.17505608
Cu2Se0.88S0.12,450.0,0.46551580521121044,10.1021/acs.chemmater.7b01687,0.2789619,0.24709025,0.25762632,0.24397221
Cu2Se0.88S0.12,550.0,0.7101186185840708,10.1021/acs.chemmater.7b01687,0.4035024,0.40386564,0.42908877,0.42191535
Cu2Se0.88S0.12,650.0,0.9354274728094256,10.1021/acs.chemmater.7b01687,0.5700856,0.577381,0.58525765,0.59335846
Cu2Se0.88S0.12,750.0,1.1347630009575964,10.1021/acs.chemmater.7b01687,0.8108638,0.8062683,0.80675256,0.8276178
Cu2Se0.92S0.08,303.0,0.40842148873536993,10.1021/acs.chemmater.7b01687,0.20905744,0.1736002,0.16431853,0.15480706
Cu2Se0.92S0.08,333.0,0.5220597601243946,10.1021/acs.chemmater.7b01687,0.25562817,0.18447827,0.17670591,0.17249292
Cu2Se0.92S0.08,353.0,0.6279931461372151,10.1021/acs.chemmater.7b01687,0.31775698,0.20436876,0.20913747,0.18891032
Cu2Se0.92S0.08,372.0,0.8784362873694544,10.1021/acs.chemmater.7b01687,0.3277468,0.20552409,0.21006985,0.19065313
Cu2Se0.92S0.08,450.0,0.5070629401349622,10.1021/acs.chemmater.7b01687,0.30481118,0.26676795,0.25906608,0.25956878
Cu2Se0.92S0.08,550.0,0.7456086431573477,10.1021/acs.chemmater.7b01687,0.43683085,0.42106476,0.43052852,0.4375124
Cu2Se0.92S0.08,650.0,0.9801678797651934,10.1021/acs.chemmater.7b01687,0.60357594,0.59047663,0.58669734,0.6137042
Cu2Se0.92S0.08,750.0,1.2318215250165347,10.1021/acs.chemmater.7b01687,0.8387424,0.8193639,0.80819225,0.8479636
Cu2Se0.92S0.08,850.0,1.5138873211706825,10.1021/acs.chemmater.7b01687,1.2108146,1.2255245,1.1876651,1.1773592
Cu2Se0.92S0.08,1000.0,1.916517414957091,10.1021/acs.chemmater.7b01687,1.6076585,1.6607537,1.5529126,1.7061616
Cu2Se0.94S0.06,303.0,0.37,10.1021/acs.chemmater.7b01687,0.20689927,0.16823103,0.18441574,0.15480706
Cu2Se0.94S0.06,333.0,0.4909200039182729,10.1021/acs.chemmater.7b01687,0.25346994,0.1791091,0.19680312,0.17249292
Cu2Se0.94S0.06,353.0,0.5934107975216146,10.1021/acs.chemmater.7b01687,0.31559882,0.19899958,0.22923468,0.18891032
Cu2Se0.94S0.06,372.0,0.7916426282051282,10.1021/acs.chemmater.7b01687,0.32558864,0.20015492,0.23016706,0.19065313
Cu2Se0.94S0.06,450.0,0.47508826954186045,10.1021/acs.chemmater.7b01687,0.302653,0.2613988,0.2688478,0.25956878
Cu2Se0.94S0.06,550.0,0.7235504785606157,10.1021/acs.chemmater.7b01687,0.43467268,0.4156956,0.43013147,0.4375124
Cu2Se0.94S0.06,650.0,0.9315843266593247,10.1021/acs.chemmater.7b01687,0.6014178,0.5851075,0.5847754,0.6137042
Cu2Se0.94S0.06,750.0,1.141321499767742,10.1021/acs.chemmater.7b01687,0.8365842,0.81399477,0.8062703,0.8479636
Cu2Se0.94S0.06,850.0,1.35,10.1021/acs.chemmater.7b01687,1.2086564,1.2201555,1.1857432,1.1773592
Cu2Se0.94S0.06,1000.0,1.6792455596800002,10.1021/acs.chemmater.7b01687,1.6055003,1.6553845,1.5509907,1.7061616
Cu2Se0.96S0.04,303.0,0.3317288915905513,10.1021/acs.chemmater.7b01687,0.23734584,0.19537434,0.18441574,0.17035481
Cu2Se0.96S0.04,333.0,0.4336217225798119,10.1021/acs.chemmater.7b01687,0.28688797,0.20625241,0.19680312,0.19442041
Cu2Se0.96S0.04,353.0,0.49469861634095735,10.1021/acs.chemmater.7b01687,0.34901688,0.2261429,0.22923468,0.21083781
Cu2Se0.96S0.04,372.0,0.6477439481070676,10.1021/acs.chemmater.7b01687,0.3683215,0.22729823,0.23016706,0.21258062
Cu2Se0.96S0.04,450.0,0.40033769339808917,10.1021/acs.chemmater.7b01687,0.3369628,0.28854227,0.2688478,0.2814962
Cu2Se0.96S0.04,550.0,0.6387002313181248,10.1021/acs.chemmater.7b01687,0.47252518,0.44283885,0.43013147,0.46107748
Cu2Se0.96S0.04,650.0,0.8526952745707029,10.1021/acs.chemmater.7b01687,0.64088255,0.6099058,0.5847754,0.63726944
Cu2Se0.96S0.04,750.0,1.0578071053793436,10.1021/acs.chemmater.7b01687,0.8730776,0.86062163,0.8062703,0.8715288
Cu2Se0.98S0.02,303.0,0.308624216306372,10.1021/acs.chemmater.7b01687,0.23734584,0.21254316,0.21655004,0.17078263
Cu2Se0.98S0.02,333.0,0.40417199908719426,10.1021/acs.chemmater.7b01687,0.28688797,0.22342123,0.235804,0.19484822
Cu2Se0.98S0.02,353.0,0.4922499802695949,10.1021/acs.chemmater.7b01687,0.34901688,0.24331172,0.2682355,0.21126562
Cu2Se0.98S0.02,372.0,0.5958273449477353,10.1021/acs.chemmater.7b01687,0.3683215,0.24446705,0.27113405,0.21300843
Cu2Se0.98S0.02,450.0,0.42476767111409747,10.1021/acs.chemmater.7b01687,0.3369628,0.30571106,0.29879323,0.27984247
Cu2Se0.98S0.02,550.0,0.6508948170731708,10.1021/acs.chemmater.7b01687,0.47252518,0.46000764,0.4634024,0.45942375
Cu2Se0.98S0.02,650.0,0.8661750333333333,10.1021/acs.chemmater.7b01687,0.64088255,0.6270746,0.63650644,0.6356157
Cu2Se0.98S0.02,750.0,1.0809512735158762,10.1021/acs.chemmater.7b01687,0.8730776,0.87779045,0.85611916,0.8698751
Mg3.07Sb1.5Bi0.44Se0.06,300.0,0.21631903139,10.1021/acs.chemmater.7b01746,0.44172466,0.3934431,0.4639933,0.41341373
Mg3.07Sb1.5Bi0.44Se0.06,400.0,0.3493780374177279,10.1021/acs.chemmater.7b01746,0.7264368,0.7719968,0.7990511,0.78623354
Mg3.07Sb1.5Bi0.44Se0.06,500.0,0.5957897985237065,10.1021/acs.chemmater.7b01746,0.9776948,1.0342736,1.024494,1.0201375
Mg3.07Sb1.5Bi0.44Se0.06,600.0,0.8253996295420871,10.1021/acs.chemmater.7b01746,1.1142634,1.0931051,1.103031,1.1411061
Mg3.07Sb1.5Bi0.44Se0.06,700.0,1.0328908024118715,10.1021/acs.chemmater.7b01746,1.1498681,1.1365469,1.1773744,1.1847963
Mg3.07Sb1.5Bi0.45Se0.05,300.0,0.21153925928571424,10.1021/acs.chemmater.7b01746,0.47246903,0.3934431,0.4680435,0.41341373
Mg3.07Sb1.5Bi0.45Se0.05,400.0,0.3693445214727318,10.1021/acs.chemmater.7b01746,0.7689691,0.7719968,0.80310124,0.77748466
Mg3.07Sb1.5Bi0.45Se0.05,500.0,0.6325455864457625,10.1021/acs.chemmater.7b01746,1.020227,1.0342736,1.0285443,1.0201375
Mg3.07Sb1.5Bi0.45Se0.05,600.0,0.8476954353752987,10.1021/acs.chemmater.7b01746,1.1450077,1.0931051,1.1167825,1.1411061
Mg3.07Sb1.5Bi0.45Se0.05,700.0,1.052552833988006,10.1021/acs.chemmater.7b01746,1.166661,1.1365469,1.1910794,1.1847963
Mg3.07Sb1.5Bi0.46Se0.04,300.0,0.23592987467178164,10.1021/acs.chemmater.7b01746,0.47246903,0.3988915,0.4680435,0.41341373
Mg3.07Sb1.5Bi0.46Se0.04,400.0,0.4092934557363701,10.1021/acs.chemmater.7b01746,0.7689691,0.77744526,0.80310124,0.77748466
Mg3.07Sb1.5Bi0.46Se0.04,500.0,0.6753884135225805,10.1021/acs.chemmater.7b01746,1.0160873,1.0466928,1.0285443,1.0201375
Mg3.07Sb1.5Bi0.46Se0.04,600.0,0.9064202417334246,10.1021/acs.chemmater.7b01746,1.1450077,1.1055244,1.1167825,1.1411061
Mg3.07Sb1.5Bi0.46Se0.04,700.0,1.1224725100850574,10.1021/acs.chemmater.7b01746,1.166661,1.148966,1.1910794,1.1847963
Mg3.07Sb1.5Bi0.47Se0.03,300.0,0.2306565449707883,10.1021/acs.chemmater.7b01746,0.46014482,0.39836597,0.46786594,0.4133285
Mg3.07Sb1.5Bi0.47Se0.03,400.0,0.4033726149235335,10.1021/acs.chemmater.7b01746,0.75558144,0.77691966,0.8029237,0.77670246
Mg3.07Sb1.5Bi0.47Se0.03,500.0,0.6738044022630386,10.1021/acs.chemmater.7b01746,1.0083957,1.0461674,1.0283667,1.0193553
Mg3.07Sb1.5Bi0.47Se0.03,600.0,0.9032176103030356,10.1021/acs.chemmater.7b01746,1.1540203,1.1049988,1.1231433,1.140324
Mg3.07Sb1.5Bi0.47Se0.03,700.0,1.1112735171162902,10.1021/acs.chemmater.7b01746,1.1789491,1.1484404,1.1974399,1.1840142
Mg3.07Sb1.5Bi0.48Se0.02,300.0,0.3160636464987456,10.1021/acs.chemmater.7b01746,0.46099144,0.41140825,0.46786594,0.41376647
Mg3.07Sb1.5Bi0.48Se0.02,400.0,0.46586649746192893,10.1021/acs.chemmater.7b01746,0.75642806,0.78996193,0.8029237,0.7771405
Mg3.07Sb1.5Bi0.48Se0.02,500.0,0.7354944642922621,10.1021/acs.chemmater.7b01746,1.0092423,1.0592097,1.0283667,1.0197934
Mg3.07Sb1.5Bi0.48Se0.02,600.0,0.9604270929307276,10.1021/acs.chemmater.7b01746,1.1737531,1.1426448,1.1442267,1.1467309
Mg3.07Sb1.5Bi0.48Se0.02,700.0,1.1698915898541162,10.1021/acs.chemmater.7b01746,1.2106164,1.2321407,1.233568,1.2071171
Cr1.99Fe0.01Ge2Te6,320.0,0.010487834112429581,10.1021/acs.chemmater.7b02346,0.048543464,0.073094524,0.07532564,0.05785102
Cr1.99Fe0.01Ge2Te6,416.0,0.03560690631790108,10.1021/acs.chemmater.7b02346,0.12594289,0.12655576,0.12816328,0.11992398
Cr1.99Fe0.01Ge2Te6,515.0,0.09776484750194234,10.1021/acs.chemmater.7b02346,0.2449104,0.22560246,0.2189959,0.2374801
Cr1.99Fe0.01Ge2Te6,614.0,0.18980507515568373,10.1021/acs.chemmater.7b02346,0.30172217,0.34181416,0.28733835,0.38556525
Cr1.99Fe0.01Ge2Te6,713.0,0.283638214223476,10.1021/acs.chemmater.7b02346,0.37426773,0.49813882,0.37808478,0.51681644
Cr1.99Fe0.01Ge2Te6,812.0,0.3380741878773915,10.1021/acs.chemmater.7b02346,0.48883578,0.58321923,0.47060794,0.60052943
Cr1.99Mn0.01Ge2Te6,320.0,0.030072003291880027,10.1021/acs.chemmater.7b02346,0.043167636,0.06817792,0.05593761,0.03889262
Cr1.99Mn0.01Ge2Te6,416.0,0.10559288190694624,10.1021/acs.chemmater.7b02346,0.12056704,0.12313577,0.10565494,0.10720517
Cr1.99Mn0.01Ge2Te6,515.0,0.21687548029900797,10.1021/acs.chemmater.7b02346,0.2395347,0.22457482,0.20625117,0.23277055
Cr1.99Mn0.01Ge2Te6,614.0,0.35775306331583023,10.1021/acs.chemmater.7b02346,0.29634637,0.3380796,0.2768124,0.37310615
Cr1.99Mn0.01Ge2Te6,713.0,0.45884494875706666,10.1021/acs.chemmater.7b02346,0.369252,0.4947013,0.36755884,0.5043572
Cr1.99Mn0.01Ge2Te6,812.0,0.5014631920459073,10.1021/acs.chemmater.7b02346,0.48381996,0.5797817,0.46008196,0.5880702
Cr2Ge2Te6,320.0,0.005391664804521132,10.1021/acs.chemmater.7b02346,0.04256128,0.0728089,0.055421066,0.03776791
Cr2Ge2Te6,416.0,0.029049551828588656,10.1021/acs.chemmater.7b02346,0.11996067,0.12953128,0.10380223,0.10608047
Cr2Ge2Te6,515.0,0.08668584470318319,10.1021/acs.chemmater.7b02346,0.23892835,0.23672001,0.20573463,0.23164588
Cr2Ge2Te6,614.0,0.1669827705615385,10.1021/acs.chemmater.7b02346,0.29574,0.35022485,0.27495974,0.37198144
Cr2Ge2Te6,713.0,0.2636503029390476,10.1021/acs.chemmater.7b02346,0.36864564,0.5068465,0.36570618,0.50323254
Cr2Ge2Te6,812.0,0.2947594560840222,10.1021/acs.chemmater.7b02346,0.48321366,0.5919269,0.45822924,0.58694553
Ti0.925Mn0.075NiSn0.925Sb0.075,297.0,0.06519395628896527,10.1021/acs.chemmater.7b02685,0.05973451,0.07101035,0.06452045,0.07164134
Ti0.925Mn0.075NiSn0.925Sb0.075,398.0,0.12089920739896381,10.1021/acs.chemmater.7b02685,0.16120878,0.14877789,0.12490756,0.15572055
Ti0.925Mn0.075NiSn0.925Sb0.075,498.0,0.18767814063016977,10.1021/acs.chemmater.7b02685,0.24745269,0.222601,0.2001923,0.23561294
Ti0.925Mn0.075NiSn0.925Sb0.075,598.0,0.2554092427100507,10.1021/acs.chemmater.7b02685,0.27919376,0.2517821,0.25341618,0.28028688
Ti0.925Mn0.075NiSn0.925Sb0.075,697.0,0.33244546947128245,10.1021/acs.chemmater.7b02685,0.3291285,0.337337,0.26512375,0.29870066
Ti0.925Mn0.075NiSn0.925Sb0.075,797.0,0.38909023104436113,10.1021/acs.chemmater.7b02685,0.35171145,0.3612785,0.28375405,0.32472017
Ti0.925Mn0.075NiSn0.925Sb0.075,871.0,0.4199559655824255,10.1021/acs.chemmater.7b02685,0.3657902,0.3664821,0.29165733,0.3271152
Ti0.95Mn0.05NiSn0.95Sb0.05,297.0,0.09833901267556627,10.1021/acs.chemmater.7b02685,0.064539194,0.07259437,0.06421386,0.07785209
Ti0.95Mn0.05NiSn0.95Sb0.05,398.0,0.17544895122373091,10.1021/acs.chemmater.7b02685,0.16601351,0.15454434,0.13984555,0.1656136
Ti0.95Mn0.05NiSn0.95Sb0.05,498.0,0.285307686,10.1021/acs.chemmater.7b02685,0.25533926,0.23372197,0.224587,0.24592574
Ti0.95Mn0.05NiSn0.95Sb0.05,598.0,0.39996299807700786,10.1021/acs.chemmater.7b02685,0.30721277,0.27536634,0.29152235,0.30671167
Ti0.95Mn0.05NiSn0.95Sb0.05,697.0,0.5270829565662649,10.1021/acs.chemmater.7b02685,0.3617177,0.35556668,0.31547084,0.32512546
Ti0.95Mn0.05NiSn0.95Sb0.05,797.0,0.6155771526986226,10.1021/acs.chemmater.7b02685,0.39032534,0.37202322,0.3341012,0.3552272
Ti0.95Mn0.05NiSn0.95Sb0.05,871.0,0.598110224816273,10.1021/acs.chemmater.7b02685,0.4039237,0.37623298,0.3418783,0.35683197
Ti0.97Mn0.03NiSn0.97Sb0.03,297.0,0.06562920503770499,10.1021/acs.chemmater.7b02685,0.0585677,0.067560546,0.06157421,0.0728025
Ti0.97Mn0.03NiSn0.97Sb0.03,398.0,0.12669061606018112,10.1021/acs.chemmater.7b02685,0.16004199,0.14951055,0.13110907,0.16524279
Ti0.97Mn0.03NiSn0.97Sb0.03,498.0,0.21335036006498506,10.1021/acs.chemmater.7b02685,0.24833296,0.22824739,0.21866044,0.25382435
Ti0.97Mn0.03NiSn0.97Sb0.03,598.0,0.30682656536762926,10.1021/acs.chemmater.7b02685,0.3010198,0.2820023,0.2907615,0.34378332
Ti0.97Mn0.03NiSn0.97Sb0.03,697.0,0.38735075934814805,10.1021/acs.chemmater.7b02685,0.3524519,0.36220264,0.31471,0.36028767
Ti0.97Mn0.03NiSn0.97Sb0.03,797.0,0.42611907907164936,10.1021/acs.chemmater.7b02685,0.38105953,0.38774484,0.34293216,0.39428094
Ti0.97Mn0.03NiSn0.97Sb0.03,871.0,0.44921321381923146,10.1021/acs.chemmater.7b02685,0.39493066,0.39728558,0.3575908,0.41017118
Ti0.98Mn0.02NiSn0.98Sb0.02,297.0,0.09118029980083096,10.1021/acs.chemmater.7b02685,0.068377115,0.07151289,0.08035015,0.076446265
Ti0.98Mn0.02NiSn0.98Sb0.02,398.0,0.16118145927498576,10.1021/acs.chemmater.7b02685,0.17149475,0.16205302,0.16883816,0.17840378
Ti0.98Mn0.02NiSn0.98Sb0.02,498.0,0.2899662780974305,10.1021/acs.chemmater.7b02685,0.26060572,0.255087,0.2579245,0.26814988
Ti0.98Mn0.02NiSn0.98Sb0.02,598.0,0.4009316617220182,10.1021/acs.chemmater.7b02685,0.33447143,0.36033893,0.35709196,0.37326014
Ti0.98Mn0.02NiSn0.98Sb0.02,697.0,0.45108350894851434,10.1021/acs.chemmater.7b02685,0.39694184,0.443831,0.38910902,0.41475555
Ti0.98Mn0.02NiSn0.98Sb0.02,797.0,0.47399633201179014,10.1021/acs.chemmater.7b02685,0.4241828,0.4654216,0.41733122,0.45591038
Ti0.98Mn0.02NiSn0.98Sb0.02,871.0,0.47,10.1021/acs.chemmater.7b02685,0.43805394,0.47496232,0.42661634,0.48077378
Ti0.99Mn0.01NiSn0.99Sb0.01,297.0,0.06833144164146505,10.1021/acs.chemmater.7b02685,0.068643436,0.07655448,0.080883995,0.07958534
Ti0.99Mn0.01NiSn0.99Sb0.01,398.0,0.13173703204869622,10.1021/acs.chemmater.7b02685,0.17176105,0.1657137,0.17017636,0.18154283
Ti0.99Mn0.01NiSn0.99Sb0.01,498.0,0.22536098089979173,10.1021/acs.chemmater.7b02685,0.26172897,0.24229504,0.25836858,0.27128896
Ti0.99Mn0.01NiSn0.99Sb0.01,598.0,0.3231964185192783,10.1021/acs.chemmater.7b02685,0.33559468,0.34489736,0.3609396,0.37255776
Ti0.99Mn0.01NiSn0.99Sb0.01,697.0,0.38600839918636376,10.1021/acs.chemmater.7b02685,0.39791626,0.42838943,0.39295664,0.41405317
Ti0.99Mn0.01NiSn0.99Sb0.01,797.0,0.436082697608353,10.1021/acs.chemmater.7b02685,0.4237547,0.4587285,0.41890332,0.4579082
Ti0.99Mn0.01NiSn0.99Sb0.01,871.0,0.41753887587602084,10.1021/acs.chemmater.7b02685,0.43762583,0.46528634,0.42165926,0.46591812
Ti0.9Mn0.1NiSn0.9Sb0.1,297.0,0.0842552871705933,10.1021/acs.chemmater.7b02685,0.057562374,0.074581906,0.055629108,0.07422074
Ti0.9Mn0.1NiSn0.9Sb0.1,398.0,0.15127733787636174,10.1021/acs.chemmater.7b02685,0.15903664,0.15484475,0.11479439,0.16128062
Ti0.9Mn0.1NiSn0.9Sb0.1,498.0,0.24358927112375384,10.1021/acs.chemmater.7b02685,0.24528053,0.23338027,0.164423,0.24659604
Ti0.9Mn0.1NiSn0.9Sb0.1,598.0,0.34720003049803716,10.1021/acs.chemmater.7b02685,0.2730631,0.26321873,0.20792429,0.29222104
Ti0.9Mn0.1NiSn0.9Sb0.1,697.0,0.46954144665172015,10.1021/acs.chemmater.7b02685,0.32299784,0.34877363,0.21963187,0.31063482
Ti0.9Mn0.1NiSn0.9Sb0.1,797.0,0.5477876134965383,10.1021/acs.chemmater.7b02685,0.35018206,0.3873957,0.24398868,0.35635763
Ti0.9Mn0.1NiSn0.9Sb0.1,871.0,0.5625570981046756,10.1021/acs.chemmater.7b02685,0.3732212,0.4034013,0.25189206,0.37866905
TiNiSn,297.0,0.056048337913993454,10.1021/acs.chemmater.7b02685,0.047722284,0.052373167,0.051038288,0.050152157
TiNiSn,398.0,0.12549867994155547,10.1021/acs.chemmater.7b02685,0.10170332,0.10279753,0.09857939,0.107538104
TiNiSn,498.0,0.21417443223378466,10.1021/acs.chemmater.7b02685,0.17523937,0.19747055,0.18558373,0.20550916
TiNiSn,598.0,0.2929305126487624,10.1021/acs.chemmater.7b02685,0.26512098,0.2889635,0.2761478,0.3056147
TiNiSn,697.0,0.3599439340688344,10.1021/acs.chemmater.7b02685,0.34114578,0.3434584,0.33519173,0.36165634
TiNiSn,797.0,0.34755136061040687,10.1021/acs.chemmater.7b02685,0.3719692,0.39185274,0.37483332,0.39785355
TiNiSn,871.0,0.3226475096190825,10.1021/acs.chemmater.7b02685,0.36235347,0.38357747,0.3721017,0.39467975
BaBiTe2.95Se0.05,322.0,0.10571904,10.1021/acs.chemmater.7b04123,0.29915962,0.30519652,0.405961,0.3367014
BaBiTe2.95Se0.05,373.0,0.17378119253288524,10.1021/acs.chemmater.7b04123,0.31200528,0.31337732,0.4222849,0.34278905
BaBiTe2.95Se0.05,474.0,0.30766695110526315,10.1021/acs.chemmater.7b04123,0.28616795,0.28138468,0.43057615,0.30903965
BaBiTe2.95Se0.05,525.0,0.365,10.1021/acs.chemmater.7b04123,0.2781308,0.26549333,0.42763323,0.2942739
BaBiTe2.95Se0.05,575.0,0.4100047502883435,10.1021/acs.chemmater.7b04123,0.31604487,0.30715963,0.47969255,0.35989213
BaBiTe2.95Se0.05,597.0,0.42094141766431004,10.1021/acs.chemmater.7b04123,0.31223938,0.31623438,0.47257626,0.36462906
BaBiTe2.9Se0.1,322.0,0.0790115634983051,10.1021/acs.chemmater.7b04123,0.29503033,0.4850323,0.4849701,0.4269849
BaBiTe2.9Se0.1,373.0,0.119975823,10.1021/acs.chemmater.7b04123,0.3124549,0.5030065,0.50129366,0.43592927
BaBiTe2.9Se0.1,474.0,0.18536493568181817,10.1021/acs.chemmater.7b04123,0.2857717,0.4526754,0.49684447,0.4021799
BaBiTe2.9Se0.1,525.0,0.21578250843989763,10.1021/acs.chemmater.7b04123,0.2816018,0.4346625,0.48699543,0.3915579
BaBiTe2.9Se0.1,575.0,0.236,10.1021/acs.chemmater.7b04123,0.2899815,0.4155829,0.48657793,0.40007812
BaBiTe2.9Se0.1,597.0,0.24031195889168766,10.1021/acs.chemmater.7b04123,0.2849338,0.41444397,0.46007514,0.39393577
BaBiTe3,323.0,0.1338806273318872,10.1021/acs.chemmater.7b04123,0.30817312,0.3522523,0.4196423,0.3443544
BaBiTe3,372.0,0.19628558107964605,10.1021/acs.chemmater.7b04123,0.322232,0.36110228,0.4359662,0.35037285
BaBiTe3,474.0,0.30326806583892907,10.1021/acs.chemmater.7b04123,0.29798973,0.31907174,0.44585112,0.3084321
BaBiTe3,524.0,0.35576576841133223,10.1021/acs.chemmater.7b04123,0.28794104,0.30242056,0.4493444,0.29978997
BaBiTe3,574.0,0.391347932278481,10.1021/acs.chemmater.7b04123,0.31261596,0.34222987,0.48078227,0.3562705
BaBiTe3,598.0,0.39917444895627907,10.1021/acs.chemmater.7b04123,0.3075993,0.35363382,0.4770267,0.36604825
CoAsSb,350.0,0.030633787868038314,10.1021/acs.chemmater.7b05170,0.041446645,0.11657791,0.08763764,0.1058306
CoAsSb,400.0,0.05339350138700176,10.1021/acs.chemmater.7b05170,0.07398028,0.14790784,0.14411704,0.14350238
CoAsSb,450.0,0.07733594026674745,10.1021/acs.chemmater.7b05170,0.08665891,0.16578442,0.16866961,0.15433894
CoAsSb,500.0,0.09786987950962424,10.1021/acs.chemmater.7b05170,0.09515895,0.17590831,0.17116131,0.16567308
CoAsSb,600.0,0.12207138955383151,10.1021/acs.chemmater.7b05170,0.15859471,0.23300724,0.23200694,0.2629504
CoAsSb,700.0,0.12994418871,10.1021/acs.chemmater.7b05170,0.20718333,0.32095662,0.31501716,0.34593326
CoAsSb,800.0,0.13,10.1021/acs.chemmater.7b05170,0.26443604,0.38480803,0.39464322,0.44032142
CoAsSb,900.0,0.12661834598205216,10.1021/acs.chemmater.7b05170,0.31353143,0.44507515,0.44680932,0.4974458
YbCd1.1Zn0.9Sb2,350.0,0.192,10.1021/acs.chemmater.8b02155,0.24346784,0.19023429,0.22222249,0.20057213
YbCd1.1Zn0.9Sb2,450.0,0.31,10.1021/acs.chemmater.8b02155,0.37768495,0.30245823,0.35431144,0.33013102
YbCd1.1Zn0.9Sb2,550.0,0.502,10.1021/acs.chemmater.8b02155,0.5667942,0.46919742,0.56108356,0.48635167
YbCd1.1Zn0.9Sb2,650.0,0.67,10.1021/acs.chemmater.8b02155,0.7014741,0.58162814,0.7181922,0.5985026
YbCd1.2Zn0.8Sb2,350.0,0.22,10.1021/acs.chemmater.8b02155,0.24346784,0.20782071,0.22222249,0.21653387
YbCd1.2Zn0.8Sb2,450.0,0.378,10.1021/acs.chemmater.8b02155,0.37768495,0.32466897,0.35431144,0.35117847
YbCd1.2Zn0.8Sb2,550.0,0.62,10.1021/acs.chemmater.8b02155,0.5667942,0.5114573,0.56108356,0.52970356
YbCd1.2Zn0.8Sb2,650.0,0.77,10.1021/acs.chemmater.8b02155,0.7014741,0.623888,0.7181922,0.652123
YbCd1.3Zn0.7Sb2,350.0,0.2671923785533483,10.1021/acs.chemmater.8b02155,0.26824588,0.21267651,0.2261775,0.21851806
YbCd1.3Zn0.7Sb2,450.0,0.4743678721215788,10.1021/acs.chemmater.8b02155,0.42220232,0.33256283,0.36104798,0.35316265
YbCd1.3Zn0.7Sb2,550.0,0.7314503458937198,10.1021/acs.chemmater.8b02155,0.6207331,0.51935124,0.5845762,0.5316878
YbCd1.3Zn0.7Sb2,650.0,0.9342530687073382,10.1021/acs.chemmater.8b02155,0.7590134,0.62679243,0.74532104,0.6603744
YbCd1.4Zn0.6Sb2,350.0,0.25042831138038923,10.1021/acs.chemmater.8b02155,0.26824588,0.21267651,0.2261775,0.21851806
YbCd1.4Zn0.6Sb2,450.0,0.498,10.1021/acs.chemmater.8b02155,0.42220232,0.33256283,0.36104798,0.35316265
YbCd1.4Zn0.6Sb2,550.0,0.73,10.1021/acs.chemmater.8b02155,0.6227607,0.51935124,0.5845762,0.5316878
YbCd1.4Zn0.6Sb2,650.0,0.86,10.1021/acs.chemmater.8b02155,0.77462614,0.62679243,0.74532104,0.6603744
YbCd1.5Zn0.5Sb2,350.0,0.33,10.1021/acs.chemmater.8b02155,0.26824588,0.23316982,0.24561895,0.23653835
YbCd1.5Zn0.5Sb2,450.0,0.57,10.1021/acs.chemmater.8b02155,0.42220232,0.35305613,0.37775323,0.371183
YbCd1.5Zn0.5Sb2,550.0,0.87,10.1021/acs.chemmater.8b02155,0.6227607,0.517757,0.60422903,0.5436835
YbCd1.5Zn0.5Sb2,650.0,1.13,10.1021/acs.chemmater.8b02155,0.77462614,0.6251983,0.7715837,0.67236984
YbCd1.6Zn0.4Sb2,350.0,0.29,10.1021/acs.chemmater.8b02155,0.26685658,0.23316982,0.24627039,0.23653835
YbCd1.6Zn0.4Sb2,450.0,0.54,10.1021/acs.chemmater.8b02155,0.42220232,0.35305613,0.37775323,0.371183
YbCd1.6Zn0.4Sb2,550.0,0.8,10.1021/acs.chemmater.8b02155,0.6227607,0.517757,0.60422903,0.5436835
YbCd1.6Zn0.4Sb2,650.0,1.0,10.1021/acs.chemmater.8b02155,0.77462614,0.6251983,0.7715837,0.67236984
YbCd1.7Zn0.3Sb2,350.0,0.248,10.1021/acs.chemmater.8b02155,0.26559395,0.23498185,0.24377757,0.24493912
YbCd1.7Zn0.3Sb2,450.0,0.462,10.1021/acs.chemmater.8b02155,0.42093968,0.36360925,0.3752604,0.37958378
YbCd1.7Zn0.3Sb2,550.0,0.693,10.1021/acs.chemmater.8b02155,0.6214981,0.5413626,0.60173625,0.5520842
YbCd1.7Zn0.3Sb2,650.0,0.833,10.1021/acs.chemmater.8b02155,0.7699811,0.64880353,0.7690909,0.680499
YbCd1.8Zn0.2Sb2,350.0,0.22029849089838893,10.1021/acs.chemmater.8b02155,0.2640172,0.23434907,0.23687568,0.24493912
YbCd1.8Zn0.2Sb3,450.0,0.4268838006085714,10.1021/acs.chemmater.8b02155,0.39301664,0.41404763,0.39971337,0.4325626
YbCd1.8Zn0.2Sb4,550.0,0.6089605934520819,10.1021/acs.chemmater.8b02155,0.4822468,0.5114756,0.5542904,0.5245425
YbCd1.8Zn0.2Sb5,650.0,0.722582921532303,10.1021/acs.chemmater.8b02155,0.542612,0.56121635,0.62243825,0.54784465
YbCd1.9Zn0.1Sb2,350.0,0.2072022796305268,10.1021/acs.chemmater.8b02155,0.24220333,0.23780152,0.24562626,0.2329804
YbCd1.9Zn0.1Sb2,450.0,0.3890788977024069,10.1021/acs.chemmater.8b02155,0.38745308,0.36180454,0.3765813,0.36253926
YbCd1.9Zn0.1Sb2,550.0,0.5758586838914403,10.1021/acs.chemmater.8b02155,0.54648966,0.5232769,0.5829267,0.5109694
YbCd1.9Zn0.1Sb2,650.0,0.6826775609756097,10.1021/acs.chemmater.8b02155,0.67823565,0.6322055,0.7453571,0.63476694
YbCd2Sb2,350.0,0.2442169298664479,10.1021/acs.chemmater.8b02155,0.23376329,0.21696773,0.22934163,0.22093536
YbCd2Sb2,450.0,0.4360252220303868,10.1021/acs.chemmater.8b02155,0.3722975,0.3409707,0.36029664,0.35049424
YbCd2Sb2,550.0,0.6849512660286873,10.1021/acs.chemmater.8b02155,0.53387433,0.5002939,0.5608381,0.49892431
YbCd2Sb2,650.0,0.8423606876623376,10.1021/acs.chemmater.8b02155,0.66872084,0.6077353,0.7231445,0.6209363
Ge12Sb2Te15,373.0,0.27789822282496635,10.1021/acs.chemmater.8b03609,0.33266985,0.3711271,0.33917034,0.3890217
Ge12Sb2Te15,473.0,0.4453154151119114,10.1021/acs.chemmater.8b03609,0.50836354,0.56954527,0.51429045,0.5754674
Ge12Sb2Te15,523.0,0.5788786422422819,10.1021/acs.chemmater.8b03609,0.6070283,0.6600358,0.6151657,0.6720149
Ge12Sb2Te15,573.0,0.9,10.1021/acs.chemmater.8b03609,0.8090619,0.84364724,0.7759703,0.83249015
Ge12Sb2Te15,623.0,1.195,10.1021/acs.chemmater.8b03609,1.0439259,1.0356455,1.0365171,1.0784215
Ge12Sb2Te15,723.0,1.384,10.1021/acs.chemmater.8b03609,1.3114419,1.3669815,1.3118924,1.3052944
Ge4Sb2Te7,373.0,0.0938741808864266,10.1021/acs.chemmater.8b03609,0.22886425,0.2480959,0.2600221,0.24690087
Ge4Sb2Te7,473.0,0.1747215630509372,10.1021/acs.chemmater.8b03609,0.36423385,0.39584944,0.3996393,0.42226082
Ge4Sb2Te7,523.0,0.2269359762216102,10.1021/acs.chemmater.8b03609,0.4241984,0.44625023,0.4417072,0.5112752
Ge4Sb2Te7,573.0,0.2876765316132096,10.1021/acs.chemmater.8b03609,0.51903635,0.54749316,0.4896459,0.5757973
Ge4Sb2Te7,623.0,0.357,10.1021/acs.chemmater.8b03609,0.45708293,0.42936644,0.4593115,0.43114614
Ge4Sb2Te7,673.0,0.4375612507079898,10.1021/acs.chemmater.8b03609,0.42143935,0.431925,0.46761948,0.44989195
Ge4Sb2Te7,723.0,0.5173204356713881,10.1021/acs.chemmater.8b03609,0.5320805,0.54844654,0.58631986,0.49179894
Li2Ge11Sb2Te15,373.0,0.3620614652093929,10.1021/acs.chemmater.8b03609,0.23721565,0.21731724,0.23183456,0.22212185
Li2Ge11Sb2Te15,473.0,0.7220201493322117,10.1021/acs.chemmater.8b03609,0.37261027,0.39611763,0.38829976,0.41434062
Li2Ge11Sb2Te15,523.0,0.8873090203904002,10.1021/acs.chemmater.8b03609,0.452863,0.47298637,0.4542644,0.4993436
Li2Ge11Sb2Te15,573.0,1.036,10.1021/acs.chemmater.8b03609,0.6082782,0.614724,0.59568506,0.6201718
Li2Ge11Sb2Te15,623.0,1.2165498373732686,10.1021/acs.chemmater.8b03609,0.8098922,0.80446297,0.7773092,0.7940699
Li2Ge11Sb2Te15,723.0,1.445920055639151,10.1021/acs.chemmater.8b03609,1.0478364,1.057278,1.0222807,1.0354171
Li2Ge3Sb2Te7,373.0,0.5644902104607721,10.1021/acs.chemmater.8b03609,0.19286418,0.25692946,0.17650618,0.19242932
Li2Ge3Sb2Te7,473.0,0.9496619354838709,10.1021/acs.chemmater.8b03609,0.32265243,0.36263815,0.3003872,0.31140366
Li2Ge3Sb2Te7,523.0,1.07,10.1021/acs.chemmater.8b03609,0.37786156,0.4095227,0.35056308,0.34227756
Li2Ge3Sb2Te7,573.0,1.2091692660846065,10.1021/acs.chemmater.8b03609,0.46120936,0.52879065,0.43351066,0.43856737
Li2Ge3Sb2Te7,623.0,1.3264202198148338,10.1021/acs.chemmater.8b03609,0.5165152,0.59772855,0.5072019,0.51768404
Li2Ge3Sb2Te7,673.0,1.3969429516100385,10.1021/acs.chemmater.8b03609,0.6250547,0.67004836,0.6041805,0.59799695
Li2Ge3Sb2Te7,723.0,1.469,10.1021/acs.chemmater.8b03609,0.69196653,0.7352068,0.65628433,0.6795691
LiGe11.5Sb2Te15,373.0,0.4839689547,10.1021/acs.chemmater.8b03609,0.30094868,0.31077173,0.31261623,0.3180492
LiGe11.5Sb2Te15,473.0,0.8381489506947962,10.1021/acs.chemmater.8b03609,0.4485712,0.50715244,0.46326822,0.50781435
LiGe11.5Sb2Te15,523.0,1.06,10.1021/acs.chemmater.8b03609,0.5534898,0.59764296,0.56733304,0.6088008
LiGe11.5Sb2Te15,573.0,1.2029933726409223,10.1021/acs.chemmater.8b03609,0.7505944,0.77968085,0.73484343,0.7692761
LiGe11.5Sb2Te15,623.0,1.3,10.1021/acs.chemmater.8b03609,0.9837585,1.0005273,0.99888337,1.0369836
LiGe11.5Sb2Te15,723.0,1.45,10.1021/acs.chemmater.8b03609,1.2622532,1.3017508,1.2694005,1.2663006
LiGe3.5Sb2Te7,373.0,0.47034556542636663,10.1021/acs.chemmater.8b03609,0.12882777,0.27301744,0.16351263,0.2328126
LiGe3.5Sb2Te7,473.0,0.75,10.1021/acs.chemmater.8b03609,0.25983915,0.38419673,0.28232202,0.3524303
LiGe3.5Sb2Te7,523.0,1.04,10.1021/acs.chemmater.8b03609,0.3008617,0.42137015,0.31981617,0.38674617
LiGe3.5Sb2Te7,573.0,1.28,10.1021/acs.chemmater.8b03609,0.39084864,0.5336937,0.40973082,0.47388706
LiGe3.5Sb2Te7,623.0,1.362,10.1021/acs.chemmater.8b03609,0.45569086,0.6114902,0.48494703,0.55773056
LiGe3.5Sb2Te7,673.0,1.6473,10.1021/acs.chemmater.8b03609,0.5289031,0.69087005,0.6139105,0.63431793
LiGe3.5Sb2Te7,723.0,1.9002978190791835,10.1021/acs.chemmater.8b03609,0.5990615,0.7566585,0.6619531,0.7288665
Nd2.78Te4,373.0,0.08546092949744033,10.1021/acs.chemmater.9b00964,0.117860384,0.023471087,0.04376718,0.016354686
Nd2.78Te4,573.0,0.31,10.1021/acs.chemmater.9b00964,0.3094916,0.2525209,0.22409266,0.24720529
Nd2.78Te4,773.0,0.6045826045141344,10.1021/acs.chemmater.9b00964,0.57009596,0.5259986,0.47889888,0.5131929
Nd2.78Te4,973.0,1.015,10.1021/acs.chemmater.9b00964,0.88036275,0.7465506,0.6835919,0.7672877
Nd2.78Te4,1073.0,1.2,10.1021/acs.chemmater.9b00964,0.99042684,0.8503053,0.81099296,0.90911025
Nd2.78Te4,1173.0,1.2649067180291989,10.1021/acs.chemmater.9b00964,1.1733599,1.0381205,0.9613747,1.0959793
Nd2.84Te4,373.0,0.04417363582169822,10.1021/acs.chemmater.9b00964,0.059166923,0.020672299,0.059359495,0.01859199
Nd2.84Te4,573.0,0.1594535086020686,10.1021/acs.chemmater.9b00964,0.15279806,0.2525209,0.22532281,0.25139052
Nd2.84Te4,773.0,0.32958065766833233,10.1021/acs.chemmater.9b00964,0.38652733,0.499251,0.45286644,0.5022022
Nd2.84Te4,973.0,0.5641212382550336,10.1021/acs.chemmater.9b00964,0.59180486,0.7210176,0.646641,0.756297
Nd2.84Te4,1073.0,0.7016687444454851,10.1021/acs.chemmater.9b00964,0.70891094,0.83128947,0.7734761,0.9026531
Nd2.84Te4,1173.0,0.7876319276279071,10.1021/acs.chemmater.9b00964,0.77671736,1.0191048,0.92385787,1.0895221
Nd2.86Te4,373.0,0.048217309196515006,10.1021/acs.chemmater.9b00964,0.05594233,0.020672299,0.059359495,0.01859199
Nd2.86Te4,573.0,0.151,10.1021/acs.chemmater.9b00964,0.14594646,0.2525209,0.22532281,0.25139052
Nd2.86Te4,773.0,0.311,10.1021/acs.chemmater.9b00964,0.37967572,0.499251,0.45286644,0.5022022
Nd2.86Te4,973.0,0.5847891781472684,10.1021/acs.chemmater.9b00964,0.58861077,0.634319,0.60596454,0.65396917
Nd2.86Te4,1073.0,0.7459586083350125,10.1021/acs.chemmater.9b00964,0.733528,0.72251886,0.6850107,0.7559156
Nd2.86Te4,1173.0,0.85,10.1021/acs.chemmater.9b00964,0.7994642,0.8004263,0.77859896,0.8236259
Nd2.92Te4,373.0,0.028552641173290563,10.1021/acs.chemmater.9b00964,0.02884732,0.043837197,0.061887626,0.033630732
Nd2.92Te4,573.0,0.08342038368909951,10.1021/acs.chemmater.9b00964,0.074593,0.26688907,0.22606759,0.26673126
Nd2.92Te4,773.0,0.16753563081374323,10.1021/acs.chemmater.9b00964,0.22383411,0.4990232,0.45358032,0.5049652
Nd2.92Te4,973.0,0.308597157766352,10.1021/acs.chemmater.9b00964,0.37113118,0.6272335,0.6046522,0.6456874
Nd2.92Te4,1073.0,0.3873017434988492,10.1021/acs.chemmater.9b00964,0.44378957,0.71427363,0.6821618,0.7431003
Nd2.92Te4,1173.0,0.43901864340488,10.1021/acs.chemmater.9b00964,0.5111762,0.7921811,0.7757501,0.8108106
Nd2.9Te4,373.0,0.03494762450479886,10.1021/acs.chemmater.9b00964,0.029534554,0.051015157,0.06153624,0.038627755
Nd2.9Te4,573.0,0.094,10.1021/acs.chemmater.9b00964,0.08136969,0.27888653,0.22749959,0.27557012
Nd2.9Te4,773.0,0.19,10.1021/acs.chemmater.9b00964,0.24019954,0.5077242,0.45501232,0.505364
Nd2.9Te4,973.0,0.35,10.1021/acs.chemmater.9b00964,0.40775245,0.62695765,0.6060843,0.64037734
Nd2.9Te4,1073.0,0.45,10.1021/acs.chemmater.9b00964,0.4958659,0.70864034,0.68359387,0.7377902
Nd2.9Te4,1173.0,0.52,10.1021/acs.chemmater.9b00964,0.5632521,0.78654784,0.77718216,0.80550057
Nd3Te4,373.0,0.03186098181818182,10.1021/acs.chemmater.9b00964,0.02884732,0.043837197,0.061887626,0.033630732
Nd3Te4,573.0,0.075,10.1021/acs.chemmater.9b00964,0.07396715,0.26688907,0.22606759,0.26673126
Nd3Te4,773.0,0.14,10.1021/acs.chemmater.9b00964,0.19956939,0.4990232,0.45358032,0.5049652
Nd3Te4,973.0,0.24805510637491962,10.1021/acs.chemmater.9b00964,0.33321673,0.6272335,0.6011079,0.63642675
Nd3Te4,1073.0,0.3131667336988748,10.1021/acs.chemmater.9b00964,0.39670292,0.71427363,0.6786175,0.73383963
Nd3Te4,1173.0,0.3606922647355769,10.1021/acs.chemmater.9b00964,0.46408966,0.7921811,0.77220577,0.80155
Ca1.14Yb3.86Al1.68In0.32Sb6,330.0,0.06470368329320389,10.1021/acs.inorgchem.0c01944,0.1919161,0.14992584,0.21420732,0.19998108
Ca1.14Yb3.86Al1.68In0.32Sb6,428.0,0.0962,10.1021/acs.inorgchem.0c01944,0.3786459,0.35757464,0.3491327,0.40395114
Ca1.14Yb3.86Al1.68In0.32Sb6,528.0,0.1140626809019399,10.1021/acs.inorgchem.0c01944,0.5431226,0.47359243,0.5449184,0.54995507
Ca1.14Yb3.86Al1.68In0.32Sb6,579.0,0.1154350607375267,10.1021/acs.inorgchem.0c01944,0.5818818,0.4923117,0.5860811,0.5002689
Ca1.14Yb3.86Al1.68In0.32Sb6,627.0,0.112215904860927,10.1021/acs.inorgchem.0c01944,0.5734789,0.45059708,0.5695391,0.52521175
Ca1.14Yb3.86Al1.68In0.32Sb6,725.0,0.09307785824732195,10.1021/acs.inorgchem.0c01944,0.5835397,0.44546184,0.5577202,0.468711
Ca1.18Yb3.82Al1.84In0.16Sb6,327.0,0.002424859849746048,10.1021/acs.inorgchem.0c01944,0.18786278,0.12852791,0.23866045,0.21688387
Ca1.18Yb3.82Al1.84In0.16Sb6,423.0,0.0039942794657724864,10.1021/acs.inorgchem.0c01944,0.38282397,0.33945805,0.36279088,0.4198358
Ca1.18Yb3.82Al1.84In0.16Sb6,520.0,0.007200237021755554,10.1021/acs.inorgchem.0c01944,0.5362602,0.44080666,0.58155346,0.5601621
Ca1.18Yb3.82Al1.84In0.16Sb6,569.4,0.009867397139707855,10.1021/acs.inorgchem.0c01944,0.5765837,0.48202577,0.6120946,0.60231096
Ca1.18Yb3.82Al1.84In0.16Sb6,619.0,0.012,10.1021/acs.inorgchem.0c01944,0.62335545,0.46885124,0.6067963,0.5629365
Ca1.18Yb3.82Al1.84In0.16Sb6,718.0,0.0164,10.1021/acs.inorgchem.0c01944,0.5517505,0.47207513,0.5981765,0.5579883
Ca1.55Yb3.45Al2Sb6,327.0,0.001095364998987709,10.1021/acs.inorgchem.0c01944,0.1333329,-0.016618198,0.124675006,-0.008927402
Ca1.55Yb3.45Al2Sb6,420.0,0.006074687951890345,10.1021/acs.inorgchem.0c01944,0.21543363,0.043792993,0.25002325,0.05070304
Ca1.55Yb3.45Al2Sb6,515.0,0.01701510105658199,10.1021/acs.inorgchem.0c01944,0.29029936,0.07068271,0.3337864,0.06983766
Ca1.55Yb3.45Al2Sb6,563.0,0.026100631465517242,10.1021/acs.inorgchem.0c01944,0.30387843,0.08245682,0.35242894,0.086708866
Ca1.55Yb3.45Al2Sb6,610.0,0.03533213669591758,10.1021/acs.inorgchem.0c01944,0.3513444,0.08237205,0.35478875,0.07852886
Ca1.55Yb3.45Al2Sb6,702.0,0.05701868308563934,10.1021/acs.inorgchem.0c01944,0.3312117,0.095362775,0.35899734,0.083468
Ca1.58Yb3.42Al2Sb6,327.0,0.00109442297475,10.1021/acs.inorgchem.0c01944,0.1333329,-0.016618198,0.124675006,-0.008927402
Ca1.58Yb3.42Al2Sb6,420.0,0.00215468817254902,10.1021/acs.inorgchem.0c01944,0.21543363,0.043792993,0.25002325,0.05070304
Ca1.58Yb3.42Al2Sb6,515.0,0.0043869925168225,10.1021/acs.inorgchem.0c01944,0.29029936,0.07068271,0.3337864,0.06983766
Ca1.58Yb3.42Al2Sb6,563.0,0.006358978705921715,10.1021/acs.inorgchem.0c01944,0.30387843,0.08245682,0.35242894,0.086708866
Ca1.58Yb3.42Al2Sb6,610.0,0.008485513952947122,10.1021/acs.inorgchem.0c01944,0.3513444,0.08237205,0.35478875,0.07852886
Ca1.58Yb3.42Al2Sb6,702.0,0.013320073970999997,10.1021/acs.inorgchem.0c01944,0.3312117,0.095362775,0.35899734,0.083468
Cu2ZnSn0.925Ag0.075Se4,323.0,0.013250084711731428,10.1021/acs.inorgchem.1c00079,0.038847703,0.0468624,0.038887586,0.031526294
Cu2ZnSn0.925Ag0.075Se4,373.0,0.0225489773656449,10.1021/acs.inorgchem.1c00079,0.05968113,0.064628154,0.058740858,0.049199227
Cu2ZnSn0.925Ag0.075Se4,473.0,0.05096570514572023,10.1021/acs.inorgchem.1c00079,0.101492144,0.10319594,0.098366275,0.093873985
Cu2ZnSn0.925Ag0.075Se4,573.0,0.10887798229909261,10.1021/acs.inorgchem.1c00079,0.18554863,0.19458541,0.18089469,0.18257621
Cu2ZnSn0.925Ag0.075Se4,673.0,0.176580382489439,10.1021/acs.inorgchem.1c00079,0.30802798,0.31638297,0.29778707,0.2987312
Cu2ZnSn0.95Ag0.05Se4,323.0,0.02341034437189576,10.1021/acs.inorgchem.1c00079,0.038847703,0.0468624,0.038887586,0.031526294
Cu2ZnSn0.95Ag0.05Se4,373.0,0.0381099025304907,10.1021/acs.inorgchem.1c00079,0.05968113,0.064628154,0.058740858,0.049199227
Cu2ZnSn0.95Ag0.05Se4,473.0,0.07751352096594803,10.1021/acs.inorgchem.1c00079,0.101492144,0.10319594,0.098366275,0.093873985
Cu2ZnSn0.95Ag0.05Se4,573.0,0.16019268961875002,10.1021/acs.inorgchem.1c00079,0.18554863,0.19458541,0.18089469,0.18257621
Cu2ZnSn0.95Ag0.05Se4,673.0,0.255,10.1021/acs.inorgchem.1c00079,0.30802798,0.31638297,0.29778707,0.2987312
Cu2ZnSn0.98Ag0.02Se4,323.0,0.011814867295134325,10.1021/acs.inorgchem.1c00079,0.030047568,0.039068744,0.031540427,0.027822018
Cu2ZnSn0.98Ag0.02Se4,373.0,0.023221841865380993,10.1021/acs.inorgchem.1c00079,0.05088099,0.05683449,0.051393695,0.04549495
Cu2ZnSn0.98Ag0.02Se4,473.0,0.06031688819983855,10.1021/acs.inorgchem.1c00079,0.092692025,0.09540229,0.09101913,0.09016972
Cu2ZnSn0.98Ag0.02Se4,573.0,0.10239743654826883,10.1021/acs.inorgchem.1c00079,0.1716653,0.18679178,0.17354757,0.17887193
Cu2ZnSn0.98Ag0.02Se4,673.0,0.13,10.1021/acs.inorgchem.1c00079,0.29414466,0.30858934,0.28886002,0.29962993
Cu2ZnSnSe4,323.0,0.016669100448236832,10.1021/acs.inorgchem.1c00079,0.020155374,0.01992082,0.015043334,0.015485488
Cu2ZnSnSe4,373.0,0.024842286580281623,10.1021/acs.inorgchem.1c00079,0.04098882,0.03768657,0.0348966,0.033158433
Cu2ZnSnSe4,473.0,0.04351823405138025,10.1021/acs.inorgchem.1c00079,0.082799785,0.076254435,0.074522056,0.0749226
Cu2ZnSnSe4,573.0,0.07160733022873318,10.1021/acs.inorgchem.1c00079,0.15683752,0.16470759,0.15695567,0.16362475
Cu2ZnSnSe4,673.0,0.10112891652029825,10.1021/acs.inorgchem.1c00079,0.2757542,0.28650495,0.2781932,0.28438267
(Cu3SnS4)0.85(Ga2Te3)0.15,331.0,0.06754579134798051,10.1021/acs.inorgchem.1c01028,0.061150238,0.063490264,0.06727522,0.078477986
(Cu3SnS4)0.85(Ga2Te3)0.15,429.0,0.13679738025735294,10.1021/acs.inorgchem.1c01028,0.12628004,0.12253737,0.1249452,0.1458937
(Cu3SnS4)0.85(Ga2Te3)0.15,527.0,0.23406320203963757,10.1021/acs.inorgchem.1c01028,0.17537943,0.20024112,0.170571,0.18643047
(Cu3SnS4)0.85(Ga2Te3)0.15,624.0,0.3606202604101942,10.1021/acs.inorgchem.1c01028,0.31828964,0.35270548,0.34239078,0.3583366
(Cu3SnS4)0.85(Ga2Te3)0.15,674.0,0.41591666294304225,10.1021/acs.inorgchem.1c01028,0.37896502,0.42003638,0.3958307,0.42282194
(Cu3SnS4)0.85(Ga2Te3)0.15,741.0,0.4668504834350297,10.1021/acs.inorgchem.1c01028,0.5048051,0.55968016,0.5486329,0.5534043
(Cu3SnS4)0.85(Ga2Te3)0.15,800.0,0.5576464075829384,10.1021/acs.inorgchem.1c01028,0.63504785,0.6417707,0.65953267,0.6196575
(Cu3SnS4)0.875(Ga2Te3)0.125,331.0,0.0719613991211668,10.1021/acs.inorgchem.1c01028,0.078244835,0.065084614,0.06727522,0.086637974
(Cu3SnS4)0.875(Ga2Te3)0.125,429.0,0.14513119116909182,10.1021/acs.inorgchem.1c01028,0.14337465,0.12413172,0.1249452,0.15547594
(Cu3SnS4)0.875(Ga2Te3)0.125,527.0,0.25524831124203423,10.1021/acs.inorgchem.1c01028,0.20201033,0.20183548,0.170571,0.20417525
(Cu3SnS4)0.875(Ga2Te3)0.125,624.0,0.3812878802458098,10.1021/acs.inorgchem.1c01028,0.34184438,0.35429984,0.34239078,0.3791157
(Cu3SnS4)0.875(Ga2Te3)0.125,674.0,0.46050423812953273,10.1021/acs.inorgchem.1c01028,0.4025197,0.42163074,0.3958307,0.44360104
(Cu3SnS4)0.875(Ga2Te3)0.125,741.0,0.5347415869973422,10.1021/acs.inorgchem.1c01028,0.5240319,0.5612745,0.5486329,0.57336295
(Cu3SnS4)0.895(Ga2Te3)0.105,331.0,0.054180822597141236,10.1021/acs.inorgchem.1c01028,0.078244835,0.09415299,0.09168969,0.086637974
(Cu3SnS4)0.895(Ga2Te3)0.105,405.0,0.08877112420264241,10.1021/acs.inorgchem.1c01028,0.12689067,0.13986862,0.12565988,0.13435909
(Cu3SnS4)0.895(Ga2Te3)0.105,479.0,0.14558483613404777,10.1021/acs.inorgchem.1c01028,0.18598308,0.20997241,0.19330111,0.18458776
(Cu3SnS4)0.895(Ga2Te3)0.105,554.0,0.22746102334548085,10.1021/acs.inorgchem.1c01028,0.21205209,0.28559995,0.2555153,0.23558186
(Cu3SnS4)0.895(Ga2Te3)0.105,627.0,0.2996269784780199,10.1021/acs.inorgchem.1c01028,0.34184438,0.3924169,0.38503736,0.3791157
(Cu3SnS4)0.895(Ga2Te3)0.105,700.0,0.3755767900149645,10.1021/acs.inorgchem.1c01028,0.46702278,0.54350466,0.5211722,0.5088413
(Cu3SnS4)0.895(Ga2Te3)0.105,746.0,0.6150949352513514,10.1021/acs.inorgchem.1c01028,0.5319965,0.597828,0.6298275,0.592935
(Cu3SnS4)0.895(Ga2Te3)0.105,798.0,0.9294795221697655,10.1021/acs.inorgchem.1c01028,0.6386388,0.6763854,0.6874116,0.6591883
(Cu3SnS4)0.915(Ga2Te3)0.085,331.0,0.036196623298245245,10.1021/acs.inorgchem.1c01028,0.08379064,0.09661457,0.085235566,0.10586498
(Cu3SnS4)0.915(Ga2Te3)0.085,405.0,0.06149274839191876,10.1021/acs.inorgchem.1c01028,0.13243645,0.1423302,0.119205885,0.15358609
(Cu3SnS4)0.915(Ga2Te3)0.085,479.0,0.10778041441819772,10.1021/acs.inorgchem.1c01028,0.19022447,0.21561402,0.18684697,0.2206706
(Cu3SnS4)0.915(Ga2Te3)0.085,554.0,0.1650960278769412,10.1021/acs.inorgchem.1c01028,0.21629348,0.29124156,0.2507816,0.27519917
(Cu3SnS4)0.915(Ga2Te3)0.085,627.0,0.21333023148782107,10.1021/acs.inorgchem.1c01028,0.34608576,0.40434355,0.3803036,0.41873342
(Cu3SnS4)0.915(Ga2Te3)0.085,700.0,0.29720883029019207,10.1021/acs.inorgchem.1c01028,0.4718289,0.56678915,0.5214884,0.5459605
(Cu3SnS4)0.915(Ga2Te3)0.085,741.0,0.45268363636363634,10.1021/acs.inorgchem.1c01028,0.5288379,0.6211124,0.5789536,0.6200134
(Cu3SnS4)0.915(Ga2Te3)0.085,798.0,0.8034508033548388,10.1021/acs.inorgchem.1c01028,0.63536096,0.6951754,0.68282354,0.6853557
Cu26V2Ge3Sb3S32,309.0,0.14143701777301898,10.1021/acs.inorgchem.1c01321,0.15987113,0.15429482,0.1563219,0.16639714
Cu26V2Ge3Sb3S32,400.0,0.26380575822792446,10.1021/acs.inorgchem.1c01321,0.27249792,0.25944114,0.26494995,0.26537013
Cu26V2Ge3Sb3S32,497.0,0.4075347771221667,10.1021/acs.inorgchem.1c01321,0.4226589,0.39717865,0.41384965,0.4048334
Cu26V2Ge3Sb3S32,594.0,0.5834442152685789,10.1021/acs.inorgchem.1c01321,0.54578614,0.49340975,0.5197675,0.50253
Cu26V2Ge3Sb3S32,674.0,0.7370529011710032,10.1021/acs.inorgchem.1c01321,0.6265931,0.6097852,0.5942524,0.60752004
Cu26V2Ge4Sb2S32,309.0,0.09324318164049508,10.1021/acs.inorgchem.1c01321,0.1544623,0.14067544,0.15590455,0.1648876
Cu26V2Ge4Sb2S32,400.0,0.1756049138311975,10.1021/acs.inorgchem.1c01321,0.26708907,0.24582182,0.26453257,0.26386058
Cu26V2Ge4Sb2S32,497.0,0.29465306044074446,10.1021/acs.inorgchem.1c01321,0.4210095,0.38355923,0.41343227,0.40332386
Cu26V2Ge4Sb2S32,594.0,0.42725456822161184,10.1021/acs.inorgchem.1c01321,0.54413676,0.47671407,0.5193499,0.5010205
Cu26V2Ge4Sb2S32,674.0,0.57,10.1021/acs.inorgchem.1c01321,0.6249438,0.5930895,0.59383506,0.60601044
Cu26V2Ge5SbS32,309.0,0.04509031201171875,10.1021/acs.inorgchem.1c01321,0.16261597,0.14187905,0.16184749,0.16643289
Cu26V2Ge5SbS32,400.0,0.10011072818461539,10.1021/acs.inorgchem.1c01321,0.27524266,0.24582182,0.27047548,0.26540586
Cu26V2Ge5SbS32,497.0,0.18245641981697483,10.1021/acs.inorgchem.1c01321,0.42174813,0.38355923,0.41937518,0.40486914
Cu26V2Ge5SbS32,594.0,0.2938421491443527,10.1021/acs.inorgchem.1c01321,0.5448754,0.47159988,0.52529323,0.50786275
Cu26V2Ge5SbS32,674.0,0.4042450636373927,10.1021/acs.inorgchem.1c01321,0.62568235,0.5879753,0.6041585,0.6128523
Cu26V2Ge6S32,309.0,0.01121145529682384,10.1021/acs.inorgchem.1c01321,0.13969539,0.12266585,0.13936457,0.13286826
Cu26V2Ge6S32,400.0,0.03731253637238763,10.1021/acs.inorgchem.1c01321,0.19835863,0.17950886,0.19057043,0.17489302
Cu26V2Ge6S32,497.0,0.0937864969116953,10.1021/acs.inorgchem.1c01321,0.33029795,0.3111494,0.32688606,0.2980943
Cu26V2Ge6S32,594.0,0.17825797240635302,10.1021/acs.inorgchem.1c01321,0.42758268,0.3971385,0.4084264,0.39061922
Cu26V2Ge6S32,674.0,0.2675119922290117,10.1021/acs.inorgchem.1c01321,0.51179,0.4813783,0.4934768,0.4808442
Co0.95Ni0.05GeTe,327.0,0.017597182723805373,10.1021/acs.inorgchem.1c01538,0.05456817,0.07532948,0.05550641,0.07891648
Co0.95Ni0.05GeTe,394.0,0.03341198392249164,10.1021/acs.inorgchem.1c01538,0.113534816,0.14114283,0.12570752,0.13872354
Co0.95Ni0.05GeTe,478.0,0.0579275887309775,10.1021/acs.inorgchem.1c01538,0.2777531,0.36198935,0.32884344,0.3405872
Co0.95Ni0.05GeTe,551.0,0.0851511491028358,10.1021/acs.inorgchem.1c01538,0.4357939,0.5238885,0.45123148,0.506601
Co0.95Ni0.05GeTe,626.0,0.12348175267086256,10.1021/acs.inorgchem.1c01538,0.738202,0.759927,0.7121015,0.7177446
Co0.95Ni0.05GeTe,701.0,0.153176009699734,10.1021/acs.inorgchem.1c01538,0.90029204,0.9185901,0.9139062,0.8908743
Co0.95Ni0.05GeTe,776.0,0.17222478947664308,10.1021/acs.inorgchem.1c01538,0.97042954,0.96480674,0.99822515,0.9627065
Co0.95Ni0.05GeTe,825.0,0.17757431022554074,10.1021/acs.inorgchem.1c01538,0.98929185,0.96648055,1.0093703,0.96922106
Co0.97Ni0.03GeTe,327.0,0.0310271426398954,10.1021/acs.inorgchem.1c01538,0.05456817,0.07532948,0.05550641,0.07891648
Co0.97Ni0.03GeTe,394.0,0.05137610069138487,10.1021/acs.inorgchem.1c01538,0.113534816,0.14114283,0.12570752,0.13872354
Co0.97Ni0.03GeTe,478.0,0.08756846633621478,10.1021/acs.inorgchem.1c01538,0.2777531,0.36198935,0.32884344,0.3405872
Co0.97Ni0.03GeTe,551.0,0.1211571872459462,10.1021/acs.inorgchem.1c01538,0.4357939,0.5238885,0.45123148,0.506601
Co0.97Ni0.03GeTe,626.0,0.14480454629514147,10.1021/acs.inorgchem.1c01538,0.738202,0.759927,0.7121015,0.7177446
Co0.97Ni0.03GeTe,701.0,0.15329233893709213,10.1021/acs.inorgchem.1c01538,0.90029204,0.9185901,0.9139062,0.8908743
Co0.97Ni0.03GeTe,776.0,0.15195792261026447,10.1021/acs.inorgchem.1c01538,0.97042954,0.96480674,0.99822515,0.9627065
Co0.97Ni0.03GeTe,825.0,0.14598046436801243,10.1021/acs.inorgchem.1c01538,0.98929185,0.96648055,1.0093703,0.96922106
Co0.99Ni0.01GeTe,327.0,0.03562539556462185,10.1021/acs.inorgchem.1c01538,0.05456817,0.0742334,0.05137629,0.07727411
Co0.99Ni0.01GeTe,394.0,0.058083892752172746,10.1021/acs.inorgchem.1c01538,0.113534816,0.14004675,0.12157741,0.13708116
Co0.99Ni0.01GeTe,478.0,0.09116814302481195,10.1021/acs.inorgchem.1c01538,0.2777531,0.36089328,0.3247133,0.33894482
Co0.99Ni0.01GeTe,551.0,0.10920162037016133,10.1021/acs.inorgchem.1c01538,0.4357939,0.52279246,0.44577187,0.5049586
Co0.99Ni0.01GeTe,626.0,0.11322983075763204,10.1021/acs.inorgchem.1c01538,0.738202,0.7588309,0.706642,0.71610224
Co0.99Ni0.01GeTe,701.0,0.10656078131747859,10.1021/acs.inorgchem.1c01538,0.90029204,0.91749406,0.90844667,0.88758427
Co0.99Ni0.01GeTe,776.0,0.10211868568700046,10.1021/acs.inorgchem.1c01538,0.96271807,0.96370995,0.99276584,0.95941657
Co0.99Ni0.01GeTe,825.0,0.09992495326022782,10.1021/acs.inorgchem.1c01538,0.98157996,0.9653844,1.0039107,0.96593106
CoGeTe,327.0,0.007143524918625678,10.1021/acs.inorgchem.1c01538,0.05456817,0.07384828,0.05137629,0.07727411
CoGeTe,394.0,0.009730071316278434,10.1021/acs.inorgchem.1c01538,0.113534816,0.13966163,0.12157741,0.13708116
CoGeTe,478.0,0.013268344306390888,10.1021/acs.inorgchem.1c01538,0.2777531,0.36050817,0.3247133,0.33894482
CoGeTe,551.0,0.012990272629815745,10.1021/acs.inorgchem.1c01538,0.4357939,0.52240735,0.44577187,0.5049586
CoGeTe,626.0,0.01207781059465359,10.1021/acs.inorgchem.1c01538,0.738202,0.7584458,0.706642,0.71610224
CoGeTe,701.0,0.011772898131839312,10.1021/acs.inorgchem.1c01538,0.90029204,0.91710895,0.90844667,0.88758427
CoGeTe,776.0,0.011991927472472219,10.1021/acs.inorgchem.1c01538,0.96271807,0.96332484,0.99276584,0.95941657
CoGeTe,825.0,0.013466456045820276,10.1021/acs.inorgchem.1c01538,0.98157996,0.9649993,1.0039107,0.96593106
Ag2.0Se0.5Te0.5,300.0,0.24980074036229508,10.1021/acs.inorgchem.1c01563,0.52409333,0.4349127,0.64536905,0.39543808
Ag2.0Se0.5Te0.5,315.0,0.27189687324303796,10.1021/acs.inorgchem.1c01563,0.5512876,0.4353041,0.6447688,0.4007185
Ag2.0Se0.5Te0.5,330.0,0.29642320023148144,10.1021/acs.inorgchem.1c01563,0.62554294,0.43467048,0.74275506,0.4118133
Ag2.0Se0.5Te0.5,345.0,0.3252530698181818,10.1021/acs.inorgchem.1c01563,0.6613751,0.42314163,0.7268136,0.4041339
Ag2.0Se0.5Te0.5,360.0,0.35560227184407794,10.1021/acs.inorgchem.1c01563,0.67015487,0.45218548,0.7064827,0.422953
Ag2.0Se0.5Te0.5,375.0,0.38743880597014924,10.1021/acs.inorgchem.1c01563,0.6648186,0.43336773,0.71964544,0.41303205
Ag2.0Se0.5Te0.5,390.0,0.42297814702702696,10.1021/acs.inorgchem.1c01563,0.6666583,0.43287766,0.72159696,0.4186015
Ag2.0Se0.6Te0.4,300.0,0.38704455223880596,10.1021/acs.inorgchem.1c01563,0.5230503,0.43964538,0.5464449,0.4015087
Ag2.0Se0.6Te0.4,315.0,0.4120399548837209,10.1021/acs.inorgchem.1c01563,0.5251085,0.44003677,0.5458447,0.40678912
Ag2.0Se0.6Te0.4,330.0,0.4351121749291785,10.1021/acs.inorgchem.1c01563,0.52571446,0.43940315,0.5526412,0.41174683
Ag2.0Se0.6Te0.4,345.0,0.466342149375,10.1021/acs.inorgchem.1c01563,0.5334267,0.4278743,0.53669953,0.40406746
Ag2.0Se0.6Te0.4,360.0,0.4944004334328358,10.1021/acs.inorgchem.1c01563,0.5378949,0.45691815,0.5202444,0.41908854
Ag2.0Se0.6Te0.4,375.0,0.520932222406915,10.1021/acs.inorgchem.1c01563,0.51733476,0.4381004,0.5117956,0.4025544
Ag2.0Se0.6Te0.4,390.0,0.5500269597457627,10.1021/acs.inorgchem.1c01563,0.51917446,0.43761036,0.49172434,0.40812382
Ag2.0Se0.8Te0.2,300.0,0.58063630504,10.1021/acs.inorgchem.1c01563,0.545156,0.46481806,0.5437928,0.41786426
Ag2.0Se0.8Te0.2,315.0,0.6183928316176471,10.1021/acs.inorgchem.1c01563,0.5472143,0.46520945,0.5431923,0.4231447
Ag2.0Se0.8Te0.2,330.0,0.6536775882352941,10.1021/acs.inorgchem.1c01563,0.55552155,0.466743,0.54998916,0.4281024
Ag2.0Se0.8Te0.2,345.0,0.6852624106512,10.1021/acs.inorgchem.1c01563,0.56323373,0.45521414,0.5340475,0.42042306
Ag2.0Se0.8Te0.2,360.0,0.715689869193154,10.1021/acs.inorgchem.1c01563,0.56770194,0.484258,0.5175925,0.42803186
Ag2.0Se0.8Te0.2,375.0,0.7428553,10.1021/acs.inorgchem.1c01563,0.5448909,0.44925672,0.50914353,0.40363848
Ag2.0Se0.8Te0.2,390.0,0.7613283472578763,10.1021/acs.inorgchem.1c01563,0.5345702,0.44876665,0.4890723,0.4092079
Ag2.0Se0.9Te0.1,300.0,0.6489856708860761,10.1021/acs.inorgchem.1c01563,0.5390283,0.48312467,0.50184304,0.44225952
Ag2.0Se0.9Te0.1,315.0,0.6763593215882641,10.1021/acs.inorgchem.1c01563,0.5410864,0.48351607,0.5012426,0.44753996
Ag2.0Se0.9Te0.1,330.0,0.7035809063005916,10.1021/acs.inorgchem.1c01563,0.54939353,0.48916733,0.5080394,0.46095806
Ag2.0Se0.9Te0.1,345.0,0.7316133167084207,10.1021/acs.inorgchem.1c01563,0.5571058,0.47763848,0.49209768,0.45327872
Ag2.0Se0.9Te0.1,360.0,0.7582298736375,10.1021/acs.inorgchem.1c01563,0.561574,0.51029253,0.47564232,0.46497408
Ag2.0Se0.9Te0.1,375.0,0.783199702173913,10.1021/acs.inorgchem.1c01563,0.5387631,0.47529116,0.46719342,0.43912622
Ag2.0Se0.9Te0.1,390.0,0.8017373044067796,10.1021/acs.inorgchem.1c01563,0.5284427,0.4748011,0.44712242,0.44469565
Cu2Se0.5S0.5,333.0,0.07800360026160867,10.1021/acs.inorgchem.1c01631,0.16065934,0.14453743,0.1472218,0.1087933
Cu2Se0.5S0.5,426.0,0.10968022654602251,10.1021/acs.inorgchem.1c01631,0.23819861,0.19966942,0.20665944,0.15731068
Cu2Se0.5S0.5,520.0,0.186,10.1021/acs.inorgchem.1c01631,0.2913725,0.31466892,0.29702646,0.28771293
Cu2Se0.5S0.5,613.0,0.45908627233304833,10.1021/acs.inorgchem.1c01631,0.44005647,0.44650045,0.4325491,0.39355087
Cu2Se0.5S0.5,707.0,0.6970231517257851,10.1021/acs.inorgchem.1c01631,0.6295627,0.6191947,0.586007,0.56524765
Cu2Se0.5S0.5,769.0,0.9147983146570583,10.1021/acs.inorgchem.1c01631,0.75437146,0.7552364,0.72051215,0.7166475
Cu2Se0.7S0.3,333.0,0.13714845379651755,10.1021/acs.inorgchem.1c01631,0.16065934,0.1504907,0.15463059,0.15448365
Cu2Se0.7S0.3,426.0,0.11233703891947917,10.1021/acs.inorgchem.1c01631,0.24482512,0.20981051,0.21406825,0.20490542
Cu2Se0.7S0.3,520.0,0.21174885849019315,10.1021/acs.inorgchem.1c01631,0.31198144,0.33108893,0.31103712,0.35144636
Cu2Se0.7S0.3,613.0,0.4682854348041471,10.1021/acs.inorgchem.1c01631,0.4765032,0.48431233,0.46294847,0.47305018
Cu2Se0.7S0.3,707.0,0.7621110704088222,10.1021/acs.inorgchem.1c01631,0.65938276,0.6618951,0.6189614,0.65496266
Cu2Se0.7S0.3,769.0,0.9195332458290321,10.1021/acs.inorgchem.1c01631,0.8013002,0.82904845,0.78493375,0.8229045
Cu2Se0.9S0.1,333.0,0.10265864028287133,10.1021/acs.inorgchem.1c01631,0.19135635,0.163526,0.17670591,0.15689588
Cu2Se0.9S0.1,426.0,0.1486150085278964,10.1021/acs.inorgchem.1c01631,0.25945145,0.22284581,0.24276093,0.21353012
Cu2Se0.9S0.1,520.0,0.3611366739745058,10.1021/acs.inorgchem.1c01631,0.3353075,0.35185337,0.35773635,0.3698853
Cu2Se0.9S0.1,613.0,0.9663420850189292,10.1021/acs.inorgchem.1c01631,0.4986918,0.50810194,0.5193325,0.51240814
Cu2Se0.9S0.1,707.0,1.2380176251453452,10.1021/acs.inorgchem.1c01631,0.7237156,0.7387189,0.71947646,0.72919947
Cu2Se0.9S0.1,769.0,1.435214997245765,10.1021/acs.inorgchem.1c01631,0.93723106,0.9445953,0.9349669,0.9483378
Cu2.075Sn0.925S3,300.0,0.03032097166957967,10.1021/acs.inorgchem.1c02105,0.052506134,0.059653502,0.06232504,0.053972412
Cu2.075Sn0.925S3,400.0,0.06628009324396071,10.1021/acs.inorgchem.1c02105,0.09345346,0.10680267,0.0966852,0.09563889
Cu2.075Sn0.925S3,500.0,0.1286110187563056,10.1021/acs.inorgchem.1c02105,0.16162139,0.18316515,0.16787454,0.16631146
Cu2.075Sn0.925S3,600.0,0.212540491150993,10.1021/acs.inorgchem.1c02105,0.24754052,0.2768765,0.2544291,0.26789352
Cu2.075Sn0.925S3,700.0,0.2902983766841317,10.1021/acs.inorgchem.1c02105,0.33640036,0.34868306,0.33355203,0.35472435
Cu22Sn10S32,300.0,0.041925995961992035,10.1021/acs.inorgchem.1c02105,0.052506134,0.041242905,0.0417924,0.053371787
Cu22Sn10S32,400.0,0.08399090144983497,10.1021/acs.inorgchem.1c02105,0.09345346,0.0868292,0.07362164,0.09503827
Cu22Sn10S32,500.0,0.1542052751962585,10.1021/acs.inorgchem.1c02105,0.16162139,0.153566,0.13901874,0.16571084
Cu22Sn10S32,600.0,0.24439049615097438,10.1021/acs.inorgchem.1c02105,0.24754052,0.24470294,0.22270478,0.2672929
Cu22Sn10S32,700.0,0.3266995926338025,10.1021/acs.inorgchem.1c02105,0.33640036,0.3165093,0.30182818,0.3541237
Cu22Sn9.25Sb0.75S32,300.0,0.07089579542086365,10.1021/acs.inorgchem.1c02105,0.07011141,0.0665689,0.06900578,0.08774844
Cu22Sn9.25Sb0.75S32,400.0,0.14114145459302402,10.1021/acs.inorgchem.1c02105,0.17104091,0.16630715,0.1658124,0.18636344
Cu22Sn9.25Sb0.75S32,500.0,0.2414186489603721,10.1021/acs.inorgchem.1c02105,0.26635805,0.24267018,0.2525021,0.27885684
Cu22Sn9.25Sb0.75S32,600.0,0.36793847240899735,10.1021/acs.inorgchem.1c02105,0.40908626,0.3529781,0.38330537,0.41712394
Cu22Sn9.25Sb0.75S32,700.0,0.5046854994640484,10.1021/acs.inorgchem.1c02105,0.5008584,0.45595217,0.4594203,0.5000454
Cu22Sn9SbS32,300.0,0.0580279910832,10.1021/acs.inorgchem.1c02105,0.07011141,0.0665689,0.06900578,0.08774844
Cu22Sn9SbS32,400.0,0.12563402007272093,10.1021/acs.inorgchem.1c02105,0.17104091,0.16630715,0.1658124,0.18636344
Cu22Sn9SbS32,500.0,0.22912772219053915,10.1021/acs.inorgchem.1c02105,0.26635805,0.24267018,0.2525021,0.27885684
Cu22Sn9SbS32,600.0,0.35858181739738254,10.1021/acs.inorgchem.1c02105,0.40908626,0.3529781,0.38330537,0.41712394
Cu22Sn9SbS32,700.0,0.5415862457119587,10.1021/acs.inorgchem.1c02105,0.5008584,0.45595217,0.4594203,0.5000454
Ba1.4Bi0.6CoRuO6,318.0,0.17550772715000001,10.1021/acs.inorgchem.1c02442,0.017807094,0.0080258865,0.02014743,0.025789296
Ba1.4Bi0.6CoRuO6,418.0,0.16127758276851933,10.1021/acs.inorgchem.1c02442,0.013638632,0.019440573,0.035059813,0.03086942
Ba1.4Bi0.6CoRuO6,518.0,0.196,10.1021/acs.inorgchem.1c02442,0.02617757,0.030194368,0.05745762,0.035502322
Ba1.4Bi0.6CoRuO6,618.0,0.23432427504570383,10.1021/acs.inorgchem.1c02442,0.061451707,0.052783888,0.07771489,0.05510876
Ba1.6Bi0.4CoRuO6,318.0,0.07419151359516615,10.1021/acs.inorgchem.1c02442,-0.013216134,0.00255251,-0.0013876448,0.012741177
Ba1.6Bi0.4CoRuO6,418.0,0.06777421279124317,10.1021/acs.inorgchem.1c02442,-0.014884963,0.010228957,0.01282673,0.013014722
Ba1.6Bi0.4CoRuO6,518.0,0.08082108631578948,10.1021/acs.inorgchem.1c02442,-0.0009475586,0.019577207,0.025326898,0.015196164
Ba1.6Bi0.4CoRuO6,618.0,0.09860914090000002,10.1021/acs.inorgchem.1c02442,0.030572994,0.0422941,0.043191724,0.03990565
Ba1.7Bi0.3CoRuO6,518.0,0.04236294849230768,10.1021/acs.inorgchem.1c02442,0.0074758152,0.02877814,0.04784958,0.06985969
Ba1.8Bi0.2CoRuO6,318.0,0.03049120279293286,10.1021/acs.inorgchem.1c02442,-0.016436387,0.006200868,-0.0039575207,0.010976259
Ba1.8Bi0.2CoRuO6,418.0,0.028354056508076354,10.1021/acs.inorgchem.1c02442,-0.014320833,0.01387731,0.0067003053,0.017051488
Ba1.8Bi0.2CoRuO6,518.0,0.033368700265251995,10.1021/acs.inorgchem.1c02442,0.0063807676,0.02877814,0.041143417,0.030101882
Ba1.8Bi0.2CoRuO6,318.0,0.0374,10.1021/acs.inorgchem.1c02442,-0.016436387,0.006200868,-0.0039575207,0.010976259
Ba1.8Bi0.2CoRuO6,418.0,0.03566766202093494,10.1021/acs.inorgchem.1c02442,-0.014320833,0.01387731,0.0067003053,0.017051488
Ba1.9Bi0.1CoRuO6,318.0,0.026844806842105266,10.1021/acs.inorgchem.1c02442,-0.013270995,0.007692537,-0.001843566,0.010229169
Ba1.9Bi0.1CoRuO6,418.0,0.0239947030203267,10.1021/acs.inorgchem.1c02442,-0.013018783,0.015368984,0.008814262,0.015016505
Ba1.9Bi0.1CoRuO6,518.0,0.029,10.1021/acs.inorgchem.1c02442,0.00362027,0.028661825,0.033419665,0.028066907
Ba1.9Bi0.1CoRuO6,618.0,0.03549224713740458,10.1021/acs.inorgchem.1c02442,0.026032262,0.059262797,0.048520856,0.046712536
Ba2CoRuO6,318.0,0.0216,10.1021/acs.inorgchem.1c02442,-0.07643982,-0.0634487,-0.055852048,-0.05010894
Ba2CoRuO6,418.0,0.019883913834370513,10.1021/acs.inorgchem.1c02442,-0.079261474,-0.06457092,-0.057885885,-0.04905953
Ba2CoRuO6,518.0,0.022944017869415804,10.1021/acs.inorgchem.1c02442,-0.07369308,-0.062332842,-0.05856589,-0.048957888
Pb6Bi2Se9,323.0,0.05354371,10.1021/acs.inorgchem.6b02118,0.087821186,0.09116747,0.103128135,0.08093003
Pb6Bi2Se9,423.0,0.11225904125321459,10.1021/acs.inorgchem.6b02118,0.16780041,0.18719202,0.1864155,0.16639473
Pb6Bi2Se9,523.0,0.17945942106178125,10.1021/acs.inorgchem.6b02118,0.32203415,0.33780202,0.34893683,0.32628977
Pb6Bi2Se9,623.0,0.23583160301024997,10.1021/acs.inorgchem.6b02118,0.49877703,0.46360615,0.50244486,0.4914585
Pb6Bi2Se9,673.0,0.24624123531989622,10.1021/acs.inorgchem.6b02118,0.5647248,0.5420909,0.5607491,0.5525352
As2Te1.5Se1.5,298.0,0.001217429131184769,10.1021/acs.inorgchem.6b02930,0.13763319,0.1698577,0.0966368,0.18701911
As2Te1.5Se1.5,323.0,0.0024033839527532836,10.1021/acs.inorgchem.6b02930,0.2365765,0.27898273,0.18380776,0.28144157
As2Te1.5Se1.5,373.0,0.005245683801673716,10.1021/acs.inorgchem.6b02930,0.3237009,0.36831778,0.26975343,0.36197263
As2Te1.5Se1.5,423.0,0.009812761276374959,10.1021/acs.inorgchem.6b02930,0.4161501,0.45247918,0.3400392,0.48105204
As2Te1.5Se1.5,473.0,0.014224924039672838,10.1021/acs.inorgchem.6b02930,0.52147156,0.56766814,0.42755175,0.5858402
As2Te1.5Se1.5,523.0,0.0146,10.1021/acs.inorgchem.6b02930,0.55982274,0.60958374,0.46480906,0.58877474
As2Te2.3Se0.7,298.0,0.0043,10.1021/acs.inorgchem.6b02930,0.13727686,0.15707037,0.11861319,0.17590834
As2Te2.3Se0.7,323.0,0.006250700665902845,10.1021/acs.inorgchem.6b02930,0.23343223,0.2661954,0.23182525,0.27033082
As2Te2.3Se0.7,373.0,0.014870920525539356,10.1021/acs.inorgchem.6b02930,0.32055664,0.35553044,0.32307664,0.34756395
As2Te2.3Se0.7,423.0,0.028,10.1021/acs.inorgchem.6b02930,0.4198068,0.44094828,0.4192165,0.46776745
As2Te2.3Se0.7,473.0,0.03796838557332451,10.1021/acs.inorgchem.6b02930,0.5112446,0.5561372,0.49600455,0.5776182
As2Te2.3Se0.7,523.0,0.027186774063417504,10.1021/acs.inorgchem.6b02930,0.5495956,0.6055444,0.53764325,0.58633643
As2Te2.6Se0.4,298.0,0.012475172877268039,10.1021/acs.inorgchem.6b02930,0.16456312,0.19039536,0.14284149,0.19951393
As2Te2.6Se0.4,323.0,0.02,10.1021/acs.inorgchem.6b02930,0.26631996,0.2927071,0.25363153,0.29321495
As2Te2.6Se0.4,373.0,0.049,10.1021/acs.inorgchem.6b02930,0.3697869,0.38457626,0.35238728,0.37171102
As2Te2.6Se0.4,423.0,0.088,10.1021/acs.inorgchem.6b02930,0.44181982,0.46691743,0.43434897,0.49133453
As2Te2.6Se0.4,473.0,0.1406386982,10.1021/acs.inorgchem.6b02930,0.5193731,0.5728938,0.5065816,0.59390366
As2Te2.6Se0.4,523.0,0.17847024603074998,10.1021/acs.inorgchem.6b02930,0.55217856,0.6158873,0.5474544,0.59680235
As2Te2.8Se0.2,298.0,0.009677479676239631,10.1021/acs.inorgchem.6b02930,0.1862693,0.22932231,0.16667356,0.22222914
As2Te2.8Se0.2,323.0,0.0177236701331323,10.1021/acs.inorgchem.6b02930,0.28576943,0.30994844,0.26173264,0.30707985
As2Te2.8Se0.2,373.0,0.03378644349487349,10.1021/acs.inorgchem.6b02930,0.37619677,0.37802947,0.35521013,0.3727933
As2Te2.8Se0.2,423.0,0.060649665414402684,10.1021/acs.inorgchem.6b02930,0.4288174,0.46037066,0.42918324,0.47288647
As2Te2.8Se0.2,473.0,0.08840733993237233,10.1021/acs.inorgchem.6b02930,0.47688192,0.5389902,0.47427645,0.5571094
As2Te2.8Se0.2,523.0,0.1055173346215907,10.1021/acs.inorgchem.6b02930,0.51428306,0.5761057,0.5014266,0.5670546
As2Te2.9Se0.1,298.0,0.0176,10.1021/acs.inorgchem.6b02930,0.11774282,0.14049086,0.09342307,0.16236633
As2Te2.9Se0.1,323.0,0.0196,10.1021/acs.inorgchem.6b02930,0.17474845,0.21401754,0.15912221,0.2273924
As2Te2.9Se0.1,373.0,0.0226,10.1021/acs.inorgchem.6b02930,0.27019936,0.2947371,0.24889648,0.29198578
As2Te2.9Se0.1,423.0,0.02613,10.1021/acs.inorgchem.6b02930,0.33032647,0.35016692,0.31595287,0.38014448
As2Te2.9Se0.1,473.0,0.02663,10.1021/acs.inorgchem.6b02930,0.38558573,0.41600573,0.36420393,0.4564102
As2Te2.9Se0.1,523.0,0.02889,10.1021/acs.inorgchem.6b02930,0.42639664,0.4525768,0.3958789,0.4655588
As2Te2Se,298.0,0.00019723953762413695,10.1021/acs.inorgchem.6b02930,0.13786168,0.16118807,0.11888329,0.1854995
As2Te2Se,323.0,0.00038029843881316516,10.1021/acs.inorgchem.6b02930,0.23401706,0.2703131,0.23209527,0.27992192
As2Te2Se,373.0,0.0010535273312801067,10.1021/acs.inorgchem.6b02930,0.32114145,0.35964817,0.3233467,0.360453
As2Te2Se,423.0,0.0027929713411923894,10.1021/acs.inorgchem.6b02930,0.43609363,0.45461133,0.4259701,0.48634803
As2Te2Se,473.0,0.00518860336711016,10.1021/acs.inorgchem.6b02930,0.5486556,0.5637487,0.5027578,0.5911362
As2Te2Se,523.0,0.005710415905173893,10.1021/acs.inorgchem.6b02930,0.5870069,0.61678153,0.54439676,0.5998544
As2Te3,298.0,0.0009126754454570983,10.1021/acs.inorgchem.6b02930,0.12026977,0.15320237,0.09935279,0.1638398
As2Te3,323.0,0.000788511025511551,10.1021/acs.inorgchem.6b02930,0.18264194,0.217755,0.16051437,0.21911635
As2Te3,373.0,0.0006806507842038893,10.1021/acs.inorgchem.6b02930,0.26226395,0.29163694,0.2447692,0.27755135
As2Te3,423.0,0.0008823079654706842,10.1021/acs.inorgchem.6b02930,0.3268489,0.3783231,0.30653575,0.38443014
As2Te3,473.0,0.0010904363898236662,10.1021/acs.inorgchem.6b02930,0.3950726,0.4598379,0.3321752,0.4797543
As2Te3,523.0,4.418788432878948e-05,10.1021/acs.inorgchem.6b02930,0.4335122,0.5038092,0.36977968,0.5008297
BaGd2NiO5,426.0,0.00023016876574307303,10.1021/acs.inorgchem.7b00049,-0.009390142,-0.02398148,-0.0019601716,-0.014293549
BaGd2NiO5,532.0,0.0005681039753846154,10.1021/acs.inorgchem.7b00049,-0.008269242,-0.022733008,0.0133707365,-0.013788146
BaGd2NiO5,638.0,0.0011587765750763254,10.1021/acs.inorgchem.7b00049,-0.016596764,-0.021067582,0.0003726262,-0.018852722
BaGd2NiO5,750.0,0.0019314764492753623,10.1021/acs.inorgchem.7b00049,-0.01124657,-0.0043065907,0.0023999922,-0.012802988
BaGd2NiO5,862.0,0.002634170588235294,10.1021/acs.inorgchem.7b00049,0.0046169027,0.00811738,0.022120953,0.008102336
BaGd2NiO5,975.0,0.003900650867823765,10.1021/acs.inorgchem.7b00049,0.017758537,0.020799566,0.034994297,0.019325254
BaGd2NiO5,1074.0,0.005638182071463398,10.1021/acs.inorgchem.7b00049,0.02995111,0.025510605,0.042116053,0.028958732
BaGd2NiO5,1179.0,0.007798719396034713,10.1021/acs.inorgchem.7b00049,0.04800109,0.033493157,0.051945675,0.033714592
BaGd2NiO5,1272.0,0.009695760728218464,10.1021/acs.inorgchem.7b00049,0.04800109,0.033493157,0.05043805,0.03233394
Ca0.05BaGd1.95NiO5,526.0,0.000572274414850686,10.1021/acs.inorgchem.7b00049,-0.0077856896,-0.022528294,0.01607094,-0.013788146
Ca0.05BaGd1.95NiO5,632.0,0.0009935289226749018,10.1021/acs.inorgchem.7b00049,-0.016596764,-0.020862868,-0.0007096403,-0.021843864
Ca0.05BaGd1.95NiO5,736.0,0.0015865306122448976,10.1021/acs.inorgchem.7b00049,-0.008753515,-0.004240814,0.0039169714,-0.011816248
Ca0.05BaGd1.95NiO5,839.0,0.0024531343981821826,10.1021/acs.inorgchem.7b00049,-0.00363125,0.001719883,0.010270215,0.0016820617
Ca0.05BaGd1.95NiO5,939.0,0.0037180302925033004,10.1021/acs.inorgchem.7b00049,0.014956186,0.017061204,0.029215202,0.010647683
Ca0.05BaGd1.95NiO5,1037.0,0.005288385348938014,10.1021/acs.inorgchem.7b00049,0.023810491,0.022166174,0.038096778,0.023003772
Ca0.05BaGd1.95NiO5,1134.0,0.007014855167114867,10.1021/acs.inorgchem.7b00049,0.04800109,0.031566508,0.049442686,0.03240743
Ca0.05BaGd1.95NiO5,1230.0,0.010199601966752516,10.1021/acs.inorgchem.7b00049,0.04800109,0.03369787,0.051945675,0.033714592
Ca0.15BaGd1.85NiO5,392.0,0.000627609756097561,10.1021/acs.inorgchem.7b00049,0.00093973667,-0.0129982745,0.013432865,-0.00042450475
Ca0.15BaGd1.85NiO5,513.0,0.0015620804744167808,10.1021/acs.inorgchem.7b00049,0.013365018,0.0008279544,0.033086102,0.01593423
Ca0.15BaGd1.85NiO5,611.0,0.002347351705767852,10.1021/acs.inorgchem.7b00049,0.0044763624,-0.00823515,0.019744601,-0.002700943
Ca0.15BaGd1.85NiO5,716.0,0.0032345444743935308,10.1021/acs.inorgchem.7b00049,0.009451682,0.010990801,0.021231867,0.005469778
Ca0.15BaGd1.85NiO5,811.0,0.004255995279307631,10.1021/acs.inorgchem.7b00049,0.0047281864,0.0057813735,0.011571195,0.008829731
Ca0.15BaGd1.85NiO5,907.0,0.005904031685013687,10.1021/acs.inorgchem.7b00049,0.028751343,0.026996553,0.031651687,0.022819059
Ca0.15BaGd1.85NiO5,1000.0,0.007694157249338784,10.1021/acs.inorgchem.7b00049,0.038959917,0.0324789,0.039996807,0.034428522
Ca0.15BaGd1.85NiO5,1084.0,0.011506593474372417,10.1021/acs.inorgchem.7b00049,0.04237294,0.036747232,0.045192193,0.04225139
Ca0.15BaGd1.85NiO5,1179.0,0.015620590219224283,10.1021/acs.inorgchem.7b00049,0.06020783,0.04472976,0.055021763,0.047007255
Ca0.15BaGd1.85NiO5,1275.0,0.02173996815286624,10.1021/acs.inorgchem.7b00049,0.06020783,0.04472976,0.053514145,0.04562661
Ca0.1BaGd1.9NiO5,421.0,0.00025560962522701004,10.1021/acs.inorgchem.7b00049,0.0070360405,-0.0072919535,0.014869119,0.00079132646
Ca0.1BaGd1.9NiO5,532.0,0.0006578676604253772,10.1021/acs.inorgchem.7b00049,0.010481139,-0.005889771,0.030691342,0.0053492594
Ca0.1BaGd1.9NiO5,636.0,0.000987316931139904,10.1021/acs.inorgchem.7b00049,0.0021536304,-0.0035803192,0.017693244,-0.005706644
Ca0.1BaGd1.9NiO5,736.0,0.001476088888888889,10.1021/acs.inorgchem.7b00049,0.008055946,0.008040859,0.014662722,0.00023373478
Ca0.1BaGd1.9NiO5,839.0,0.0020736722251172486,10.1021/acs.inorgchem.7b00049,0.011518192,0.011699772,0.013320625,0.011647443
Ca0.1BaGd1.9NiO5,939.0,0.0025961471999999997,10.1021/acs.inorgchem.7b00049,0.03010564,0.027041107,0.03135829,0.020613061
Ca0.1BaGd1.9NiO5,1037.0,0.0039900703150550524,10.1021/acs.inorgchem.7b00049,0.036232296,0.03214609,0.040239856,0.03256546
Ca0.1BaGd1.9NiO5,1134.0,0.005290580402867873,10.1021/acs.inorgchem.7b00049,0.06020783,0.041546427,0.051585738,0.041969083
Ca0.25BaGd1.75NiO5,486.0,0.0012483245152680744,10.1021/acs.inorgchem.7b00049,0.008649779,-0.008395952,0.028086044,0.010279908
Ca0.25BaGd1.75NiO5,579.0,0.0015724242843951986,10.1021/acs.inorgchem.7b00049,0.0074447254,-0.01234208,0.030630754,-0.009307187
Ca0.25BaGd1.75NiO5,687.0,0.002645250226039783,10.1021/acs.inorgchem.7b00049,0.0009426106,0.00090850453,0.016139923,0.0016633446
Ca0.25BaGd1.75NiO5,791.0,0.0037020860780105098,10.1021/acs.inorgchem.7b00049,0.0029498949,0.0050503532,0.009669792,0.008577148
Ca0.25BaGd1.75NiO5,891.0,0.004710578635014837,10.1021/acs.inorgchem.7b00049,0.020471299,0.022024328,0.025376752,0.018598294
Ca0.25BaGd1.75NiO5,987.0,0.006947254027550783,10.1021/acs.inorgchem.7b00049,0.0392158,0.0324789,0.039996807,0.034175944
Ca0.25BaGd1.75NiO5,1087.0,0.010062647082112599,10.1021/acs.inorgchem.7b00049,0.04262882,0.036747232,0.045192193,0.04199881
Ca0.25BaGd1.75NiO5,1179.0,0.013706705541640574,10.1021/acs.inorgchem.7b00049,0.060463704,0.04472976,0.055021763,0.046754677
Ca0.25BaGd1.75NiO5,1275.0,0.017275116167280884,10.1021/acs.inorgchem.7b00049,0.060463704,0.04472976,0.053514145,0.045374032
Ca0.2BaGd1.8NiO5,489.0,0.0009671228239845262,10.1021/acs.inorgchem.7b00049,0.008393894,-0.008395952,0.028086044,0.010279908
Ca0.2BaGd1.8NiO5,587.0,0.0012797779256928476,10.1021/acs.inorgchem.7b00049,0.0071888445,-0.01234208,0.030630754,-0.009307187
Ca0.2BaGd1.8NiO5,693.0,0.0021795745526838966,10.1021/acs.inorgchem.7b00049,0.00067655876,0.0027826957,0.016475365,-0.00024729467
Ca0.2BaGd1.8NiO5,796.0,0.003000676122060539,10.1021/acs.inorgchem.7b00049,0.002694014,0.0050503532,0.009669792,0.008577148
Ca0.2BaGd1.8NiO5,897.0,0.004093535338822039,10.1021/acs.inorgchem.7b00049,0.02021542,0.022024328,0.025376752,0.018598294
Ca0.2BaGd1.8NiO5,999.0,0.005982154407453254,10.1021/acs.inorgchem.7b00049,0.038959917,0.0324789,0.039996807,0.034175944
Ca0.2BaGd1.8NiO5,1095.0,0.008818699536730642,10.1021/acs.inorgchem.7b00049,0.04237294,0.036747232,0.045192193,0.04199881
Ca0.2BaGd1.8NiO5,1188.0,0.01251855193032627,10.1021/acs.inorgchem.7b00049,0.06020783,0.04472976,0.055021763,0.046754677
Ca0.2BaGd1.8NiO5,1275.0,0.015976900012238403,10.1021/acs.inorgchem.7b00049,0.06020783,0.04472976,0.053514145,0.045374032
Ba0.95K0.05Zn2As2,323.0,0.017738870398874895,10.1021/acs.inorgchem.7b00232,0.08999304,0.13411745,0.10179557,0.16639954
Ba0.95K0.05Zn2As2,423.0,0.031672870452378814,10.1021/acs.inorgchem.7b00232,0.15925217,0.21027724,0.18858856,0.24970588
Ba0.95K0.05Zn2As2,523.0,0.05564251882945161,10.1021/acs.inorgchem.7b00232,0.24077283,0.2859575,0.23803055,0.3008439
Ba0.95K0.05Zn2As2,623.0,0.1034642166867198,10.1021/acs.inorgchem.7b00232,0.31215623,0.35561168,0.34776875,0.40969065
Ba0.95K0.05Zn2As2,723.0,0.161736267099351,10.1021/acs.inorgchem.7b00232,0.40648097,0.4280173,0.42295563,0.51277936
Ba0.96K0.04Zn2As2,323.0,0.032336390125787796,10.1021/acs.inorgchem.7b00232,0.08999304,0.13411745,0.10179557,0.16639954
Ba0.96K0.04Zn2As2,423.0,0.054246373345519516,10.1021/acs.inorgchem.7b00232,0.15925217,0.21027724,0.18858856,0.24970588
Ba0.96K0.04Zn2As2,523.0,0.09577416148420217,10.1021/acs.inorgchem.7b00232,0.24077283,0.2859575,0.23803055,0.3008439
Ba0.96K0.04Zn2As2,623.0,0.15444402010996314,10.1021/acs.inorgchem.7b00232,0.31215623,0.35561168,0.34776875,0.40969065
Ba0.96K0.04Zn2As2,723.0,0.23632848630101125,10.1021/acs.inorgchem.7b00232,0.40648097,0.4280173,0.42295563,0.51277936
Ba0.97K0.03Zn2As2,323.0,0.03551766355301717,10.1021/acs.inorgchem.7b00232,0.07543758,0.11900647,0.09253363,0.15760456
Ba0.97K0.03Zn2As2,423.0,0.061819771714056275,10.1021/acs.inorgchem.7b00232,0.14469673,0.1951664,0.17932653,0.24026147
Ba0.97K0.03Zn2As2,523.0,0.09785114709521112,10.1021/acs.inorgchem.7b00232,0.21658075,0.26816997,0.22876866,0.29024333
Ba0.97K0.03Zn2As2,623.0,0.14569773031130434,10.1021/acs.inorgchem.7b00232,0.28796414,0.33782417,0.3358637,0.39677617
Ba0.97K0.03Zn2As2,723.0,0.20849734640359546,10.1021/acs.inorgchem.7b00232,0.38228887,0.41022977,0.4110506,0.49986508
Ba0.98K0.02Zn2As2,323.0,0.0925700783223221,10.1021/acs.inorgchem.7b00232,0.073873304,0.122492924,0.09895825,0.15692
Ba0.98K0.02Zn2As2,423.0,0.16328617374455728,10.1021/acs.inorgchem.7b00232,0.14313246,0.19865286,0.18508211,0.2395769
Ba0.98K0.02Zn2As2,523.0,0.2597465939249278,10.1021/acs.inorgchem.7b00232,0.21501648,0.27165642,0.2365719,0.29341966
Ba0.98K0.02Zn2As2,623.0,0.35688146588514935,10.1021/acs.inorgchem.7b00232,0.28639987,0.34131062,0.34677333,0.40387192
Ba0.98K0.02Zn2As2,723.0,0.47528787515006,10.1021/acs.inorgchem.7b00232,0.3807246,0.41371623,0.43230554,0.5148844
Ba0.98K0.02Zn2As2,823.0,0.5908258308899408,10.1021/acs.inorgchem.7b00232,0.4305201,0.45025852,0.48347637,0.5688906
Ba0.99K0.01Zn2As2,323.0,0.07603801182173785,10.1021/acs.inorgchem.7b00232,0.08081663,0.12323433,0.102268346,0.15635462
Ba0.99K0.01Zn2As2,423.0,0.14727474172302446,10.1021/acs.inorgchem.7b00232,0.15007581,0.19939423,0.19060214,0.23901153
Ba0.99K0.01Zn2As2,523.0,0.22988555354536636,10.1021/acs.inorgchem.7b00232,0.21957849,0.26941726,0.23612271,0.29018325
Ba0.99K0.01Zn2As2,623.0,0.3612227725144295,10.1021/acs.inorgchem.7b00232,0.29096183,0.33907145,0.34716317,0.4006355
Ba0.99K0.01Zn2As2,723.0,0.46008872694113295,10.1021/acs.inorgchem.7b00232,0.39102525,0.41147706,0.4288744,0.51164806
Ba0.9K0.1Zn2As2,323.0,0.012950977932294742,10.1021/acs.inorgchem.7b00232,0.099982746,0.1584478,0.111076936,0.17576815
Ba0.9K0.1Zn2As2,423.0,0.028217969334260865,10.1021/acs.inorgchem.7b00232,0.16926837,0.23460759,0.19786991,0.25931695
Ba0.9K0.1Zn2As2,523.0,0.056593741027011736,10.1021/acs.inorgchem.7b00232,0.24584828,0.32038146,0.24546763,0.320483
Ba0.9K0.1Zn2As2,623.0,0.11548995822042955,10.1021/acs.inorgchem.7b00232,0.31723177,0.39567125,0.3558092,0.42932975
Ba0.9K0.1Zn2As2,723.0,0.1923931108408296,10.1021/acs.inorgchem.7b00232,0.4115565,0.46807685,0.4309961,0.53241867
BaZn2As2,323.0,0.04916544620304353,10.1021/acs.inorgchem.7b00232,0.061602924,0.11210507,0.0786351,0.14438176
BaZn2As2,423.0,0.0856996059502125,10.1021/acs.inorgchem.7b00232,0.13086209,0.18826497,0.15699352,0.21800001
BaZn2As2,523.0,0.11866242133354576,10.1021/acs.inorgchem.7b00232,0.197755,0.258288,0.20076835,0.26998237
BaZn2As2,623.0,0.15081293349116878,10.1021/acs.inorgchem.7b00232,0.26723483,0.3203191,0.2973783,0.3658055
BaZn2As2,723.0,0.18979881364044468,10.1021/acs.inorgchem.7b00232,0.36251628,0.3927247,0.37256518,0.46889445
Li1.01Co0.85Ni0.15O2,323.0,2.345452932140595e-06,10.1021/acs.inorgchem.7b00476,-0.011485926,-0.025097754,-0.013735515,-0.01784997
Li1.01Co0.85Ni0.15O2,423.0,8.174505727725046e-06,10.1021/acs.inorgchem.7b00476,-0.012069649,-0.020526879,-0.016804537,-0.013824873
Li1.01Co0.85Ni0.15O2,523.0,6.169137068292682e-05,10.1021/acs.inorgchem.7b00476,-0.006024947,-0.013883372,-0.010821861,-0.0064708088
Li1.01Co0.85Ni0.15O2,623.0,0.00037173002211692306,10.1021/acs.inorgchem.7b00476,0.0066895173,0.00059378584,0.0045864712,0.0045651677
Li1.01Co0.85Ni0.15O2,723.0,0.0015226969125225903,10.1021/acs.inorgchem.7b00476,0.035217542,0.042617857,0.041277308,0.04658854
Li1.01Co0.85Ni0.15O2,823.0,0.0056115007332,10.1021/acs.inorgchem.7b00476,0.05776954,0.06560542,0.077857114,0.093083754
Li1.01Co0.85Ni0.15O2,923.0,0.010774346154285713,10.1021/acs.inorgchem.7b00476,0.13471602,0.102691956,0.11216625,0.13614854
Li1.01Co0.85Ni0.15O2,1023.0,0.02869263906471066,10.1021/acs.inorgchem.7b00476,0.15738021,0.12776165,0.12498281,0.16772835
Li1.04Co0.85Ni0.15O2,323.0,7.305597740365534e-07,10.1021/acs.inorgchem.7b00476,-0.011485926,-0.025097754,-0.013735515,-0.01784997
Li1.04Co0.85Ni0.15O2,423.0,6.220629089636969e-06,10.1021/acs.inorgchem.7b00476,-0.012069649,-0.020526879,-0.016804537,-0.013824873
Li1.04Co0.85Ni0.15O2,523.0,5.851782008854466e-05,10.1021/acs.inorgchem.7b00476,-0.006024947,-0.013883372,-0.010821861,-0.0064708088
Li1.04Co0.85Ni0.15O2,623.0,0.00031906025537167565,10.1021/acs.inorgchem.7b00476,0.0066895173,0.00059378584,0.0045864712,0.0045651677
Li1.04Co0.85Ni0.15O2,723.0,0.001604886869229416,10.1021/acs.inorgchem.7b00476,0.035217542,0.042617857,0.041277308,0.04658854
Li1.04Co0.85Ni0.15O2,823.0,0.004742503111945946,10.1021/acs.inorgchem.7b00476,0.05776954,0.06560542,0.077857114,0.093083754
Li1.04Co0.85Ni0.15O2,923.0,0.012202280223473076,10.1021/acs.inorgchem.7b00476,0.13471602,0.102691956,0.11216625,0.13614854
Li1.04Co0.85Ni0.15O2,1023.0,0.03586621182792453,10.1021/acs.inorgchem.7b00476,0.15738021,0.12776165,0.12498281,0.16772835
Li1.1Co0.85Ni0.15O2,323.0,2.772417677099985e-06,10.1021/acs.inorgchem.7b00476,-0.011485926,-0.025097754,-0.013735515,-0.021633098
Li1.1Co0.85Ni0.15O2,423.0,1.0459960240178571e-05,10.1021/acs.inorgchem.7b00476,-0.012069649,-0.020526879,-0.016804537,-0.013824873
Li1.1Co0.85Ni0.15O2,523.0,9.434899046166287e-05,10.1021/acs.inorgchem.7b00476,-0.006024947,-0.013883372,-0.010821861,-0.0064708088
Li1.1Co0.85Ni0.15O2,623.0,0.0006347054874592074,10.1021/acs.inorgchem.7b00476,0.0066895173,0.00059378584,0.0025560672,0.0029463316
Li1.1Co0.85Ni0.15O2,723.0,0.0028391193394931846,10.1021/acs.inorgchem.7b00476,0.01932773,0.021967327,0.018142771,0.022179922
Li1.1Co0.85Ni0.15O2,823.0,0.008919128593993667,10.1021/acs.inorgchem.7b00476,0.036763754,0.0403101,0.031714138,0.039447337
Li1.1Co0.85Ni0.15O2,923.0,0.024666321806433147,10.1021/acs.inorgchem.7b00476,0.05976617,0.06177431,0.055073403,0.05539685
Li1.1Co0.85Ni0.15O2,1023.0,0.07011792220373916,10.1021/acs.inorgchem.7b00476,0.0721389,0.0731954,0.06629741,0.06778429
LiCo0.85Ni0.15O2,323.0,2.4127710843373497e-07,10.1021/acs.inorgchem.7b00476,-0.018598989,-0.040108263,-0.013735515,-0.03462284
LiCo0.85Ni0.15O2,423.0,1.9688821680373732e-06,10.1021/acs.inorgchem.7b00476,-0.019182721,-0.035537414,-0.016804537,-0.030597705
LiCo0.85Ni0.15O2,523.0,3.1601631643240145e-05,10.1021/acs.inorgchem.7b00476,-0.01563843,-0.032147855,-0.010821861,-0.023243656
LiCo0.85Ni0.15O2,623.0,0.00027532410470227736,10.1021/acs.inorgchem.7b00476,-0.011236093,-0.034097873,0.0045864712,-0.025793916
LiCo0.85Ni0.15O2,723.0,0.0019813003951073428,10.1021/acs.inorgchem.7b00476,0.016879879,0.006356833,0.041277308,0.01572045
LiCo0.85Ni0.15O2,823.0,0.008862747069094921,10.1021/acs.inorgchem.7b00476,0.031432264,0.02934437,0.077857114,0.063578516
LiCo0.85Ni0.15O2,923.0,0.01812760541396606,10.1021/acs.inorgchem.7b00476,0.10817726,0.06643097,0.11216625,0.106643125
LiCo0.85Ni0.15O2,1023.0,0.03469107723554411,10.1021/acs.inorgchem.7b00476,0.1308415,0.09150051,0.12498281,0.13912219
LiCo0.92Ni0.08O2,423.0,2.383870872159734e-07,10.1021/acs.inorgchem.7b00476,-0.012069649,-0.021731988,-0.016804537,-0.015526567
LiCo0.92Ni0.08O2,523.0,9.86565820680836e-06,10.1021/acs.inorgchem.7b00476,-0.006024947,-0.016076094,-0.010821861,-0.0104724085
LiCo0.92Ni0.08O2,623.0,0.0001797221422453649,10.1021/acs.inorgchem.7b00476,0.0066895173,-0.0028412845,0.0045864712,-0.00062120653
LiCo0.92Ni0.08O2,723.0,0.0010316908750129814,10.1021/acs.inorgchem.7b00476,0.035217542,0.040882044,0.041277308,0.04081522
LiCo0.92Ni0.08O2,823.0,0.003336676102868489,10.1021/acs.inorgchem.7b00476,0.059836872,0.0638696,0.077857114,0.071346514
LiCo0.92Ni0.08O2,923.0,0.009487792027377168,10.1021/acs.inorgchem.7b00476,0.13678335,0.10095614,0.11216625,0.10240447
LiCo0.92Ni0.08O2,1023.0,0.022667513340803573,10.1021/acs.inorgchem.7b00476,0.15944754,0.12602584,0.12498281,0.14320554
LiCo0.96Ni0.04O2,323.0,1.0304430114662462e-08,10.1021/acs.inorgchem.7b00476,0.011679077,0.0050635533,0.010738079,-0.0021694887
LiCo0.96Ni0.04O2,423.0,4.787826119162503e-07,10.1021/acs.inorgchem.7b00476,0.012917185,0.009026879,0.014306956,0.000557285
LiCo0.96Ni0.04O2,523.0,1.3360975101017498e-05,10.1021/acs.inorgchem.7b00476,0.02273188,0.014682744,0.020289646,0.0056114225
LiCo0.96Ni0.04O2,623.0,0.00019511269153674396,10.1021/acs.inorgchem.7b00476,0.03544633,0.027917573,0.035698,0.015462661
LiCo0.96Ni0.04O2,723.0,0.0011889830861003651,10.1021/acs.inorgchem.7b00476,0.06397433,0.071641,0.072545715,0.05687756
LiCo0.96Ni0.04O2,823.0,0.004786536043387018,10.1021/acs.inorgchem.7b00476,0.07397688,0.06695817,0.10912555,0.08740888
LiCo0.96Ni0.04O2,923.0,0.012595723510853401,10.1021/acs.inorgchem.7b00476,0.15036848,0.10404472,0.14456756,0.118466936
LiCo0.96Ni0.04O2,1023.0,0.018087158819102826,10.1021/acs.inorgchem.7b00476,0.17303267,0.12911442,0.15738422,0.15926792
LiCo0.98Ni0.02O2,323.0,1.521032291286882e-08,10.1021/acs.inorgchem.7b00476,0.014759553,0.010660255,0.0018084558,0.011018183
LiCo0.98Ni0.02O2,423.0,4.6905491039483915e-08,10.1021/acs.inorgchem.7b00476,0.01667781,0.016542576,0.005820644,0.028527984
LiCo0.98Ni0.02O2,523.0,2.239116952269445e-05,10.1021/acs.inorgchem.7b00476,0.023250444,0.025374295,0.014156351,0.036908124
LiCo0.98Ni0.02O2,623.0,0.0002729287552286842,10.1021/acs.inorgchem.7b00476,0.035964906,0.038609117,0.029564682,0.046759363
LiCo0.98Ni0.02O2,723.0,0.0015042315288656802,10.1021/acs.inorgchem.7b00476,0.061858445,0.08239157,0.06397061,0.08407219
LiCo0.98Ni0.02O2,823.0,0.005209552077184825,10.1021/acs.inorgchem.7b00476,0.07186101,0.07770872,0.10055046,0.10604887
LiCo0.98Ni0.02O2,923.0,0.01433494107783363,10.1021/acs.inorgchem.7b00476,0.14825259,0.11479528,0.13599245,0.13941261
LiCo0.98Ni0.02O2,1023.0,0.03187792318324552,10.1021/acs.inorgchem.7b00476,0.17091678,0.13986498,0.1488091,0.18021356
LiCoO2,423.0,1.1880631067778525e-05,10.1021/acs.inorgchem.7b00476,0.001970831,-0.011909882,0.005483906,0.027368598
LiCoO2,523.0,3.2985589329265005e-05,10.1021/acs.inorgchem.7b00476,0.008543467,-0.003078121,0.013819622,0.035748746
LiCoO2,623.0,0.00014472836244319452,10.1021/acs.inorgchem.7b00476,0.02125794,0.0101566855,0.029227935,0.045599993
LiCoO2,723.0,0.0004627950965715807,10.1021/acs.inorgchem.7b00476,0.04435498,0.06859405,0.06412617,0.08752761
LiCoO2,823.0,0.0021210053689604534,10.1021/acs.inorgchem.7b00476,0.07242928,0.09217172,0.10070602,0.10950429
LiCoO2,923.0,0.005237780534592587,10.1021/acs.inorgchem.7b00476,0.14882086,0.1545052,0.13614802,0.18895249
LiCoO2,1023.0,0.009235226439709062,10.1021/acs.inorgchem.7b00476,0.17148505,0.1795748,0.14896467,0.22975338
Ca11Sb10,327.0,0.00013205766799928323,10.1021/acs.inorgchem.7b00617,0.005621406,0.03909986,0.03626831,0.030407116
Ca11Sb10,419.0,0.0002741401690575003,10.1021/acs.inorgchem.7b00617,0.060597453,0.14138566,0.09562336,0.112481825
Ca11Sb10,513.0,0.00029345447445493,10.1021/acs.inorgchem.7b00617,0.1251866,0.21488859,0.14912222,0.19164957
Ca11Sb10,608.0,0.0003114850618585298,10.1021/acs.inorgchem.7b00617,0.20427673,0.29845878,0.24676953,0.27923396
Ca11Sb10,701.0,0.0003109857800264301,10.1021/acs.inorgchem.7b00617,0.30329177,0.39028862,0.32265592,0.3618471
Ca2Yb9Sb10,327.0,7.333418459409946e-05,10.1021/acs.inorgchem.7b00617,-0.02748789,-0.027228585,-0.0037224134,-0.021778803
Ca2Yb9Sb10,419.0,0.0006836443314359858,10.1021/acs.inorgchem.7b00617,0.02880011,0.017606892,0.03110603,0.031534936
Ca2Yb9Sb10,513.0,0.0019201977260018639,10.1021/acs.inorgchem.7b00617,0.07192398,0.041528508,0.05023826,0.057899304
Ca2Yb9Sb10,608.0,0.0035904764926364316,10.1021/acs.inorgchem.7b00617,0.12472096,0.10860566,0.09741831,0.1226054
Ca2Yb9Sb10,701.0,0.005821086394921545,10.1021/acs.inorgchem.7b00617,0.18866898,0.16878836,0.15249012,0.17619859
Ca2Yb9Sb9Ge,327.0,5.1622233165929355e-05,10.1021/acs.inorgchem.7b00617,-0.013876702,-0.0012068128,0.004886018,0.0028694905
Ca2Yb9Sb9Ge,419.0,7.590562656304438e-05,10.1021/acs.inorgchem.7b00617,0.045921203,0.050457302,0.041252,0.05819508
Ca2Yb9Sb9Ge,513.0,9.246983229982301e-05,10.1021/acs.inorgchem.7b00617,0.09315309,0.07927734,0.061265007,0.08908521
Ca2Yb9Sb9Ge,608.0,0.00010633369654018348,10.1021/acs.inorgchem.7b00617,0.13245799,0.1466286,0.113827966,0.15009607
Ca2Yb9Sb9Ge,701.0,0.00011850484979462333,10.1021/acs.inorgchem.7b00617,0.19511786,0.20217738,0.16972476,0.2059011
Ca6Yb5Sb10,327.0,0.000602633239869741,10.1021/acs.inorgchem.7b00617,0.033863366,0.115008555,0.08641854,0.058144227
Ca6Yb5Sb10,419.0,0.0012137351371663931,10.1021/acs.inorgchem.7b00617,0.1023967,0.19625202,0.19284049,0.15260594
Ca6Yb5Sb10,513.0,0.0023850765233668835,10.1021/acs.inorgchem.7b00617,0.13806747,0.21644735,0.2686561,0.21621934
Ca6Yb5Sb10,608.0,0.0038525485363943225,10.1021/acs.inorgchem.7b00617,0.2191424,0.30357224,0.35965565,0.28121987
Ca6Yb5Sb10,701.0,0.005296600790779094,10.1021/acs.inorgchem.7b00617,0.29241347,0.36624908,0.41243866,0.2889592
Ca9Yb2Sb10,327.0,0.0047336225857455725,10.1021/acs.inorgchem.7b00617,-0.0051241065,0.047574084,0.043578304,0.032907754
Ca9Yb2Sb10,419.0,0.006532218152064001,10.1021/acs.inorgchem.7b00617,0.051594738,0.14985983,0.10629307,0.119943805
Ca9Yb2Sb10,513.0,0.00704555792262593,10.1021/acs.inorgchem.7b00617,0.0983332,0.22336277,0.15837456,0.19921787
Ca9Yb2Sb10,608.0,0.007558698796054565,10.1021/acs.inorgchem.7b00617,0.17223985,0.30947477,0.24606045,0.2848399
Ca9Yb2Sb10,701.0,0.007606025442691942,10.1021/acs.inorgchem.7b00617,0.25724378,0.401323,0.32000235,0.35770527
Ca9Yb2Sb7Ge3,327.0,4.2661370187279157e-05,10.1021/acs.inorgchem.7b00617,0.0039352025,0.078264624,0.039865863,0.056064382
Ca9Yb2Sb7Ge3,419.0,0.00023411882435550206,10.1021/acs.inorgchem.7b00617,0.051166017,0.16757645,0.10144195,0.121934436
Ca9Yb2Sb7Ge3,513.0,0.0004382847100800001,10.1021/acs.inorgchem.7b00617,0.11088842,0.24975431,0.14603879,0.21282704
Ca9Yb2Sb7Ge3,608.0,0.0021026632664519034,10.1021/acs.inorgchem.7b00617,0.19349335,0.36329705,0.27051303,0.31523305
Ca9Yb2Sb7Ge3,701.0,0.004,10.1021/acs.inorgchem.7b00617,0.29887807,0.47875684,0.3586404,0.40842354
Ca9Yb2Sb9Ge,327.0,0.00013842600507471103,10.1021/acs.inorgchem.7b00617,0.007931228,0.063988455,0.052186746,0.054494046
Ca9Yb2Sb9Ge,419.0,8.341963078907937e-05,10.1021/acs.inorgchem.7b00617,0.06679906,0.17310292,0.114901535,0.14355327
Ca9Yb2Sb9Ge,513.0,1.5020463141451832e-05,10.1021/acs.inorgchem.7b00617,0.11635474,0.24944146,0.1722834,0.22484106
Ca9Yb2Sb9Ge,608.0,0.000526225911552,10.1021/acs.inorgchem.7b00617,0.17676958,0.33375505,0.26217744,0.3067677
Ca9Yb2Sb9Ge,701.0,0.0026992878854312807,10.1021/acs.inorgchem.7b00617,0.25803825,0.42096952,0.3316445,0.38184485
Ag3RbMo9Se11,324.0,0.010284645635312274,10.1021/acs.inorgchem.7b01200,0.044257108,0.03757345,0.04415564,0.04420402
Ag3RbMo9Se11,421.0,0.03224728860010315,10.1021/acs.inorgchem.7b01200,0.06980674,0.086482435,0.08978046,0.090486035
Ag3RbMo9Se11,520.0,0.09022086782885468,10.1021/acs.inorgchem.7b01200,0.15145983,0.22164187,0.21424763,0.22871786
Ag3RbMo9Se11,618.0,0.15992256673545385,10.1021/acs.inorgchem.7b01200,0.26471615,0.34503338,0.32756895,0.328764
Ag3RbMo9Se11,717.0,0.28582659687202394,10.1021/acs.inorgchem.7b01200,0.34345338,0.43715286,0.45304838,0.4473108
Ca14MgBi11,326.0,0.027346015302037997,10.1021/acs.inorgchem.7b01548,0.058756035,0.08763052,0.08005266,0.08116627
Ca14MgBi11,424.0,0.04226155809766925,10.1021/acs.inorgchem.7b01548,0.05365461,0.12864289,0.090714015,0.11567588
Ca14MgBi11,521.0,0.06077060471784106,10.1021/acs.inorgchem.7b01548,0.06628623,0.18721974,0.12620233,0.18327582
Ca14MgBi11,621.0,0.08009755968983746,10.1021/acs.inorgchem.7b01548,0.1391867,0.27546716,0.21233773,0.2707822
Ca14MgBi11,717.0,0.10765248251384214,10.1021/acs.inorgchem.7b01548,0.23847012,0.39757726,0.30082276,0.38845885
Ca14MgBi11,817.0,0.12403056370734465,10.1021/acs.inorgchem.7b01548,0.27179578,0.44693205,0.3539584,0.4544471
Ca14MgBi11,914.0,0.16083716738843273,10.1021/acs.inorgchem.7b01548,-0.018649902,0.49562424,0.13372307,0.47553384
Ca14MgBi11,1013.0,0.19212025866802634,10.1021/acs.inorgchem.7b01548,0.0009834007,0.49700585,0.14098601,0.49526766
Eu14MgBi11,326.0,0.009605952174249338,10.1021/acs.inorgchem.7b01548,0.23010984,0.2406751,0.22607744,0.256173
Eu14MgBi11,424.0,0.0182338679693164,10.1021/acs.inorgchem.7b01548,0.3643913,0.3568493,0.33137104,0.40114272
Eu14MgBi11,521.0,0.03017804184732472,10.1021/acs.inorgchem.7b01548,0.46509913,0.45772198,0.42814258,0.4899701
Eu14MgBi11,621.0,0.06243783274647887,10.1021/acs.inorgchem.7b01548,0.57911384,0.5907829,0.573873,0.6342826
Eu14MgBi11,717.0,0.10644122846124462,10.1021/acs.inorgchem.7b01548,0.6729021,0.7054629,0.68163705,0.74606407
Eu14MgBi11,817.0,0.17456101028826268,10.1021/acs.inorgchem.7b01548,0.7237193,0.7479864,0.7289004,0.8014618
Eu14MgBi11,914.0,0.267,10.1021/acs.inorgchem.7b01548,0.4367358,0.7403345,0.5041273,0.8101959
Sr14MgBi11,326.0,0.01737300471980522,10.1021/acs.inorgchem.7b01548,0.08766801,0.108816735,0.11602577,0.11030615
Sr14MgBi11,424.0,0.03452215935270522,10.1021/acs.inorgchem.7b01548,0.12812991,0.13562888,0.15543877,0.15648744
Sr14MgBi11,521.0,0.07060829579532203,10.1021/acs.inorgchem.7b01548,0.18555792,0.19412796,0.2201837,0.2159331
Sr14MgBi11,621.0,0.13197088122943834,10.1021/acs.inorgchem.7b01548,0.25883958,0.28124022,0.3077375,0.29390746
Sr14MgBi11,717.0,0.21594166749842825,10.1021/acs.inorgchem.7b01548,0.35225332,0.36936668,0.39253706,0.40672588
Sr14MgBi11,817.0,0.36081675223845794,10.1021/acs.inorgchem.7b01548,0.4116672,0.43324772,0.4493419,0.46534547
Sr14MgBi11,914.0,0.5611298747085066,10.1021/acs.inorgchem.7b01548,0.23246254,0.47479072,0.24303502,0.53670216
Sr14MgBi11,1013.0,0.6938076072857143,10.1021/acs.inorgchem.7b01548,0.24618886,0.47617233,0.24993041,0.5501933
Yb14MgBi11,326.0,0.009288290161032695,10.1021/acs.inorgchem.7b01548,0.070041664,0.06998273,0.07208437,0.09830897
Yb14MgBi11,424.0,0.023151496774411435,10.1021/acs.inorgchem.7b01548,0.10922269,0.11488386,0.09873736,0.13835824
Yb14MgBi11,521.0,0.044903556207999996,10.1021/acs.inorgchem.7b01548,0.1614794,0.15326867,0.13939366,0.20193744
Yb14MgBi11,621.0,0.08252731181092238,10.1021/acs.inorgchem.7b01548,0.22598962,0.23465946,0.21757466,0.26675022
Yb14MgBi11,717.0,0.1509313888461198,10.1021/acs.inorgchem.7b01548,0.35555646,0.3554318,0.3246804,0.40112484
Yb14MgBi11,817.0,0.2214376462555916,10.1021/acs.inorgchem.7b01548,0.433774,0.4546685,0.43638992,0.49016684
Yb14MgBi11,914.0,0.31256912748664684,10.1021/acs.inorgchem.7b01548,0.29387683,0.55953276,0.32802483,0.59414554
Yb14MgBi11,1013.0,0.3972697425830259,10.1021/acs.inorgchem.7b01548,0.3392085,0.5750245,0.3587233,0.64372796
Ag0.01Cr1.99Se3,300.0,0.057383636120587146,10.1021/acs.inorgchem.8b01704,0.020611718,0.044646725,0.034284964,0.030759837
Ag0.01Cr1.99Se3,405.0,0.12167238029289994,10.1021/acs.inorgchem.8b01704,0.060795616,0.07491835,0.06569968,0.06220756
Ag0.01Cr1.99Se3,512.0,0.18689050449243794,10.1021/acs.inorgchem.8b01704,0.09339248,0.10478473,0.09299746,0.095987424
Ag0.01Cr1.99Se3,566.0,0.21581165545781192,10.1021/acs.inorgchem.8b01704,0.12229592,0.13350022,0.11863561,0.12900445
Ag0.01Cr1.99Se3,619.0,0.24001114259922696,10.1021/acs.inorgchem.8b01704,0.1631898,0.20286414,0.16601756,0.19270179
Ag0.01Cr1.99Se3,671.0,0.24412528092857144,10.1021/acs.inorgchem.8b01704,0.19836324,0.23358014,0.20034786,0.24695542
Ag0.01Cr1.99Se3,725.0,0.23952181584936286,10.1021/acs.inorgchem.8b01704,0.26514223,0.27112848,0.26636392,0.26412177
Ag0.02Cr1.98Se3,300.0,0.05290038610218871,10.1021/acs.inorgchem.8b01704,0.020611718,0.04271102,0.034284964,0.030759837
Ag0.02Cr1.98Se3,405.0,0.12098740703667059,10.1021/acs.inorgchem.8b01704,0.060795616,0.07298265,0.06569968,0.06220756
Ag0.02Cr1.98Se3,512.0,0.2,10.1021/acs.inorgchem.8b01704,0.09339248,0.10284902,0.09299746,0.095987424
Ag0.02Cr1.98Se3,566.0,0.234,10.1021/acs.inorgchem.8b01704,0.12229592,0.13156453,0.11863561,0.12900445
Ag0.02Cr1.98Se3,619.0,0.2593697186557132,10.1021/acs.inorgchem.8b01704,0.1631898,0.20092845,0.16601756,0.19270179
Ag0.02Cr1.98Se3,671.0,0.2675861909724107,10.1021/acs.inorgchem.8b01704,0.19836324,0.23164442,0.20034786,0.24695542
Ag0.02Cr1.98Se3,725.0,0.25311954717438756,10.1021/acs.inorgchem.8b01704,0.26514223,0.26919276,0.26636392,0.26412177
Ag0.03Cr1.97Se3,300.0,0.05180153820078227,10.1021/acs.inorgchem.8b01704,0.022393316,0.04271102,0.036157865,0.030759837
Ag0.03Cr1.97Se3,405.0,0.124,10.1021/acs.inorgchem.8b01704,0.06257723,0.07298265,0.067572616,0.06220756
Ag0.03Cr1.97Se3,512.0,0.20099090303340267,10.1021/acs.inorgchem.8b01704,0.09517407,0.10284902,0.09487037,0.095987424
Ag0.03Cr1.97Se3,566.0,0.23505938809030544,10.1021/acs.inorgchem.8b01704,0.12407753,0.13156453,0.12050853,0.12900445
Ag0.03Cr1.97Se3,619.0,0.25751967066557596,10.1021/acs.inorgchem.8b01704,0.1649714,0.20092845,0.16789047,0.19270179
Ag0.03Cr1.97Se3,671.0,0.264229651871509,10.1021/acs.inorgchem.8b01704,0.20014484,0.23164442,0.2038007,0.24695542
Ag0.03Cr1.97Se3,725.0,0.25834184643165164,10.1021/acs.inorgchem.8b01704,0.26692382,0.26919276,0.26981676,0.26412177
Ag0.04Cr1.96Se3,300.0,0.04821445799011532,10.1021/acs.inorgchem.8b01704,0.022393316,0.04271102,0.036157865,0.030759837
Ag0.04Cr1.96Se3,405.0,0.11230383227688792,10.1021/acs.inorgchem.8b01704,0.06257723,0.07298265,0.067572616,0.06220756
Ag0.04Cr1.96Se3,512.0,0.18982974334028388,10.1021/acs.inorgchem.8b01704,0.09517407,0.10284902,0.09487037,0.095987424
Ag0.04Cr1.96Se3,566.0,0.22565371247569885,10.1021/acs.inorgchem.8b01704,0.12407753,0.13156453,0.12050853,0.12900445
Ag0.04Cr1.96Se3,619.0,0.2537396310897338,10.1021/acs.inorgchem.8b01704,0.1649714,0.20092845,0.16789047,0.19270179
Ag0.04Cr1.96Se3,671.0,0.2674677517430861,10.1021/acs.inorgchem.8b01704,0.20014484,0.23164442,0.2038007,0.24695542
Ag0.04Cr1.96Se3,725.0,0.26394207153250004,10.1021/acs.inorgchem.8b01704,0.26692382,0.26919276,0.26981676,0.26412177
CrSe3,300.0,0.05412401450791882,10.1021/acs.inorgchem.8b01704,0.02733969,0.03503325,0.018781396,0.010257892
CrSe3,405.0,0.11700766557770498,10.1021/acs.inorgchem.8b01704,0.059848666,0.06037656,0.04326437,0.041559894
CrSe3,512.0,0.1774761906719187,10.1021/acs.inorgchem.8b01704,0.08405613,0.07865467,0.07046728,0.06391003
CrSe3,566.0,0.2038963811187907,10.1021/acs.inorgchem.8b01704,0.08996489,0.10607572,0.09250822,0.08229883
CrSe3,619.0,0.2176,10.1021/acs.inorgchem.8b01704,0.12924999,0.15400207,0.120624065,0.11534995
CrSe3,671.0,0.21825646915324792,10.1021/acs.inorgchem.8b01704,0.14744614,0.18082792,0.1398371,0.10384199
CrSe3,725.0,0.20772088659367596,10.1021/acs.inorgchem.8b01704,0.21136251,0.22996068,0.20342234,0.1567435
K8Al8Ge38,50.0,2.72184371909001e-05,10.1021/acs.inorgchem.8b02977,0.018401409,0.010918588,0.001909563,0.01963857
K8Al8Ge38,100.0,0.00029824831958032795,10.1021/acs.inorgchem.8b02977,0.021575272,0.014004948,0.005424396,0.022244452
K8Al8Ge38,150.0,0.0012065058697972254,10.1021/acs.inorgchem.8b02977,0.025043635,0.01857898,0.010608813,0.027525106
K8Al8Ge38,200.0,0.003306772173913044,10.1021/acs.inorgchem.8b02977,0.03934151,0.031984188,0.026001558,0.042251777
K8Al8Ge38,250.0,0.0063351385390428205,10.1021/acs.inorgchem.8b02977,0.04693356,0.041809794,0.032715376,0.052241925
K8Ga8Ge38,50.0,1.0335504076357126e-09,10.1021/acs.inorgchem.8b02977,0.037165005,0.017032549,0.032085676,0.028645787
K8Ga8Ge38,100.0,6.683106677937447e-09,10.1021/acs.inorgchem.8b02977,0.040338878,0.0201189,0.035600513,0.031251647
K8Ga8Ge38,150.0,1.9668747314578002e-08,10.1021/acs.inorgchem.8b02977,0.043807235,0.02469293,0.040784936,0.036532383
K8Ga8Ge38,200.0,5.1702097535395904e-08,10.1021/acs.inorgchem.8b02977,0.058105122,0.03809813,0.056177672,0.051259004
K8Ga8Ge38,250.0,1.3316681634485857e-07,10.1021/acs.inorgchem.8b02977,0.065697186,0.04792374,0.06289144,0.061249167
Ca0.99Yb4.01Al2Sb5.84Ge0.16,304.0,0.004798922265216001,10.1021/acs.inorgchem.9b00181,-0.007456443,-0.00879742,-0.017838933,-0.0055841696
Ca0.99Yb4.01Al2Sb5.84Ge0.16,373.0,0.017525855141402827,10.1021/acs.inorgchem.9b00181,0.01764733,0.02190817,0.004394508,0.021584848
Ca0.99Yb4.01Al2Sb5.84Ge0.16,421.0,0.031335572116138084,10.1021/acs.inorgchem.9b00181,0.061310597,0.053818353,0.038745508,0.049859215
Ca0.99Yb4.01Al2Sb5.84Ge0.16,517.0,0.049574823351231666,10.1021/acs.inorgchem.9b00181,0.10163482,0.08764699,0.06619071,0.073656216
Ca0.99Yb4.01Al2Sb5.84Ge0.16,565.0,0.05854822445155421,10.1021/acs.inorgchem.9b00181,0.11334079,0.09073947,0.07036745,0.09099918
Ca0.99Yb4.01Al2Sb5.84Ge0.16,613.0,0.0637542897796032,10.1021/acs.inorgchem.9b00181,0.1329396,0.080068484,0.057225242,0.06507348
Ca0.99Yb4.01Al2Sb5.84Ge0.16,661.0,0.0897,10.1021/acs.inorgchem.9b00181,0.1298264,0.07314196,0.07178343,0.08716704
Ca1.11Yb3.89Al2Sb5.77Ge0.23,304.0,0.003017342809113856,10.1021/acs.inorgchem.9b00181,-0.007456443,0.008815998,-0.0038583346,0.018459817
Ca1.11Yb3.89Al2Sb5.77Ge0.23,373.0,0.004826571775725593,10.1021/acs.inorgchem.9b00181,0.01764733,0.03952157,0.018375106,0.045628898
Ca1.11Yb3.89Al2Sb5.77Ge0.23,422.0,0.006933347500996261,10.1021/acs.inorgchem.9b00181,0.061310597,0.0780327,0.0527262,0.07681271
Ca1.11Yb3.89Al2Sb5.77Ge0.23,520.0,0.012419265684830634,10.1021/acs.inorgchem.9b00181,0.10811616,0.11966018,0.10033797,0.10944157
Ca1.11Yb3.89Al2Sb5.77Ge0.23,567.0,0.01947633354224381,10.1021/acs.inorgchem.9b00181,0.11007141,0.123371735,0.0994201,0.12001943
Ca1.11Yb3.89Al2Sb5.77Ge0.23,614.0,0.027528681230421945,10.1021/acs.inorgchem.9b00181,0.1340614,0.102314435,0.084959194,0.094093785
Ca1.11Yb3.89Al2Sb5.77Ge0.23,661.0,0.03261979670517711,10.1021/acs.inorgchem.9b00181,0.1298264,0.10013618,0.09951711,0.11661123
AgSb0.93Mn0.07Te2,302.0,0.10915207829360957,10.1021/acs.inorgchem.9b00852,0.2978759,0.36058867,0.28744498,0.3412853
AgSb0.93Mn0.07Te2,344.0,0.17272033969586775,10.1021/acs.inorgchem.9b00852,0.3660405,0.43684387,0.35958794,0.42394456
AgSb0.93Mn0.07Te2,394.0,0.2658446118932095,10.1021/acs.inorgchem.9b00852,0.45536464,0.47918695,0.471,0.48245692
AgSb0.93Mn0.07Te2,442.0,0.3676457762080099,10.1021/acs.inorgchem.9b00852,0.58951193,0.6536563,0.5877128,0.64392424
AgSb0.93Mn0.07Te2,491.0,0.48972368230835794,10.1021/acs.inorgchem.9b00852,0.69268143,0.7324691,0.68543744,0.7471939
AgSb0.93Mn0.07Te2,541.0,0.6283242331176563,10.1021/acs.inorgchem.9b00852,0.8024286,0.8197664,0.7684312,0.8227535
AgSb0.95Mn0.05Te2,297.0,0.08107971509371621,10.1021/acs.inorgchem.9b00852,0.2544605,0.31006187,0.34974673,0.3075576
AgSb0.95Mn0.05Te2,342.0,0.14186697763317768,10.1021/acs.inorgchem.9b00852,0.36576772,0.43684387,0.45241678,0.42171413
AgSb0.95Mn0.05Te2,394.0,0.22626870546950514,10.1021/acs.inorgchem.9b00852,0.45509186,0.47918695,0.54068774,0.4802265
AgSb0.95Mn0.05Te2,444.0,0.31900151039539076,10.1021/acs.inorgchem.9b00852,0.5892392,0.6536563,0.6610573,0.6447408
AgSb0.95Mn0.05Te2,494.0,0.435313115832293,10.1021/acs.inorgchem.9b00852,0.6952459,0.7324691,0.75256705,0.75662917
AgSb0.95Mn0.05Te2,545.0,0.5503412906666667,10.1021/acs.inorgchem.9b00852,0.80581343,0.8212011,0.84673995,0.8249891
AgSb0.99Mn0.01Te2,301.0,0.0918542104275243,10.1021/acs.inorgchem.9b00852,0.3969447,0.40474302,0.39142734,0.37395275
AgSb0.99Mn0.01Te2,341.0,0.12718192331193842,10.1021/acs.inorgchem.9b00852,0.45557564,0.47722012,0.45621347,0.45436707
AgSb0.99Mn0.01Te2,394.0,0.21521393039211303,10.1021/acs.inorgchem.9b00852,0.5373787,0.5195625,0.54448444,0.5128798
AgSb0.99Mn0.01Te2,444.0,0.29287462703560846,10.1021/acs.inorgchem.9b00852,0.6833066,0.6871998,0.664854,0.67739385
AgSb0.99Mn0.01Te2,493.0,0.406121182173913,10.1021/acs.inorgchem.9b00852,0.78712463,0.77987576,0.75636375,0.78422105
AgSb0.99Mn0.01Te2,544.0,0.4806642444745783,10.1021/acs.inorgchem.9b00852,0.89672065,0.879927,0.85053664,0.8562651
AgSbTe2,303.0,0.08061319693932573,10.1021/acs.inorgchem.9b00852,0.40184346,0.4049148,0.39696696,0.38744533
AgSbTe2,341.0,0.12067223064400044,10.1021/acs.inorgchem.9b00852,0.4604744,0.4773919,0.4617531,0.46785966
AgSbTe2,391.0,0.18826574258341827,10.1021/acs.inorgchem.9b00852,0.5420972,0.52159256,0.55002403,0.5263725
AgSbTe2,439.0,0.2659279148466804,10.1021/acs.inorgchem.9b00852,0.6853273,0.68922985,0.6789914,0.6862581
AgSbTe2,488.0,0.38026685721446873,10.1021/acs.inorgchem.9b00852,0.79483724,0.7693444,0.7924791,0.78446656
AgSbTe2,537.0,0.4878893708558698,10.1021/acs.inorgchem.9b00852,0.91279936,0.8776899,0.9043659,0.8748629
AgBi0.85Sb0.15Se2,300.0,0.0004753372653846154,10.1021/acs.inorgchem.9b00874,0.17715195,0.20144412,0.21175566,0.19137093
AgBi0.85Sb0.15Se2,400.0,0.008403375154639174,10.1021/acs.inorgchem.9b00874,0.33142292,0.361173,0.35490784,0.37775868
AgBi0.85Sb0.15Se2,500.0,0.07860652871182686,10.1021/acs.inorgchem.9b00874,0.4445006,0.46069133,0.44857496,0.47967705
AgBi0.85Sb0.15Se2,525.0,0.08317236554354068,10.1021/acs.inorgchem.9b00874,0.47924903,0.50734293,0.45006794,0.537475
AgBi0.85Sb0.15Se2,550.0,0.02364577089143145,10.1021/acs.inorgchem.9b00874,0.5120763,0.511375,0.48263747,0.56478536
AgBi0.85Sb0.15Se2,575.0,0.010996165504071101,10.1021/acs.inorgchem.9b00874,0.549012,0.5347013,0.5114335,0.5758086
AgBi0.95Sb0.05Se2,300.0,0.0007872157441771216,10.1021/acs.inorgchem.9b00874,0.1764432,0.17861226,0.16168728,0.16609813
AgBi0.95Sb0.05Se2,400.0,0.002724776855612432,10.1021/acs.inorgchem.9b00874,0.33071417,0.33834118,0.30483958,0.3524859
AgBi0.95Sb0.05Se2,500.0,0.004875780142424243,10.1021/acs.inorgchem.9b00874,0.44379184,0.43651372,0.39294925,0.47057012
AgBi0.95Sb0.05Se2,525.0,0.0321374942804725,10.1021/acs.inorgchem.9b00874,0.47854027,0.5053681,0.4493805,0.54410166
AgBi0.95Sb0.05Se2,550.0,0.00766520073,10.1021/acs.inorgchem.9b00874,0.5113676,0.5094002,0.48195,0.5751195
AgBi0.95Sb0.05Se2,575.0,4.302916459459459e-05,10.1021/acs.inorgchem.9b00874,0.54270107,0.5327265,0.50704914,0.59143937
AgBi0.95Sb0.05Se2,600.0,0.004718647185628742,10.1021/acs.inorgchem.9b00874,0.57113796,0.55170715,0.5534857,0.6330589
AgBi0.9Sb0.1Se2,300.0,2.5188220064724917e-05,10.1021/acs.inorgchem.9b00874,0.17751506,0.20144412,0.21982728,0.19137093
AgBi0.9Sb0.1Se2,400.0,0.0056671719065028835,10.1021/acs.inorgchem.9b00874,0.33178604,0.361173,0.3629794,0.37775868
AgBi0.9Sb0.1Se2,500.0,0.04,10.1021/acs.inorgchem.9b00874,0.4448637,0.46069133,0.45149493,0.47967705
AgBi0.9Sb0.1Se2,525.0,0.071,10.1021/acs.inorgchem.9b00874,0.47961214,0.50734293,0.4529879,0.537475
AgBi0.9Sb0.1Se2,550.0,0.0194,10.1021/acs.inorgchem.9b00874,0.5124395,0.511375,0.48555744,0.56478536
AgBi0.9Sb0.1Se2,575.0,0.0017288038399999998,10.1021/acs.inorgchem.9b00874,0.5493752,0.5347013,0.51435333,0.5758086
AgBi0.9Sb0.1Se2,600.0,0.002,10.1021/acs.inorgchem.9b00874,0.5778121,0.5536819,0.5564094,0.60797095
AgBiSe2,300.0,0.0010143716645620395,10.1021/acs.inorgchem.9b00874,0.09701511,0.120415114,0.10553493,0.111469604
AgBiSe2,400.0,0.00021006722722689077,10.1021/acs.inorgchem.9b00874,0.16222695,0.20054483,0.1529706,0.1747622
AgBiSe2,500.0,0.04123152148262548,10.1021/acs.inorgchem.9b00874,0.22971441,0.29113793,0.22605576,0.25438824
AgBiSe2,525.0,0.10249943676117318,10.1021/acs.inorgchem.9b00874,0.27278468,0.33674237,0.27766427,0.30246767
AgBiSe2,550.0,0.1074,10.1021/acs.inorgchem.9b00874,0.3026563,0.3601418,0.31560776,0.33383077
AgBiSe2,575.0,0.06,10.1021/acs.inorgchem.9b00874,0.3230801,0.3855696,0.33423474,0.37774494
AgBiSe2,600.0,0.0010799014829268292,10.1021/acs.inorgchem.9b00874,0.34545502,0.41113037,0.36463693,0.3937223
Ag(Bi0.85Nb0.15)0.7Sb0.3Se2,326.0,0.0938,10.1021/acs.inorgchem.9b01038,0.19474469,0.22028382,0.17242897,0.18252464
Ag(Bi0.85Nb0.15)0.7Sb0.3Se2,378.0,0.1296,10.1021/acs.inorgchem.9b01038,0.27934238,0.29060513,0.24245037,0.26062423
Ag(Bi0.85Nb0.15)0.7Sb0.3Se2,478.0,0.129,10.1021/acs.inorgchem.9b01038,0.3973115,0.43269232,0.407579,0.40758127
Ag(Bi0.85Nb0.15)0.7Sb0.3Se2,526.0,0.1926,10.1021/acs.inorgchem.9b01038,0.49219266,0.53739506,0.5134778,0.54926026
Ag(Bi0.85Nb0.15)0.7Sb0.3Se2,576.0,0.2383,10.1021/acs.inorgchem.9b01038,0.561094,0.5816125,0.5707774,0.59633595
Ag(Bi0.85Nb0.15)0.7Sb0.3Se2,676.0,0.2654,10.1021/acs.inorgchem.9b01038,0.6885894,0.6808481,0.68788964,0.7435641
Ag(Bi0.85Nb0.15)0.9Sb0.1Se2,326.0,0.1185,10.1021/acs.inorgchem.9b01038,0.19374178,0.2153134,0.17940752,0.18371461
Ag(Bi0.85Nb0.15)0.9Sb0.1Se2,478.0,0.29,10.1021/acs.inorgchem.9b01038,0.3795056,0.4147995,0.39284366,0.40065992
Ag(Bi0.85Nb0.15)0.9Sb0.1Se2,526.0,0.3173,10.1021/acs.inorgchem.9b01038,0.46585727,0.5282992,0.49935746,0.5424336
Ag(Bi0.85Nb0.15)0.9Sb0.1Se2,576.0,0.4395,10.1021/acs.inorgchem.9b01038,0.5380681,0.5725163,0.56220144,0.5956666
Ag(Bi0.85Nb0.15)0.9Sb0.1Se2,676.0,0.511,10.1021/acs.inorgchem.9b01038,0.6590579,0.66828597,0.6913919,0.7408003
Ag(Bi0.85Pb0.15)0.7Sb0.3Se2,326.0,0.053,10.1021/acs.inorgchem.9b01038,0.25403202,0.26907724,0.20808835,0.20870207
Ag(Bi0.85Pb0.15)0.7Sb0.3Se2,378.0,0.0765,10.1021/acs.inorgchem.9b01038,0.33253062,0.34878254,0.28089303,0.28486678
Ag(Bi0.85Pb0.15)0.7Sb0.3Se2,478.0,0.137,10.1021/acs.inorgchem.9b01038,0.52124596,0.5029882,0.46661678,0.4401926
Ag(Bi0.85Pb0.15)0.7Sb0.3Se2,576.0,0.1519,10.1021/acs.inorgchem.9b01038,0.6865719,0.6908635,0.6444577,0.6492346
Ag(Bi0.85Pb0.15)0.9Sb0.1Se2,326.0,0.0235,10.1021/acs.inorgchem.9b01038,0.2530291,0.2386075,0.20729758,0.20895554
Ag(Bi0.85Pb0.15)0.9Sb0.1Se2,378.0,0.0358,10.1021/acs.inorgchem.9b01038,0.3118651,0.30588338,0.27748075,0.2851203
Ag(Bi0.85Pb0.15)0.9Sb0.1Se2,478.0,0.09012,10.1021/acs.inorgchem.9b01038,0.5034398,0.46087646,0.44846916,0.43327156
Ag(Bi0.85Pb0.15)0.9Sb0.1Se2,526.0,0.09136,10.1021/acs.inorgchem.9b01038,0.57568336,0.57459164,0.5600329,0.57959473
Ag(Bi0.85Pb0.15)0.9Sb0.1Se2,576.0,0.0642,10.1021/acs.inorgchem.9b01038,0.6520428,0.6502567,0.6324697,0.63689905
Ag(Bi0.8Nb0.2)0.7Sb0.3Se2,326.0,0.1099,10.1021/acs.inorgchem.9b01038,0.19474469,0.2216792,0.17242897,0.18773742
Ag(Bi0.8Nb0.2)0.7Sb0.3Se2,378.0,0.1444,10.1021/acs.inorgchem.9b01038,0.27934238,0.29200053,0.24245037,0.26583704
Ag(Bi0.8Nb0.2)0.7Sb0.3Se2,478.0,0.1383,10.1021/acs.inorgchem.9b01038,0.3973115,0.43408772,0.407579,0.41279408
Ag(Bi0.8Nb0.2)0.7Sb0.3Se2,526.0,0.2123,10.1021/acs.inorgchem.9b01038,0.49219266,0.53879046,0.5134778,0.55447304
Ag(Bi0.8Nb0.2)0.7Sb0.3Se2,576.0,0.3,10.1021/acs.inorgchem.9b01038,0.561094,0.58300793,0.5707774,0.60154873
Ag(Bi0.8Nb0.2)0.9Sb0.1Se2,326.0,0.1037,10.1021/acs.inorgchem.9b01038,0.19023107,0.2153134,0.17940752,0.18371461
Ag(Bi0.8Nb0.2)0.9Sb0.1Se2,378.0,0.1457,10.1021/acs.inorgchem.9b01038,0.25516596,0.2732055,0.24680735,0.26181424
Ag(Bi0.8Nb0.2)0.9Sb0.1Se2,478.0,0.3173,10.1021/acs.inorgchem.9b01038,0.3795056,0.4147995,0.39284366,0.40065992
Ag(Bi0.8Nb0.2)0.9Sb0.1Se2,526.0,0.405,10.1021/acs.inorgchem.9b01038,0.46585727,0.5282992,0.49935746,0.5424336
Ag(Bi0.8Nb0.2)0.9Sb0.1Se2,576.0,0.6173,10.1021/acs.inorgchem.9b01038,0.5380681,0.5725163,0.56220144,0.5956666
Ag(Bi0.8Nb0.2)0.9Sb0.1Se2,676.0,0.6383,10.1021/acs.inorgchem.9b01038,0.6590579,0.66828597,0.6913919,0.7408003
Ag(Bi0.8Pb0.2)0.7Sb0.3Se2,478.0,0.0309,10.1021/acs.inorgchem.9b01038,0.52124596,0.48190263,0.46661678,0.4472357
Ag(Bi0.8Pb0.2)0.7Sb0.3Se2,526.0,0.022,10.1021/acs.inorgchem.9b01038,0.6200464,0.5941131,0.5775646,0.6041938
Ag(Bi0.8Pb0.2)0.7Sb0.3Se2,576.0,0.0148,10.1021/acs.inorgchem.9b01038,0.6865719,0.669778,0.6444577,0.65534085
Ag(Bi0.8Pb0.2)0.9Sb0.1Se2,326.0,0.0049,10.1021/acs.inorgchem.9b01038,0.2495184,0.21832502,0.21100213,0.20507072
Ag(Bi0.8Pb0.2)0.9Sb0.1Se2,378.0,0.0086,10.1021/acs.inorgchem.9b01038,0.3083544,0.2856008,0.28118533,0.2812355
Ag(Bi0.8Pb0.2)0.9Sb0.1Se2,478.0,0.0309,10.1021/acs.inorgchem.9b01038,0.49371147,0.44059402,0.4521737,0.42938673
Ag(Bi0.8Pb0.2)0.9Sb0.1Se2,526.0,0.0247,10.1021/acs.inorgchem.9b01038,0.56595504,0.5599439,0.56373715,0.57570994
Ag(Bi0.8Pb0.2)0.9Sb0.1Se2,576.0,0.0148,10.1021/acs.inorgchem.9b01038,0.6423145,0.6356084,0.63617426,0.63301426
Ag(Bi0.9Nb0.1)0.7Sb0.3Se2,326.0,0.0938,10.1021/acs.inorgchem.9b01038,0.18562745,0.22028382,0.14830068,0.18252464
Ag(Bi0.9Nb0.1)0.7Sb0.3Se2,378.0,0.1284,10.1021/acs.inorgchem.9b01038,0.27022514,0.29060513,0.2183222,0.26062423
Ag(Bi0.9Nb0.1)0.7Sb0.3Se2,478.0,0.128,10.1021/acs.inorgchem.9b01038,0.38410553,0.43269232,0.38345075,0.40758127
Ag(Bi0.9Nb0.1)0.7Sb0.3Se2,526.0,0.1938,10.1021/acs.inorgchem.9b01038,0.47898668,0.53739506,0.48934928,0.54926026
Ag(Bi0.9Nb0.1)0.7Sb0.3Se2,576.0,0.2383,10.1021/acs.inorgchem.9b01038,0.547888,0.5816125,0.54664916,0.59633595
Ag(Bi0.9Nb0.1)0.7Sb0.3Se2,676.0,0.264,10.1021/acs.inorgchem.9b01038,0.6753834,0.6808481,0.6637614,0.7435641
Ag(Bi0.9Nb0.1)0.9Sb0.1Se2,326.0,0.1198,10.1021/acs.inorgchem.9b01038,0.20997854,0.23726282,0.23441032,0.20777898
Ag(Bi0.9Nb0.1)0.9Sb0.1Se2,526.0,0.3173,10.1021/acs.inorgchem.9b01038,0.494297,0.51373374,0.4587,0.52100176
Ag(Bi0.9Nb0.1)0.9Sb0.1Se2,676.0,0.511,10.1021/acs.inorgchem.9b01038,0.68749785,0.64984703,0.65300596,0.69158244
Ag(Bi0.9Pb0.1)0.7Sb0.3Se2,326.0,0.0617,10.1021/acs.inorgchem.9b01038,0.22473238,0.26907724,0.16992415,0.20870207
Ag(Bi0.9Pb0.1)0.7Sb0.3Se2,378.0,0.0741,10.1021/acs.inorgchem.9b01038,0.30323103,0.34042513,0.23916937,0.28486678
Ag(Bi0.9Pb0.1)0.7Sb0.3Se2,478.0,0.1358,10.1021/acs.inorgchem.9b01038,0.45956284,0.4946307,0.43172356,0.4401926
Ag(Bi0.9Pb0.1)0.7Sb0.3Se2,526.0,0.1296,10.1021/acs.inorgchem.9b01038,0.5324123,0.5910364,0.54478955,0.58756447
Ag(Bi0.9Pb0.1)0.7Sb0.3Se2,576.0,0.0938,10.1021/acs.inorgchem.9b01038,0.60546225,0.666701,0.61168265,0.63964826
Ag(Bi0.9Pb0.1)0.9Sb0.1Se2,326.0,0.0358,10.1021/acs.inorgchem.9b01038,0.2708989,0.2815142,0.2623005,0.23212643
Ag(Bi0.9Pb0.1)0.9Sb0.1Se2,378.0,0.0568,10.1021/acs.inorgchem.9b01038,0.32973495,0.3487903,0.3206795,0.30829114
Ag(Bi0.9Pb0.1)0.9Sb0.1Se2,478.0,0.1765,10.1021/acs.inorgchem.9b01038,0.53351307,0.48819035,0.46274996,0.44562235
Ag(Bi0.9Pb0.1)0.9Sb0.1Se2,526.0,0.0877,10.1021/acs.inorgchem.9b01038,0.60575634,0.5797031,0.5193755,0.5563324
Ag(Bi0.9Pb0.1)0.9Sb0.1Se2,576.0,0.0642,10.1021/acs.inorgchem.9b01038,0.6821158,0.6387868,0.5918126,0.59874386
AgBi0.7Sb0.3Se2,326.0,0.0296,10.1021/acs.inorgchem.9b01038,0.18144009,0.21688199,0.17264324,0.20155853
AgBi0.7Sb0.3Se2,378.0,0.042,10.1021/acs.inorgchem.9b01038,0.26603788,0.28891572,0.24977356,0.28377545
AgBi0.7Sb0.3Se2,478.0,0.127,10.1021/acs.inorgchem.9b01038,0.37531468,0.43100291,0.41388437,0.42975137
AgBi0.7Sb0.3Se2,576.0,0.2617,10.1021/acs.inorgchem.9b01038,0.53039193,0.5794864,0.5770827,0.61964935
AgBi0.7Sb0.3Se2,676.0,0.2358,10.1021/acs.inorgchem.9b01038,0.65788734,0.675172,0.6947107,0.7637415
AgBi0.9Sb0.1Se2,326.0,0.1605,10.1021/acs.inorgchem.9b01038,0.20155065,0.22931895,0.23486759,0.22204664
AgBi0.9Sb0.1Se2,378.0,0.2185,10.1021/acs.inorgchem.9b01038,0.26648563,0.2889234,0.29046354,0.30426353
AgBi0.9Sb0.1Se2,478.0,0.4827,10.1021/acs.inorgchem.9b01038,0.3995176,0.41620517,0.40141237,0.43224484
AgBi0.9Sb0.1Se2,526.0,0.379,10.1021/acs.inorgchem.9b01038,0.4812776,0.50734293,0.4529879,0.5384056
AgBi0.9Sb0.1Se2,576.0,0.5173,10.1021/acs.inorgchem.9b01038,0.5493752,0.5347013,0.5158327,0.5758086
AgBi0.9Sb0.1Se2,676.0,0.563,10.1021/acs.inorgchem.9b01038,0.670365,0.6396288,0.65083337,0.70585024
Cu0.98Pd0.02FeS2,10.0,1.1220351192660552e-06,10.1021/acs.jpcc.0c06490,-0.0030565562,0.0038978148,-0.0040579205,0.0059762425
Cu0.98Pd0.02FeS2,30.0,1.7388217879999995e-05,10.1021/acs.jpcc.0c06490,-0.0033388126,0.0030197096,-0.0040579205,0.0051769987
Cu0.98Pd0.02FeS2,50.0,6.791724099371373e-05,10.1021/acs.jpcc.0c06490,-0.0033388126,0.0030197096,-0.0040579205,0.0051769987
Cu0.98Pd0.02FeS2,70.0,0.00018728262967599067,10.1021/acs.jpcc.0c06490,-0.0033388126,0.0030197096,-0.003341405,0.0051769987
Cu0.98Pd0.02FeS2,100.0,0.0008957191416309012,10.1021/acs.jpcc.0c06490,-0.0060889735,-0.0013821371,-0.010053706,-0.002008194
Cu0.98Pd0.02FeS2,200.0,0.011197230675746463,10.1021/acs.jpcc.0c06490,0.009723703,0.014291388,0.0062396554,0.0121346675
Cu0.98Pd0.02FeS2,300.0,0.035590754555422426,10.1021/acs.jpcc.0c06490,0.042223554,0.041482188,0.03726986,0.039914016
Cu0.995Pd0.005FeS2,10.0,4.6039186285714285e-10,10.1021/acs.jpcc.0c06490,-0.003128079,0.0054341583,0.0025828632,0.00710278
Cu0.995Pd0.005FeS2,30.0,7.68907286145e-07,10.1021/acs.jpcc.0c06490,-0.003410335,0.0045560533,0.0025828632,0.0063035362
Cu0.995Pd0.005FeS2,50.0,1.9755528885570823e-05,10.1021/acs.jpcc.0c06490,-0.003410335,0.0045560533,0.0025828632,0.0063035362
Cu0.995Pd0.005FeS2,70.0,0.00014903851464492018,10.1021/acs.jpcc.0c06490,-0.003410335,0.0045560533,0.0032993814,0.0063035362
Cu0.995Pd0.005FeS2,100.0,0.0009496355074906365,10.1021/acs.jpcc.0c06490,-0.006160497,0.00015420416,-0.003412909,-0.00088165613
Cu0.995Pd0.005FeS2,200.0,0.009390755202631579,10.1021/acs.jpcc.0c06490,0.00965218,0.015827741,0.012880433,0.0132612055
Cu0.995Pd0.005FeS2,300.0,0.026402548249362244,10.1021/acs.jpcc.0c06490,0.042152032,0.04301853,0.043910645,0.041040555
Cu0.99Pd0.01FeS2,10.0,3.560765550239234e-08,10.1021/acs.jpcc.0c06490,-0.003128079,0.0054341583,0.0025828632,0.00710278
Cu0.99Pd0.01FeS2,30.0,2.9406615935986054e-06,10.1021/acs.jpcc.0c06490,-0.003410335,0.0045560533,0.0025828632,0.0063035362
Cu0.99Pd0.01FeS2,50.0,2.195687229452308e-05,10.1021/acs.jpcc.0c06490,-0.003410335,0.0045560533,0.0025828632,0.0063035362
Cu0.99Pd0.01FeS2,70.0,9.858286386986301e-05,10.1021/acs.jpcc.0c06490,-0.003410335,0.0045560533,0.0032993814,0.0063035362
Cu0.99Pd0.01FeS2,100.0,0.0007058211563632442,10.1021/acs.jpcc.0c06490,-0.006160497,0.00015420416,-0.003412909,-0.00088165613
Cu0.99Pd0.01FeS2,200.0,0.010057797897196262,10.1021/acs.jpcc.0c06490,0.00965218,0.015827741,0.012880433,0.0132612055
Cu0.99Pd0.01FeS2,300.0,0.026759286782608697,10.1021/acs.jpcc.0c06490,0.042152032,0.04301853,0.043910645,0.041040555
Cu0.9Pd0.1FeS2,10.0,1.7241089579524682e-05,10.1021/acs.jpcc.0c06490,-0.0049489285,-0.0067449636,-0.0095322095,-0.0007710283
Cu0.9Pd0.1FeS2,30.0,0.00011947677297649255,10.1021/acs.jpcc.0c06490,-0.0052311844,-0.0070676166,-0.0095322095,-0.0015702707
Cu0.9Pd0.1FeS2,50.0,0.00044465391330909083,10.1021/acs.jpcc.0c06490,-0.0052311844,-0.0070676166,-0.0095322095,-0.0015702707
Cu0.9Pd0.1FeS2,70.0,0.000995548491149881,10.1021/acs.jpcc.0c06490,-0.0052311844,-0.0070676166,-0.008815688,-0.0015702707
Cu0.9Pd0.1FeS2,100.0,0.0026311790549812734,10.1021/acs.jpcc.0c06490,-0.007981358,-0.011469485,-0.015527972,-0.0087554585
Cu0.9Pd0.1FeS2,200.0,0.016169578839050278,10.1021/acs.jpcc.0c06490,0.0078313295,0.0042040427,0.000765376,0.005387393
Cu0.9Pd0.1FeS2,300.0,0.04435925096613736,10.1021/acs.jpcc.0c06490,0.04033117,0.031394828,0.03179558,0.033166744
Cu1.02Fe0.98S2,30.0,1.8219822706065318e-09,10.1021/acs.jpcc.0c06490,-0.01690641,-0.0070633623,-0.01947209,-0.009393838
Cu1.02Fe0.98S2,50.0,1.4389272140875576e-07,10.1021/acs.jpcc.0c06490,-0.01690641,-0.0070633623,-0.01947209,-0.009393838
Cu1.02Fe0.98S2,70.0,1.6190096348039216e-06,10.1021/acs.jpcc.0c06490,-0.01690641,-0.0070633623,-0.018755578,-0.009393838
Cu1.02Fe0.98S2,100.0,1.561243223726628e-05,10.1021/acs.jpcc.0c06490,-0.019656578,-0.011465225,-0.02546786,-0.016579028
Cu1.02Fe0.98S2,200.0,0.0003693336122440509,10.1021/acs.jpcc.0c06490,-0.003843895,0.0042082984,-0.00917453,-0.002436181
Cu1.02Fe0.98S2,300.0,0.0008977994486243195,10.1021/acs.jpcc.0c06490,0.028655943,0.031399105,0.021855677,0.02494439
CuFeS2,10.0,8.770245085470085e-09,10.1021/acs.jpcc.0c06490,-0.016624156,-0.006185264,-0.01947209,-0.008594594
CuFeS2,30.0,2.5052738980450117e-06,10.1021/acs.jpcc.0c06490,-0.01690641,-0.0070633623,-0.01947209,-0.009393838
CuFeS2,50.0,5.11951921182266e-05,10.1021/acs.jpcc.0c06490,-0.01690641,-0.0070633623,-0.01947209,-0.009393838
CuFeS2,70.0,0.00026346426670483,10.1021/acs.jpcc.0c06490,-0.01690641,-0.0070633623,-0.018755578,-0.009393838
CuFeS2,100.0,0.0011651299098491199,10.1021/acs.jpcc.0c06490,-0.019656578,-0.011465225,-0.02546786,-0.016579028
CuFeS2,200.0,0.010190061575799257,10.1021/acs.jpcc.0c06490,-0.003843895,0.0042082984,-0.00917453,-0.002436181
Co9S8,18.0,0.0003834177885307886,10.1021/acs.jpcc.0c11601,-0.004133983,-0.008259967,-0.020912364,-0.024628336
Co9S8,41.0,0.00024797826965330125,10.1021/acs.jpcc.0c11601,-0.004133983,-0.008259967,-0.020912364,-0.024628336
Co9S8,66.0,8.863890877796902e-05,10.1021/acs.jpcc.0c11601,-0.004133983,-0.008259967,-0.020912364,-0.024628336
Co9S8,89.0,0.0007290339551663202,10.1021/acs.jpcc.0c11601,-0.0029746864,-0.0076755993,-0.019258687,-0.024104204
Co9S8,107.0,0.000785933211642822,10.1021/acs.jpcc.0c11601,-0.005194114,-0.009041157,-0.017789155,-0.022693017
Co9S8,150.0,0.0018175594734434562,10.1021/acs.jpcc.0c11601,-0.0017257435,-0.006146022,-0.013285188,-0.017941061
Co9S8,250.0,0.008311336436170212,10.1021/acs.jpcc.0c11601,0.02016422,0.017084742,0.007043156,0.0067757517
Co9S8,300.0,0.0140381282304,10.1021/acs.jpcc.0c11601,0.044898514,0.03998006,0.034007356,0.030777613
CoS2,41.0,0.0164178432,10.1021/acs.jpcc.0c11601,-0.03469265,-0.05002567,-0.043784603,-0.0495603
CoS2,66.0,0.012375116443189838,10.1021/acs.jpcc.0c11601,-0.03469265,-0.05002567,-0.043784603,-0.0495603
CoS2,89.0,0.008357791484745762,10.1021/acs.jpcc.0c11601,-0.03353336,-0.049441315,-0.042130914,-0.049112067
CoS2,107.0,0.006772476437949008,10.1021/acs.jpcc.0c11601,-0.032049574,-0.047912523,-0.040661387,-0.04770089
CoS2,150.0,0.011898098455598456,10.1021/acs.jpcc.0c11601,-0.030447872,-0.045017414,-0.037415486,-0.044007972
CoS2,250.0,0.021732646223025547,10.1021/acs.jpcc.0c11601,-0.008557888,-0.023619408,-0.01708716,-0.021143096
CoS2,300.0,0.028910551590000003,10.1021/acs.jpcc.0c11601,0.011500766,-0.001054122,0.006960817,0.0020446356
SnAgSbSe2,600.0,0.11965014577259475,10.1021/acs.jpcc.9b03329,0.45906216,0.38395414,0.38622108,0.37473246
SnAgSbSe2,650.0,0.16741718697983698,10.1021/acs.jpcc.9b03329,0.5096852,0.44252345,0.4367603,0.42825073
SnAgSbSe2,700.0,0.23935000603349288,10.1021/acs.jpcc.9b03329,0.57161045,0.5170452,0.49253353,0.49573132
SnAgSbSe2,750.0,0.3226,10.1021/acs.jpcc.9b03329,0.5993311,0.53840184,0.5320091,0.52270764
SnAgSbSe2,800.0,0.41,10.1021/acs.jpcc.9b03329,0.6869412,0.6276012,0.60508287,0.6118834
SnTe0.15AgSbSe2,300.0,0.08189865369863014,10.1021/acs.jpcc.9b03329,0.12828897,0.12256164,0.13988139,0.10441931
SnTe0.15AgSbSe2,400.0,0.1653019908220065,10.1021/acs.jpcc.9b03329,0.23100874,0.22613095,0.22798154,0.20882617
SnTe0.15AgSbSe2,500.0,0.2852219900497513,10.1021/acs.jpcc.9b03329,0.4642574,0.38058287,0.4749684,0.3678131
SnTe0.15AgSbSe2,600.0,0.45101906999999997,10.1021/acs.jpcc.9b03329,0.66622484,0.60186344,0.63989645,0.5673625
SnTe0.15AgSbSe2,650.0,0.5342264175652668,10.1021/acs.jpcc.9b03329,0.71604764,0.65321755,0.7128448,0.61989987
SnTe0.15AgSbSe2,700.0,0.626,10.1021/acs.jpcc.9b03329,0.7666452,0.7326044,0.74229026,0.69395345
SnTe0.15AgSbSe2,800.0,0.762257848951049,10.1021/acs.jpcc.9b03329,0.8330251,0.80221725,0.82454467,0.76776546
SnTe0.1AgSbSe2,300.0,0.07178426265521473,10.1021/acs.jpcc.9b03329,0.13254026,0.12926479,0.14181536,0.11400153
SnTe0.1AgSbSe2,400.0,0.13985327155137126,10.1021/acs.jpcc.9b03329,0.2352599,0.23266692,0.22991551,0.22114734
SnTe0.1AgSbSe2,500.0,0.248,10.1021/acs.jpcc.9b03329,0.46850872,0.38711882,0.4769023,0.38647622
SnTe0.1AgSbSe2,600.0,0.41,10.1021/acs.jpcc.9b03329,0.6704045,0.6104716,0.64169353,0.5809917
SnTe0.1AgSbSe2,650.0,0.49629312768297007,10.1021/acs.jpcc.9b03329,0.7211569,0.66235536,0.7099777,0.63389975
SnTe0.1AgSbSe2,700.0,0.5878396216500262,10.1021/acs.jpcc.9b03329,0.7648476,0.71354467,0.7410694,0.68725836
SnTe0.1AgSbSe2,750.0,0.6686,10.1021/acs.jpcc.9b03329,0.78706676,0.7316705,0.78984874,0.6933611
SnTe0.1AgSbSe2,800.0,0.7203060877876569,10.1021/acs.jpcc.9b03329,0.82144934,0.7699608,0.8221609,0.7437704
SnTe0.25AgSbSe2,300.0,0.094,10.1021/acs.jpcc.9b03329,0.12854855,0.12169538,0.14016522,0.09859755
SnTe0.25AgSbSe2,400.0,0.19,10.1021/acs.jpcc.9b03329,0.23126838,0.2327042,0.22826539,0.20300442
SnTe0.25AgSbSe2,500.0,0.32878185052631587,10.1021/acs.jpcc.9b03329,0.46451697,0.38715613,0.47525224,0.3666265
SnTe0.25AgSbSe2,600.0,0.5033134283731342,10.1021/acs.jpcc.9b03329,0.66648436,0.60843676,0.6358083,0.5661759
SnTe0.25AgSbSe2,650.0,0.5790446852830187,10.1021/acs.jpcc.9b03329,0.71630716,0.66020674,0.7192858,0.61871326
SnTe0.25AgSbSe2,700.0,0.6273453199999999,10.1021/acs.jpcc.9b03329,0.75996125,0.71364826,0.747699,0.70078415
SnTe0.25AgSbSe2,750.0,0.6607879632419404,10.1021/acs.jpcc.9b03329,0.7874986,0.7331046,0.79901314,0.71357924
SnTe0.25AgSbSe2,800.0,0.6571748793103448,10.1021/acs.jpcc.9b03329,0.82608163,0.7766264,0.8307251,0.7736638
SnTe0.2AgSbSe2,300.0,0.131,10.1021/acs.jpcc.9b03329,0.12854855,0.12169538,0.14016522,0.09859755
SnTe0.2AgSbSe2,400.0,0.284,10.1021/acs.jpcc.9b03329,0.23126838,0.2327042,0.22826539,0.20300442
SnTe0.2AgSbSe2,500.0,0.466,10.1021/acs.jpcc.9b03329,0.46451697,0.38715613,0.47525224,0.3666265
SnTe0.2AgSbSe2,600.0,0.717,10.1021/acs.jpcc.9b03329,0.66648436,0.60843676,0.6358083,0.5661759
SnTe0.2AgSbSe2,650.0,0.83,10.1021/acs.jpcc.9b03329,0.71630716,0.66237944,0.7192858,0.61871326
SnTe0.2AgSbSe2,800.0,0.934,10.1021/acs.jpcc.9b03329,0.8330251,0.81044024,0.8307251,0.7810984
Mg0.95Li0.05Ge0.9Si0.1,300.0,0.047200227493425055,10.1021/acsaem.1c00172,0.07093368,0.028877737,0.08041643,0.038341057
Mg0.95Li0.05Ge0.9Si0.1,400.0,0.0860656246153846,10.1021/acsaem.1c00172,0.13473621,0.081714466,0.12902552,0.08981443
Mg0.95Li0.05Ge0.9Si0.1,500.0,0.16601095417958697,10.1021/acsaem.1c00172,0.20879015,0.18866587,0.2316899,0.16546376
Mg0.95Li0.05Ge0.9Si0.1,600.0,0.2824075749751225,10.1021/acsaem.1c00172,0.4048819,0.31774765,0.3611618,0.29009917
Mg0.95Li0.05Ge0.9Si0.1,675.0,0.39246955584677423,10.1021/acsaem.1c00172,0.47810248,0.40986484,0.43211704,0.4268148
Mg0.97Li0.03Ge0.8Si0.2,400.0,0.08709587883923824,10.1021/acsaem.1c00172,0.08622922,0.049479198,0.07133698,0.038745336
Mg0.97Li0.03Ge0.8Si0.2,500.0,0.17090788935389398,10.1021/acsaem.1c00172,0.14716966,0.14257231,0.13973944,0.103806995
Mg0.97Li0.03Ge0.8Si0.2,600.0,0.3003690927180828,10.1021/acsaem.1c00172,0.29643443,0.2620904,0.23534971,0.21332908
Mg0.97Li0.03Ge0.9Si0.1,300.0,0.08219757744796057,10.1021/acsaem.1c00172,0.058239598,0.022369228,0.06949456,0.034639455
Mg0.97Li0.03Ge0.9Si0.1,400.0,0.16378709768552957,10.1021/acsaem.1c00172,0.12204213,0.07368902,0.11617323,0.084876806
Mg0.97Li0.03Ge0.9Si0.1,500.0,0.2542583952615307,10.1021/acsaem.1c00172,0.19609605,0.17894533,0.21883744,0.1605261
Mg0.97Li0.03Ge0.9Si0.1,600.0,0.3922064950684698,10.1021/acsaem.1c00172,0.3833012,0.30802712,0.34830934,0.28163993
Mg0.98Li0.02Ge0.8Si0.2,300.0,0.017157859992096517,10.1021/acsaem.1c00172,0.022427062,-0.00010839345,0.038252395,-0.011492073
Mg0.98Li0.02Ge0.8Si0.2,400.0,0.039408424112693165,10.1021/acsaem.1c00172,0.08622922,0.049479198,0.07234625,0.038745336
Mg0.98Li0.02Ge0.8Si0.2,500.0,0.090880123591908,10.1021/acsaem.1c00172,0.14716966,0.14257231,0.14074871,0.103806995
Mg0.98Li0.02Ge0.8Si0.2,600.0,0.1794995726852045,10.1021/acsaem.1c00172,0.29643443,0.2620904,0.23635897,0.21332908
Mg0.98Li0.02Ge0.8Si0.2,675.0,0.25258630521291814,10.1021/acsaem.1c00172,0.35962838,0.3372763,0.31098157,0.35524812
Mg0.98Li0.02Ge0.9Si0.1,300.0,0.039836133786848076,10.1021/acsaem.1c00172,0.058239598,0.022369228,0.07050383,0.034639455
Mg0.98Li0.02Ge0.9Si0.1,400.0,0.08158127301587303,10.1021/acsaem.1c00172,0.12204213,0.07368902,0.1171825,0.084876806
Mg0.98Li0.02Ge0.9Si0.1,500.0,0.16663119519064779,10.1021/acsaem.1c00172,0.19609605,0.17894533,0.21984671,0.1605261
Mg0.98Li0.02Ge0.9Si0.1,600.0,0.291462348056246,10.1021/acsaem.1c00172,0.3833012,0.30802712,0.3493186,0.28163993
Mg0.98Li0.02Ge0.9Si0.1,675.0,0.38556589462269414,10.1021/acsaem.1c00172,0.44649515,0.39761308,0.42027384,0.41835555
Mg0.99Li0.01Ge0.9Si0.1,400.0,0.08394760186506134,10.1021/acsaem.1c00172,0.12204213,0.07368902,0.1171825,0.084876806
Mg0.99Li0.01Ge0.9Si0.1,500.0,0.15614289344499996,10.1021/acsaem.1c00172,0.19609605,0.17894533,0.21984671,0.1605261
Mg0.99Li0.01Ge0.9Si0.1,600.0,0.2590630585326341,10.1021/acsaem.1c00172,0.3833012,0.30802712,0.3493186,0.28163993
Mg0.99Li0.01Ge0.9Si0.1,675.0,0.3579262288620771,10.1021/acsaem.1c00172,0.44649515,0.39761308,0.42027384,0.41835555
(Bi0.23Sb0.77)2Te3,300.0,0.9766825159322035,10.1021/acsaem.1c01830,0.8918889,0.882346,0.8868251,0.8799645
(Bi0.23Sb0.77)2Te3,350.0,1.0595726814861934,10.1021/acsaem.1c01830,0.90414256,0.89497054,0.90160406,0.8898074
(Bi0.23Sb0.77)2Te3,400.0,0.9309709230830729,10.1021/acsaem.1c01830,0.8725333,0.8760302,0.8872871,0.8675846
(Bi0.23Sb0.77)2Te3,450.0,0.6789037719780291,10.1021/acsaem.1c01830,0.7419426,0.7325287,0.7194246,0.723054
(Bi0.23Sb0.77)2Te3,500.0,0.4524839411526051,10.1021/acsaem.1c01830,0.57517195,0.5914994,0.5693273,0.5751515
Cu2.2Sn0.8Sb0.2Se3.2,300.0,0.04110959041535064,10.1021/acsaem.1c01155,0.07418987,0.06558392,0.06415585,0.07795227
Cu2.2Sn0.8Sb0.2Se3.2,372.0,0.06830092917431192,10.1021/acsaem.1c01155,0.12026227,0.10945548,0.10856437,0.12076025
Cu2.2Sn0.8Sb0.2Se3.2,473.0,0.11996735279287735,10.1021/acsaem.1c01155,0.2129543,0.1993245,0.2044181,0.21945576
Cu2.2Sn0.8Sb0.2Se3.2,523.0,0.1542383035714286,10.1021/acsaem.1c01155,0.28616238,0.27605435,0.27948776,0.29925513
Cu2.2Sn0.8Sb0.2Se3.2,622.0,0.23866172704182242,10.1021/acsaem.1c01155,0.42600757,0.40107256,0.41253573,0.40986267
Cu2.2Sn0.8Sb0.2Se3.2,723.0,0.3892832271,10.1021/acsaem.1c01155,0.53276044,0.50865483,0.5074846,0.5141545
Cu2.5Sn0.5Sb0.5Se3.5,300.0,0.02359600813559322,10.1021/acsaem.1c01155,0.08083164,0.09235975,0.08446164,0.09169961
Cu2.5Sn0.5Sb0.5Se3.5,372.0,0.03960488392398933,10.1021/acsaem.1c01155,0.12690407,0.13623133,0.12887001,0.13450758
Cu2.5Sn0.5Sb0.5Se3.5,473.0,0.06924435692450948,10.1021/acsaem.1c01155,0.21829166,0.23812446,0.23059812,0.24669334
Cu2.5Sn0.5Sb0.5Se3.5,523.0,0.08598840727642523,10.1021/acsaem.1c01155,0.29149967,0.31485447,0.3035911,0.32649288
Cu2.5Sn0.5Sb0.5Se3.5,622.0,0.14,10.1021/acsaem.1c01155,0.43145308,0.4353415,0.43892416,0.4406353
Cu2.5Sn0.5Sb0.5Se3.5,723.0,0.24186394275863168,10.1021/acsaem.1c01155,0.53820604,0.5385674,0.5213827,0.5380838
Cu2.8Sn0.2Sb0.8Se3.8,300.0,0.029059819651567943,10.1021/acsaem.1c01155,0.093443066,0.09235975,0.087898076,0.09177429
Cu2.8Sn0.2Sb0.8Se3.8,372.0,0.05220036040477809,10.1021/acsaem.1c01155,0.13951552,0.13623133,0.13230647,0.13458227
Cu2.8Sn0.2Sb0.8Se3.8,473.0,0.0918676452554584,10.1021/acsaem.1c01155,0.23684816,0.23812446,0.2381561,0.24676803
Cu2.8Sn0.2Sb0.8Se3.8,523.0,0.11405203440509477,10.1021/acsaem.1c01155,0.31406835,0.31485447,0.3192351,0.32656756
Cu2.8Sn0.2Sb0.8Se3.8,622.0,0.19229335505152415,10.1021/acsaem.1c01155,0.48119694,0.4404868,0.47971416,0.45689312
Cu2.8Sn0.2Sb0.8Se3.8,723.0,0.32119444226974797,10.1021/acsaem.1c01155,0.58932596,0.5466526,0.5807735,0.5523348
Cu2SnSe3,300.0,0.005820592680470845,10.1021/acsaem.1c01155,0.034133676,0.033533197,0.0339707,0.030052708
Cu2SnSe3,372.0,0.010865865577045442,10.1021/acsaem.1c01155,0.057729036,0.0546539,0.05523715,0.049120888
Cu2SnSe3,473.0,0.02402164285714286,10.1021/acsaem.1c01155,0.09954012,0.10926009,0.0979135,0.10571009
Cu2SnSe3,523.0,0.038352910285372174,10.1021/acsaem.1c01155,0.15692753,0.1808588,0.15427193,0.1752907
Cu2SnSe3,622.0,0.08967473326188687,10.1021/acsaem.1c01155,0.25815913,0.29140148,0.25954676,0.27910027
Cu2SnSe3,723.0,0.16595298348842374,10.1021/acsaem.1c01155,0.39133608,0.40047234,0.40866432,0.39428774
Cu3SbSe4,300.0,0.05710305465288036,10.1021/acsaem.1c01155,0.07296734,0.10777237,0.077026166,0.1056021
Cu3SbSe4,372.0,0.0971,10.1021/acsaem.1c01155,0.11903974,0.15164399,0.12143456,0.1484101
Cu3SbSe4,473.0,0.057,10.1021/acsaem.1c01155,0.21578535,0.25970715,0.22130579,0.2642102
Cu3SbSe4,523.0,0.087,10.1021/acsaem.1c01155,0.2930056,0.34207085,0.29677117,0.34401
Cu3SbSe4,622.0,0.182,10.1021/acsaem.1c01155,0.43643475,0.47053376,0.42981914,0.47541177
Cu3SbSe4,723.0,0.36,10.1021/acsaem.1c01155,0.5393134,0.5689981,0.5203305,0.5708729
Cu5SnSbSe6.3,300.0,0.02847718831369008,10.1021/acsaem.1c01155,0.1121467,0.13399254,0.112916715,0.12758593
Cu5SnSbSe6.3,373.0,0.04319597756552725,10.1021/acsaem.1c01155,0.15657198,0.17789587,0.15859598,0.17181627
Cu5SnSbSe6.3,473.0,0.0795525127049006,10.1021/acsaem.1c01155,0.24795988,0.28530884,0.25905332,0.28754133
Cu5SnSbSe6.3,573.0,0.13224024516237193,10.1021/acsaem.1c01155,0.37126428,0.41164494,0.39078608,0.42142358
Cu5SnSbSe6.3,673.0,0.22957209633328587,10.1021/acsaem.1c01155,0.5244279,0.57032996,0.5162375,0.56870824
Cu5SnSbSe6.3,723.0,0.298,10.1021/acsaem.1c01155,0.5855913,0.59960043,0.5728283,0.60194355
Cu5SnSbSe6.58,300.0,0.022260216379860462,10.1021/acsaem.1c01155,0.11586448,0.13653538,0.13515885,0.1265375
Cu5SnSbSe6.58,373.0,0.035266034521486474,10.1021/acsaem.1c01155,0.16364859,0.17969887,0.1808384,0.17076781
Cu5SnSbSe6.58,473.0,0.06668036559959116,10.1021/acsaem.1c01155,0.25503632,0.28230006,0.28129566,0.27868944
Cu5SnSbSe6.58,573.0,0.10792915040074101,10.1021/acsaem.1c01155,0.37834087,0.4030026,0.41302842,0.40464312
Cu5SnSbSe6.58,673.0,0.1920657788990339,10.1021/acsaem.1c01155,0.53150445,0.56168747,0.5310754,0.55192786
Cu5SnSbSe6.58,723.0,0.2431643973111553,10.1021/acsaem.1c01155,0.5926679,0.593059,0.5876662,0.5851632
Cu5SnSbSe6.79,300.0,0.025924751307586792,10.1021/acsaem.1c01155,0.11586448,0.13835408,0.13515885,0.1265375
Cu5SnSbSe6.79,373.0,0.04496277643299724,10.1021/acsaem.1c01155,0.16364859,0.18151757,0.1808384,0.17076781
Cu5SnSbSe6.79,473.0,0.08082820856671627,10.1021/acsaem.1c01155,0.25503632,0.28411877,0.28129566,0.28153098
Cu5SnSbSe6.79,573.0,0.12443089219078711,10.1021/acsaem.1c01155,0.37834087,0.4048213,0.41302842,0.40748465
Cu5SnSbSe6.79,673.0,0.18291516999018792,10.1021/acsaem.1c01155,0.53150445,0.5635062,0.5310754,0.5547694
Cu5SnSbSe6.79,723.0,0.23764381186974085,10.1021/acsaem.1c01155,0.5926679,0.59317696,0.5876662,0.5880047
Cu5SnSbSe7,300.0,0.02462566540921208,10.1021/acsaem.1c01155,0.08083164,0.09235975,0.08446164,0.09169961
Cu5SnSbSe7,373.0,0.0397561560919125,10.1021/acsaem.1c01155,0.12690407,0.1355232,0.13014089,0.13592981
Cu5SnSbSe7,473.0,0.07259589480463384,10.1021/acsaem.1c01155,0.21829166,0.23812446,0.23059812,0.24669334
Cu5SnSbSe7,573.0,0.11199444700833343,10.1021/acsaem.1c01155,0.3415963,0.35882688,0.35927847,0.37264675
Cu5SnSbSe7,673.0,0.1804936396784764,10.1021/acsaem.1c01155,0.47423488,0.50727874,0.47036278,0.5048486
Cu5SnSbSe7,723.0,0.24040642835982004,10.1021/acsaem.1c01155,0.53820604,0.5385674,0.5213827,0.5380838
Er0.01(Bi0.23Sb0.77)1.99Te3,300.0,1.1675872386637587,10.1021/acsaem.1c01830,0.8812837,0.87455547,0.8694561,0.8799645
Er0.01(Bi0.23Sb0.77)1.99Te3,350.0,1.0990008200966421,10.1021/acsaem.1c01830,0.90216035,0.88718003,0.8842351,0.8898074
Er0.01(Bi0.23Sb0.77)1.99Te3,400.0,0.9752829352117672,10.1021/acsaem.1c01830,0.87139684,0.8682397,0.8699181,0.8675846
Er0.01(Bi0.23Sb0.77)1.99Te3,450.0,0.6927549428375863,10.1021/acsaem.1c01830,0.7408061,0.7247382,0.70205563,0.723054
Er0.01(Bi0.23Sb0.77)1.99Te3,500.0,0.4716086384877817,10.1021/acsaem.1c01830,0.57479084,0.5837089,0.5519583,0.5751515
Er0.02(Bi0.23Sb0.77)1.98Te3,300.0,1.1329912361623615,10.1021/acsaem.1c01830,0.8718479,0.87455547,0.8694561,0.8799645
Er0.02(Bi0.23Sb0.77)1.98Te3,350.0,1.207829718407885,10.1021/acsaem.1c01830,0.8927246,0.88718003,0.8842351,0.8898074
Er0.02(Bi0.23Sb0.77)1.98Te3,400.0,1.0878778220108418,10.1021/acsaem.1c01830,0.86196107,0.8682397,0.8699181,0.8675846
Er0.02(Bi0.23Sb0.77)1.98Te3,450.0,0.8190938441650855,10.1021/acsaem.1c01830,0.73137033,0.7247382,0.70205563,0.723054
Er0.02(Bi0.23Sb0.77)1.98Te3,500.0,0.5449556152429127,10.1021/acsaem.1c01830,0.5660526,0.5837089,0.5519583,0.56182694
Er0.03(Bi0.23Sb0.77)1.97Te3,300.0,1.05,10.1021/acsaem.1c01830,0.8646454,0.87455547,0.8694561,0.8799645
Er0.03(Bi0.23Sb0.77)1.97Te3,350.0,1.1873270176851023,10.1021/acsaem.1c01830,0.88552207,0.88718003,0.8842351,0.8898074
Er0.03(Bi0.23Sb0.77)1.97Te3,400.0,1.043449843845197,10.1021/acsaem.1c01830,0.85391283,0.8682397,0.8699181,0.8675846
Er0.03(Bi0.23Sb0.77)1.97Te3,450.0,0.7957126961846497,10.1021/acsaem.1c01830,0.7233221,0.7247382,0.70205563,0.723054
Er0.03(Bi0.23Sb0.77)1.97Te3,500.0,0.5459535098039214,10.1021/acsaem.1c01830,0.55655146,0.5837089,0.5519583,0.56182694
Nb0.75Ta0.25CoSn0.9Sb0.1,338.0,0.09875618720399738,10.1021/acsaem.1c02293,0.04784611,0.018503046,0.023511155,0.024427194
Nb0.75Ta0.25CoSn0.9Sb0.1,430.0,0.160010106013363,10.1021/acsaem.1c02293,0.101306,0.08291019,0.08313779,0.092344545
Nb0.75Ta0.25CoSn0.9Sb0.1,530.0,0.23219058266275505,10.1021/acsaem.1c02293,0.13788201,0.1427263,0.12100601,0.16531728
Nb0.75Ta0.25CoSn0.9Sb0.1,628.0,0.3208574171628329,10.1021/acsaem.1c02293,0.23322658,0.17602529,0.16836154,0.21542433
Nb0.75Ta0.25CoSn0.9Sb0.1,728.0,0.42114682863340747,10.1021/acsaem.1c02293,0.29344618,0.24398577,0.24200104,0.26428026
Nb0.75Ta0.25CoSn0.9Sb0.1,826.0,0.5327619680505743,10.1021/acsaem.1c02293,0.3247367,0.28972688,0.29142815,0.32131037
Nb0.75Ta0.25CoSn0.9Sb0.1,924.0,0.6315819781676835,10.1021/acsaem.1c02293,0.43340647,0.3637168,0.3665898,0.3859204
Nb0.85Ta0.15CoSn0.9Sb0.1,338.0,0.09118225902289259,10.1021/acsaem.1c02293,0.045884512,0.021071615,0.018788338,0.029534843
Nb0.85Ta0.15CoSn0.9Sb0.1,430.0,0.14195117356370107,10.1021/acsaem.1c02293,0.0993444,0.088196404,0.07841498,0.09745219
Nb0.85Ta0.15CoSn0.9Sb0.1,530.0,0.21441652270385328,10.1021/acsaem.1c02293,0.13592042,0.14801252,0.11628316,0.17042494
Nb0.85Ta0.15CoSn0.9Sb0.1,628.0,0.29924717207797513,10.1021/acsaem.1c02293,0.231265,0.1813115,0.1606082,0.22053199
Nb0.85Ta0.15CoSn0.9Sb0.1,728.0,0.3796435658851888,10.1021/acsaem.1c02293,0.29148456,0.24927188,0.23424767,0.272151
Nb0.85Ta0.15CoSn0.9Sb0.1,826.0,0.4587708471380804,10.1021/acsaem.1c02293,0.3227751,0.29852787,0.27460206,0.32111436
Nb0.85Ta0.15CoSn0.9Sb0.1,924.0,0.5390549909347568,10.1021/acsaem.1c02293,0.40201375,0.3725178,0.34976372,0.38146377
Nb0.8Ta0.2CoSn0.9Sb0.1,338.0,0.09183088388668953,10.1021/acsaem.1c02293,0.045884512,0.018503046,0.018131128,0.025153404
Nb0.8Ta0.2CoSn0.9Sb0.1,430.0,0.14500916011324788,10.1021/acsaem.1c02293,0.0993444,0.08291019,0.07775776,0.09307076
Nb0.8Ta0.2CoSn0.9Sb0.1,530.0,0.22146407397709356,10.1021/acsaem.1c02293,0.13592042,0.1427263,0.11562595,0.16604349
Nb0.8Ta0.2CoSn0.9Sb0.1,628.0,0.3033536660444238,10.1021/acsaem.1c02293,0.231265,0.17602529,0.159951,0.21615054
Nb0.8Ta0.2CoSn0.9Sb0.1,728.0,0.38342069822151453,10.1021/acsaem.1c02293,0.29148456,0.24398577,0.23359047,0.26776955
Nb0.8Ta0.2CoSn0.9Sb0.1,826.0,0.4640981108010814,10.1021/acsaem.1c02293,0.3227751,0.28972688,0.28301758,0.32407346
Nb0.8Ta0.2CoSn0.9Sb0.1,924.0,0.5427688637414114,10.1021/acsaem.1c02293,0.42986524,0.3637168,0.35817924,0.3886835
Nb0.95Ta0.05CoSn0.9Sb0.1,338.0,0.06784481603739662,10.1021/acsaem.1c02293,0.047093194,0.037903957,0.05250745,0.053473927
Nb0.95Ta0.05CoSn0.9Sb0.1,430.0,0.117185380805679,10.1021/acsaem.1c02293,0.100553066,0.1050287,0.11185698,0.12139126
Nb0.95Ta0.05CoSn0.9Sb0.1,530.0,0.19250726328161188,10.1021/acsaem.1c02293,0.13712908,0.16484487,0.14972514,0.19436403
Nb0.95Ta0.05CoSn0.9Sb0.1,628.0,0.2738635328107355,10.1021/acsaem.1c02293,0.22959903,0.19942938,0.19708046,0.2461949
Nb0.95Ta0.05CoSn0.9Sb0.1,728.0,0.3574494671855472,10.1021/acsaem.1c02293,0.2895871,0.26738966,0.2693549,0.29781395
Nb0.95Ta0.05CoSn0.9Sb0.1,826.0,0.45669558254143644,10.1021/acsaem.1c02293,0.32087764,0.31239414,0.31329563,0.35015428
Nb0.95Ta0.05CoSn0.9Sb0.1,924.0,0.5369180191097404,10.1021/acsaem.1c02293,0.40356934,0.38015807,0.39087468,0.4130101
Nb0.9Ta0.1CoSn0.9Sb0.1,338.0,0.08698889901362042,10.1021/acsaem.1c02293,0.047093194,0.035505846,0.044174466,0.053473927
Nb0.9Ta0.1CoSn0.9Sb0.1,430.0,0.13690911321407775,10.1021/acsaem.1c02293,0.100553066,0.10263059,0.10352403,0.12139126
Nb0.9Ta0.1CoSn0.9Sb0.1,530.0,0.2111629722046857,10.1021/acsaem.1c02293,0.13712908,0.16244677,0.14139217,0.19436403
Nb0.9Ta0.1CoSn0.9Sb0.1,628.0,0.30034303872910717,10.1021/acsaem.1c02293,0.22959903,0.19703127,0.1887475,0.2461949
Nb0.9Ta0.1CoSn0.9Sb0.1,728.0,0.385160633085091,10.1021/acsaem.1c02293,0.2895871,0.26499152,0.26102194,0.29781395
Nb0.9Ta0.1CoSn0.9Sb0.1,826.0,0.47247819304399435,10.1021/acsaem.1c02293,0.32087764,0.309996,0.30496266,0.35015428
Nb0.9Ta0.1CoSn0.9Sb0.1,924.0,0.573204759793643,10.1021/acsaem.1c02293,0.4001163,0.38398594,0.38658154,0.41093364
NbCoSn0.9Sb0.1,338.0,0.05516947458472867,10.1021/acsaem.1c02293,0.03941499,0.026135147,0.033659473,0.025281943
NbCoSn0.9Sb0.1,430.0,0.09671903721547678,10.1021/acsaem.1c02293,0.095550224,0.08500753,0.09160701,0.083994314
NbCoSn0.9Sb0.1,530.0,0.1574577041177486,10.1021/acsaem.1c02293,0.12758574,0.1379158,0.13006607,0.1400208
NbCoSn0.9Sb0.1,628.0,0.2351747731120522,10.1021/acsaem.1c02293,0.19988246,0.16935797,0.17589779,0.18219654
NbCoSn0.9Sb0.1,728.0,0.3100381234567901,10.1021/acsaem.1c02293,0.2436638,0.2286102,0.24041618,0.22600767
NbCoSn0.9Sb0.1,826.0,0.40614958621119585,10.1021/acsaem.1c02293,0.2655294,0.26037154,0.26100397,0.24835458
NbCoSn0.9Sb0.1,924.0,0.4744468475475033,10.1021/acsaem.1c02293,0.39771473,0.34563276,0.35814413,0.34076366
Sn1.03Se0.08Te0.92,323.0,0.004549741982745181,10.1021/acsaem.1c02442,0.11162479,0.030770442,0.053988893,0.032361045
Sn1.03Se0.08Te0.92,423.0,0.02069421997743783,10.1021/acsaem.1c02442,0.13669825,0.06757899,0.086913705,0.08222783
Sn1.03Se0.08Te0.92,523.0,0.07464289406700163,10.1021/acsaem.1c02442,0.1884052,0.14230384,0.116952114,0.16235813
Sn1.03Se0.08Te0.92,623.0,0.23442616058855975,10.1021/acsaem.1c02442,0.30183902,0.29997835,0.29277447,0.28248903
Sn1.03Se0.08Te0.92,723.0,0.4037907195239999,10.1021/acsaem.1c02442,0.40774322,0.4194847,0.34245875,0.40682653
Sn1.03Se0.08Te0.92,823.0,0.54,10.1021/acsaem.1c02442,0.6199593,0.6269137,0.5252744,0.6193669
Sn1.03Se0.12Te0.865Br0.015,323.0,0.011571976069838707,10.1021/acsaem.1c02442,0.12503563,0.28007585,0.20419352,0.23056811
Sn1.03Se0.12Te0.865Br0.015,423.0,0.03916128180357171,10.1021/acsaem.1c02442,0.15120801,0.37480402,0.24511905,0.35113746
Sn1.03Se0.12Te0.865Br0.015,523.0,0.142,10.1021/acsaem.1c02442,0.24658574,0.5076857,0.32720965,0.450609
Sn1.03Se0.12Te0.865Br0.015,623.0,0.413,10.1021/acsaem.1c02442,0.33753383,0.68872756,0.47503504,0.63592213
Sn1.03Se0.12Te0.865Br0.015,723.0,0.572,10.1021/acsaem.1c02442,0.4823541,0.8643719,0.58656913,0.8027324
Sn1.03Se0.12Te0.865Br0.015,823.0,0.6675679424767441,10.1021/acsaem.1c02442,0.76923996,1.0854849,0.841294,1.0758595
Sn1.03Se0.12Te0.875Br0.005,323.0,0.016424531367287384,10.1021/acsaem.1c02442,0.12503563,0.28007585,0.2059151,0.23056811
Sn1.03Se0.12Te0.875Br0.005,423.0,0.04750325035165072,10.1021/acsaem.1c02442,0.15120801,0.37480402,0.24684066,0.35113746
Sn1.03Se0.12Te0.875Br0.005,523.0,0.148,10.1021/acsaem.1c02442,0.24658574,0.5076857,0.32720965,0.450609
Sn1.03Se0.12Te0.875Br0.005,623.0,0.458,10.1021/acsaem.1c02442,0.33753383,0.68872756,0.47503504,0.6486134
Sn1.03Se0.12Te0.875Br0.005,723.0,0.6103418881759854,10.1021/acsaem.1c02442,0.4823541,0.8643719,0.58656913,0.8027324
Sn1.03Se0.12Te0.875Br0.005,823.0,0.6626180706495454,10.1021/acsaem.1c02442,0.76923996,1.0854849,0.841294,1.0758595
Sn1.03Se0.12Te0.87Br0.01,323.0,0.018391521738110084,10.1021/acsaem.1c02442,0.12503563,0.28007585,0.2059151,0.23056811
Sn1.03Se0.12Te0.87Br0.01,423.0,0.053547900566586704,10.1021/acsaem.1c02442,0.15120801,0.37480402,0.24684066,0.35113746
Sn1.03Se0.12Te0.87Br0.01,523.0,0.143,10.1021/acsaem.1c02442,0.24658574,0.5076857,0.32720965,0.450609
Sn1.03Se0.12Te0.87Br0.01,623.0,0.453,10.1021/acsaem.1c02442,0.33753383,0.68872756,0.47503504,0.6486134
Sn1.03Se0.12Te0.87Br0.01,723.0,0.676,10.1021/acsaem.1c02442,0.4823541,0.8643719,0.58656913,0.8027324
Sn1.03Se0.12Te0.87Br0.01,823.0,0.75,10.1021/acsaem.1c02442,0.76923996,1.0854849,0.841294,1.0758595
Sn1.03Se0.12Te0.88,323.0,0.0060571188110299014,10.1021/acsaem.1c02442,0.07817666,0.032463107,0.054482237,0.029135088
Sn1.03Se0.12Te0.88,423.0,0.024825382745664412,10.1021/acsaem.1c02442,0.0897243,0.07161595,0.08979671,0.09241027
Sn1.03Se0.12Te0.88,523.0,0.08722116215024629,10.1021/acsaem.1c02442,0.1391356,0.14996646,0.11983514,0.18256137
Sn1.03Se0.12Te0.88,623.0,0.2518080976792518,10.1021/acsaem.1c02442,0.23483762,0.30764094,0.2917262,0.31238914
Sn1.03Se0.12Te0.88,723.0,0.48831747491289207,10.1021/acsaem.1c02442,0.3407418,0.42352167,0.3414105,0.4193129
Sn1.03Se0.12Te0.88,823.0,0.5497355133127803,10.1021/acsaem.1c02442,0.5529579,0.63095057,0.52422625,0.63031614
Sn1.03Se0.15Te0.85,323.0,0.00402154359190556,10.1021/acsaem.1c02442,0.028991787,0.0075469078,0.035119016,0.012829201
Sn1.03Se0.15Te0.85,423.0,0.02359684138746906,10.1021/acsaem.1c02442,0.06152965,0.07161595,0.08979671,0.09241027
Sn1.03Se0.15Te0.85,523.0,0.08536063775196802,10.1021/acsaem.1c02442,0.11094083,0.14996646,0.11983514,0.18256137
Sn1.03Se0.15Te0.85,623.0,0.25567872568205824,10.1021/acsaem.1c02442,0.2024701,0.30764094,0.2917262,0.2996981
Sn1.03Se0.15Te0.85,723.0,0.4620342554267438,10.1021/acsaem.1c02442,0.305479,0.42352167,0.3414105,0.4193129
Sn1.03Se0.15Te0.85,823.0,0.528,10.1021/acsaem.1c02442,0.517695,0.63095057,0.52422625,0.63031614
Sn1.03Te,323.0,0.0045015240683217075,10.1021/acsaem.1c02442,0.003818552,-0.015794383,-0.0034753932,-0.0072742063
Sn1.03Te,423.0,0.01713450296148691,10.1021/acsaem.1c02442,0.031240078,0.019482262,0.028492883,0.029013906
Sn1.03Te,523.0,0.05669777442693336,10.1021/acsaem.1c02442,0.093555525,0.09035631,0.064430214,0.093545444
Sn1.03Te,623.0,0.16150838672182155,10.1021/acsaem.1c02442,0.20403159,0.24510518,0.2244387,0.260727
Sn1.03Te,723.0,0.3086754225016198,10.1021/acsaem.1c02442,0.35095063,0.43112668,0.34518334,0.4194654
Sn1.03Te,823.0,0.44848038272727275,10.1021/acsaem.1c02442,0.5405654,0.6492145,0.51281995,0.6317384
(Ag0.05Sb0.05Sn0.9)(S0.05Se0.05Te0.9),303.0,0.05947589531686487,10.1021/acsaem.1c02448,0.107543305,0.10717391,0.082304224,0.09084815
(Ag0.05Sb0.05Sn0.9)(S0.05Se0.05Te0.9),434.0,0.12875810691412792,10.1021/acsaem.1c02448,0.1874056,0.20571811,0.20454012,0.21257567
(Ag0.05Sb0.05Sn0.9)(S0.05Se0.05Te0.9),594.0,0.3732317367379999,10.1021/acsaem.1c02448,0.39366126,0.4499101,0.4042268,0.4250491
(Ag0.05Sb0.05Sn0.9)(S0.05Se0.05Te0.9),755.0,0.7006680930232558,10.1021/acsaem.1c02448,0.7869589,0.821378,0.7568211,0.7980335
(Ag0.05Sb0.05Sn0.9)(S0.05Se0.05Te0.9),823.0,0.8,10.1021/acsaem.1c02448,0.90907615,0.92982996,0.85212636,0.9192354
(Ag0.15Sb0.15Sn0.7)(S0.15Se0.15Te0.7),303.0,0.11507723135131198,10.1021/acsaem.1c02448,0.16181523,0.2033473,0.1621408,0.16446333
(Ag0.15Sb0.15Sn0.7)(S0.15Se0.15Te0.7),432.0,0.29840267807999993,10.1021/acsaem.1c02448,0.33774263,0.40128112,0.35923567,0.40162113
(Ag0.15Sb0.15Sn0.7)(S0.15Se0.15Te0.7),593.0,0.5636649416714512,10.1021/acsaem.1c02448,0.7156505,0.83020705,0.7573911,0.81321055
(Ag0.15Sb0.15Sn0.7)(S0.15Se0.15Te0.7),753.0,0.7200932884804035,10.1021/acsaem.1c02448,1.0476189,1.0138532,0.9469657,0.99083024
(Ag0.15Sb0.15Sn0.7)(S0.15Se0.15Te0.7),823.0,0.792472153840825,10.1021/acsaem.1c02448,1.0729136,1.0557748,0.9674312,1.0359209
(Ag0.1Sb0.1Sn0.8)(S0.1Se0.1Te0.8),303.0,0.09014219235468039,10.1021/acsaem.1c02448,0.14794312,0.14221069,0.15909067,0.143851
(Ag0.1Sb0.1Sn0.8)(S0.1Se0.1Te0.8),434.0,0.27465042016869673,10.1021/acsaem.1c02448,0.2886945,0.35315487,0.35659364,0.35288873
(Ag0.1Sb0.1Sn0.8)(S0.1Se0.1Te0.8),593.0,0.5945546513579743,10.1021/acsaem.1c02448,0.6156772,0.7650331,0.77455664,0.7212634
(Ag0.1Sb0.1Sn0.8)(S0.1Se0.1Te0.8),755.0,0.810084094712143,10.1021/acsaem.1c02448,1.0426675,0.95710164,0.96311504,0.9239193
(Ag0.1Sb0.1Sn0.8)(S0.1Se0.1Te0.8),825.0,0.9691710274124999,10.1021/acsaem.1c02448,1.1049455,1.0045412,0.97417045,1.006338
Bi0.825Ba0.175CuSeO,319.0,0.3194575563958795,10.1021/acsaem.1c02720,0.16058841,0.14684506,0.16968714,0.15218413
Bi0.825Ba0.175CuSeO,420.0,0.43743070831500225,10.1021/acsaem.1c02720,0.20787647,0.2015677,0.22563668,0.19681554
Bi0.825Ba0.175CuSeO,522.0,0.539,10.1021/acsaem.1c02720,0.2866876,0.27017054,0.3094241,0.26058218
Bi0.825Ba0.175CuSeO,623.0,0.6314,10.1021/acsaem.1c02720,0.41304335,0.37665555,0.43545073,0.37200528
Bi0.825Ba0.175CuSeO,725.0,0.6863,10.1021/acsaem.1c02720,0.51997596,0.48479864,0.55782425,0.48717868
Bi0.825Ba0.175CuSeO,825.0,0.7824,10.1021/acsaem.1c02720,0.64877504,0.5833709,0.70208234,0.5854118
Bi0.875Ba0.125CuSeO,319.0,0.1935887658227848,10.1021/acsaem.1c02720,0.17452693,0.14684506,0.17913662,0.15218413
Bi0.875Ba0.125CuSeO,420.0,0.25767171129220023,10.1021/acsaem.1c02720,0.22649598,0.2015677,0.23524044,0.19681554
Bi0.875Ba0.125CuSeO,522.0,0.32699195093905714,10.1021/acsaem.1c02720,0.3296789,0.2748944,0.32321143,0.265013
Bi0.875Ba0.125CuSeO,623.0,0.4023140051123369,10.1021/acsaem.1c02720,0.45603454,0.38137951,0.4490838,0.3764364
Bi0.875Ba0.125CuSeO,725.0,0.47963091922005574,10.1021/acsaem.1c02720,0.56676483,0.4895226,0.57145745,0.4916098
Bi0.875Ba0.125CuSeO,825.0,0.5543360335599595,10.1021/acsaem.1c02720,0.6955638,0.5880949,0.7157155,0.58984286
Bi0.8Ba0.2CuSeO,319.0,0.26967121588089327,10.1021/acsaem.1c02720,0.16058841,0.14684506,0.16968714,0.15218413
Bi0.8Ba0.2CuSeO,420.0,0.36535354790605196,10.1021/acsaem.1c02720,0.20787647,0.2015677,0.22563668,0.19681554
Bi0.8Ba0.2CuSeO,522.0,0.45666218034993267,10.1021/acsaem.1c02720,0.2866876,0.27017054,0.3094241,0.26058218
Bi0.8Ba0.2CuSeO,623.0,0.5388725836037815,10.1021/acsaem.1c02720,0.41304335,0.37665555,0.43545073,0.37200528
Bi0.8Ba0.2CuSeO,725.0,0.6065154787616991,10.1021/acsaem.1c02720,0.51997596,0.48479864,0.55782425,0.48717868
Bi0.8Ba0.2CuSeO,825.0,0.6785091543156059,10.1021/acsaem.1c02720,0.64877504,0.5833709,0.70208234,0.5854118
Bi0.95Ba0.05CuSeO,319.0,0.125577370676172,10.1021/acsaem.1c02720,0.17490911,0.17899412,0.1672757,0.18704012
Bi0.95Ba0.05CuSeO,420.0,0.17387014341590612,10.1021/acsaem.1c02720,0.22687817,0.23371685,0.2193866,0.23032147
Bi0.95Ba0.05CuSeO,522.0,0.22378432920863311,10.1021/acsaem.1c02720,0.3300611,0.30569786,0.30398571,0.29473144
Bi0.95Ba0.05CuSeO,623.0,0.302,10.1021/acsaem.1c02720,0.45641676,0.4121829,0.4200708,0.4114926
Bi0.95Ba0.05CuSeO,725.0,0.382408123,10.1021/acsaem.1c02720,0.56334955,0.5295296,0.5220502,0.5272358
Bi0.95Ba0.05CuSeO,825.0,0.45288963843749996,10.1021/acsaem.1c02720,0.6921485,0.6281011,0.6446235,0.62546873
BiCuSeO,319.0,0.05777282756337729,10.1021/acsaem.1c02720,0.042445485,0.059267074,0.03474643,0.06743341
BiCuSeO,420.0,0.09438677405523338,10.1021/acsaem.1c02720,0.07974237,0.107684776,0.07786684,0.10319429
BiCuSeO,522.0,0.14,10.1021/acsaem.1c02720,0.13027315,0.18066832,0.13152075,0.16714206
BiCuSeO,623.0,0.24817098907396162,10.1021/acsaem.1c02720,0.2422001,0.29431027,0.24137084,0.28096515
BiCuSeO,725.0,0.363,10.1021/acsaem.1c02720,0.34443465,0.39334613,0.3472095,0.3967084
BiCuSeO,825.0,0.4,10.1021/acsaem.1c02720,0.43951803,0.485571,0.4487912,0.4872611
Ag0.01Cu1.965S0.5Se0.5,300.0,0.04917080937638213,10.1021/acsaem.1c03064,0.14808446,0.098602675,0.15356891,0.1051922
Ag0.01Cu1.965S0.5Se0.5,375.0,0.07871579421221864,10.1021/acsaem.1c03064,0.21189353,0.1332979,0.1948706,0.1349118
Ag0.01Cu1.965S0.5Se0.5,475.0,0.09748835006103307,10.1021/acsaem.1c03064,0.23652618,0.2080059,0.25594696,0.20759103
Ag0.01Cu1.965S0.5Se0.5,578.0,0.306,10.1021/acsaem.1c03064,0.37649822,0.3368526,0.3873842,0.3485847
Ag0.01Cu1.965S0.5Se0.5,673.0,0.8162976705922376,10.1021/acsaem.1c03064,0.5834747,0.509964,0.61321086,0.54273427
Ag0.01Cu1.965S0.5Se0.5,772.0,1.033157921988389,10.1021/acsaem.1c03064,0.75900894,0.7214245,0.7826151,0.7360795
Ag0.02Cu1.955S0.5Se0.5,300.0,0.05620281215896344,10.1021/acsaem.1c03064,0.15685244,0.09782437,0.11447789,0.10692197
Ag0.02Cu1.955S0.5Se0.5,375.0,0.07851585263199493,10.1021/acsaem.1c03064,0.2206615,0.13251959,0.15062302,0.13664156
Ag0.02Cu1.955S0.5Se0.5,475.0,0.12848980182265296,10.1021/acsaem.1c03064,0.24801666,0.20722759,0.21270618,0.20932081
Ag0.02Cu1.955S0.5Se0.5,578.0,0.5187091406157138,10.1021/acsaem.1c03064,0.3942914,0.33607432,0.3452013,0.35031447
Ag0.02Cu1.955S0.5Se0.5,673.0,0.914070988772184,10.1021/acsaem.1c03064,0.6012679,0.5091857,0.54300636,0.544464
Ag0.02Cu1.955S0.5Se0.5,772.0,1.2109107635694571,10.1021/acsaem.1c03064,0.7768021,0.71673584,0.71241057,0.73521686
Ag0.03Cu1.945S0.5Se0.5,300.0,0.06482278974776358,10.1021/acsaem.1c03064,0.15524828,0.09576299,0.11369033,0.102818884
Ag0.03Cu1.945S0.5Se0.5,375.0,0.070809492546,10.1021/acsaem.1c03064,0.21715133,0.13045822,0.14983548,0.13069385
Ag0.03Cu1.945S0.5Se0.5,475.0,0.0826,10.1021/acsaem.1c03064,0.24388807,0.20722759,0.21191864,0.2033731
Ag0.03Cu1.945S0.5Se0.5,578.0,0.4,10.1021/acsaem.1c03064,0.3901629,0.33607432,0.34441376,0.33921322
Ag0.03Cu1.945S0.5Se0.5,673.0,0.7,10.1021/acsaem.1c03064,0.5971393,0.5091857,0.54715365,0.51929307
Ag0.03Cu1.945S0.5Se0.5,772.0,0.9,10.1021/acsaem.1c03064,0.7671459,0.71673584,0.71655786,0.72539943
Cu1.95S0.5Se0.5,300.0,0.0650018000412235,10.1021/acsaem.1c03064,0.1424285,0.15703833,0.14114927,0.13746828
Cu1.95S0.5Se0.5,375.0,0.06083068607276693,10.1021/acsaem.1c03064,0.20806736,0.188233,0.18631442,0.17795293
Cu1.95S0.5Se0.5,475.0,0.09933718764012939,10.1021/acsaem.1c03064,0.2326999,0.26855797,0.24739087,0.2537196
Cu1.95S0.5Se0.5,578.0,0.32246183332326434,10.1021/acsaem.1c03064,0.37618378,0.42673305,0.37873325,0.39183983
Cu1.95S0.5Se0.5,673.0,0.5388398535235046,10.1021/acsaem.1c03064,0.57959765,0.6139164,0.5940672,0.59048444
Cu1.95S0.5Se0.5,772.0,0.7350549833980173,10.1021/acsaem.1c03064,0.7551319,0.8233891,0.75990796,0.809283
Cu1.975S0.5Se0.5,300.0,0.0937737222467742,10.1021/acsaem.1c03064,0.13305318,0.13582648,0.14002784,0.09954988
Cu1.975S0.5Se0.5,375.0,0.09867460013440861,10.1021/acsaem.1c03064,0.21770254,0.17230417,0.18519299,0.12926947
Cu1.975S0.5Se0.5,475.0,0.10273005774483346,10.1021/acsaem.1c03064,0.23243187,0.24849746,0.25601748,0.2020921
Cu1.975S0.5Se0.5,578.0,0.44872336631200005,10.1021/acsaem.1c03064,0.37550667,0.39052713,0.39622104,0.33619922
Cu1.975S0.5Se0.5,673.0,0.7278210844444443,10.1021/acsaem.1c03064,0.58898664,0.58208454,0.6211082,0.5231132
Cu1.975S0.5Se0.5,772.0,0.9718708795056643,10.1021/acsaem.1c03064,0.7619658,0.78378415,0.7772007,0.73181194
Cu1.99S0.5Se0.5,300.0,0.06134961799786926,10.1021/acsaem.1c03064,0.13019048,0.13582648,0.13359582,0.09954988
Cu1.99S0.5Se0.5,375.0,0.07868051167839196,10.1021/acsaem.1c03064,0.24134718,0.17230417,0.18610443,0.12926947
Cu1.99S0.5Se0.5,475.0,0.07772815408695649,10.1021/acsaem.1c03064,0.2545773,0.24849746,0.24882016,0.2020921
Cu1.99S0.5Se0.5,578.0,0.21750724653727566,10.1021/acsaem.1c03064,0.37237972,0.39052713,0.38445306,0.33246517
Cu1.99S0.5Se0.5,673.0,0.720646017699115,10.1021/acsaem.1c03064,0.5858597,0.58208454,0.5687971,0.51937914
Cu1.99S0.5Se0.5,772.0,0.8946700396022599,10.1021/acsaem.1c03064,0.7588389,0.78378415,0.7313274,0.7280779
Cu2S0.5Se0.5,300.0,0.029473132325145153,10.1021/acsaem.1c03064,0.12958486,0.13582648,0.13359582,0.09954988
Cu2S0.5Se0.5,375.0,0.04783197109015638,10.1021/acsaem.1c03064,0.2395657,0.17230417,0.18610443,0.12926947
Cu2S0.5Se0.5,475.0,0.06497095202727272,10.1021/acsaem.1c03064,0.2545773,0.24849746,0.24882016,0.2020921
Cu2S0.5Se0.5,578.0,0.13048201731765632,10.1021/acsaem.1c03064,0.37237972,0.39052713,0.38445306,0.33246517
Cu2S0.5Se0.5,673.0,0.502055093671334,10.1021/acsaem.1c03064,0.5858597,0.58208454,0.5687971,0.51937914
Cu2S0.5Se0.5,772.0,0.6493659615870677,10.1021/acsaem.1c03064,0.7588389,0.78378415,0.7313274,0.7280779
(SnTe)10Sb2Te3,323.0,0.14659099887921942,10.1021/acsaem.1c03231,0.13390008,0.109672785,0.14269584,0.11582899
(SnTe)10Sb2Te3,423.0,0.31334754740625004,10.1021/acsaem.1c03231,0.22152805,0.22203955,0.2395673,0.20872107
(SnTe)10Sb2Te3,523.0,0.5959437466866139,10.1021/acsaem.1c03231,0.30708537,0.29587924,0.30298522,0.28349927
(SnTe)10Sb2Te3,623.0,0.9202258518164651,10.1021/acsaem.1c03231,0.5173898,0.49621418,0.52892643,0.46719924
(SnTe)10Sb2Te3,673.0,1.0430441894444442,10.1021/acsaem.1c03231,0.6130362,0.56269515,0.5892948,0.54232186
(SnTe)10Sb2Te3,723.0,1.0624874561110844,10.1021/acsaem.1c03231,0.6714856,0.61954325,0.6479236,0.6240967
(SnTe)10Sb2Te3,773.0,1.0661646080334544,10.1021/acsaem.1c03231,0.7105762,0.69620305,0.6823316,0.70183235
(SnTe)12Sb2Te3,323.0,0.10228582747051546,10.1021/acsaem.1c03231,0.14036916,0.121261045,0.14460333,0.12955423
(SnTe)12Sb2Te3,423.0,0.20419915269862499,10.1021/acsaem.1c03231,0.23343244,0.25026494,0.24147461,0.22808042
(SnTe)12Sb2Te3,523.0,0.40325548585751075,10.1021/acsaem.1c03231,0.31235936,0.32838887,0.30921817,0.29541332
(SnTe)12Sb2Te3,623.0,0.67380265788675,10.1021/acsaem.1c03231,0.5102835,0.4958701,0.5347953,0.48323473
(SnTe)12Sb2Te3,673.0,0.8088768474789473,10.1021/acsaem.1c03231,0.6105602,0.560791,0.59516364,0.56106913
(SnTe)12Sb2Te3,723.0,0.878,10.1021/acsaem.1c03231,0.6771599,0.6176392,0.6570202,0.6428439
(SnTe)12Sb2Te3,773.0,0.9158529370256411,10.1021/acsaem.1c03231,0.7259681,0.6942989,0.69142824,0.7275571
(SnTe)15Sb2Te3,323.0,0.08197891250366916,10.1021/acsaem.1c03231,0.13240767,0.11708143,0.1389155,0.12693088
(SnTe)15Sb2Te3,423.0,0.16090483156363639,10.1021/acsaem.1c03231,0.21837774,0.2460856,0.2357869,0.22545707
(SnTe)15Sb2Te3,523.0,0.31196082405651043,10.1021/acsaem.1c03231,0.2917882,0.30221084,0.29404202,0.27948356
(SnTe)15Sb2Te3,623.0,0.5591427539606845,10.1021/acsaem.1c03231,0.48526627,0.4916905,0.5471785,0.4806114
(SnTe)15Sb2Te3,673.0,0.702648565039362,10.1021/acsaem.1c03231,0.5945943,0.5566114,0.60754687,0.55844575
(SnTe)15Sb2Te3,723.0,0.7924812958326505,10.1021/acsaem.1c03231,0.6559493,0.6134596,0.66940343,0.6402205
(SnTe)15Sb2Te3,773.0,0.855918443153889,10.1021/acsaem.1c03231,0.7047575,0.6901193,0.70856947,0.72493374
(SnTe)20Sb2Te3,323.0,0.05067371756903822,10.1021/acsaem.1c03231,0.16584009,0.114970565,0.14745574,0.13056886
(SnTe)20Sb2Te3,423.0,0.10203609200843124,10.1021/acsaem.1c03231,0.25011295,0.23086749,0.24077632,0.23083025
(SnTe)20Sb2Te3,523.0,0.2177578542907108,10.1021/acsaem.1c03231,0.3166011,0.2914008,0.2926654,0.28761634
(SnTe)20Sb2Te3,623.0,0.4175147571174377,10.1021/acsaem.1c03231,0.5045345,0.47314572,0.53693426,0.47024834
(SnTe)20Sb2Te3,673.0,0.5638691487767661,10.1021/acsaem.1c03231,0.6076718,0.5380664,0.59838593,0.5463001
(SnTe)20Sb2Te3,723.0,0.682598672151748,10.1021/acsaem.1c03231,0.6509267,0.5949145,0.6612558,0.6231061
(SnTe)20Sb2Te3,773.0,0.7695942071753246,10.1021/acsaem.1c03231,0.6997349,0.68211263,0.707578,0.7008418
(SnTe)25Sb2Te3,323.0,0.0526503678295327,10.1021/acsaem.1c03231,0.103221625,0.08000867,0.07962061,0.07557128
(SnTe)25Sb2Te3,423.0,0.1077738476031,10.1021/acsaem.1c03231,0.20348106,0.20407826,0.20130132,0.14877541
(SnTe)25Sb2Te3,523.0,0.22657284097920527,10.1021/acsaem.1c03231,0.2661887,0.26878572,0.24944699,0.2526157
(SnTe)25Sb2Te3,623.0,0.46345011466636116,10.1021/acsaem.1c03231,0.48207194,0.46459728,0.49938458,0.46391413
(SnTe)25Sb2Te3,673.0,0.5826484251968503,10.1021/acsaem.1c03231,0.58212394,0.5362222,0.5783578,0.5503865
(SnTe)25Sb2Te3,723.0,0.68,10.1021/acsaem.1c03231,0.6459765,0.59093463,0.64633274,0.6378026
(SnTe)25Sb2Te3,773.0,0.78,10.1021/acsaem.1c03231,0.6947847,0.67272115,0.69265497,0.71553826
(SnTe)40Sb2Te3,323.0,0.028743003424847577,10.1021/acsaem.1c03231,0.07494706,0.08942193,0.08262519,0.07527313
(SnTe)40Sb2Te3,423.0,0.05747683756897138,10.1021/acsaem.1c03231,0.1286149,0.15761726,0.12883626,0.13204873
(SnTe)40Sb2Te3,523.0,0.12402713328798218,10.1021/acsaem.1c03231,0.22905347,0.24386609,0.23107626,0.2556128
(SnTe)40Sb2Te3,623.0,0.26264218151578944,10.1021/acsaem.1c03231,0.4088428,0.4163922,0.43463314,0.41511264
(SnTe)40Sb2Te3,673.0,0.3730582966552293,10.1021/acsaem.1c03231,0.5041853,0.48973408,0.52466667,0.50906086
(SnTe)40Sb2Te3,723.0,0.5163053488436831,10.1021/acsaem.1c03231,0.57089126,0.56865996,0.59960806,0.6054233
(SnTe)40Sb2Te3,773.0,0.6499625220662056,10.1021/acsaem.1c03231,0.68596965,0.6681201,0.68735206,0.71553963
(SnTe)8Sb2Te3,323.0,0.18663345227134145,10.1021/acsaem.1c03231,0.13076077,0.11276209,0.14161986,0.122974895
(SnTe)8Sb2Te3,423.0,0.38145488305269337,10.1021/acsaem.1c03231,0.21838875,0.22512884,0.24208422,0.21586692
(SnTe)8Sb2Te3,523.0,0.6331419227537096,10.1021/acsaem.1c03231,0.31527963,0.29057956,0.3055023,0.2831737
(SnTe)8Sb2Te3,623.0,0.8502421010745456,10.1021/acsaem.1c03231,0.5173898,0.49091458,0.5314435,0.46948013
(SnTe)8Sb2Te3,673.0,0.9098816573969878,10.1021/acsaem.1c03231,0.6130362,0.55473477,0.59181184,0.54460275
(SnTe)8Sb2Te3,723.0,0.9434837876460029,10.1021/acsaem.1c03231,0.6714856,0.611583,0.65044063,0.6263776
(SnTe)8Sb2Te3,773.0,0.9448051847814206,10.1021/acsaem.1c03231,0.7105762,0.6882427,0.68484867,0.6968372
SnTe,323.0,0.0016203876845452773,10.1021/acsaem.1c03231,-0.001397033,-0.0172078,-0.008149793,-0.006232933
SnTe,423.0,0.01078224533392502,10.1021/acsaem.1c03231,0.024177104,0.019206235,0.021813553,0.028931102
SnTe,523.0,0.04506502759773214,10.1021/acsaem.1c03231,0.08380345,0.08848133,0.057750884,0.09346262
SnTe,623.0,0.1547827007098773,10.1021/acsaem.1c03231,0.19391073,0.2432303,0.20872506,0.2606441
SnTe,673.0,0.2477680836409561,10.1021/acsaem.1c03231,0.23894244,0.31914613,0.25370282,0.32558203
SnTe,723.0,0.3745995540929882,10.1021/acsaem.1c03231,0.31739274,0.42304772,0.31126994,0.41201532
SnTe,773.0,0.5185230553493579,10.1021/acsaem.1c03231,0.4444405,0.5430127,0.39820826,0.527558
Cd2Cu3In3Te8,335.0,0.07024601126157046,10.1021/acsaem.9b02004,0.027963001,0.04994768,0.03340085,0.067796454
Cd2Cu3In3Te8,377.0,0.09690844109894885,10.1021/acsaem.9b02004,0.056808427,0.05542208,0.049198225,0.07690852
Cd2Cu3In3Te8,427.0,0.1268892987804878,10.1021/acsaem.9b02004,0.082645886,0.082740024,0.08840701,0.1054752
Cd2Cu3In3Te8,477.0,0.16309899041860465,10.1021/acsaem.9b02004,0.11094887,0.12876996,0.12370313,0.14103177
Cd2Cu3In3Te8,527.0,0.20340350877192984,10.1021/acsaem.9b02004,0.14213298,0.15667403,0.15317544,0.17566727
Cd2Cu3In3Te8,575.0,0.2491097142857143,10.1021/acsaem.9b02004,0.22436918,0.23244733,0.239905,0.25681195
Cd2Cu3In3Te8,625.0,0.30193102327690446,10.1021/acsaem.9b02004,0.32140347,0.34438473,0.3401693,0.33895484
Cd2Cu3In3Te8,675.0,0.3623521084033613,10.1021/acsaem.9b02004,0.41379327,0.39156026,0.42245716,0.36777258
Mn2Cu3In3Te8,575.0,0.016195132462686567,10.1021/acsaem.9b02004,0.17656538,0.22728811,0.22273551,0.24156147
Mn2Cu3In3Te8,625.0,0.03568125190839694,10.1021/acsaem.9b02004,0.2735996,0.32939112,0.32299995,0.3330067
Mn2Cu3In3Te8,675.0,0.07338805516759776,10.1021/acsaem.9b02004,0.36598942,0.4086079,0.39658704,0.4196169
Mn2Cu3In3Te8,720.0,0.139,10.1021/acsaem.9b02004,0.46177918,0.52245307,0.4910104,0.52776706
Mn2Cu3In3Te8,770.0,0.2191064615384615,10.1021/acsaem.9b02004,0.5753219,0.6267053,0.5847754,0.64519095
Mn2Cu3In3Te8,866.0,0.41782268041237114,10.1021/acsaem.9b02004,0.67135733,0.8034109,0.74667275,0.8141022
Zn2Cu3In3Te8,330.0,0.037,10.1021/acsaem.9b02004,-0.004307226,0.014315982,-0.0057786806,0.036268394
Zn2Cu3In3Te8,373.0,0.0516264007687509,10.1021/acsaem.9b02004,0.025632367,0.021530828,0.015838169,0.044665877
Zn2Cu3In3Te8,424.0,0.07825149983686785,10.1021/acsaem.9b02004,0.045637067,0.043431163,0.03870038,0.059450816
Zn2Cu3In3Te8,473.0,0.10226266049999999,10.1021/acsaem.9b02004,0.06765904,0.07674941,0.073363796,0.07625979
Zn2Cu3In3Te8,572.0,0.17259300334779912,10.1021/acsaem.9b02004,0.14536908,0.16802895,0.18752506,0.17772977
Zn2Cu3In3Te8,620.0,0.22819268447488583,10.1021/acsaem.9b02004,0.2734682,0.30094004,0.29738262,0.28456014
Zn2Cu3In3Te8,668.0,0.26887525987728816,10.1021/acsaem.9b02004,0.3649235,0.3857885,0.37294257,0.37044
Al0.005Sb0.1Ge0.895Te,323.0,0.24240428421934637,10.1021/acsami.1c12282,0.38867378,0.30266374,0.3338816,0.31575793
Al0.005Sb0.1Ge0.895Te,373.0,0.349,10.1021/acsami.1c12282,0.47074696,0.38771832,0.425506,0.40404662
Al0.005Sb0.1Ge0.895Te,473.0,0.6106149368355548,10.1021/acsami.1c12282,0.6983579,0.6543961,0.6977838,0.689824
Al0.005Sb0.1Ge0.895Te,573.0,1.0942379424199662,10.1021/acsami.1c12282,1.1465518,1.0650408,1.1140927,1.0988162
Al0.005Sb0.1Ge0.895Te,673.0,1.6006721242546937,10.1021/acsami.1c12282,1.5962398,1.521996,1.5810499,1.5990579
Al0.005Sb0.1Ge0.895Te,773.0,1.793,10.1021/acsami.1c12282,1.6522175,1.6463807,1.6381012,1.6679317
Al0.005Sb0.1Ge0.895Te,823.0,1.64,10.1021/acsami.1c12282,1.6586727,1.659413,1.6439238,1.6776918
Al0.0075Sb0.1Ge0.8925Te,323.0,0.2694434817682224,10.1021/acsami.1c12282,0.39285606,0.30620924,0.33630133,0.3271001
Al0.0075Sb0.1Ge0.8925Te,373.0,0.3729921984510797,10.1021/acsami.1c12282,0.47492924,0.3912638,0.42792574,0.4153888
Al0.0075Sb0.1Ge0.8925Te,473.0,0.638,10.1021/acsami.1c12282,0.699522,0.6579416,0.70020366,0.70116615
Al0.0075Sb0.1Ge0.8925Te,573.0,1.0,10.1021/acsami.1c12282,1.1477158,1.0685862,1.1165125,1.1101583
Al0.0075Sb0.1Ge0.8925Te,673.0,1.573,10.1021/acsami.1c12282,1.6060882,1.5255414,1.5834697,1.6104001
Al0.0075Sb0.1Ge0.8925Te,773.0,1.908,10.1021/acsami.1c12282,1.6620659,1.6499261,1.640521,1.6792738
Al0.0075Sb0.1Ge0.8925Te,823.0,1.984,10.1021/acsami.1c12282,1.668521,1.6629584,1.6463436,1.689034
Al0.01Ge0.99Te,323.0,0.03582151395125996,10.1021/acsami.1c12282,0.070458256,0.099478684,0.067603245,0.12920852
Al0.01Ge0.99Te,373.0,0.061886492197067,10.1021/acsami.1c12282,0.11100012,0.14183892,0.10414766,0.15284213
Al0.01Ge0.99Te,473.0,0.15481886324623306,10.1021/acsami.1c12282,0.25549036,0.30845502,0.25016978,0.3427152
Al0.01Ge0.99Te,573.0,0.3429090475017594,10.1021/acsami.1c12282,0.47423065,0.57988596,0.4582828,0.6354166
Al0.01Ge0.99Te,673.0,0.6158856136671177,10.1021/acsami.1c12282,0.89763623,1.0000153,0.92975694,0.9769384
Al0.01Ge0.99Te,773.0,0.962,10.1021/acsami.1c12282,0.98524463,1.11426,1.010247,1.1002076
Al0.01Ge0.99Te,823.0,1.052,10.1021/acsami.1c12282,0.99558115,1.1307619,1.0203704,1.1134536
Al0.01Sb0.1Ge0.89Te,323.0,0.2372,10.1021/acsami.1c12282,0.36964396,0.30620924,0.35234237,0.3271001
Al0.01Sb0.1Ge0.89Te,373.0,0.3654,10.1021/acsami.1c12282,0.45171714,0.3912638,0.44396678,0.4153888
Al0.01Sb0.1Ge0.89Te,473.0,0.6186,10.1021/acsami.1c12282,0.699522,0.6579416,0.71624476,0.70116615
Al0.01Sb0.1Ge0.89Te,573.0,1.0669,10.1021/acsami.1c12282,1.1477158,1.0685862,1.1325536,1.1101583
Al0.01Sb0.1Ge0.89Te,673.0,1.7739,10.1021/acsami.1c12282,1.6060882,1.5255414,1.5995108,1.6104001
Al0.01Sb0.1Ge0.89Te,773.0,1.9618,10.1021/acsami.1c12282,1.6620659,1.6499261,1.6565621,1.6792738
Al0.01Sb0.1Ge0.89Te,823.0,1.8185,10.1021/acsami.1c12282,1.668521,1.6629584,1.6623846,1.689034
Al0.02Ge0.98Te,323.0,0.03666387715483312,10.1021/acsami.1c12282,0.070458256,0.084565364,0.067603245,0.10936967
Al0.02Ge0.98Te,373.0,0.06953038790980871,10.1021/acsami.1c12282,0.11100012,0.12692562,0.10414766,0.13300332
Al0.02Ge0.98Te,473.0,0.14390079943359915,10.1021/acsami.1c12282,0.24994858,0.29354173,0.25016978,0.3228765
Al0.02Ge0.98Te,573.0,0.33415374650213475,10.1021/acsami.1c12282,0.46868885,0.56497264,0.4582828,0.61662984
Al0.02Ge0.98Te,673.0,0.6363863107523673,10.1021/acsami.1c12282,0.89209443,0.98510164,0.94739646,0.97971475
Al0.02Ge0.98Te,773.0,0.875,10.1021/acsami.1c12282,0.97970283,1.0993466,1.0278864,1.1064327
Al0.02Ge0.98Te,823.0,0.928,10.1021/acsami.1c12282,0.99003935,1.1158485,1.0380099,1.1196787
Al0.03Ge0.97Te,323.0,0.04168791312902826,10.1021/acsami.1c12282,0.070458256,0.08899219,0.07432848,0.113163985
Al0.03Ge0.97Te,373.0,0.07293957793293651,10.1021/acsami.1c12282,0.11100012,0.13135244,0.11087285,0.13679764
Al0.03Ge0.97Te,473.0,0.1711814656976157,10.1021/acsami.1c12282,0.24994858,0.29796857,0.2593205,0.32667077
Al0.03Ge0.97Te,573.0,0.29841405948846517,10.1021/acsami.1c12282,0.46868885,0.5693995,0.47135922,0.62545925
Al0.03Ge0.97Te,673.0,0.5650604201735135,10.1021/acsami.1c12282,0.9253523,0.98952895,0.96293163,0.98854417
Al0.03Ge0.97Te,773.0,0.768,10.1021/acsami.1c12282,1.0129608,1.1037735,1.039496,1.1118135
Al0.03Ge0.97Te,823.0,0.889,10.1021/acsami.1c12282,1.0232967,1.1202754,1.0496193,1.1250596
GeTe,323.0,0.03410008625076746,10.1021/acsami.1c12282,0.060510773,0.09789895,0.065183476,0.11222957
GeTe,373.0,0.0663822230279539,10.1021/acsami.1c12282,0.108657986,0.14025916,0.10172789,0.13586326
GeTe,473.0,0.14988196953496366,10.1021/acsami.1c12282,0.2531483,0.3068753,0.24774998,0.32089576
GeTe,573.0,0.375732538575207,10.1021/acsami.1c12282,0.47188857,0.61244243,0.45586306,0.6135972
GeTe,673.0,0.846274619029052,10.1021/acsami.1c12282,0.8952941,0.98250157,0.9200097,0.955119
GeTe,773.0,1.172,10.1021/acsami.1c12282,0.98290247,1.0967481,0.9964468,1.0783882
GeTe,823.0,1.161,10.1021/acsami.1c12282,0.99323905,1.11325,1.0065697,1.0916343
Sb0.05Ge0.95Te,323.0,0.12425507125338034,10.1021/acsami.1c12282,0.1343702,0.14433376,0.13501543,0.14054967
Sb0.05Ge0.95Te,373.0,0.1913296272540017,10.1021/acsami.1c12282,0.19185384,0.18334176,0.17418833,0.16801092
Sb0.05Ge0.95Te,473.0,0.4674204840082347,10.1021/acsami.1c12282,0.41098908,0.3981324,0.3890018,0.39408925
Sb0.05Ge0.95Te,573.0,0.802094042802922,10.1021/acsami.1c12282,0.7530382,0.756585,0.7407439,0.73844105
Sb0.05Ge0.95Te,673.0,1.2913150277389818,10.1021/acsami.1c12282,1.2211264,1.1319149,1.2592427,1.1637963
Sb0.05Ge0.95Te,773.0,1.61,10.1021/acsami.1c12282,1.3146012,1.2584155,1.3162127,1.2683024
Sb0.05Ge0.95Te,823.0,1.6715883166173668,10.1021/acsami.1c12282,1.3234642,1.2714478,1.3244582,1.2780626
Sb0.15Ge0.85Te,323.0,0.15031854606178865,10.1021/acsami.1c12282,0.24333254,0.23426792,0.23318994,0.23789565
Sb0.15Ge0.85Te,373.0,0.21208786403883936,10.1021/acsami.1c12282,0.33301088,0.31932223,0.32134983,0.3202406
Sb0.15Ge0.85Te,473.0,0.353,10.1021/acsami.1c12282,0.53175277,0.5053825,0.5212253,0.5303638
Sb0.15Ge0.85Te,573.0,0.7017403027782124,10.1021/acsami.1c12282,0.84134895,0.80102336,0.7888585,0.8373296
Sb0.15Ge0.85Te,673.0,1.1044647881523177,10.1021/acsami.1c12282,1.1820725,1.2248875,1.21618,1.2347616
Sb0.15Ge0.85Te,773.0,1.5540903907421473,10.1021/acsami.1c12282,1.3246834,1.3917128,1.3560824,1.3240635
Sb0.15Ge0.85Te,823.0,1.5913868759872571,10.1021/acsami.1c12282,1.3311384,1.397238,1.361905,1.3338237
Sb0.1Ge0.9Te,323.0,0.24,10.1021/acsami.1c12282,0.3544884,0.3046295,0.34183908,0.31012118
Sb0.1Ge0.9Te,373.0,0.384,10.1021/acsami.1c12282,0.44416693,0.38968408,0.43346348,0.39840987
Sb0.1Ge0.9Te,473.0,0.658,10.1021/acsami.1c12282,0.69717985,0.6563619,0.70574135,0.67934674
Sb0.1Ge0.9Te,573.0,1.039,10.1021/acsami.1c12282,1.1453736,1.0670066,1.1220502,1.088339
Sb0.1Ge0.9Te,673.0,1.592,10.1021/acsami.1c12282,1.5950615,1.5239618,1.5890074,1.5885807
Sb0.1Ge0.9Te,773.0,1.626,10.1021/acsami.1c12282,1.6510395,1.6483464,1.6460587,1.6574545
Sb0.1Ge0.9Te,823.0,1.697,10.1021/acsami.1c12282,1.6574944,1.6613787,1.6518812,1.6672146
Bi0.42Sb1.58Te3,323.0,0.8900269723961455,10.1021/acsami.1c13372,0.9036264,0.89694285,0.90557283,0.8943171
Bi0.42Sb1.58Te3,373.0,0.9014274782608694,10.1021/acsami.1c13372,0.90131754,0.8953712,0.90056473,0.8952383
Bi0.42Sb1.58Te3,423.0,0.7756021397602724,10.1021/acsami.1c13372,0.85795796,0.83702755,0.85471237,0.84487766
Bi0.42Sb1.58Te3,473.0,0.5620474216929149,10.1021/acsami.1c13372,0.65360093,0.6649566,0.65443295,0.6524778
Bi0.42Sb1.58Te3,523.0,0.3697064232630873,10.1021/acsami.1c13372,0.5778523,0.5870306,0.55704886,0.5745528
Bi0.42Sb1.58Te3,573.0,0.2319355524505996,10.1021/acsami.1c13372,0.6138506,0.58399814,0.59241235,0.5685804
Pb0.96Tl0.02Na0.02Te,301.0,0.20551979387313782,10.1021/acsami.1c14236,0.13116236,0.13779925,0.14703083,0.14242685
Pb0.96Tl0.02Na0.02Te,397.0,0.4002624500096895,10.1021/acsami.1c14236,0.2806019,0.31612018,0.32248193,0.31418815
Pb0.96Tl0.02Na0.02Te,497.0,0.7190897700246061,10.1021/acsami.1c14236,0.6364683,0.65572345,0.6675869,0.6267439
Pb0.96Tl0.02Na0.02Te,597.0,1.159827126666826,10.1021/acsami.1c14236,1.0887251,1.1079113,1.1457555,1.0660245
Pb0.96Tl0.02Na0.02Te,696.0,1.6042111976198346,10.1021/acsami.1c14236,1.3627391,1.3516486,1.3910545,1.3283753
Pb0.96Tl0.02Na0.02Te,798.0,2.029145722778043,10.1021/acsami.1c14236,1.5896783,1.6121949,1.6380616,1.5551121
Pb0.97Tl0.015Na0.015Te,301.0,0.19041961201764343,10.1021/acsami.1c14236,0.15814818,0.13242283,0.15242319,0.14520311
Pb0.97Tl0.015Na0.015Te,397.0,0.3872570808782913,10.1021/acsami.1c14236,0.30524135,0.30598366,0.32256734,0.3159091
Pb0.97Tl0.015Na0.015Te,497.0,0.7133140951685494,10.1021/acsami.1c14236,0.64322865,0.6352041,0.6452667,0.60418
Pb0.97Tl0.015Na0.015Te,597.0,1.1121092356429219,10.1021/acsami.1c14236,1.0896081,1.0790913,1.125715,1.0458028
Pb0.97Tl0.015Na0.015Te,696.0,1.5228477170253267,10.1021/acsami.1c14236,1.3689266,1.3219811,1.3691493,1.3230947
Pb0.97Tl0.015Na0.015Te,798.0,1.915298927891917,10.1021/acsami.1c14236,1.6076041,1.5540171,1.5811807,1.5473362
Pb0.9825Tl0.0075Na0.01Te,301.0,0.14504419887497327,10.1021/acsami.1c14236,0.14699577,0.122862354,0.1499144,0.14194316
Pb0.9825Tl0.0075Na0.01Te,397.0,0.3546411289413978,10.1021/acsami.1c14236,0.29926625,0.29466152,0.32005847,0.31264913
Pb0.9825Tl0.0075Na0.01Te,497.0,0.7134510352481283,10.1021/acsami.1c14236,0.6276067,0.61913645,0.6295449,0.59878916
Pb0.9825Tl0.0075Na0.01Te,597.0,1.1012412141481873,10.1021/acsami.1c14236,0.98956066,0.98040307,1.0124876,0.960119
Pb0.9825Tl0.0075Na0.01Te,696.0,1.497656990493399,10.1021/acsami.1c14236,1.1963823,1.1321687,1.1937736,1.1205434
Pb0.9825Tl0.0075Na0.01Te,798.0,1.8716357297611235,10.1021/acsami.1c14236,1.2850648,1.2640336,1.275872,1.2366613
Pb0.98Tl0.01Na0.01Te,301.0,0.18806532320264996,10.1021/acsami.1c14236,0.1521731,0.12321575,0.15053247,0.14194316
Pb0.98Tl0.01Na0.01Te,397.0,0.366207027183471,10.1021/acsami.1c14236,0.29926625,0.2950149,0.32067654,0.31264913
Pb0.98Tl0.01Na0.01Te,497.0,0.6605918966174007,10.1021/acsami.1c14236,0.6276067,0.61948985,0.6343034,0.59878916
Pb0.98Tl0.01Na0.01Te,597.0,1.0503746242288483,10.1021/acsami.1c14236,0.98956066,0.98075646,1.017246,0.960119
Pb0.98Tl0.01Na0.01Te,696.0,1.4403103234579726,10.1021/acsami.1c14236,1.1963823,1.132522,1.1937736,1.1205434
Pb0.98Tl0.01Na0.01Te,798.0,1.885741169962976,10.1021/acsami.1c14236,1.285819,1.2643869,1.2749059,1.2366613
Pb0.99Na0.01Te,301.0,0.06279833647352609,10.1021/acsami.1c14236,0.12894383,0.10249569,0.119508564,0.119305275
Pb0.99Na0.01Te,397.0,0.23096685020920668,10.1021/acsami.1c14236,0.2693565,0.27701065,0.28639293,0.29240176
Pb0.99Na0.01Te,497.0,0.629829897726075,10.1021/acsami.1c14236,0.56716156,0.5862259,0.58101165,0.57543486
Pb0.99Na0.01Te,597.0,1.1142978167871114,10.1021/acsami.1c14236,0.92266935,0.9263749,0.9399605,0.9168105
Pb0.99Na0.01Te,696.0,1.543721399950378,10.1021/acsami.1c14236,1.1089414,1.0392622,1.0932503,1.0349116
Pb0.99Na0.01Te,798.0,1.6945495209410502,10.1021/acsami.1c14236,1.2052935,1.1864725,1.2059698,1.1475036
Pb0.99Tl0.005Na0.005Te,301.0,0.13201361544389614,10.1021/acsami.1c14236,0.16450095,0.13658157,0.15864046,0.14672896
Pb0.99Tl0.005Na0.005Te,397.0,0.3303188523100211,10.1021/acsami.1c14236,0.319821,0.3135635,0.32878444,0.3230958
Pb0.99Tl0.005Na0.005Te,497.0,0.654177462689209,10.1021/acsami.1c14236,0.6402198,0.6352804,0.63343394,0.61122024
Pb0.99Tl0.005Na0.005Te,597.0,1.017596181479823,10.1021/acsami.1c14236,0.9983039,0.98847395,0.9909497,0.9588602
Pb0.99Tl0.005Na0.005Te,696.0,1.3407405759433628,10.1021/acsami.1c14236,1.0648876,1.0218942,1.0683724,0.97956485
Pb0.99Tl0.005Na0.005Te,798.0,1.397085730622085,10.1021/acsami.1c14236,1.1012161,1.1233989,1.0771198,1.0371866
Pb0.99Tl0.01Te,301.0,0.11316226404509827,10.1021/acsami.1c14236,0.1431635,0.110871255,0.1499592,0.12574436
Pb0.99Tl0.01Te,397.0,0.2898400812036414,10.1021/acsami.1c14236,0.28500918,0.27747935,0.31631666,0.288038
Pb0.99Tl0.01Te,497.0,0.5894633744899189,10.1021/acsami.1c14236,0.5273889,0.49038237,0.52515024,0.47610405
Pb0.99Tl0.01Te,597.0,0.9947084857798983,10.1021/acsami.1c14236,0.7114822,0.69219005,0.7249852,0.6831446
Pb0.99Tl0.01Te,696.0,1.2913562246153778,10.1021/acsami.1c14236,0.86273515,0.8291431,0.86260116,0.8203203
Pb0.99Tl0.01Te,798.0,1.4422422872488747,10.1021/acsami.1c14236,0.8912129,0.8703591,0.87245184,0.87341595
TiNiSn,323.0,0.03056957452981463,10.1021/acsami.1c14723,0.058601268,0.055446487,0.056081098,0.058886237
TiNiSn,424.0,0.1054,10.1021/acsami.1c14723,0.10982982,0.12328523,0.11636606,0.12105247
TiNiSn,526.0,0.2173,10.1021/acsami.1c14723,0.19711941,0.22007234,0.20537812,0.22462846
TiNiSn,630.0,0.3227,10.1021/acsami.1c14723,0.30097023,0.31637484,0.2921198,0.3185136
TiNiSn,735.0,0.3973,10.1021/acsami.1c14723,0.35113043,0.35109848,0.35768685,0.37590262
TiZr0.005NiSn,323.0,0.08142769437087226,10.1021/acsami.1c14723,0.058601268,0.042749092,0.053911723,0.052812472
TiZr0.005NiSn,423.0,0.2189,10.1021/acsami.1c14723,0.10632404,0.10465881,0.107765324,0.112396605
TiZr0.005NiSn,522.0,0.4314,10.1021/acsami.1c14723,0.19690749,0.20582707,0.20516974,0.21810122
TiZr0.005NiSn,626.0,0.6178,10.1021/acsami.1c14723,0.30097023,0.298977,0.2868556,0.30677855
TiZr0.005NiSn,729.0,0.6690558566783283,10.1021/acsami.1c14723,0.35113043,0.33370063,0.35242265,0.36416757
TiZr0.015NiSn,323.0,0.08533514096573208,10.1021/acsami.1c14723,0.07404284,0.06306166,0.06563615,0.07108347
TiZr0.015NiSn,423.0,0.2773,10.1021/acsami.1c14723,0.11686347,0.1232009,0.117717326,0.12525621
TiZr0.015NiSn,522.0,0.5546,10.1021/acsami.1c14723,0.20701799,0.22256818,0.21479926,0.22588602
TiZr0.015NiSn,626.0,0.7784,10.1021/acsami.1c14723,0.31108078,0.31571805,0.2964851,0.31653816
TiZr0.015NiSn,729.0,0.8854,10.1021/acsami.1c14723,0.36361885,0.35336035,0.36205214,0.37250578
TiZr0.025NiSn,323.0,0.06954032009884427,10.1021/acsami.1c14723,0.0699885,0.061091717,0.07161981,0.064932846
TiZr0.025NiSn,424.0,0.2108,10.1021/acsami.1c14723,0.119954534,0.1271602,0.12935519,0.12073608
TiZr0.025NiSn,526.0,0.4086,10.1021/acsami.1c14723,0.20908567,0.21744563,0.21855828,0.22408548
TiZr0.025NiSn,630.0,0.587,10.1021/acsami.1c14723,0.31293654,0.31157628,0.3002441,0.31437862
TiZr0.025NiSn,736.0,0.6454,10.1021/acsami.1c14723,0.3654746,0.34921858,0.36581114,0.37034625
(GeTe)0.7(AgSnSe2)0.3,323.0,0.015948231801703038,10.1021/acsami.1c14801,0.12047533,0.091675565,0.12738357,0.0844566
(GeTe)0.7(AgSnSe2)0.3,423.0,0.02678108629341993,10.1021/acsami.1c14801,0.23953895,0.15449913,0.2294419,0.15084709
(GeTe)0.7(AgSnSe2)0.3,523.0,0.04549782987436805,10.1021/acsami.1c14801,0.4196778,0.34134603,0.4202213,0.3494645
(GeTe)0.7(AgSnSe2)0.3,623.0,0.08940669738219896,10.1021/acsami.1c14801,0.45454222,0.4615041,0.4801068,0.44362375
(GeTe)0.8(AgSnSe2)0.2,323.0,0.03290879406931694,10.1021/acsami.1c14801,0.2382301,0.20975228,0.22268018,0.19506975
(GeTe)0.8(AgSnSe2)0.2,423.0,0.056834612933645626,10.1021/acsami.1c14801,0.43578953,0.35955662,0.4121815,0.36014426
(GeTe)0.8(AgSnSe2)0.2,523.0,0.0870968199496154,10.1021/acsami.1c14801,0.5989276,0.5777761,0.62234867,0.60449046
(GeTe)0.8(AgSnSe2)0.2,623.0,0.1441341498221948,10.1021/acsami.1c14801,0.8435828,0.8882534,0.9472923,0.8080347
(GeTe)0.9(AgSnSe2)0.1,323.0,0.043307720180877744,10.1021/acsami.1c14801,0.15705843,0.12359942,0.12625086,0.14287835
(GeTe)0.9(AgSnSe2)0.1,423.0,0.08474655869805336,10.1021/acsami.1c14801,0.3333157,0.2963641,0.27953398,0.3042366
(GeTe)0.9(AgSnSe2)0.1,523.0,0.12372736226584352,10.1021/acsami.1c14801,0.47600377,0.5031064,0.45092657,0.499986
(GeTe)0.9(AgSnSe2)0.1,623.0,0.18493832295920104,10.1021/acsami.1c14801,0.7856088,0.78227544,0.74895304,0.751578
Ge0.55Sb0.25Te0.8(AgSnSe2)0.2,323.0,0.42668428005284015,10.1021/acsami.1c14801,0.2905767,0.31817812,0.31201395,0.3021474
Ge0.55Sb0.25Te0.8(AgSnSe2)0.2,423.0,0.6696297353817702,10.1021/acsami.1c14801,0.48418587,0.4536196,0.48197976,0.4803046
Ge0.55Sb0.25Te0.8(AgSnSe2)0.2,523.0,0.966,10.1021/acsami.1c14801,0.74317247,0.6706668,0.7110303,0.6960736
Ge0.55Sb0.25Te0.8(AgSnSe2)0.2,623.0,1.09,10.1021/acsami.1c14801,0.8924575,0.8681354,0.8841537,0.82401353
Ge0.55Sb0.25Te0.8(AgSnSe2)0.2,723.0,1.19,10.1021/acsami.1c14801,1.0575649,1.0067617,0.97810245,1.0093808
Ge0.58Sb0.22Te0.8(AgSnSe2)0.2,323.0,0.4403862243675676,10.1021/acsami.1c14801,0.2905767,0.3216977,0.32616925,0.30350432
Ge0.58Sb0.22Te0.8(AgSnSe2)0.2,423.0,0.774,10.1021/acsami.1c14801,0.48418587,0.45713925,0.49613506,0.48166153
Ge0.58Sb0.22Te0.8(AgSnSe2)0.2,523.0,1.134,10.1021/acsami.1c14801,0.74317247,0.67418647,0.7251857,0.69743055
Ge0.58Sb0.22Te0.8(AgSnSe2)0.2,623.0,1.366,10.1021/acsami.1c14801,0.9205174,0.9205316,0.90031374,0.8817481
Ge0.58Sb0.22Te0.8(AgSnSe2)0.2,723.0,1.4280138240809304,10.1021/acsami.1c14801,1.0815378,1.0469488,0.99426246,1.0484641
Ge0.6Sb0.2Te0.8(AgSnSe2)0.2,323.0,0.41787875410122843,10.1021/acsami.1c14801,0.28794235,0.32555383,0.31074765,0.30350432
Ge0.6Sb0.2Te0.8(AgSnSe2)0.2,423.0,0.6928191409707113,10.1021/acsami.1c14801,0.4771047,0.46099532,0.4784359,0.48166153
Ge0.6Sb0.2Te0.8(AgSnSe2)0.2,523.0,1.011,10.1021/acsami.1c14801,0.7340761,0.67418647,0.7137321,0.704758
Ge0.6Sb0.2Te0.8(AgSnSe2)0.2,623.0,1.282,10.1021/acsami.1c14801,0.9266402,0.92340726,0.8817356,0.8817481
Ge0.6Sb0.2Te0.8(AgSnSe2)0.2,723.0,1.3687,10.1021/acsami.1c14801,1.0876608,1.0496093,0.98320115,1.0484641
GeTe,323.0,0.059107716450852645,10.1021/acsami.1c14801,0.060510773,0.09789895,0.065183476,0.11222957
GeTe,423.0,0.12241115123062708,10.1021/acsami.1c14801,0.17594287,0.19935003,0.17397727,0.2170648
GeTe,523.0,0.30293790394544573,10.1021/acsami.1c14801,0.37284383,0.46175477,0.3582801,0.45871958
GeTe,623.0,0.5315131232138318,10.1021/acsami.1c14801,0.67114776,0.8091344,0.63845164,0.7891254
Sn0.91Mn0.09Te,331.0,0.08780158398657922,10.1021/acsami.1c15595,0.06339213,0.06671458,0.06135745,0.077220075
Sn0.91Mn0.09Te,424.0,0.1529990071095857,10.1021/acsami.1c15595,0.11203763,0.1255128,0.12739745,0.123500675
Sn0.91Mn0.09Te,524.0,0.2493135567921073,10.1021/acsami.1c15595,0.21474981,0.22089392,0.22894162,0.23397353
Sn0.91Mn0.09Te,622.0,0.3540148959375,10.1021/acsami.1c15595,0.41520652,0.41620114,0.42037994,0.43963462
Sn0.91Mn0.09Te,720.0,0.5814965360695987,10.1021/acsami.1c15595,0.599224,0.59575117,0.61032766,0.62038237
Sn0.91Mn0.09Te,769.0,0.7726411193819407,10.1021/acsami.1c15595,0.7341087,0.7299161,0.72490305,0.75773686
Sn0.91Mn0.09Te0.97I0.03,331.0,0.07055950726093517,10.1021/acsami.1c15595,0.068794735,0.06785293,0.061898056,0.077238075
Sn0.91Mn0.09Te0.97I0.03,424.0,0.15263266243804346,10.1021/acsami.1c15595,0.122439414,0.13330093,0.14296669,0.14032653
Sn0.91Mn0.09Te0.97I0.03,524.0,0.29640422601881583,10.1021/acsami.1c15595,0.26673666,0.25637951,0.26019892,0.2721888
Sn0.91Mn0.09Te0.97I0.03,622.0,0.5193162449826358,10.1021/acsami.1c15595,0.47811735,0.48569167,0.48098245,0.50585294
Sn0.91Mn0.09Te0.97I0.03,720.0,0.869815896933375,10.1021/acsami.1c15595,0.6593652,0.6307332,0.6446303,0.6792231
Sn0.91Mn0.09Te0.97I0.03,818.0,1.1382126919429858,10.1021/acsami.1c15595,0.8749189,0.8837991,0.8404964,0.89849347
Sn0.91Mn0.09Te0.97I0.03,867.0,1.2199218748999705,10.1021/acsami.1c15595,0.9779411,1.0188674,0.9491567,1.0085125
Sn0.91Mn0.09Te0.97I0.03,891.0,1.1882845668498352,10.1021/acsami.1c15595,0.9657284,1.0362059,0.97388214,0.9986961
Sn0.91Mn0.09Te0.98I0.02,331.0,0.07708177049245288,10.1021/acsami.1c15595,0.068794735,0.06864783,0.061898056,0.0759456
Sn0.91Mn0.09Te0.98I0.02,424.0,0.1644186588191943,10.1021/acsami.1c15595,0.122439414,0.13140278,0.14296669,0.13459127
Sn0.91Mn0.09Te0.98I0.02,524.0,0.3054145713670897,10.1021/acsami.1c15595,0.26094145,0.24776396,0.2607551,0.26644558
Sn0.91Mn0.09Te0.98I0.02,622.0,0.5011731078585577,10.1021/acsami.1c15595,0.47232214,0.47707596,0.48153862,0.4896541
Sn0.91Mn0.09Te0.98I0.02,720.0,0.8587900521971686,10.1021/acsami.1c15595,0.6484029,0.62642455,0.6451865,0.65837675
Sn0.91Mn0.09Te0.98I0.02,818.0,1.2311641243843505,10.1021/acsami.1c15595,0.8693555,0.86403286,0.8410526,0.87497306
Sn0.91Mn0.09Te0.98I0.02,867.0,1.2190883758553404,10.1021/acsami.1c15595,0.9723777,0.99509037,0.9482017,0.9752338
Sn0.91Mn0.09Te0.98I0.02,891.0,1.1860423618006648,10.1021/acsami.1c15595,0.960165,1.0124283,0.95490927,0.96541774
Sn0.91Mn0.09Te0.99I0.01,331.0,0.08145962319670069,10.1021/acsami.1c15595,0.063043796,0.062547326,0.052720666,0.06528975
Sn0.91Mn0.09Te0.99I0.01,424.0,0.1605070857424768,10.1021/acsami.1c15595,0.11668848,0.124402255,0.13378932,0.12393551
Sn0.91Mn0.09Te0.99I0.01,524.0,0.3033413745019109,10.1021/acsami.1c15595,0.25519055,0.23621124,0.24619871,0.25465116
Sn0.91Mn0.09Te0.99I0.01,622.0,0.46609690956648564,10.1021/acsami.1c15595,0.46485254,0.46954793,0.46702224,0.47785977
Sn0.91Mn0.09Te0.99I0.01,720.0,0.7611800113183753,10.1021/acsami.1c15595,0.6375682,0.6219079,0.6431404,0.65306
Sn0.91Mn0.09Te0.99I0.01,818.0,1.1869330137442102,10.1021/acsami.1c15595,0.85940105,0.8807201,0.85140735,0.8763276
Sn0.91Mn0.09Te0.99I0.01,867.0,1.3702025773153808,10.1021/acsami.1c15595,0.955951,1.011217,0.9591273,0.9621511
Sn0.91Mn0.09Te0.99I0.01,891.0,1.3744814632236453,10.1021/acsami.1c15595,0.9437383,1.0285558,0.9648024,0.9523352
Sn0.95Mn0.05Te,332.0,0.052901181368087094,10.1021/acsami.1c15595,0.032868795,0.039494056,0.033501264,0.030646004
Sn0.95Mn0.05Te,424.0,0.09206958614701771,10.1021/acsami.1c15595,0.06893654,0.084451444,0.08049838,0.06640415
Sn0.95Mn0.05Te,524.0,0.1563688164642816,10.1021/acsami.1c15595,0.1415586,0.1526541,0.14086537,0.14446543
Sn0.95Mn0.05Te,622.0,0.2702138603158158,10.1021/acsami.1c15595,0.33383775,0.32540822,0.33941495,0.32285082
Sn0.95Mn0.05Te,720.0,0.44722018371703515,10.1021/acsami.1c15595,0.5323771,0.52855545,0.54393464,0.5387611
Sn0.95Mn0.05Te,769.0,0.557895657029653,10.1021/acsami.1c15595,0.64996785,0.6500883,0.6397279,0.6559361
Sn0.97Mn0.03Te,331.0,0.024173480163220382,10.1021/acsami.1c15595,0.029517693,0.027960805,0.028976524,0.024473729
Sn0.97Mn0.03Te,426.0,0.07406555555985979,10.1021/acsami.1c15595,0.07563387,0.07927079,0.08458244,0.076791115
Sn0.97Mn0.03Te,527.0,0.13770005390287476,10.1021/acsami.1c15595,0.13691449,0.14031275,0.13471682,0.13702637
Sn0.97Mn0.03Te,625.0,0.2588286273395216,10.1021/acsami.1c15595,0.29263458,0.30750993,0.2907573,0.31334144
Sn0.97Mn0.03Te,723.0,0.4483701950333579,10.1021/acsami.1c15595,0.4462399,0.48732767,0.44762713,0.47756895
Sn0.97Mn0.03Te,772.0,0.5879136228027124,10.1021/acsami.1c15595,0.58155495,0.6134145,0.5588156,0.5931116
Sn0.99Mn0.01Te,332.0,0.024916991876546307,10.1021/acsami.1c15595,0.02291061,0.0016903392,0.026584728,0.009284505
Sn0.99Mn0.01Te,424.0,0.038873457925643506,10.1021/acsami.1c15595,0.056617364,0.04664768,0.06602973,0.045042697
Sn0.99Mn0.01Te,524.0,0.07433525323352906,10.1021/acsami.1c15595,0.101917766,0.11273696,0.09904823,0.115502365
Sn0.99Mn0.01Te,621.0,0.1599278095202662,10.1021/acsami.1c15595,0.25495714,0.27539358,0.2610044,0.28444347
Sn0.99Mn0.01Te,719.0,0.31254815527563923,10.1021/acsami.1c15595,0.4101512,0.4552114,0.40319073,0.4358145
Sn0.99Mn0.01Te,768.0,0.4306938639175769,10.1021/acsami.1c15595,0.5407164,0.5751759,0.5118695,0.55298966
SnTe,330.0,0.0038970613199985123,10.1021/acsami.1c15595,-0.00041510898,-0.015506459,-0.006872699,-0.0024529952
SnTe,421.0,0.014381013895750925,10.1021/acsami.1c15595,0.020179603,0.015094657,0.022124007,0.027640752
SnTe,519.0,0.051173486597617744,10.1021/acsami.1c15595,0.061850157,0.08551138,0.05531302,0.09346262
SnTe,616.0,0.15009828586851223,10.1021/acsami.1c15595,0.17570587,0.21896285,0.19961107,0.22706886
SnTe,714.0,0.379,10.1021/acsami.1c15595,0.30983022,0.40766436,0.28938085,0.39977536
SnTe,763.0,0.533,10.1021/acsami.1c15595,0.39465526,0.4978974,0.38358384,0.48175272
(SnTe)0.84(CuSbTe2)0.16,325.0,0.03715809089483545,10.1021/acsami.1c15614,0.13947114,0.10494503,0.124107115,0.12622583
(SnTe)0.84(CuSbTe2)0.16,432.0,0.07978802574332432,10.1021/acsami.1c15614,0.22762345,0.20252143,0.2043986,0.21655771
(SnTe)0.84(CuSbTe2)0.16,529.0,0.1855502507426258,10.1021/acsami.1c15614,0.3436957,0.2957714,0.27806386,0.2817313
(SnTe)0.84(CuSbTe2)0.16,625.0,0.3985298252032521,10.1021/acsami.1c15614,0.49004537,0.49573544,0.51897436,0.47668627
(SnTe)0.84(CuSbTe2)0.16,719.0,0.7168084617080956,10.1021/acsami.1c15614,0.6383577,0.619839,0.6379715,0.65587103
(SnTe)0.84(CuSbTe2)0.16,818.0,1.0763494221440777,10.1021/acsami.1c15614,0.76874954,0.82641774,0.7995584,0.8272251
(SnTe)0.86(CuSbTe2)0.14,324.0,0.04822062390693504,10.1021/acsami.1c15614,0.10918531,0.10494503,0.11866927,0.11090342
(SnTe)0.86(CuSbTe2)0.14,432.0,0.10773212937721521,10.1021/acsami.1c15614,0.18775024,0.20252143,0.20023778,0.2087612
(SnTe)0.86(CuSbTe2)0.14,524.0,0.2134890756,10.1021/acsami.1c15614,0.27774552,0.2957714,0.27390304,0.27300403
(SnTe)0.86(CuSbTe2)0.14,625.0,0.44877476091703056,10.1021/acsami.1c15614,0.46459624,0.49573544,0.52404666,0.46888974
(SnTe)0.86(CuSbTe2)0.14,723.0,0.6924701568004261,10.1021/acsami.1c15614,0.63386554,0.619839,0.6430438,0.6480744
(SnTe)0.86(CuSbTe2)0.14,818.0,0.8939154063387978,10.1021/acsami.1c15614,0.7755452,0.82641774,0.8046307,0.8237798
(SnTe)0.88(CuSbTe2)0.12,323.0,0.04421952839336364,10.1021/acsami.1c15614,0.1120594,0.0944596,0.11866927,0.10862314
(SnTe)0.88(CuSbTe2)0.12,427.0,0.10242364172054763,10.1021/acsami.1c15614,0.2026347,0.20784366,0.21506837,0.19503082
(SnTe)0.88(CuSbTe2)0.12,525.0,0.22469121527017538,10.1021/acsami.1c15614,0.28797138,0.2945434,0.26441476,0.25969765
(SnTe)0.88(CuSbTe2)0.12,622.0,0.4740739496236466,10.1021/acsami.1c15614,0.46371529,0.49573544,0.52207565,0.46789306
(SnTe)0.88(CuSbTe2)0.12,726.0,0.7598878978306289,10.1021/acsami.1c15614,0.63386554,0.619839,0.6430438,0.6480744
(SnTe)0.88(CuSbTe2)0.12,818.0,0.9723279473673158,10.1021/acsami.1c15614,0.7755452,0.82641774,0.8046307,0.8237798
(SnTe)0.9(CuSbTe2)0.1,321.0,0.043190599935160355,10.1021/acsami.1c15614,0.13815962,0.10662192,0.124031514,0.10765992
(SnTe)0.9(CuSbTe2)0.1,427.0,0.09165236067026279,10.1021/acsami.1c15614,0.23628977,0.20118196,0.22412868,0.19878826
(SnTe)0.9(CuSbTe2)0.1,525.0,0.19967836552871496,10.1021/acsami.1c15614,0.33194408,0.2878818,0.2717748,0.25984967
(SnTe)0.9(CuSbTe2)0.1,622.0,0.44900489262010224,10.1021/acsami.1c15614,0.5042484,0.49089673,0.5475242,0.45224962
(SnTe)0.9(CuSbTe2)0.1,723.0,0.7876472918155174,10.1021/acsami.1c15614,0.6628813,0.6150001,0.6722482,0.6322618
(SnTe)0.9(CuSbTe2)0.1,824.0,1.2536996844816484,10.1021/acsami.1c15614,0.86407757,0.8465209,0.8963972,0.8758576
(SnTe)0.92(CuSbTe2)0.08,323.0,0.03707213778343949,10.1021/acsami.1c15614,0.09152103,0.064180374,0.048851352,0.0658914
(SnTe)0.92(CuSbTe2)0.08,430.0,0.07776136977440944,10.1021/acsami.1c15614,0.19271895,0.17883341,0.18331572,0.16304994
(SnTe)0.92(CuSbTe2)0.08,526.0,0.18499329611302776,10.1021/acsami.1c15614,0.26362193,0.25513798,0.22381857,0.23018354
(SnTe)0.92(CuSbTe2)0.08,620.0,0.3982406289003546,10.1021/acsami.1c15614,0.46421635,0.4673193,0.5052367,0.43688264
(SnTe)0.92(CuSbTe2)0.08,719.0,0.713867434823057,10.1021/acsami.1c15614,0.64387083,0.594149,0.6525873,0.6334075
(SnTe)0.92(CuSbTe2)0.08,818.0,1.072432053935944,10.1021/acsami.1c15614,0.7563103,0.7448656,0.75516206,0.7784877
(SnTe)0.94(CuSbTe2)0.06,320.0,0.026738475836565346,10.1021/acsami.1c15614,0.05760696,0.061035845,0.042266537,0.057523765
(SnTe)0.94(CuSbTe2)0.06,427.0,0.05854790662039661,10.1021/acsami.1c15614,0.11766145,0.14304568,0.13079035,0.11959919
(SnTe)0.94(CuSbTe2)0.06,525.0,0.12713086982170949,10.1021/acsami.1c15614,0.19889449,0.20313087,0.20796165,0.2044096
(SnTe)0.94(CuSbTe2)0.06,621.0,0.29297214291557594,10.1021/acsami.1c15614,0.37927964,0.40990534,0.41564393,0.38881963
(SnTe)0.94(CuSbTe2)0.06,722.0,0.6075624947482546,10.1021/acsami.1c15614,0.5504416,0.5630383,0.5771536,0.58272237
(SnTe)0.94(CuSbTe2)0.06,818.0,0.96,10.1021/acsami.1c15614,0.75295275,0.7509822,0.75039166,0.76726043
(SnTe)0.96(CuSbTe2)0.04,321.0,0.02054318790783685,10.1021/acsami.1c15614,0.04513812,0.044677682,0.032447714,0.04716518
(SnTe)0.96(CuSbTe2)0.04,430.0,0.04617706110558803,10.1021/acsami.1c15614,0.10867799,0.12353559,0.11342472,0.11700317
(SnTe)0.96(CuSbTe2)0.04,525.0,0.103739920113368,10.1021/acsami.1c15614,0.17547415,0.18683499,0.17143549,0.19826023
(SnTe)0.96(CuSbTe2)0.04,620.0,0.2483039533053501,10.1021/acsami.1c15614,0.36641452,0.374321,0.39773446,0.3588115
(SnTe)0.96(CuSbTe2)0.04,722.0,0.5381501443824416,10.1021/acsami.1c15614,0.5389684,0.5314894,0.56468064,0.56615037
(SnTe)0.96(CuSbTe2)0.04,818.0,0.9625439493206401,10.1021/acsami.1c15614,0.7414795,0.72479874,0.7379187,0.75943726
(SnTe)0.98(CuSbTe2)0.02,320.0,0.015357204737009316,10.1021/acsami.1c15614,0.04552426,0.036169626,0.02795618,0.03276256
(SnTe)0.98(CuSbTe2)0.02,427.0,0.03182119943432046,10.1021/acsami.1c15614,0.094063714,0.114150085,0.09520915,0.09904713
(SnTe)0.98(CuSbTe2)0.02,524.0,0.07726834817328,10.1021/acsami.1c15614,0.15900381,0.17611496,0.16694395,0.18280993
(SnTe)0.98(CuSbTe2)0.02,625.0,0.1972417249686312,10.1021/acsami.1c15614,0.34526393,0.36850163,0.3725579,0.35314324
(SnTe)0.98(CuSbTe2)0.02,722.0,0.45628197882780963,10.1021/acsami.1c15614,0.51717556,0.5207693,0.54197997,0.5196109
(SnTe)0.98(CuSbTe2)0.02,818.0,0.7750960956833356,10.1021/acsami.1c15614,0.7114921,0.70828474,0.7234868,0.71821094
Ce0.75Fe3CoSb12,333.0,0.027283712899578566,10.1021/acsami.1c16622,0.18518372,0.17785965,0.20930967,0.19062237
Ce0.75Fe3CoSb12,423.0,0.05005402613256939,10.1021/acsami.1c16622,0.31385204,0.30194336,0.31740987,0.30337498
Ce0.75Fe3CoSb12,513.0,0.06873977517893008,10.1021/acsami.1c16622,0.41722605,0.41032037,0.42795756,0.4096998
Ce0.75Fe3CoSb12,603.0,0.08807310103194685,10.1021/acsami.1c16622,0.55119854,0.5603024,0.5751546,0.5627791
Ce0.75Fe3CoSb12,693.0,0.09216065280708301,10.1021/acsami.1c16622,0.66653985,0.659522,0.6753789,0.67227226
Ce0.75Fe3CoSb12,783.0,0.08454199072852432,10.1021/acsami.1c16622,0.7532884,0.7456778,0.7675884,0.7273112
(Cu0.001Pb0.999Te)(MnTe)0.03,323.0,0.4229313559703717,10.1021/acsami.1c17254,0.27956915,0.2953777,0.2786107,0.26183817
(Cu0.001Pb0.999Te)(MnTe)0.03,423.0,0.6397657757390213,10.1021/acsami.1c17254,0.52344984,0.551832,0.5248627,0.49580258
(Cu0.001Pb0.999Te)(MnTe)0.03,523.0,0.8310381819863126,10.1021/acsami.1c17254,0.70318747,0.7496888,0.7331941,0.7119874
(Cu0.001Pb0.999Te)(MnTe)0.03,623.0,0.9704948465528803,10.1021/acsami.1c17254,0.9064317,0.9508354,0.9462001,0.92129594
(Cu0.001Pb0.999Te)(MnTe)0.03,723.0,1.1150765782779188,10.1021/acsami.1c17254,1.044194,1.0904628,1.1170284,1.0727359
(Cu0.001Pb0.999Te)(MnTe)0.03,773.0,1.115195867483108,10.1021/acsami.1c17254,1.054508,1.1117728,1.1284207,1.0947096
(Cu0.001Pb0.999Te)(MnTe)0.03,823.0,1.1472610006060522,10.1021/acsami.1c17254,1.0847185,1.1153222,1.1567556,1.1179903
(Cu0.002Pb0.998Te)(MnTe)0.03,323.0,0.42851258812556725,10.1021/acsami.1c17254,0.27956915,0.2953777,0.2786107,0.26183817
(Cu0.002Pb0.998Te)(MnTe)0.03,423.0,0.704507627234391,10.1021/acsami.1c17254,0.52344984,0.551832,0.5248627,0.49580258
(Cu0.002Pb0.998Te)(MnTe)0.03,523.0,0.764411880347081,10.1021/acsami.1c17254,0.70318747,0.7496888,0.7331941,0.7119874
(Cu0.002Pb0.998Te)(MnTe)0.03,623.0,0.9017527319141873,10.1021/acsami.1c17254,0.91324955,0.9508354,0.9462001,0.92129594
(Cu0.002Pb0.998Te)(MnTe)0.03,723.0,1.1339610098588782,10.1021/acsami.1c17254,1.0510118,1.0904628,1.1170284,1.0793326
(Cu0.002Pb0.998Te)(MnTe)0.03,773.0,1.1545941871466199,10.1021/acsami.1c17254,1.0613256,1.1117728,1.1284207,1.1013068
(Cu0.002Pb0.998Te)(MnTe)0.03,823.0,1.0927563723935252,10.1021/acsami.1c17254,1.0915363,1.1153222,1.1567556,1.1245873
(Cu0.003Pb0.997Te)(MnTe)0.03,323.0,0.5191675189680918,10.1021/acsami.1c17254,0.27956915,0.2953777,0.2786107,0.26183817
(Cu0.003Pb0.997Te)(MnTe)0.03,423.0,0.6611762902481988,10.1021/acsami.1c17254,0.52344984,0.551832,0.5248627,0.49580258
(Cu0.003Pb0.997Te)(MnTe)0.03,523.0,0.8286324471242998,10.1021/acsami.1c17254,0.70318747,0.7496888,0.7331941,0.7119874
(Cu0.003Pb0.997Te)(MnTe)0.03,623.0,0.776956071675409,10.1021/acsami.1c17254,0.91324955,0.9508354,0.9462001,0.92129594
(Cu0.003Pb0.997Te)(MnTe)0.03,723.0,1.01323421631131,10.1021/acsami.1c17254,1.0510118,1.0904628,1.1170284,1.0793326
(Cu0.003Pb0.997Te)(MnTe)0.03,773.0,1.040874439426119,10.1021/acsami.1c17254,1.0613256,1.1117728,1.1284207,1.1013068
(Cu0.003Pb0.997Te)(MnTe)0.03,823.0,1.1884083733249549,10.1021/acsami.1c17254,1.0915363,1.1153222,1.1567556,1.1245873
(Cu0.004Pb0.996Te)(MnTe)0.03,323.0,0.4359250345104368,10.1021/acsami.1c17254,0.27719736,0.29007792,0.2786107,0.26183817
(Cu0.004Pb0.996Te)(MnTe)0.03,423.0,0.6541753501464,10.1021/acsami.1c17254,0.521078,0.5418314,0.5248627,0.49580258
(Cu0.004Pb0.996Te)(MnTe)0.03,523.0,0.7919062015860224,10.1021/acsami.1c17254,0.7008156,0.73968816,0.7331941,0.7119874
(Cu0.004Pb0.996Te)(MnTe)0.03,623.0,0.722661485481768,10.1021/acsami.1c17254,0.9108777,0.94083476,0.932785,0.92129594
(Cu0.004Pb0.996Te)(MnTe)0.03,723.0,0.8765310915923394,10.1021/acsami.1c17254,1.0510118,1.0904628,1.103613,1.0793326
(Cu0.004Pb0.996Te)(MnTe)0.03,773.0,0.9741986136920741,10.1021/acsami.1c17254,1.0613256,1.1117728,1.1150056,1.1013068
(Cu0.004Pb0.996Te)(MnTe)0.03,823.0,1.0357725508653095,10.1021/acsami.1c17254,1.0915363,1.1153222,1.1433405,1.1245873
(Cu0.005Pb0.995Te)(MnTe)0.03,323.0,0.5129477687707006,10.1021/acsami.1c17254,0.27719736,0.29007792,0.27868986,0.26183817
(Cu0.005Pb0.995Te)(MnTe)0.03,423.0,0.7505410101312601,10.1021/acsami.1c17254,0.521078,0.5418314,0.5248627,0.49580258
(Cu0.005Pb0.995Te)(MnTe)0.03,523.0,0.8591017865487943,10.1021/acsami.1c17254,0.7008156,0.73968816,0.7331941,0.7119874
(Cu0.005Pb0.995Te)(MnTe)0.03,623.0,0.8291767321940501,10.1021/acsami.1c17254,0.9108777,0.94083476,0.932785,0.92129594
(Cu0.005Pb0.995Te)(MnTe)0.03,723.0,0.8483803582620062,10.1021/acsami.1c17254,1.0510118,1.0904628,1.103613,1.0793326
(Cu0.005Pb0.995Te)(MnTe)0.03,773.0,0.9855815759352725,10.1021/acsami.1c17254,1.0613256,1.1117728,1.1150056,1.1013068
(Cu0.005Pb0.995Te)(MnTe)0.03,823.0,1.03,10.1021/acsami.1c17254,1.0915363,1.1153222,1.1433405,1.1245873
(PbTe)(MnTe)0.03,323.0,0.4377741188364233,10.1021/acsami.1c17254,0.17469454,0.17916961,0.15576082,0.15893625
(PbTe)(MnTe)0.03,423.0,0.6832031244170407,10.1021/acsami.1c17254,0.34803003,0.35992655,0.33944976,0.34691596
(PbTe)(MnTe)0.03,523.0,0.7632692410689268,10.1021/acsami.1c17254,0.54100084,0.55478406,0.5442451,0.5323816
(PbTe)(MnTe)0.03,623.0,0.8881168154057837,10.1021/acsami.1c17254,0.7359061,0.7451178,0.7416264,0.74293005
(PbTe)(MnTe)0.03,723.0,1.0265928104458217,10.1021/acsami.1c17254,0.91661274,0.93015254,0.92090565,0.8998339
(PbTe)(MnTe)0.03,773.0,0.9702110267184704,10.1021/acsami.1c17254,0.94491667,0.96771085,0.9653034,0.9472305
(PbTe)(MnTe)0.03,823.0,0.8292062149732893,10.1021/acsami.1c17254,0.9822743,0.9845874,0.9925329,0.9765239
Cu1.85Ag0.15SnSe3,300.0,0.02022388070318057,10.1021/acsami.1c17460,0.048918676,0.06301369,0.065223,0.059634924
Cu1.85Ag0.15SnSe3,400.0,0.0470230210771001,10.1021/acsami.1c17460,0.09662948,0.11521786,0.105547644,0.09970447
Cu1.85Ag0.15SnSe3,500.0,0.09408827311835975,10.1021/acsami.1c17460,0.1575131,0.19010288,0.16654481,0.17741624
Cu1.85Ag0.15SnSe3,600.0,0.22608485952000001,10.1021/acsami.1c17460,0.27477473,0.30245206,0.27090004,0.2777954
Cu1.85Ag0.15SnSe3,700.0,0.5115251884908361,10.1021/acsami.1c17460,0.41297054,0.4107509,0.40385178,0.40532413
Cu1.85Ag0.15SnSe3,800.0,1.040065466303786,10.1021/acsami.1c17460,0.6766404,0.61991185,0.63808864,0.6356031
Cu1.875Ag0.125SnSe3,300.0,0.02617399534814815,10.1021/acsami.1c17460,0.047111418,0.06193687,0.059806786,0.060465407
Cu1.875Ag0.125SnSe3,400.0,0.05101639451679094,10.1021/acsami.1c17460,0.09482222,0.11414108,0.1005722,0.10053493
Cu1.875Ag0.125SnSe3,500.0,0.10392227066545912,10.1021/acsami.1c17460,0.15570584,0.1909855,0.16156937,0.18601449
Cu1.875Ag0.125SnSe3,600.0,0.23090878715037183,10.1021/acsami.1c17460,0.2584438,0.29812875,0.25607553,0.2863937
Cu1.875Ag0.125SnSe3,700.0,0.46360159650450977,10.1021/acsami.1c17460,0.39218447,0.40035617,0.38858652,0.40271655
Cu1.875Ag0.125SnSe3,800.0,0.9147013851646696,10.1021/acsami.1c17460,0.6558544,0.6074701,0.6228234,0.6267092
Cu1.925Ag0.075SnSe3,300.0,0.02490959925442684,10.1021/acsami.1c17460,0.051476974,0.06239186,0.061421968,0.04904715
Cu1.925Ag0.075SnSe3,400.0,0.050288792507802195,10.1021/acsami.1c17460,0.099187784,0.114596054,0.10264491,0.089116715
Cu1.925Ag0.075SnSe3,500.0,0.08909524612357644,10.1021/acsami.1c17460,0.16007142,0.1867558,0.16303286,0.16800353
Cu1.925Ag0.075SnSe3,600.0,0.1543486442647737,10.1021/acsami.1c17460,0.25497648,0.29389906,0.2575391,0.26838267
Cu1.925Ag0.075SnSe3,700.0,0.2895901304782114,10.1021/acsami.1c17460,0.37982607,0.39476952,0.38163134,0.3847055
Cu1.925Ag0.075SnSe3,800.0,0.5596493863697014,10.1021/acsami.1c17460,0.6287203,0.5959932,0.6158682,0.60300213
Cu1.9Ag0.1SnSe3,300.0,0.01768869147124568,10.1021/acsami.1c17460,0.041252006,0.061731126,0.06394042,0.056084957
Cu1.9Ag0.1SnSe3,400.0,0.03666869456817101,10.1021/acsami.1c17460,0.08896282,0.11393533,0.10470584,0.096154466
Cu1.9Ag0.1SnSe3,500.0,0.07497485551691883,10.1021/acsami.1c17460,0.14984645,0.18609509,0.165703,0.18163402
Cu1.9Ag0.1SnSe3,600.0,0.14914665024702514,10.1021/acsami.1c17460,0.2481967,0.29323834,0.26020917,0.28201324
Cu1.9Ag0.1SnSe3,700.0,0.3002597152581637,10.1021/acsami.1c17460,0.37110895,0.3941088,0.39272016,0.39833608
Cu1.9Ag0.1SnSe3,800.0,0.5802648288302399,10.1021/acsami.1c17460,0.6246399,0.5953325,0.6269571,0.61663276
Cu2SnSe3,300.0,0.023925278624838852,10.1021/acsami.1c17460,0.034133676,0.033533197,0.0339707,0.030052708
Cu2SnSe3,400.0,0.05868254968224839,10.1021/acsami.1c17460,0.08184446,0.08573749,0.07692937,0.074116245
Cu2SnSe3,500.0,0.11722065688955956,10.1021/acsami.1c17460,0.13984568,0.15789726,0.1372225,0.15060772
Cu2SnSe3,600.0,0.20167073478325914,10.1021/acsami.1c17460,0.23195982,0.262104,0.22999293,0.25443295
Cu2SnSe3,700.0,0.33709456862059994,10.1021/acsami.1c17460,0.3488114,0.36297446,0.34902686,0.36005098
Cu2SnSe3,800.0,0.5171368084643585,10.1021/acsami.1c17460,0.58848596,0.56419814,0.5711486,0.5783476
Ag8Sn0.4Ga0.6Se6,328.0,0.015664991669328276,10.1021/acsami.1c17548,0.28363174,0.26472703,0.3303559,0.2591192
Ag8Sn0.4Ga0.6Se6,376.0,0.067,10.1021/acsami.1c17548,0.28942356,0.2460793,0.32002458,0.23773657
Ag8Sn0.4Ga0.6Se6,474.0,0.10010624135145983,10.1021/acsami.1c17548,0.2811896,0.25582123,0.28536892,0.25074068
Ag8Sn0.4Ga0.6Se6,573.0,0.12,10.1021/acsami.1c17548,0.37957713,0.39156082,0.42378527,0.40362984
Ag8Sn0.4Ga0.6Se6,671.0,0.84944507480415,10.1021/acsami.1c17548,0.5098359,0.5348055,0.5657596,0.5325581
Ag8Sn0.4Ga0.6Se6,710.0,1.0154714010803325,10.1021/acsami.1c17548,0.5894843,0.57010806,0.6591087,0.57843584
Ag8Sn0.4Ga0.6Se6,720.0,0.9495308773770492,10.1021/acsami.1c17548,0.60211396,0.60703546,0.67856914,0.5851652
Ag8Sn0.5Ga0.5Se6,313.0,0.005,10.1021/acsami.1c17548,0.28761512,0.2697846,0.3282368,0.24432646
Ag8Sn0.5Ga0.5Se6,388.0,0.0459,10.1021/acsami.1c17548,0.2959706,0.2339975,0.31252125,0.24297865
Ag8Sn0.5Ga0.5Se6,477.0,0.1087,10.1021/acsami.1c17548,0.2806649,0.25930238,0.28532583,0.25555485
Ag8Sn0.5Ga0.5Se6,576.0,0.54,10.1021/acsami.1c17548,0.39138564,0.40648934,0.43562752,0.41979954
Ag8Sn0.5Ga0.5Se6,673.0,0.9022795283919527,10.1021/acsami.1c17548,0.5098359,0.5365512,0.5639811,0.5345702
Ag8Sn0.5Ga0.5Se6,702.0,1.136,10.1021/acsami.1c17548,0.59160423,0.5696943,0.6588221,0.5747572
Ag8Sn0.5Ga0.5Se6,732.0,0.91,10.1021/acsami.1c17548,0.6396168,0.6434838,0.6938756,0.6149352
Ag8Sn0.6Ga0.4Se6,330.0,0.052,10.1021/acsami.1c17548,0.2597053,0.24809572,0.28251,0.24584034
Ag8Sn0.6Ga0.4Se6,426.0,0.1769,10.1021/acsami.1c17548,0.26202646,0.21324041,0.27171063,0.21480954
Ag8Sn0.6Ga0.4Se6,523.0,0.2754,10.1021/acsami.1c17548,0.34596828,0.34734917,0.37979645,0.33549842
Ag8Sn0.6Ga0.4Se6,601.0,0.4385,10.1021/acsami.1c17548,0.42553455,0.4601541,0.4622408,0.43585777
Ag8Sn0.6Ga0.4Se6,640.0,0.7323,10.1021/acsami.1c17548,0.45991144,0.4812919,0.5145666,0.46316367
Ag8Sn0.6Ga0.4Se6,691.0,0.9738,10.1021/acsami.1c17548,0.5913947,0.56945217,0.65598613,0.5854645
Ag8Sn0.7Ga0.3Se6,313.0,0.014433987453383154,10.1021/acsami.1c17548,0.25984603,0.2545495,0.27499685,0.23104757
Ag8Sn0.7Ga0.3Se6,426.0,0.069,10.1021/acsami.1c17548,0.26202646,0.21324041,0.27171063,0.21480954
Ag8Sn0.7Ga0.3Se6,474.0,0.14227404121647058,10.1021/acsami.1c17548,0.2811896,0.25490692,0.2810074,0.25074068
Ag8Sn0.7Ga0.3Se6,572.0,0.2577528734664748,10.1021/acsami.1c17548,0.3785502,0.39064652,0.41951066,0.4023791
Ag8Sn0.7Ga0.3Se6,640.0,0.5846950956521739,10.1021/acsami.1c17548,0.45991144,0.4812919,0.5145666,0.46316367
Ag8Sn0.7Ga0.3Se6,673.0,0.78,10.1021/acsami.1c17548,0.51893663,0.53563684,0.5630381,0.5345702
Ag8Sn0.7Ga0.3Se6,694.0,0.6747438058127438,10.1021/acsami.1c17548,0.60070497,0.5638915,0.65598613,0.58868563
Ag8SnSe6,330.0,0.04522402267605633,10.1021/acsami.1c17548,0.24346669,0.23468035,0.26167288,0.23734614
Ag8SnSe6,426.0,0.14,10.1021/acsami.1c17548,0.25517374,0.20436576,0.25087354,0.19894633
Ag8SnSe6,523.0,0.2467934706830503,10.1021/acsami.1c17548,0.34258303,0.33905753,0.35046652,0.31963518
Ag8SnSe6,601.0,0.5831400385187191,10.1021/acsami.1c17548,0.4221493,0.45186245,0.43291086,0.41823778
Ag8SnSe6,640.0,0.6467791871999998,10.1021/acsami.1c17548,0.45890185,0.47300026,0.47793722,0.44554368
Ag8SnSe6,650.0,0.6226848111592505,10.1021/acsami.1c17548,0.4652247,0.4734218,0.4731983,0.4505999
Ag2Se,309.0,0.69,10.1021/acsami.1c18483,0.54096055,0.6304109,0.5188179,0.5855107
Ag2Se,334.0,0.7,10.1021/acsami.1c18483,0.52074623,0.6257442,0.5042835,0.6019022
Ag2Se,362.0,0.62303645453082,10.1021/acsami.1c18483,0.4745505,0.6440979,0.45531762,0.5907655
Ag2Se,377.0,0.6127577827195679,10.1021/acsami.1c18483,0.43586063,0.5884901,0.42181173,0.5629341
Ag2Se0.98,307.0,0.711,10.1021/acsami.1c18483,0.53588706,0.41723564,0.505147,0.40626505
Ag2Se0.98,332.0,0.688311247242953,10.1021/acsami.1c18483,0.5156727,0.4115668,0.49061215,0.4282569
Ag2Se0.98,361.0,0.5979554495592277,10.1021/acsami.1c18483,0.47254845,0.38385963,0.4416465,0.35906366
Ag2Se0.98,376.0,0.5799179981549816,10.1021/acsami.1c18483,0.4444622,0.2920782,0.4081406,0.32266426
Ag2Se1.0025,305.0,0.7710281211977931,10.1021/acsami.1c18483,0.6363548,0.6526194,0.56934625,0.63640976
Ag2Se1.0025,332.0,0.7885157043968001,10.1021/acsami.1c18483,0.6247941,0.64795274,0.55481106,0.6512026
Ag2Se1.0025,361.0,0.894,10.1021/acsami.1c18483,0.56810224,0.655655,0.505846,0.63290185
Ag2Se1.0025,376.0,0.8904599775044844,10.1021/acsami.1c18483,0.5272003,0.588827,0.47233993,0.5998349
Ag2Se1.01,312.0,0.7310398894117647,10.1021/acsami.1c18483,0.6363548,0.6570624,0.6021563,0.6326094
Ag2Se1.01,334.0,0.759101852857684,10.1021/acsami.1c18483,0.6247941,0.6523957,0.5876212,0.6474023
Ag2Se1.01,362.0,0.8230494564535018,10.1021/acsami.1c18483,0.56810224,0.6619555,0.52173376,0.63290185
Ag2Se1.01,377.0,0.84,10.1021/acsami.1c18483,0.51659673,0.59512746,0.48822787,0.5998349
Ag2Se1.02,308.0,0.8,10.1021/acsami.1c18483,0.6335795,0.65286064,0.6021563,0.6291564
Ag2Se1.02,334.0,0.82,10.1021/acsami.1c18483,0.6133654,0.64819396,0.5876212,0.6439493
Ag2Se1.02,362.0,0.8382127971646223,10.1021/acsami.1c18483,0.5566735,0.6577537,0.52173376,0.62944883
Ag2Se1.02,377.0,0.834939622898694,10.1021/acsami.1c18483,0.505168,0.5909257,0.48822787,0.5963819
Ag2Se1.03,310.0,0.699391466882591,10.1021/acsami.1c18483,0.6374537,0.65286064,0.6125322,0.6291564
Ag2Se1.03,332.0,0.7279959363615421,10.1021/acsami.1c18483,0.6172396,0.64819396,0.5979971,0.6439493
Ag2Se1.03,362.0,0.7677313151758385,10.1021/acsami.1c18483,0.5680395,0.6577537,0.5321097,0.62944883
Ag2Se1.03,377.0,0.8044208689749914,10.1021/acsami.1c18483,0.512956,0.5909257,0.49860385,0.5963819
Ag2Se1.04,311.0,0.767,10.1021/acsami.1c18483,0.6374537,0.65286064,0.6125322,0.63236004
Ag2Se1.04,334.0,0.7653803579767806,10.1021/acsami.1c18483,0.6172396,0.64819396,0.5979971,0.6471529
Ag2Se1.04,362.0,0.8466572636621283,10.1021/acsami.1c18483,0.5680395,0.6577537,0.5321097,0.63265246
Ag2Se1.04,377.0,0.8343056687776114,10.1021/acsami.1c18483,0.512956,0.5909257,0.49860385,0.59958553
Ag2Se1.06,309.0,0.793,10.1021/acsami.1c18483,0.64271396,0.6438507,0.6508436,0.619801
Ag2Se1.06,334.0,0.7957229276298793,10.1021/acsami.1c18483,0.6224999,0.6452207,0.63630855,0.63459384
Ag2Se1.06,362.0,0.8385714458496243,10.1021/acsami.1c18483,0.5741369,0.6577537,0.5676287,0.63265246
Ag2Se1.06,377.0,0.8544112107374111,10.1021/acsami.1c18483,0.52263135,0.5909257,0.5341235,0.59958553
Cu1.7Se,295.0,0.009265264954812927,10.1021/acsami.1c18818,0.043893494,0.06268279,0.041165907,0.023526687
Cu1.7Se,374.0,0.019735688907880924,10.1021/acsami.1c18818,0.07205431,0.1066011,0.06795767,0.056072384
Cu1.7Se,473.0,0.042160954316812826,10.1021/acsami.1c18818,0.12560733,0.18301545,0.12515725,0.14951281
Cu1.7Se,572.0,0.07987732859076281,10.1021/acsami.1c18818,0.23414862,0.2936232,0.22173662,0.259362
Cu1.7Se,672.0,0.16001567846657744,10.1021/acsami.1c18818,0.38423195,0.49582317,0.4281393,0.46300754
Cu1.8Se,295.0,0.010403114232297346,10.1021/acsami.1c18818,0.036610663,0.062429182,0.024908243,0.042701963
Cu1.8Se,374.0,0.02158745383981097,10.1021/acsami.1c18818,0.059207425,0.103999384,0.06338974,0.07524764
Cu1.8Se,473.0,0.05299896468163777,10.1021/acsami.1c18818,0.11276035,0.17802605,0.12985057,0.16058892
Cu1.8Se,572.0,0.09719352866055542,10.1021/acsami.1c18818,0.20662116,0.2771337,0.21986055,0.26573128
Cu1.8Se,672.0,0.15977975381078116,10.1021/acsami.1c18818,0.35162932,0.5170699,0.40800878,0.4714732
Cu1.95In0.05Se,295.0,0.155,10.1021/acsami.1c18818,0.34698245,0.451063,0.40580705,0.4594446
Cu1.95In0.05Se,374.0,0.2,10.1021/acsami.1c18818,0.42467028,0.4982949,0.47600576,0.49073306
Cu1.95In0.05Se,473.0,0.16671018867924525,10.1021/acsami.1c18818,0.5125913,0.6188482,0.5791184,0.59400785
Cu1.95In0.05Se,572.0,0.198,10.1021/acsami.1c18818,0.75068474,0.8066574,0.8325028,0.83962125
Cu1.95In0.05Se,672.0,0.194,10.1021/acsami.1c18818,1.0936636,1.1646293,1.1489813,1.1451993
Cu1.95In0.05Se,770.0,0.1809094736842105,10.1021/acsami.1c18818,1.3665404,1.5730667,1.422515,1.520882
Cu1.95In0.05Se,870.0,0.19411664516129032,10.1021/acsami.1c18818,1.5769658,1.7507567,1.7188334,1.7487626
Cu1.97In0.03Se,295.0,0.33586601970951274,10.1021/acsami.1c18818,0.40139568,0.3876224,0.44681695,0.37328067
Cu1.97In0.03Se,374.0,0.6281485302676346,10.1021/acsami.1c18818,0.493098,0.43485427,0.5098435,0.41480938
Cu1.97In0.03Se,473.0,0.49,10.1021/acsami.1c18818,0.5716186,0.54209447,0.60729426,0.6209
Cu1.97In0.03Se,572.0,0.73,10.1021/acsami.1c18818,0.8296165,0.7206425,0.85886174,0.9911737
Cu1.97In0.03Se,672.0,0.927,10.1021/acsami.1c18818,1.1729411,0.9727525,1.1753403,1.4390461
Cu1.97In0.03Se,770.0,1.141,10.1021/acsami.1c18818,1.4357897,1.3840916,1.4570203,1.8311514
Cu1.97In0.03Se,870.0,1.384,10.1021/acsami.1c18818,1.6169462,1.5417672,1.692481,1.9756178
Cu1.99In0.01Se,295.0,0.3569079587347273,10.1021/acsami.1c18818,0.16860935,0.29693997,0.13407801,0.27632663
Cu1.99In0.01Se,374.0,0.666,10.1021/acsami.1c18818,0.2819497,0.3453252,0.20622885,0.3158143
Cu1.99In0.01Se,473.0,0.5,10.1021/acsami.1c18818,0.30645037,0.5292982,0.2924546,0.5163226
Cu1.99In0.01Se,572.0,0.7,10.1021/acsami.1c18818,0.4743026,0.9239,0.4497698,0.8834823
Cu1.99In0.01Se,672.0,0.966,10.1021/acsami.1c18818,0.72026753,1.3956586,0.6410433,1.377045
Cu1.99In0.01Se,770.0,1.210164426625,10.1021/acsami.1c18818,0.98914516,1.8312669,0.90518975,1.7822853
Cu1.99In0.01Se,870.0,1.445,10.1021/acsami.1c18818,1.208836,1.9586678,1.1655356,1.9125327
Cu2.1Se,295.0,0.11859766213333332,10.1021/acsami.1c18818,0.21789436,0.21320647,0.22021085,0.2237356
Cu2.1Se,374.0,0.14264186046511626,10.1021/acsami.1c18818,0.38827604,0.26071113,0.31056064,0.28557846
Cu2.1Se,473.0,0.17882684938912824,10.1021/acsami.1c18818,0.35240084,0.3262201,0.32383278,0.33367348
Cu2.1Se,572.0,0.2914160317418784,10.1021/acsami.1c18818,0.48175427,0.49202764,0.49041596,0.50384486
Cu2.1Se,672.0,0.45805993287999996,10.1021/acsami.1c18818,0.7347425,0.73912334,0.7396241,0.74943846
Cu2.1Se,770.0,0.6354528724576702,10.1021/acsami.1c18818,0.9960345,1.0433404,0.9816577,1.0353171
Cu2.1Se,870.0,0.8648520098178524,10.1021/acsami.1c18818,1.312456,1.3206271,1.309175,1.3258028
Cu2.2Se,295.0,0.2117895536080025,10.1021/acsami.1c18818,0.1819028,0.18606317,0.14813751,0.20818792
Cu2.2Se,374.0,0.5314077639160715,10.1021/acsami.1c18818,0.33999822,0.23356804,0.23359655,0.26365116
Cu2.2Se,473.0,0.3891833830441333,10.1021/acsami.1c18818,0.31454834,0.29907686,0.28601426,0.3101083
Cu2.2Se,572.0,0.5733250276421621,10.1021/acsami.1c18818,0.44390178,0.4648844,0.4509076,0.48028
Cu2.2Se,672.0,0.8008767999999999,10.1021/acsami.1c18818,0.69527775,0.7143251,0.7038852,0.72587323
Cu2.2Se,770.0,1.007164213307523,10.1021/acsami.1c18818,0.9602731,0.99671245,0.9519246,0.9984364
Cu2.2Se,870.0,1.26,10.1021/acsami.1c18818,1.2742075,1.2610326,1.2724445,1.2698417
Cu2Se,295.0,0.07765202982492295,10.1021/acsami.1c18818,0.1997293,0.2051211,0.1802718,0.16617872
Cu2Se,374.0,0.10853383944140098,10.1021/acsami.1c18818,0.37559596,0.252626,0.27456352,0.21771379
Cu2Se,473.0,0.14420154021954704,10.1021/acsami.1c18818,0.35240084,0.32600975,0.3142905,0.30674273
Cu2Se,572.0,0.250408615205643,10.1021/acsami.1c18818,0.48175427,0.4918173,0.48087367,0.4769144
Cu2Se,672.0,0.3635480408543689,10.1021/acsami.1c18818,0.7347425,0.738913,0.73008186,0.72250783
Bi0.84Pb0.08Yb0.08CuSeO,347.0,0.10392794354689404,10.1021/acsami.1c19266,0.18466032,0.18646334,0.1889204,0.17584746
Bi0.84Pb0.08Yb0.08CuSeO,446.0,0.17684864159220565,10.1021/acsami.1c19266,0.27306885,0.26255026,0.27814463,0.26662013
Bi0.84Pb0.08Yb0.08CuSeO,543.0,0.274445135135506,10.1021/acsami.1c19266,0.43415758,0.46026134,0.42735854,0.44168878
Bi0.84Pb0.08Yb0.08CuSeO,640.0,0.38913545215999995,10.1021/acsami.1c19266,0.56674564,0.5752976,0.56253374,0.53879327
Bi0.84Pb0.08Yb0.08CuSeO,741.0,0.4909480081932078,10.1021/acsami.1c19266,0.6855175,0.72991216,0.7109163,0.6985645
Bi0.84Pb0.08Yb0.08CuSeO,847.0,0.5396242082410206,10.1021/acsami.1c19266,0.86159295,0.87684894,0.8549546,0.84699976
Bi0.88Pb0.06Yb0.06CuSeO,347.0,0.280620288,10.1021/acsami.1c19266,0.18502343,0.18429697,0.19703723,0.17633578
Bi0.88Pb0.06Yb0.06CuSeO,446.0,0.42347945731309694,10.1021/acsami.1c19266,0.27343196,0.26038387,0.28641576,0.26710847
Bi0.88Pb0.06Yb0.06CuSeO,543.0,0.5875478087073039,10.1021/acsami.1c19266,0.4345207,0.46085975,0.43562967,0.44168878
Bi0.88Pb0.06Yb0.06CuSeO,640.0,0.6884912683064768,10.1021/acsami.1c19266,0.5671088,0.575896,0.5706507,0.53879327
Bi0.88Pb0.06Yb0.06CuSeO,741.0,1.0149224678220141,10.1021/acsami.1c19266,0.68588066,0.7305106,0.71903324,0.6985645
Bi0.88Pb0.06Yb0.06CuSeO,850.0,1.1985066666666668,10.1021/acsami.1c19266,0.86689454,0.88682896,0.8773552,0.84699976
Bi0.8Pb0.1Yb0.1CuSeO,347.0,0.08857103444387163,10.1021/acsami.1c19266,0.18496197,0.18662965,0.1889204,0.17584746
Bi0.8Pb0.1Yb0.1CuSeO,446.0,0.1627284557097375,10.1021/acsami.1c19266,0.2733705,0.2627166,0.27814463,0.26184002
Bi0.8Pb0.1Yb0.1CuSeO,543.0,0.2559222076455615,10.1021/acsami.1c19266,0.43445924,0.46042767,0.42735854,0.43690866
Bi0.8Pb0.1Yb0.1CuSeO,640.0,0.26348943853932083,10.1021/acsami.1c19266,0.5670473,0.5754639,0.56253374,0.5340132
Bi0.8Pb0.1Yb0.1CuSeO,744.0,0.37429551608235295,10.1021/acsami.1c19266,0.68581915,0.73007846,0.7109163,0.6985645
Bi0.8Pb0.1Yb0.1CuSeO,847.0,0.4556877823844589,10.1021/acsami.1c19266,0.8618946,0.87701523,0.8549546,0.84699976
Bi0.92Pb0.04Yb0.04CuSeO,350.0,0.17964418639053256,10.1021/acsami.1c19266,0.1578887,0.17965166,0.1877422,0.15056202
Bi0.92Pb0.04Yb0.04CuSeO,450.0,0.24898626449246047,10.1021/acsami.1c19266,0.26861063,0.27650273,0.29534498,0.28388882
Bi0.92Pb0.04Yb0.04CuSeO,548.0,0.3560239500549316,10.1021/acsami.1c19266,0.4208347,0.44213954,0.4334552,0.4208587
Bi0.92Pb0.04Yb0.04CuSeO,645.0,0.45213612634985706,10.1021/acsami.1c19266,0.5229091,0.538676,0.53882474,0.5010726
Bi0.92Pb0.04Yb0.04CuSeO,747.0,0.6027228833564444,10.1021/acsami.1c19266,0.64147174,0.67476386,0.6884018,0.6574891
Bi0.92Pb0.04Yb0.04CuSeO,847.0,0.6865156216470588,10.1021/acsami.1c19266,0.8222548,0.8230267,0.8312456,0.8036349
Bi0.96Pb0.02Yb0.02CuSeO,343.0,0.22086636075,10.1021/acsami.1c19266,0.1418547,0.15079798,0.11094494,0.13054317
Bi0.96Pb0.02Yb0.02CuSeO,446.0,0.31925061360580803,10.1021/acsami.1c19266,0.23968048,0.22124541,0.2122461,0.22374378
Bi0.96Pb0.02Yb0.02CuSeO,543.0,0.44541401454545454,10.1021/acsami.1c19266,0.4007691,0.40350744,0.35808825,0.3885567
Bi0.96Pb0.02Yb0.02CuSeO,640.0,0.5139239277245007,10.1021/acsami.1c19266,0.5104989,0.5005634,0.4821767,0.48055795
Bi0.96Pb0.02Yb0.02CuSeO,747.0,0.6930139513905852,10.1021/acsami.1c19266,0.63174355,0.6383512,0.63792026,0.6586496
Bi0.96Pb0.02Yb0.02CuSeO,847.0,0.7844932514617254,10.1021/acsami.1c19266,0.818673,0.79090255,0.7825761,0.8067138
BiCuSeO,347.0,0.06175591873175889,10.1021/acsami.1c19266,0.054848425,0.076161854,0.045035265,0.07793001
BiCuSeO,446.0,0.09002276747257656,10.1021/acsami.1c19266,0.077101216,0.11130099,0.079400115,0.10521055
BiCuSeO,542.0,0.1246574047457235,10.1021/acsami.1c19266,0.1475012,0.20956278,0.1496051,0.18884689
BiCuSeO,639.0,0.1713813797077648,10.1021/acsami.1c19266,0.2421225,0.29788047,0.24493584,0.284627
BiCuSeO,737.0,0.2831111549319937,10.1021/acsami.1c19266,0.34443465,0.39334613,0.3472095,0.3967084
BiCuSeO,839.0,0.4060929081432667,10.1021/acsami.1c19266,0.4465596,0.49913707,0.4502749,0.49548426
CuAgTe0.5Se0.5,303.0,0.15187434773298802,10.1021/acsami.1c20333,0.42817408,0.3577419,0.49937895,0.35560888
CuAgTe0.5Se0.5,349.0,0.14963164509395743,10.1021/acsami.1c20333,0.5141156,0.3758866,0.59400266,0.39811587
CuAgTe0.5Se0.5,363.0,0.14530167531207827,10.1021/acsami.1c20333,0.5147222,0.38972887,0.5853516,0.42660764
CuAgTe0.5Se0.5,383.0,0.1470219523134859,10.1021/acsami.1c20333,0.49233505,0.38659906,0.57747066,0.41055405
CuAgTe0.5Se0.5,393.0,0.178400873980043,10.1021/acsami.1c20333,0.49194673,0.3842197,0.57747066,0.41055405
CuAgTe0.5Se0.5,397.0,0.1871131394530656,10.1021/acsami.1c20333,0.49302685,0.38243192,0.5744478,0.40224987
CuAgTe0.5Se0.5,403.0,0.2866900588826906,10.1021/acsami.1c20333,0.5366995,0.35917875,0.6197365,0.41055784
CuAgTe0.5Se0.5,408.0,0.5027825892857143,10.1021/acsami.1c20333,0.5366995,0.35917875,0.6197365,0.41055784
CuAgTe0.5Se0.5,422.0,0.33789448865128235,10.1021/acsami.1c20333,0.54288083,0.3524569,0.6197365,0.39873224
CuAgTe0.5Se0.5,443.0,0.2724819208701171,10.1021/acsami.1c20333,0.6735708,0.41361493,0.7273176,0.46299687
CuAgTe0.6Se0.4,303.0,0.28884453464024235,10.1021/acsami.1c20333,0.41969967,0.3577419,0.48249254,0.34702036
CuAgTe0.6Se0.4,330.0,0.3316437276620365,10.1021/acsami.1c20333,0.4634637,0.37017855,0.58567506,0.38500392
CuAgTe0.6Se0.4,349.0,0.36343808715934095,10.1021/acsami.1c20333,0.5056407,0.3758866,0.5680176,0.38952735
CuAgTe0.6Se0.4,363.0,0.40081582674505983,10.1021/acsami.1c20333,0.5062476,0.38972887,0.55936646,0.41801912
CuAgTe0.6Se0.4,383.0,0.47111336561560974,10.1021/acsami.1c20333,0.48128402,0.38659906,0.5333615,0.40196553
CuAgTe0.6Se0.4,393.0,0.6721375527453969,10.1021/acsami.1c20333,0.4808957,0.3842197,0.5333615,0.40196553
CuAgTe0.6Se0.4,397.0,0.6024255357597168,10.1021/acsami.1c20333,0.48197582,0.38243192,0.53033847,0.39366135
CuAgTe0.6Se0.4,403.0,0.47095447757657066,10.1021/acsami.1c20333,0.5256483,0.35917875,0.5756269,0.4019693
CuAgTe0.6Se0.4,408.0,0.4907147687392373,10.1021/acsami.1c20333,0.5256483,0.35917875,0.5756269,0.4019693
CuAgTe0.6Se0.4,422.0,0.4413991858694775,10.1021/acsami.1c20333,0.5318298,0.3524569,0.5756269,0.3837173
CuAgTe0.6Se0.4,443.0,0.42369268094863793,10.1021/acsami.1c20333,0.6215705,0.41361493,0.683208,0.44798192
CuAgTe0.7Se0.3,303.0,0.4250757542095472,10.1021/acsami.1c20333,0.41969967,0.3577419,0.48518962,0.35447973
CuAgTe0.7Se0.3,330.0,0.4889127256825892,10.1021/acsami.1c20333,0.4634637,0.37017855,0.5883721,0.3924633
CuAgTe0.7Se0.3,349.0,0.56295895101168,10.1021/acsami.1c20333,0.5056407,0.3758866,0.57071483,0.39698672
CuAgTe0.7Se0.3,363.0,0.6007230468951752,10.1021/acsami.1c20333,0.5062476,0.38972887,0.5620635,0.4254785
CuAgTe0.7Se0.3,383.0,0.7235306345244048,10.1021/acsami.1c20333,0.48128402,0.3948928,0.5360585,0.4094249
CuAgTe0.7Se0.3,393.0,0.8874610825003497,10.1021/acsami.1c20333,0.4808957,0.39251345,0.5360585,0.4094249
CuAgTe0.7Se0.3,397.0,0.8100029022113667,10.1021/acsami.1c20333,0.48197582,0.39072573,0.5330356,0.40112072
CuAgTe0.7Se0.3,403.0,0.6244596170323394,10.1021/acsami.1c20333,0.5256483,0.36747253,0.57832396,0.4094287
CuAgTe0.7Se0.3,408.0,0.5782426585918738,10.1021/acsami.1c20333,0.5256483,0.36747253,0.57832396,0.4094287
CuAgTe0.7Se0.3,422.0,0.5871939758858982,10.1021/acsami.1c20333,0.5318298,0.36075068,0.57832396,0.3976031
CuAgTe0.7Se0.3,443.0,0.5789354471608527,10.1021/acsami.1c20333,0.6215705,0.42190874,0.6806309,0.46186772
Sn0.93Pb0.06Zn0.01Se,300.0,0.134,10.1021/acsami.1c20549,0.07547913,0.08392246,0.062493987,0.051468913
Sn0.93Pb0.06Zn0.01Se,373.0,0.162,10.1021/acsami.1c20549,0.105936535,0.10899549,0.09793363,0.08003932
Sn0.93Pb0.06Zn0.01Se,473.0,0.155,10.1021/acsami.1c20549,0.22184655,0.22654887,0.21497314,0.21837677
Sn0.93Pb0.06Zn0.01Se,573.0,0.10575196106914585,10.1021/acsami.1c20549,0.39581048,0.36394528,0.37688875,0.34655064
Sn0.93Pb0.06Zn0.01Se,673.0,0.3032494687107501,10.1021/acsami.1c20549,0.56491333,0.5187976,0.5288586,0.481633
Sn0.93Pb0.06Zn0.01Se,773.0,1.86,10.1021/acsami.1c20549,0.79157245,0.74057406,0.7570382,0.7675268
Sn0.96Pb0.03Zn0.01Se,300.0,0.1880735495433862,10.1021/acsami.1c20549,0.086881265,0.09946728,0.087791555,0.08276668
Sn0.96Pb0.03Zn0.01Se,373.0,0.2126234360686574,10.1021/acsami.1c20549,0.11733865,0.12247816,0.12175372,0.11133711
Sn0.96Pb0.03Zn0.01Se,473.0,0.2158701870019025,10.1021/acsami.1c20549,0.23324874,0.23905252,0.23696451,0.25604284
Sn0.96Pb0.03Zn0.01Se,573.0,0.17127850754455656,10.1021/acsami.1c20549,0.4288199,0.39074072,0.41405177,0.40672854
Sn0.96Pb0.03Zn0.01Se,673.0,0.3374714356794509,10.1021/acsami.1c20549,0.6076285,0.546572,0.56602156,0.54239106
Sn0.96Pb0.03Zn0.01Se,773.0,1.5165825483209263,10.1021/acsami.1c20549,0.8538248,0.83251417,0.8162953,0.8642941
Sn0.97Pb0.02Zn0.01Se,300.0,0.1825922785454268,10.1021/acsami.1c20549,0.086881265,0.093531005,0.08433729,0.070520245
Sn0.97Pb0.02Zn0.01Se,373.0,0.20494580210341115,10.1021/acsami.1c20549,0.11733865,0.11654186,0.11829951,0.09800662
Sn0.97Pb0.02Zn0.01Se,473.0,0.16927980420397246,10.1021/acsami.1c20549,0.23324874,0.2302024,0.23351024,0.23501343
Sn0.97Pb0.02Zn0.01Se,573.0,0.14315167435601933,10.1021/acsami.1c20549,0.4288199,0.3790387,0.41059747,0.38955197
Sn0.97Pb0.02Zn0.01Se,673.0,0.23387453864605667,10.1021/acsami.1c20549,0.6076285,0.53487,0.5625673,0.52521443
Sn0.97Pb0.02Zn0.01Se,773.0,0.9281429369345596,10.1021/acsami.1c20549,0.8538248,0.811698,0.81284106,0.8471175
Sn0.98Pb0.01Zn0.01Se,300.0,0.2302736392851353,10.1021/acsami.1c20549,0.08509886,0.08551983,0.08650352,0.06723335
Sn0.98Pb0.01Zn0.01Se,373.0,0.21967433859406216,10.1021/acsami.1c20549,0.11555625,0.10853063,0.12046574,0.09471972
Sn0.98Pb0.01Zn0.01Se,473.0,0.20378921785240833,10.1021/acsami.1c20549,0.23146632,0.2221912,0.23567647,0.23172648
Sn0.98Pb0.01Zn0.01Se,573.0,0.18482652784375,10.1021/acsami.1c20549,0.42703748,0.3710275,0.4127637,0.38626504
Sn0.98Pb0.01Zn0.01Se,673.0,0.26117375521600633,10.1021/acsami.1c20549,0.5961404,0.5268588,0.56473356,0.5219276
Sn0.98Pb0.01Zn0.01Se,773.0,1.0792883683447383,10.1021/acsami.1c20549,0.84038395,0.7990632,0.8078707,0.84549206
Sn0.9Pb0.09Zn0.01Se,300.0,0.01669320015623124,10.1021/acsami.1c20549,0.08389616,0.09262031,0.06439712,0.051037468
Sn0.9Pb0.09Zn0.01Se,373.0,0.031422944355337226,10.1021/acsami.1c20549,0.11435352,0.1176934,0.09983673,0.07960789
Sn0.9Pb0.09Zn0.01Se,473.0,0.06468050680658158,10.1021/acsami.1c20549,0.23127985,0.23994045,0.21497314,0.21895307
Sn0.9Pb0.09Zn0.01Se,573.0,0.06851871599485902,10.1021/acsami.1c20549,0.40494108,0.39162022,0.37688875,0.35641542
Sn0.9Pb0.09Zn0.01Se,673.0,0.24087097590459675,10.1021/acsami.1c20549,0.5709422,0.54647243,0.5288586,0.49149778
Sn0.9Pb0.09Zn0.01Se,773.0,1.0282086360462739,10.1021/acsami.1c20549,0.79157245,0.7682489,0.7405242,0.77635807
SnSe,300.0,0.03837085959488916,10.1021/acsami.1c20549,0.0496501,0.011941478,0.038015384,0.017747153
SnSe,373.0,0.05184002023224352,10.1021/acsami.1c20549,0.07533443,0.03532931,0.06638286,0.038144715
SnSe,473.0,0.06414422631068292,10.1021/acsami.1c20549,0.12632596,0.09317015,0.12047188,0.118024364
SnSe,573.0,0.06506393129770992,10.1021/acsami.1c20549,0.22295684,0.2094305,0.21849005,0.2388388
SnSe,673.0,0.15145523699876445,10.1021/acsami.1c20549,0.351087,0.35393372,0.3516994,0.36885506
SnSe,773.0,0.5804589965987159,10.1021/acsami.1c20549,0.5710734,0.57779974,0.5809972,0.5960838
Bi2Si2Te6,373.0,0.0750771011510277,10.1021/acsami.1c23351,0.4038993,0.413607,0.39504293,0.37003493
Bi2Si2Te6,473.0,0.17313902523108524,10.1021/acsami.1c23351,0.37072125,0.36364508,0.3746955,0.3269901
Bi2Si2Te6,573.0,0.22808186606488012,10.1021/acsami.1c23351,0.38698182,0.3877978,0.39442626,0.39182082
Bi2Si2Te6,673.0,0.17294879481296024,10.1021/acsami.1c23351,0.40624425,0.42093575,0.3543001,0.4714569
Bi2Si2Te6,773.0,0.09459255141295547,10.1021/acsami.1c23351,0.5012758,0.6104101,0.448438,0.6771688
Sb2Si2Te6,373.0,0.2563923530471655,10.1021/acsami.1c23351,0.36882934,0.3825195,0.3607114,0.37075466
Sb2Si2Te6,473.0,0.43440219332280317,10.1021/acsami.1c23351,0.48918596,0.5087805,0.4948855,0.5124418
Sb2Si2Te6,573.0,0.6232992086773025,10.1021/acsami.1c23351,0.6084222,0.6446685,0.64589655,0.6359525
Sb2Si2Te6,673.0,0.84258645332675,10.1021/acsami.1c23351,0.6750523,0.80963314,0.73665845,0.7876793
Sb2Si2Te6,773.0,1.1272680643675146,10.1021/acsami.1c23351,0.77200794,0.999917,0.8329856,0.9386984
Tl8.95Bi1.05Te6.0,444.0,0.007896840352941175,10.1021/cm402593f,0.4585793,0.50013536,0.58585465,0.4963484
Tl8.95Bi1.05Te6.0,504.0,0.009549950561797752,10.1021/cm402593f,0.4969576,0.539721,0.6397629,0.55064785
Tl8.95Bi1.05Te6.0,382.0,0.015373812093023256,10.1021/cm402593f,0.40428078,0.45361766,0.547116,0.4529605
Tl8.95Bi1.05Te6.0,322.0,0.007850121481481481,10.1021/cm402593f,0.32449594,0.36319426,0.43385762,0.38668388
Tl8.97Sb1.03Te6,326.0,0.291,10.1021/cm402593f,0.21708027,0.26301634,0.27660748,0.24648392
Tl8.97Sb1.03Te6,385.5,0.4754,10.1021/cm402593f,0.28546095,0.34122616,0.3719537,0.32442012
Tl8.97Sb1.03Te6,445.0,0.7116077242912622,10.1021/cm402593f,0.4097449,0.4480065,0.47706676,0.41837123
Tl8.97Sb1.03Te6,504.0,0.883,10.1021/cm402593f,0.51254225,0.5003779,0.56099564,0.48150247
Tl8.98Sb1.02Te6,326.0,0.2923,10.1021/cm402593f,0.21708027,0.26301634,0.27660748,0.24648392
Tl8.98Sb1.02Te6,385.0,0.4781928148148148,10.1021/cm402593f,0.28546095,0.34122616,0.3719537,0.32442012
Tl8.98Sb1.02Te6,445.0,0.684176813325,10.1021/cm402593f,0.4097449,0.4480065,0.47706676,0.41837123
Tl8.98Sb1.02Te6,503.0,0.9062,10.1021/cm402593f,0.49193695,0.5003779,0.55551594,0.48150247
Tl8.99Bi1.01Te6.0,322.0,0.40092183409090904,10.1021/cm402593f,0.42883697,0.36374292,0.43385762,0.38668388
Tl8.99Bi1.01Te6.0,382.0,0.5363353029411765,10.1021/cm402593f,0.5251986,0.45361766,0.547116,0.4529605
Tl8.99Bi1.01Te6.0,499.0,0.6280437245341615,10.1021/cm402593f,0.59770155,0.53726774,0.6288031,0.543426
Tl8.99Sb1.01Te6,326.0,0.28019089323943663,10.1021/cm402593f,0.25611976,0.26301634,0.27660748,0.24648392
Tl8.99Sb1.01Te6,385.0,0.4809440296540362,10.1021/cm402593f,0.32450056,0.34122616,0.3719537,0.32442012
Tl8.99Sb1.01Te6,445.0,0.6804216774055264,10.1021/cm402593f,0.4487845,0.4480065,0.47706676,0.41837123
Tl8.99Sb1.01Te6,503.0,0.8019788925266335,10.1021/cm402593f,0.5395728,0.5003779,0.55551594,0.48150247
Tl9.0Bi0.95Te6.0,325.0,0.4030208614864865,10.1021/cm402593f,0.4588688,0.37561125,0.38080564,0.37037733
Tl9.0Bi0.95Te6.0,385.0,0.5222550899999998,10.1021/cm402593f,0.56286854,0.45361766,0.49479723,0.46430343
Tl9.0Bi0.95Te6.0,443.0,0.6917570287215383,10.1021/cm402593f,0.6269557,0.50013536,0.5781546,0.4963484
Tl9.0Bi0.95Te6.0,500.0,0.823284,10.1021/cm402593f,0.6871915,0.5368995,0.6412554,0.54971004
Tl9.0Bi0.96Te6.0,325.0,0.39640608,10.1021/cm402593f,0.4588688,0.37561125,0.4350822,0.37037733
Tl9.0Bi0.96Te6.0,385.0,0.5544081796,10.1021/cm402593f,0.56286854,0.45361766,0.54893553,0.46430343
Tl9.0Bi0.96Te6.0,443.0,0.7227289423076922,10.1021/cm402593f,0.6269557,0.50013536,0.58585465,0.4963484
Tl9.0Bi0.96Te6.0,500.0,0.8782303645518631,10.1021/cm402593f,0.6871915,0.5368995,0.6342832,0.54971004
Tl9.0Bi0.97Te6.0,325.0,0.4366003878291525,10.1021/cm402593f,0.4588688,0.37561125,0.4350822,0.37037733
Tl9.0Bi0.97Te6.0,385.0,0.62886794432,10.1021/cm402593f,0.56286854,0.45361766,0.54893553,0.46430343
Tl9.0Bi0.97Te6.0,443.0,0.7818389240506329,10.1021/cm402593f,0.6269557,0.50013536,0.58585465,0.4963484
Tl9.0Bi0.97Te6.0,503.0,0.9669083755472222,10.1021/cm402593f,0.69415355,0.539721,0.6342832,0.55064785
Tl9.0Bi0.98Te6.0,325.0,0.42154249640520447,10.1021/cm402593f,0.4588688,0.37561125,0.4350822,0.37037733
Tl9.0Bi0.98Te6.0,385.0,0.6430705067264574,10.1021/cm402593f,0.56286854,0.45361766,0.54893553,0.46430343
Tl9.0Bi0.98Te6.0,443.0,0.8746350714776191,10.1021/cm402593f,0.6269557,0.50013536,0.58585465,0.4963484
Tl9.0Bi0.98Te6.0,503.0,1.0742429219132053,10.1021/cm402593f,0.69415355,0.539721,0.6342832,0.55064785
Tl9.0Bi0.99Te6.0,325.0,0.5545585545556173,10.1021/cm402593f,0.4588688,0.37561125,0.4350822,0.37037733
Tl9.0Bi0.99Te6.0,385.0,0.6800795692307692,10.1021/cm402593f,0.56286854,0.45361766,0.54893553,0.46430343
Tl9.0Bi0.99Te6.0,443.0,0.8542186919951041,10.1021/cm402593f,0.6269557,0.50013536,0.58585465,0.4963484
Tl9.0Bi0.99Te6.0,503.0,0.994945071106599,10.1021/cm402593f,0.69415355,0.539721,0.6342832,0.55064785
Tl9.0BiTe6.0,325.0,0.0470366,10.1021/cm402593f,0.45887324,0.37561125,0.4350822,0.37037733
Tl9.0BiTe6.0,385.0,0.0706429548071098,10.1021/cm402593f,0.56286854,0.45361766,0.54893553,0.46430343
Tl9.0BiTe6.0,443.0,0.0803835157894737,10.1021/cm402593f,0.6269557,0.50013536,0.58585465,0.4963484
Tl9.0BiTe6.0,503.0,0.09648251239067054,10.1021/cm402593f,0.6856411,0.539721,0.6342832,0.55064785
Tl9.0Sb0.97Te6,327.0,0.2422487671232877,10.1021/cm402593f,0.28140786,0.26726755,0.27660748,0.24648392
Tl9.0Sb0.97Te6,447.0,0.5615254901960784,10.1021/cm402593f,0.48125303,0.45225787,0.47706676,0.41837123
Tl9.0Sb0.97Te6,507.0,0.7264209072545454,10.1021/cm402593f,0.60440576,0.5046293,0.5658928,0.48150247
Tl9.0Sb0.98Te6,326.0,0.28135595362318844,10.1021/cm402593f,0.28140786,0.26301634,0.27660748,0.24648392
Tl9.0Sb0.98Te6,385.0,0.4354934607692307,10.1021/cm402593f,0.35183057,0.34122616,0.3719537,0.32442012
Tl9.0Sb0.98Te6,444.0,0.6295,10.1021/cm402593f,0.47970667,0.4465181,0.47706676,0.41837123
Tl9.0Sb0.98Te6,503.0,0.7952607033519553,10.1021/cm402593f,0.58587694,0.5003779,0.55551594,0.48150247
Tl9.0Sb0.99Te6,325.0,0.30502242394366197,10.1021/cm402593f,0.28140786,0.26301634,0.27660748,0.24648392
Tl9.0Sb1.0Te6,502.0,0.846541037456,10.1021/cm402593f,0.56897897,0.4930199,0.55551594,0.48150247
Cu5Sn2Se7,300.0,0.017085552954545457,10.1021/cm501899q,0.046553403,0.057649784,0.05069838,0.052098077
Cu5Sn2Se7,400.0,0.029065588604943442,10.1021/cm501899q,0.094264194,0.10287069,0.09492796,0.09274393
Cu5Sn2Se7,500.0,0.052836931222118966,10.1021/cm501899q,0.15085916,0.18210484,0.15774783,0.17814203
Cu5Sn2Se7,598.0,0.09155944626141081,10.1021/cm501899q,0.21998115,0.2779134,0.24512188,0.27549317
Cu5Sn2Se7,698.0,0.12829284699928428,10.1021/cm501899q,0.35555428,0.3873438,0.3630192,0.39371455
MgAgSb,300.0,0.41579449793445944,10.1021/cm5041826,0.47538954,0.7013822,0.58876246,0.6803368
MgAgSb,350.0,0.5080006540162401,10.1021/cm5041826,0.6159092,0.8510247,0.65723646,0.81203187
MgAgSb,400.0,0.6081500932998659,10.1021/cm5041826,0.81441516,0.9622865,0.73372376,0.91032714
MgAgSb,450.0,0.7287864529921485,10.1021/cm5041826,0.88501924,1.0441049,0.82724965,0.9984617
MgAgSb,500.0,0.8242148613861385,10.1021/cm5041826,0.9162004,1.0717083,0.91677743,1.0322804
MgAgSb,550.0,0.8158937159837578,10.1021/cm5041826,0.9055758,0.99464643,0.93122923,0.99932164
MgAgSb0.985In0.015,300.0,0.4210677889618139,10.1021/cm5041826,0.48448718,0.7130126,0.602041,0.7029395
MgAgSb0.985In0.015,350.0,0.5555227620195201,10.1021/cm5041826,0.6287863,0.8648195,0.67494714,0.8418648
MgAgSb0.985In0.015,400.0,0.6955396225317647,10.1021/cm5041826,0.82729226,0.9936731,0.7610692,0.94651425
MgAgSb0.985In0.015,450.0,0.8219523903105378,10.1021/cm5041826,0.90711784,1.0791663,0.8441795,1.0355617
MgAgSb0.985In0.015,500.0,0.9002488946342119,10.1021/cm5041826,0.9434609,1.0951744,0.9347434,1.056756
MgAgSb0.985In0.015,550.0,0.8641366790040041,10.1021/cm5041826,0.93478227,1.0204114,0.94668126,1.0443678
MgAgSb0.98In0.02,300.0,0.4589,10.1021/cm5041826,0.48210055,0.7098836,0.5985829,0.7029395
MgAgSb0.98In0.02,350.0,0.5068,10.1021/cm5041826,0.6263995,0.8616905,0.67148906,0.8418648
MgAgSb0.98In0.02,400.0,0.5918,10.1021/cm5041826,0.82490546,0.9905441,0.7576111,0.94651425
MgAgSb0.98In0.02,450.0,0.69589,10.1021/cm5041826,0.89999074,1.0760374,0.8407214,1.0355617
MgAgSb0.98In0.02,500.0,0.7918,10.1021/cm5041826,0.9364449,1.0920455,0.9312853,1.056756
MgAgSb0.98In0.02,550.0,0.7658,10.1021/cm5041826,0.92776626,1.0172824,0.9432232,1.0443678
MgAgSb0.995In0.005,300.0,0.438,10.1021/cm5041826,0.48448718,0.71234447,0.5965882,0.69997334
MgAgSb0.995In0.005,350.0,0.516,10.1021/cm5041826,0.6287863,0.8641514,0.66949433,0.84316444
MgAgSb0.995In0.005,400.0,0.638,10.1021/cm5041826,0.82729226,0.99374956,0.75847536,0.94781387
MgAgSb0.995In0.005,450.0,0.8,10.1021/cm5041826,0.90711784,1.079243,0.85430187,1.0368613
MgAgSb0.995In0.005,500.0,0.941,10.1021/cm5041826,0.9434609,1.0952507,0.94486576,1.0580556
MgAgSb0.995In0.005,550.0,0.9068,10.1021/cm5041826,0.93478227,1.0197432,0.95680356,1.0410261
MgAgSb0.99In0.01,300.0,0.5049284171596858,10.1021/cm5041826,0.48448718,0.7130126,0.599182,0.69997334
MgAgSb0.99In0.01,350.0,0.642490102542519,10.1021/cm5041826,0.6287863,0.8648195,0.67208815,0.84316444
MgAgSb0.99In0.01,400.0,0.7906088016008412,10.1021/cm5041826,0.82729226,0.9936731,0.7610692,0.94781387
MgAgSb0.99In0.01,450.0,0.933,10.1021/cm5041826,0.90711784,1.0791663,0.8441795,1.0368613
MgAgSb0.99In0.01,500.0,1.0259684855620002,10.1021/cm5041826,0.9434609,1.0951744,0.9347434,1.0580556
MgAgSb0.99In0.01,550.0,0.989,10.1021/cm5041826,0.93478227,1.0204114,0.94668126,1.0410261
Rb7.88Au2.47Ge43.53,50.0,6.35165265e-08,10.1021/ic3024315,0.001424095,-0.0031772621,-0.025736012,-0.0069630053
Rb7.88Au2.47Ge43.53,100.0,4.6277182457359447e-07,10.1021/ic3024315,0.0045979596,-9.0906746e-05,-0.022221174,-0.0043571265
Rb7.88Au2.47Ge43.53,150.0,1.7027250714412337e-06,10.1021/ic3024315,0.008066314,0.00448314,-0.017036753,0.00092352845
Rb7.88Au2.47Ge43.53,200.0,3.854757201409677e-06,10.1021/ic3024315,0.022364208,0.017888343,-0.0016440015,0.01565013
Rb7.88Au2.47Ge43.53,250.0,7.778934202821401e-06,10.1021/ic3024315,0.029956283,0.027713947,0.005069771,0.025640301
Rb7.88Au2.47Ge43.53,300.0,1.2664924446049395e-05,10.1021/ic3024315,0.06869515,0.059289284,0.043238126,0.057198327
Cu2Zn0.2Fe0.8SnSe4,373.0,0.030765273015149117,10.1021/ic402455x,0.036217038,0.02594366,0.030085653,0.022180881
Cu2Zn0.2Fe0.8SnSe4,473.0,0.05962122089878292,10.1021/ic402455x,0.0765048,0.06437586,0.06971112,0.06394506
Cu2Zn0.2Fe0.8SnSe4,573.0,0.12408712115000234,10.1021/ic402455x,0.15174845,0.14873965,0.15645848,0.15285042
Cu2Zn0.2Fe0.8SnSe4,673.0,0.20341520517530187,10.1021/ic402455x,0.26608413,0.2743249,0.27180412,0.27448025
Cu2Zn0.2Fe0.8SnSe4,773.0,0.3395600065602439,10.1021/ic402455x,0.46281984,0.44397056,0.46891433,0.468506
Cu2Zn0.4Fe0.6SnSe4,373.0,0.02919330716045386,10.1021/ic402455x,0.029252594,0.019365748,0.021585712,0.013792402
Cu2Zn0.4Fe0.6SnSe4,473.0,0.06566105165023506,10.1021/ic402455x,0.0695404,0.057797987,0.06121123,0.053155202
Cu2Zn0.4Fe0.6SnSe4,573.0,0.14397552165711208,10.1021/ic402455x,0.14382048,0.14216174,0.14605482,0.14206058
Cu2Zn0.4Fe0.6SnSe4,673.0,0.2602814463418385,10.1021/ic402455x,0.25815612,0.2635058,0.2614005,0.26706108
Cu2Zn0.4Fe0.6SnSe4,773.0,0.40764132043700696,10.1021/ic402455x,0.45489186,0.4265966,0.45851073,0.4610868
Cu2Zn0.6Fe0.4SnSe4,373.0,0.0009073152439128634,10.1021/ic402455x,0.031186692,0.02375787,0.024071964,0.014807263
Cu2Zn0.6Fe0.4SnSe4,473.0,0.00903229871349998,10.1021/ic402455x,0.07147449,0.06377682,0.06369747,0.054170065
Cu2Zn0.6Fe0.4SnSe4,573.0,0.04544126760887904,10.1021/ic402455x,0.14575458,0.15222998,0.14854108,0.14572944
Cu2Zn0.6Fe0.4SnSe4,673.0,0.12710729093123324,10.1021/ic402455x,0.2632262,0.27607682,0.2669123,0.27072993
Cu2Zn0.6Fe0.4SnSe4,773.0,0.2631430778971088,10.1021/ic402455x,0.45996195,0.44427896,0.46402255,0.4639136
Cu2Zn0.8Fe0.2SnSe4,373.0,0.0003142658608902876,10.1021/ic402455x,0.030364182,0.023464309,0.023268418,0.014807263
Cu2Zn0.8Fe0.2SnSe4,473.0,0.006191961700870644,10.1021/ic402455x,0.07065198,0.062032178,0.062893935,0.054170065
Cu2Zn0.8Fe0.2SnSe4,573.0,0.05340594706463626,10.1021/ic402455x,0.14493208,0.15048534,0.14773753,0.14572944
Cu2Zn0.8Fe0.2SnSe4,673.0,0.166526635220364,10.1021/ic402455x,0.2624037,0.27433217,0.26853445,0.27072993
Cu2Zn0.8Fe0.2SnSe4,773.0,0.32417199757257614,10.1021/ic402455x,0.46264625,0.4425343,0.46908057,0.4639136
CsNd2Ag3Te5,298.0,4.996637126525363e-05,10.1021/ic5007132,0.10220747,0.056916416,0.092807226,0.09278511
CsNd2Ag3Te5,385.0,0.00011621019903323763,10.1021/ic5007132,0.13493764,0.07382675,0.07353262,0.09028039
CsNd2Ag3Te5,462.0,0.004775088941600688,10.1021/ic5007132,0.25850308,0.16904995,0.17929362,0.15933436
CsNd2Ag3Te5,539.0,0.014631159070212082,10.1021/ic5007132,0.42146647,0.31800765,0.36294776,0.3194866
CsNd2Ag3Te5,616.0,0.02694352941176471,10.1021/ic5007132,0.5405111,0.457483,0.527803,0.4582955
CsNd2Ag3Te5,687.0,0.048467596152492666,10.1021/ic5007132,0.6910361,0.62649614,0.7169541,0.6217211
CsPr2Ag3Te5,298.0,5.8772424788072995e-05,10.1021/ic5007132,0.11996645,0.10383528,0.13841179,0.14206584
CsPr2Ag3Te5,385.0,7.700742144000002e-05,10.1021/ic5007132,0.15269673,0.16928244,0.16770431,0.19070907
CsPr2Ag3Te5,462.0,0.0013259307527298198,10.1021/ic5007132,0.2739817,0.26950836,0.27783525,0.25976285
CsPr2Ag3Te5,539.0,0.003499118398301339,10.1021/ic5007132,0.43100333,0.41846642,0.45392448,0.4188281
CsPr2Ag3Te5,616.0,0.014900144649753073,10.1021/ic5007132,0.549341,0.56579936,0.6310915,0.55159724
CsSm2Ag3Te5,298.0,0.00030729899418479093,10.1021/ic5007132,0.09950528,0.09222514,0.14309424,0.13020493
CsSm2Ag3Te5,385.0,0.00019356877827290703,10.1021/ic5007132,0.13223557,0.1580731,0.17238677,0.17884813
CsSm2Ag3Te5,462.0,0.0026775187203592404,10.1021/ic5007132,0.25352058,0.25829908,0.28251773,0.24790196
CsSm2Ag3Te5,539.0,0.007536227486025689,10.1021/ic5007132,0.40921846,0.40725714,0.45860696,0.4069671
CsSm2Ag3Te5,616.0,0.01864559823080655,10.1021/ic5007132,0.5238864,0.54673225,0.6210148,0.53999573
CsTb2Ag3Te5,298.0,6.192279391568297e-05,10.1021/ic5007132,0.104946576,0.096333034,0.14638823,0.12790996
CsTb2Ag3Te5,385.0,0.0007924914699331265,10.1021/ic5007132,0.1376769,0.16218099,0.17568076,0.17655316
CsTb2Ag3Te5,462.0,0.004291222365629629,10.1021/ic5007132,0.25896192,0.26240698,0.28537497,0.24466714
CsTb2Ag3Te5,539.0,0.014970210992351999,10.1021/ic5007132,0.41598353,0.41136503,0.4614642,0.4037146
CsTb2Ag3Te5,616.0,0.023180256240198514,10.1021/ic5007132,0.537035,0.54882747,0.6292757,0.5342312
CsTb2Ag3Te5,687.0,0.04121256816281249,10.1021/ic5007132,0.68738717,0.71337014,0.8193981,0.69581026
Ag0.94CuSe,298.0,0.28378824235152966,10.1021/ic502102e,0.2681301,0.2531431,0.27404612,0.2559359
Ag0.94CuSe,391.0,0.002672463510070441,10.1021/ic502102e,0.28100112,0.23585376,0.23962474,0.22876279
Ag0.94CuSe,470.0,0.257,10.1021/ic502102e,0.24323942,0.22822699,0.22050853,0.22329631
Ag0.94CuSe,479.0,0.6136,10.1021/ic502102e,0.24319552,0.24772573,0.21224265,0.23358813
Ag0.94CuSe,549.0,0.7340230169327921,10.1021/ic502102e,0.35404593,0.3561781,0.34554502,0.35879177
Ag0.94CuSe,625.0,0.8339649720594434,10.1021/ic502102e,0.42449,0.42785612,0.43552548,0.4489509
Ag0.94CuSe,694.0,0.87,10.1021/ic502102e,0.5225573,0.51591194,0.53285766,0.54875094
Ag0.97CuSe,298.0,0.3518664354637809,10.1021/ic502102e,0.27316853,0.297658,0.29859525,0.29426536
Ag0.97CuSe,391.0,0.010342820218361151,10.1021/ic502102e,0.28623456,0.25121137,0.27656782,0.24970981
Ag0.97CuSe,468.0,0.07,10.1021/ic502102e,0.23718952,0.23260745,0.24317436,0.21710211
Ag0.97CuSe,479.0,0.4004649618270151,10.1021/ic502102e,0.26345333,0.2521982,0.22694407,0.23285547
Ag0.97CuSe,557.0,0.6439229088437172,10.1021/ic502102e,0.37020862,0.3600916,0.3577408,0.3672566
Ag0.97CuSe,629.0,0.6913165909090909,10.1021/ic502102e,0.4341271,0.4595219,0.43767315,0.44821823
AgCuSe,298.0,0.08964029794364305,10.1021/ic502102e,0.29116857,0.32402167,0.32936776,0.31503636
AgCuSe,382.0,0.007844200235306206,10.1021/ic502102e,0.3163954,0.27984664,0.31929782,0.3340915
AgCuSe,479.0,0.4743933645131329,10.1021/ic502102e,0.30537748,0.27388042,0.28290042,0.27826685
AgCuSe,549.0,0.5893544782187135,10.1021/ic502102e,0.42105737,0.39669764,0.4195288,0.42284274
AgCuSe,621.0,0.6062364631698113,10.1021/ic502102e,0.4900427,0.49336177,0.5095706,0.5065946
AgCuSe,694.0,0.607,10.1021/ic502102e,0.5607568,0.58434635,0.57034725,0.62849367
Ti0.95Al0.05O2,296.0,0.006271457122285713,10.1021/jp302652c,0.010474295,0.022486828,0.024248945,0.022032471
Ti0.96Al0.04O2,296.0,0.008703694020923077,10.1021/jp302652c,0.010474295,0.022486828,0.024248945,0.022032471
Ti0.97Al0.03O2,296.0,0.011013358596057949,10.1021/jp302652c,0.010474295,0.022486828,0.024248945,0.022032471
Ti0.98Al0.02O2,296.0,0.01417465856,10.1021/jp302652c,0.011710096,0.022981329,0.024248945,0.022032471
Ti0.995Al0.005O2,296.0,0.0095741081470944,10.1021/jp302652c,0.009260657,0.019435827,0.021829177,0.019308161
Ti0.99Al0.01O2,296.0,0.013874266494268754,10.1021/jp302652c,0.011710096,0.022981329,0.024248945,0.022032471
TiO2,296.0,0.0038877667262938666,10.1021/jp302652c,0.0032003243,0.010101639,0.0123143615,0.014999306
Ta0.84Ti0.16FeSb,304.0,0.24961579464773345,10.1038/s41467-018-08223-5,0.24108498,0.2042368,0.1395035,0.13971943
Ta0.84Ti0.16FeSb,370.0,0.342,10.1038/s41467-018-08223-5,0.28140157,0.23795956,0.18271138,0.1705787
Ta0.84Ti0.16FeSb,470.0,0.5162409400843881,10.1038/s41467-018-08223-5,0.36684477,0.33268407,0.25555375,0.25041825
Ta0.84Ti0.16FeSb,570.0,0.7188820114772727,10.1038/s41467-018-08223-5,0.50437605,0.46245104,0.3621006,0.3477001
Ta0.84Ti0.16FeSb,670.0,0.8900348310639903,10.1038/s41467-018-08223-5,0.6369278,0.61033094,0.48021075,0.47218493
Ta0.84Ti0.16FeSb,770.0,1.0647,10.1038/s41467-018-08223-5,0.75505364,0.7441381,0.5559305,0.53569883
Ta0.84Ti0.16FeSb,870.0,1.2211709226329268,10.1038/s41467-018-08223-5,0.83586806,0.9025852,0.5855284,0.63843966
Ta0.84Ti0.16FeSb,970.0,1.3915790755252697,10.1038/s41467-018-08223-5,0.9789841,1.0172261,0.66990393,0.686803
Ta0.88Ti0.12FeSb,304.0,0.25320221817232724,10.1038/s41467-018-08223-5,0.24108498,0.2042368,0.1395035,0.13971943
Ta0.88Ti0.12FeSb,370.0,0.348,10.1038/s41467-018-08223-5,0.28140157,0.23795956,0.18271138,0.1705787
Ta0.88Ti0.12FeSb,470.0,0.513,10.1038/s41467-018-08223-5,0.36684477,0.33268407,0.25555375,0.25041825
Ta0.88Ti0.12FeSb,570.0,0.6810090936229366,10.1038/s41467-018-08223-5,0.50437605,0.46245104,0.3621006,0.3477001
Ta0.88Ti0.12FeSb,670.0,0.836,10.1038/s41467-018-08223-5,0.6369278,0.61033094,0.48021075,0.47218493
Ta0.88Ti0.12FeSb,770.0,0.968,10.1038/s41467-018-08223-5,0.75505364,0.7441381,0.5559305,0.53569883
Ta0.88Ti0.12FeSb,870.0,1.1022,10.1038/s41467-018-08223-5,0.83092487,0.9025852,0.5855284,0.63843966
Ta0.88Ti0.12FeSb,970.0,1.2241297894736842,10.1038/s41467-018-08223-5,0.9740409,1.0172261,0.66990393,0.686803
Ta0.92Ti0.08FeSb,304.0,0.23182640483383685,10.1038/s41467-018-08223-5,0.21101318,0.19155863,0.14037748,0.1490371
Ta0.92Ti0.08FeSb,370.0,0.331,10.1038/s41467-018-08223-5,0.25132993,0.22867978,0.18358536,0.17989637
Ta0.92Ti0.08FeSb,470.0,0.4785,10.1038/s41467-018-08223-5,0.33310434,0.3194247,0.26517123,0.25973573
Ta0.92Ti0.08FeSb,570.0,0.627,10.1038/s41467-018-08223-5,0.4615429,0.43413317,0.37865734,0.36197656
Ta0.92Ti0.08FeSb,670.0,0.752,10.1038/s41467-018-08223-5,0.5940949,0.5747793,0.49981713,0.4864614
Ta0.92Ti0.08FeSb,770.0,0.883,10.1038/s41467-018-08223-5,0.70936406,0.6779473,0.5755368,0.54997545
Ta0.92Ti0.08FeSb,870.0,1.0088943760765552,10.1038/s41467-018-08223-5,0.77338487,0.8033256,0.60513467,0.5953849
Ta0.92Ti0.08FeSb,970.0,1.1401402101265823,10.1038/s41467-018-08223-5,0.9165009,0.9179668,0.68951017,0.6437482
Ta0.94Ti0.06FeSb,570.0,0.544,10.1038/s41467-018-08223-5,0.4615429,0.43413317,0.38733143,0.36197656
Ta0.94Ti0.06FeSb,670.0,0.669,10.1038/s41467-018-08223-5,0.5940949,0.5747793,0.50849086,0.4864614
Ta0.94Ti0.06FeSb,770.0,0.785,10.1038/s41467-018-08223-5,0.70936406,0.6779473,0.5842109,0.54997545
Ta0.96Ti0.04FeSb,304.0,0.10875893566473988,10.1038/s41467-018-08223-5,0.17261389,0.19155863,0.14675808,0.1490371
Ta0.96Ti0.04FeSb,370.0,0.178,10.1038/s41467-018-08223-5,0.21293074,0.22867978,0.18996596,0.17989637
Ta0.96Ti0.04FeSb,470.0,0.3075,10.1038/s41467-018-08223-5,0.2947051,0.3194247,0.27384537,0.25973573
Ta0.96Ti0.04FeSb,570.0,0.45,10.1038/s41467-018-08223-5,0.42314366,0.43413317,0.38733143,0.36197656
Ta0.96Ti0.04FeSb,670.0,0.546073308667531,10.1038/s41467-018-08223-5,0.5477388,0.5747793,0.50849086,0.4864614
Ta0.96Ti0.04FeSb,970.0,0.8141885089726918,10.1038/s41467-018-08223-5,0.72245973,0.9179668,0.69818425,0.6437482
Ta0.98Ti0.02FeSb,304.0,0.05141717787042255,10.1038/s41467-018-08223-5,0.09097589,0.14935148,0.10606166,0.121211104
Ta0.98Ti0.02FeSb,370.0,0.1011472347961165,10.1038/s41467-018-08223-5,0.13129282,0.18647265,0.15472613,0.15207021
Ta0.98Ti0.02FeSb,470.0,0.1998046359027114,10.1038/s41467-018-08223-5,0.21358207,0.26791278,0.2138608,0.22900325
Ta0.98Ti0.02FeSb,570.0,0.30149924620903307,10.1038/s41467-018-08223-5,0.32672587,0.3502396,0.32726678,0.33124372
Ta0.98Ti0.02FeSb,670.0,0.375,10.1038/s41467-018-08223-5,0.42986655,0.46629032,0.42639935,0.45572856
Ta0.98Ti0.02FeSb,770.0,0.4523129805447471,10.1038/s41467-018-08223-5,0.4629971,0.54724944,0.45479754,0.53273726
Ta0.98Ti0.02FeSb,870.0,0.503,10.1038/s41467-018-08223-5,0.51364905,0.71888036,0.5007793,0.5953849
Ta0.98Ti0.02FeSb,970.0,0.566,10.1038/s41467-018-08223-5,0.5570956,0.83352154,0.5851548,0.6437482
TaFeSb,670.0,0.0017179269823824658,10.1038/s41467-018-08223-5,0.3963825,0.45111474,0.39730316,0.46244013
TaFeSb,770.0,0.004898614172977283,10.1038/s41467-018-08223-5,0.3915203,0.5320738,0.42450625,0.5394488
TaFeSb,870.0,0.010169287613372092,10.1038/s41467-018-08223-5,0.4305748,0.70809716,0.45649868,0.601645
TaFeSb,970.0,0.01758733417475295,10.1038/s41467-018-08223-5,0.47402138,0.80629,0.5408738,0.6410859
Ca3Co2O6,373.0,4.397649919246299e-05,10.1063/1.1622115,-0.03283861,-0.0331523,-0.03097528,-0.041619252
Ca3Co2O6,473.0,0.0003569966132459016,10.1063/1.1622115,-0.040371954,-0.030891147,-0.034993418,-0.036866978
Ca3Co2O6,573.0,0.0018215555399999999,10.1063/1.1622115,-0.025141794,-0.014941371,-0.020251365,-0.02662798
Ca3Co2O6,673.0,0.006224681801125704,10.1063/1.1622115,-0.014676755,0.0027137545,-0.00047512946,-0.009064765
Ca3Co2O6,773.0,0.01622868852586207,10.1063/1.1622115,0.010113041,0.019781968,0.015737453,0.016398698
Ca3Co2O6,873.0,0.03684384837209302,10.1063/1.1622115,0.040833864,0.040673032,0.04215169,0.039003488
Ca3Co2O6,973.0,0.0757145355214511,10.1063/1.1622115,0.054049186,0.06661184,0.057918742,0.05774999
Ca3Co2O6,1073.0,0.15185454545454544,10.1063/1.1622115,0.07830905,0.07517775,0.06848073,0.07036395
Tl2GeTe3,323.0,0.117,10.1063/1.2181427,0.07323462,0.050553158,0.03799968,0.06997128
Tl2GeTe3,373.0,0.1916,10.1063/1.2181427,0.11396542,0.0962045,0.07454407,0.08891651
Tl2GeTe3,423.0,0.24157675862068967,10.1063/1.2181427,0.18587653,0.13753773,0.15437755,0.1599748
Tl2GeTe3,473.0,0.2918943570277777,10.1063/1.2181427,0.2655942,0.22910254,0.23877767,0.23796184
Tl4PbTe3,373.0,0.04215070602921951,10.1063/1.2181427,0.16373882,0.20763464,0.21294267,0.20017807
Tl4PbTe3,323.0,0.0609,10.1063/1.2181427,0.09154944,0.1354091,0.13756971,0.13546999
Tl4PbTe3,423.0,0.0876,10.1063/1.2181427,0.25606662,0.2587107,0.3052053,0.2738963
Tl4PbTe3,473.0,0.156,10.1063/1.2181427,0.3414855,0.33766896,0.39315063,0.3527293
Tl4PbTe3,523.0,0.269,10.1063/1.2181427,0.4643634,0.47554675,0.5048363,0.48835668
Tl4PbTe3,573.0,0.426,10.1063/1.2181427,0.6399661,0.624651,0.61211383,0.58584565
Tl4PbTe3,623.0,0.5584442473397312,10.1063/1.2181427,0.71321225,0.71820325,0.7808458,0.70969117
Tl4PbTe3,673.0,0.718,10.1063/1.2181427,0.7453601,0.7932635,0.8103217,0.7632173
Tl4SnTe3,323.0,0.272,10.1063/1.2181427,0.14468244,0.14256105,0.12920004,0.15230978
Tl4SnTe3,373.0,0.286,10.1063/1.2181427,0.19406542,0.16843411,0.15549211,0.18093163
Tl4SnTe3,423.0,0.39,10.1063/1.2181427,0.2505373,0.21461159,0.21356013,0.2403758
Tl4SnTe3,473.0,0.48,10.1063/1.2181427,0.41607013,0.3486945,0.4089302,0.36755165
Tl4SnTe3,523.0,0.546,10.1063/1.2181427,0.39775637,0.366932,0.35557517,0.39552468
Tl4SnTe3,623.0,0.667,10.1063/1.2181427,0.7302078,0.6303935,0.73293626,0.635391
Tl4SnTe3,673.0,0.74,10.1063/1.2181427,0.7950975,0.7467952,0.8027865,0.7129479
Ba0.03Co4Sb12,300.0,0.10668858810972569,10.1063/1.2920210,0.1031084,0.14052005,0.09777761,0.101031065
Ba0.03Co4Sb12,400.0,0.167,10.1063/1.2920210,0.206686,0.23775847,0.19635148,0.22572665
Ba0.03Co4Sb12,500.0,0.20228908384490793,10.1063/1.2920210,0.31203058,0.34840018,0.3609395,0.34416178
Ba0.03Co4Sb12,800.0,0.204,10.1063/1.2920210,0.49320704,0.5434679,0.6230737,0.5741346
Ba0.03Co4Sb12,700.0,0.21148272480690267,10.1063/1.2920210,0.43074897,0.5111392,0.57958823,0.50045335
Ba0.03Co4Sb12,600.0,0.22279198150957993,10.1063/1.2920210,0.41036108,0.43805602,0.5148441,0.45683375
Ba0.05Yb0.09Co4Sb12,300.0,0.29,10.1063/1.2920210,0.2598967,0.2574879,0.25510252,0.25171602
Ba0.05Yb0.09Co4Sb12,400.0,0.51,10.1063/1.2920210,0.4267181,0.40498075,0.39626312,0.4044468
Ba0.05Yb0.09Co4Sb12,600.0,1.0235592609619433,10.1063/1.2920210,0.79956186,0.74389,0.78593487,0.7581273
Ba0.05Yb0.09Co4Sb12,800.0,1.28,10.1063/1.2920210,0.98430574,0.943254,0.9658216,0.95247954
Ba0.08Yb0.09Co4Sb12,300.0,0.38,10.1063/1.2920210,0.27661276,0.2646187,0.26427007,0.26330844
Ba0.08Yb0.09Co4Sb12,400.0,0.57,10.1063/1.2920210,0.44343418,0.41420197,0.40543073,0.41786054
Ba0.08Yb0.09Co4Sb12,600.0,1.03,10.1063/1.2920210,0.8403741,0.8080054,0.8383133,0.8248648
Ba0.08Yb0.09Co4Sb12,700.0,1.1997105394190868,10.1063/1.2920210,0.99286246,0.9960526,0.988887,0.99437547
Ba0.08Yb0.09Co4Sb12,800.0,1.3,10.1063/1.2920210,1.0847902,1.0613778,1.0677062,1.0788244
Ba0.11Yb0.03Co4Sb12,300.0,0.215,10.1063/1.2920210,0.22808781,0.19901633,0.19045816,0.19672167
Ba0.11Yb0.03Co4Sb12,400.0,0.3412916870042709,10.1063/1.2920210,0.38807347,0.3453336,0.33161902,0.34945223
Ba0.11Yb0.03Co4Sb12,500.0,0.4777332486085343,10.1063/1.2920210,0.5437731,0.50494486,0.5042493,0.51048183
Ba0.11Yb0.03Co4Sb12,600.0,0.634,10.1063/1.2920210,0.7542611,0.6503349,0.70115703,0.6844504
Ba0.11Yb0.03Co4Sb12,700.0,0.78,10.1063/1.2920210,0.88103473,0.8253002,0.8510005,0.8254378
Ba0.11Yb0.08Co4Sb12,300.0,0.3,10.1063/1.2920210,0.27184993,0.2790399,0.25852877,0.2779478
Ba0.11Yb0.08Co4Sb12,400.0,0.47267300826446285,10.1063/1.2920210,0.43867135,0.42862308,0.39968944,0.43249977
Ba0.11Yb0.08Co4Sb12,500.0,0.6727109832635982,10.1063/1.2920210,0.5943709,0.6038366,0.5892524,0.6134431
Ba0.11Yb0.08Co4Sb12,600.0,0.864,10.1063/1.2920210,0.8356113,0.81800324,0.8325719,0.83389956
Ba0.11Yb0.08Co4Sb12,700.0,1.0518293812693091,10.1063/1.2920210,0.98809963,1.0054133,0.98314565,1.0034105
Ba0.11Yb0.08Co4Sb12,800.0,1.2387981915310347,10.1063/1.2920210,1.0800273,1.0682769,1.061965,1.0809925
Ba0.15Yb0.01Co4Sb12,300.0,0.1939521928965517,10.1063/1.2920210,0.14342369,0.13509922,0.14471394,0.1405535
Ba0.15Yb0.01Co4Sb12,400.0,0.3185,10.1063/1.2920210,0.30541703,0.28660357,0.2825149,0.2936787
Ba0.15Yb0.01Co4Sb12,500.0,0.445,10.1063/1.2920210,0.43475288,0.42957288,0.43819523,0.4351685
Ba0.15Yb0.01Co4Sb12,600.0,0.5994425496688741,10.1063/1.2920210,0.64741397,0.60699475,0.6529267,0.6327359
Ba0.15Yb0.01Co4Sb12,800.0,0.822,10.1063/1.2920210,0.8905659,0.87444836,0.866175,0.87852305
Ag3.4Mo9Se11,350.0,0.0804,10.1063/1.3579261,0.07260328,0.04809436,0.0656609,0.05549177
Ag3.4Mo9Se11,447.0,0.13478133746938775,10.1063/1.3579261,0.11636258,0.08229921,0.10762091,0.088724725
Ag3.4Mo9Se11,547.0,0.2053,10.1063/1.3579261,0.21086922,0.19507062,0.22830346,0.19394496
Ag3.4Mo9Se11,645.0,0.287,10.1063/1.3579261,0.30977356,0.2692001,0.31146038,0.26305717
Ag3.4Mo9Se11,743.0,0.3785,10.1063/1.3579261,0.41944677,0.37640697,0.43289104,0.36661038
Ag3.5Mo9Se11,350.0,0.08039316393442622,10.1063/1.3579261,0.07260328,0.049027186,0.06401178,0.05549177
Ag3.5Mo9Se11,447.0,0.14628055907796605,10.1063/1.3579261,0.11636258,0.08156271,0.10619156,0.088724725
Ag3.5Mo9Se11,547.0,0.2265,10.1063/1.3579261,0.2123,0.19976449,0.22553708,0.19788411
Ag3.5Mo9Se11,645.0,0.3196201759964412,10.1063/1.3579261,0.31120434,0.27784517,0.30869418,0.26699632
Ag3.5Mo9Se11,743.0,0.41910719003999997,10.1063/1.3579261,0.42293775,0.38702366,0.42672214,0.37054953
Ag3.7Mo9Se11,350.0,0.08995225347339886,10.1063/1.3579261,0.0736995,0.050426543,0.08596865,0.05414733
Ag3.7Mo9Se11,447.0,0.15873547637865748,10.1063/1.3579261,0.12241846,0.08812044,0.16046008,0.08907773
Ag3.7Mo9Se11,547.0,0.245,10.1063/1.3579261,0.22842358,0.21036306,0.3093106,0.2133593
Ag3.7Mo9Se11,645.0,0.3369572221276596,10.1063/1.3579261,0.3298892,0.30304688,0.40231848,0.28943422
Ag3.7Mo9Se11,743.0,0.4391716547917043,10.1063/1.3579261,0.45347708,0.41909057,0.55792147,0.40013143
Ag3.8Mo9Se11,350.0,0.125,10.1063/1.3579261,0.10182031,0.050426543,0.08596865,0.05414733
Ag3.8Mo9Se11,447.0,0.2226,10.1063/1.3579261,0.17096926,0.08812044,0.16046008,0.08907773
Ag3.8Mo9Se11,547.0,0.3314154761280488,10.1063/1.3579261,0.29421324,0.21036306,0.3093106,0.2133593
Ag3.8Mo9Se11,645.0,0.45400088671875,10.1063/1.3579261,0.40229958,0.30304688,0.40231848,0.28943422
Ag3.8Mo9Se11,743.0,0.5686318312499999,10.1063/1.3579261,0.55296314,0.41909057,0.55792147,0.40013143
Ag3.9Mo9Se11,350.0,0.13036198717948716,10.1063/1.3579261,0.09560177,0.05415539,0.07511093,0.053934004
Ag3.9Mo9Se11,447.0,0.22788505293272723,10.1063/1.3579261,0.16897288,0.102547504,0.1560528,0.10819172
Ag3.9Mo9Se11,547.0,0.3334339747972631,10.1063/1.3579261,0.29260635,0.2559899,0.3053573,0.2659464
Ag3.9Mo9Se11,645.0,0.44131700316,10.1063/1.3579261,0.4006927,0.3511447,0.3983652,0.345999
Ag3.9Mo9Se11,743.0,0.5463522382702702,10.1063/1.3579261,0.53896385,0.47385743,0.5539683,0.4770807
BaDyCo4O7,368.0,0.0008,10.1063/1.3663526,0.005093999,0.0049783294,0.015609263,0.006757011
BaErCo4O7,368.0,0.0009,10.1063/1.3663526,0.010938052,0.018156458,0.020469325,0.007186003
BaHoCo4O7,368.0,0.00087,10.1063/1.3663526,0.012729921,0.018833691,0.020364128,0.008952542
BaLuCo4O7,368.0,0.0010116981152542375,10.1063/1.3663526,0.012729921,0.015088762,0.01660219,-0.00044978163
BaTmCo4O7,368.0,0.00113,10.1063/1.3663526,0.010748939,0.010324866,0.014928691,-0.0022171596
In0.005Pb0.995Te0.994I0.006,378.0,0.375,10.1063/1.3694742,0.2471468,0.28311792,0.34169105,0.3120746
In0.005Pb0.995Te0.994I0.006,428.0,0.4405888324799999,10.1063/1.3694742,0.36186206,0.40793875,0.44801113,0.44382605
In0.005Pb0.995Te0.994I0.006,481.0,0.486,10.1063/1.3694742,0.482076,0.5283493,0.5894421,0.5661055
In0.005Pb0.995Te0.994I0.006,533.0,0.49765028901443814,10.1063/1.3694742,0.55425763,0.6119523,0.6627508,0.6554103
In0.005Pb0.995Te0.994I0.006,585.0,0.5041989899698693,10.1063/1.3694742,0.638111,0.7301915,0.7621125,0.7683081
In0.005Pb0.995Te0.994I0.006,637.0,0.5248729112586208,10.1063/1.3694742,0.72539526,0.81818324,0.86935633,0.8607772
In0.005Pb0.995Te0.994I0.006,663.0,0.528,10.1063/1.3694742,0.78463465,0.8508786,0.90864146,0.8880058
In0.005Pb0.995Te0.996I0.004,378.0,0.38,10.1063/1.3694742,0.25109825,0.28311792,0.35557887,0.32894737
In0.005Pb0.995Te0.996I0.004,428.0,0.4163006833712984,10.1063/1.3694742,0.36581352,0.40793875,0.46701667,0.4606988
In0.005Pb0.995Te0.996I0.004,481.0,0.4723564905660147,10.1063/1.3694742,0.48602745,0.5362468,0.61452883,0.6005474
In0.005Pb0.995Te0.996I0.004,533.0,0.5108719403229974,10.1063/1.3694742,0.57171243,0.6281602,0.6964812,0.6898522
In0.005Pb0.995Te0.996I0.004,585.0,0.5361090931581082,10.1063/1.3694742,0.6555658,0.7545812,0.79584295,0.80275
In0.005Pb0.995Te0.996I0.004,663.0,0.5398242514189473,10.1063/1.3694742,0.80208945,0.8752683,0.9423719,0.9275709
In0.005Pb0.995Te0.996I0.004,637.0,0.543,10.1063/1.3694742,0.74285007,0.8425729,0.9030868,0.8952191
In0.005Pb0.995Te0.998I0.002,378.0,0.382,10.1063/1.3694742,0.2481692,0.2772788,0.3075049,0.2885173
In0.005Pb0.995Te0.998I0.002,428.0,0.4212701126143791,10.1063/1.3694742,0.3600417,0.40209964,0.41382498,0.41570982
In0.005Pb0.995Te0.998I0.002,481.0,0.45,10.1063/1.3694742,0.48025563,0.53040767,0.55276555,0.5635887
In0.005Pb0.995Te0.998I0.002,533.0,0.4827521640933333,10.1063/1.3694742,0.5659406,0.62232107,0.63471794,0.6528935
In0.005Pb0.995Te0.998I0.002,585.0,0.5,10.1063/1.3694742,0.64979404,0.7487421,0.73407966,0.7657913
In0.005Pb0.995Te0.998I0.002,637.0,0.5,10.1063/1.3694742,0.73707825,0.8367338,0.8413235,0.8582604
In0.005Pb0.995Te0.998I0.002,663.0,0.5,10.1063/1.3694742,0.7963177,0.8694292,0.87885505,0.8906122
In0.005Pb0.995Te0.999I0.001,378.0,0.322,10.1063/1.3694742,0.24357744,0.21605442,0.3182627,0.33948436
In0.005Pb0.995Te0.999I0.001,428.0,0.34342966530674995,10.1063/1.3694742,0.353709,0.33191553,0.42680112,0.4736518
In0.005Pb0.995Te0.999I0.001,663.0,0.366,10.1063/1.3694742,0.72453064,0.7552228,0.8723092,0.90440065
In0.005Pb0.995Te0.999I0.001,481.0,0.37666120570264766,10.1063/1.3694742,0.46749473,0.43118,0.5647129,0.6098465
In0.005Pb0.995Te0.999I0.001,637.0,0.38200041291176456,10.1063/1.3694742,0.6760767,0.728089,0.8455261,0.8989342
In0.005Pb0.995Te0.999I0.001,533.0,0.4,10.1063/1.3694742,0.5155871,0.52060163,0.6441026,0.69656307
In0.005Pb0.995Te0.999I0.001,585.0,0.405,10.1063/1.3694742,0.58879244,0.64702266,0.74050057,0.8064651
In0.015Pb0.985Te0.994I0.006,378.0,0.2698024136078386,10.1063/1.3694742,0.23091283,0.29037184,0.33643478,0.30888602
In0.015Pb0.985Te0.994I0.006,428.0,0.3362779130025126,10.1063/1.3694742,0.34452546,0.4106034,0.44275486,0.44063747
In0.015Pb0.985Te0.994I0.006,481.0,0.389,10.1063/1.3694742,0.45728678,0.53820485,0.58602154,0.5640665
In0.015Pb0.985Te0.994I0.006,533.0,0.437,10.1063/1.3694742,0.5018404,0.6159899,0.6605018,0.64579034
In0.015Pb0.985Te0.994I0.006,637.0,0.5149011618101546,10.1063/1.3694742,0.67570806,0.82478744,0.8809663,0.8554927
In0.015Pb0.985Te0.996I0.004,481.0,0.37915432020282136,10.1063/1.3694742,0.45728678,0.5375168,0.60533893,0.58330154
In0.015Pb0.985Te0.996I0.004,533.0,0.43094603674962406,10.1063/1.3694742,0.5069577,0.6236122,0.68846285,0.66502535
In0.015Pb0.985Te0.996I0.004,585.0,0.474,10.1063/1.3694742,0.59468096,0.75259984,0.7941269,0.7818196
In0.015Pb0.985Te0.996I0.004,637.0,0.51,10.1063/1.3694742,0.68082535,0.84059155,0.9089274,0.8747277
In0.015Pb0.985Te0.996I0.004,663.0,0.5285186736114452,10.1063/1.3694742,0.74430317,0.87803036,0.95691466,0.9125301
In0.015Pb0.985Te0.998I0.002,378.0,0.192,10.1063/1.3694742,0.22616874,0.28968382,0.3087854,0.2701218
In0.015Pb0.985Te0.998I0.002,533.0,0.3263,10.1063/1.3694742,0.48998764,0.6236122,0.6390058,0.62806666
In0.015Pb0.985Te0.998I0.002,585.0,0.365,10.1063/1.3694742,0.57771087,0.75259984,0.74466985,0.7448609
In0.015Pb0.985Te0.998I0.002,637.0,0.403,10.1063/1.3694742,0.6638553,0.84059155,0.8594703,0.83776903
In0.015Pb0.985Te0.998I0.002,663.0,0.4182141680154823,10.1063/1.3694742,0.7273331,0.87803036,0.905704,0.8755714
In0.015Pb0.985Te0.998I0.002,585.0,0.301,10.1063/1.3694742,0.57771087,0.75259984,0.74466985,0.7448609
In0.01Pb0.99Te0.994I0.006,378.0,0.3961801925411499,10.1063/1.3694742,0.24555233,0.28207415,0.34127632,0.30276772
In0.01Pb0.99Te0.994I0.006,428.0,0.4402725254418828,10.1063/1.3694742,0.36026755,0.4039434,0.4475964,0.43451917
In0.01Pb0.99Te0.994I0.006,481.0,0.48071285594170404,10.1063/1.3694742,0.48048148,0.5275087,0.5890273,0.55679864
In0.01Pb0.99Te0.994I0.006,533.0,0.5177488414062927,10.1063/1.3694742,0.5354284,0.6079252,0.662336,0.6356225
In0.01Pb0.99Te0.994I0.006,585.0,0.563,10.1063/1.3694742,0.61928177,0.7251207,0.7616977,0.7485203
In0.01Pb0.99Te0.994I0.006,663.0,0.59,10.1063/1.3694742,0.76466554,0.8458078,0.89877796,0.8612237
In0.01Pb0.99Te0.994I0.006,637.0,0.5932481105290698,10.1063/1.3694742,0.70542616,0.81311244,0.85949284,0.8339951
In0.01Pb0.99Te0.996I0.004,378.0,0.3811413777372263,10.1063/1.3694742,0.24555233,0.28207415,0.3493948,0.3196405
In0.01Pb0.99Te0.996I0.004,428.0,0.42361897180261326,10.1063/1.3694742,0.36026755,0.4039434,0.4608326,0.45139194
In0.01Pb0.99Te0.998I0.002,428.0,0.3536792784608695,10.1063/1.3694742,0.35449573,0.40364558,0.41994703,0.40640295
In0.01Pb0.99Te0.998I0.002,481.0,0.4174343548280423,10.1063/1.3694742,0.47470966,0.52721083,0.5588876,0.55428183
In0.01Pb0.99Te0.998I0.002,533.0,0.471,10.1063/1.3694742,0.5303053,0.6159377,0.64084,0.6331057
In0.01Pb0.99Te0.998I0.002,585.0,0.497,10.1063/1.3694742,0.61415863,0.74131507,0.7402017,0.7460035
In0.01Pb0.99Te0.998I0.002,637.0,0.5031252426253687,10.1063/1.3694742,0.7003031,0.8293068,0.83799684,0.8314783
In0.01Pb0.99Te0.998I0.002,663.0,0.511,10.1063/1.3694742,0.7595424,0.86200213,0.8755284,0.8638301
In0.01Pb0.99Te0.999I0.001,533.0,0.29914614468396905,10.1063/1.3694742,0.48112395,0.5142183,0.6502246,0.6767753
Mo3Sb7,723.0,0.06912736389259531,10.1063/1.5144156,0.129732,0.23800859,0.13236317,0.21778834
Mo3Sb7,823.0,0.0946023691783307,10.1063/1.5144156,0.15847746,0.27829543,0.1659883,0.25826567
Mo3Sb7I,523.0,0.059029092706473135,10.1063/1.5144156,0.091978006,0.119845375,0.13314432,0.14715195
Mo3Sb7I,623.0,0.0855,10.1063/1.5144156,0.122161664,0.19877152,0.16646084,0.22539516
Mo3Sb7I,723.0,0.12100622356352728,10.1063/1.5144156,0.1426762,0.2311268,0.20242701,0.24456961
Mo3Sb7I,823.0,0.155,10.1063/1.5144156,0.15990016,0.24487533,0.19551826,0.2595598
Mo3Sb7I0.75,323.0,0.012214155851999997,10.1063/1.5144156,0.008741994,0.0059672347,0.006551607,0.008657792
Mo3Sb7I0.75,423.0,0.026021226430885527,10.1063/1.5144156,0.050087217,0.06614329,0.06162722,0.080206625
Mo3Sb7I0.75,523.0,0.04507593317162518,10.1063/1.5144156,0.089979775,0.119845375,0.13314432,0.14884196
Mo3Sb7I0.75,623.0,0.07020390289681398,10.1063/1.5144156,0.12016346,0.19877152,0.16646084,0.22708517
Mo3Sb7I0.75,723.0,0.10312634574152542,10.1063/1.5144156,0.14122117,0.2311268,0.20242701,0.24625963
Mo3Sb7I0.75,823.0,0.1277339656623395,10.1063/1.5144156,0.15902372,0.24487533,0.19551826,0.26124987
Mo3Sb7I1.25,323.0,0.01764619532653061,10.1063/1.5144156,0.012537712,0.012978038,0.020932347,0.01659377
Mo3Sb7I1.25,423.0,0.03393679804855491,10.1063/1.5144156,0.061623223,0.07199594,0.07162772,0.091772035
Mo3Sb7I1.25,523.0,0.058,10.1063/1.5144156,0.116679415,0.13096024,0.146586,0.16510268
Mo3Sb7I1.25,623.0,0.08933921378126067,10.1063/1.5144156,0.14686319,0.20988622,0.17692505,0.24456401
Mo3Sb7I1.25,720.0,0.129,10.1063/1.5144156,0.16469729,0.23937175,0.20578372,0.25866008
Mo3Sb7I1.25,820.0,0.1745,10.1063/1.5144156,0.18631747,0.2591,0.21310765,0.28139445
Mo3Sb7I1.5,323.0,0.0016224432389791183,10.1063/1.5144156,0.0063987193,0.012978038,0.020932347,0.019629842
Mo3Sb7I1.5,423.0,0.007694871582802546,10.1063/1.5144156,0.055484243,0.07199594,0.073677205,0.091772035
Mo3Sb7I1.5,523.0,0.019154097126705655,10.1063/1.5144156,0.1105405,0.13096024,0.15126942,0.16510268
Mo3Sb7I1.5,623.0,0.03555857454545455,10.1063/1.5144156,0.14072421,0.20988622,0.18960059,0.24456401
Mo3Sb7I1.5,723.0,0.06059977927325581,10.1063/1.5144156,0.1604375,0.2422415,0.23031355,0.26784348
Mo3Sb7I1.5,823.0,0.088,10.1063/1.5144156,0.16876002,0.2559898,0.2253523,0.27795583
Eu2Zn0.96Sb2,300.0,0.18385941222222218,10.1073/pnas.1819157116,0.18219891,0.16730027,0.17309168,0.16478792
Eu2Zn0.96Sb2,473.0,0.5079848692152917,10.1073/pnas.1819157116,0.4745827,0.44570282,0.43719694,0.42994785
Eu2Zn0.96Sb2,623.0,0.8247632291845493,10.1073/pnas.1819157116,0.75648165,0.7238743,0.735809,0.7144255
Eu2Zn0.96Sb2,723.0,0.9167024680851065,10.1073/pnas.1819157116,0.82652867,0.80661875,0.8029925,0.7794606
Eu2Zn0.96Sb2,823.0,0.94052384036,10.1073/pnas.1819157116,0.88267004,0.85403264,0.8597496,0.8450975
Eu2Zn0.98Sb2,300.0,0.2177712,10.1073/pnas.1819157116,0.18219891,0.16730027,0.17309168,0.16478792
Eu2Zn0.98Sb2,473.0,0.5375308038913044,10.1073/pnas.1819157116,0.47791144,0.42983517,0.40135872,0.39886558
Eu2Zn0.98Sb2,623.0,0.827746005429885,10.1073/pnas.1819157116,0.7481933,0.6288557,0.60307264,0.57663643
Eu2Zn0.98Sb2,723.0,0.94,10.1073/pnas.1819157116,0.81824034,0.69971585,0.64624894,0.6234726
Eu2Zn0.98Sb2,823.0,1.0,10.1073/pnas.1819157116,0.8743817,0.7174029,0.6987482,0.68680364
Eu2ZnSb2,300.0,0.14088662790697673,10.1073/pnas.1819157116,0.16570754,0.16730027,0.17309168,0.16478792
Eu2ZnSb2,473.0,0.3596930900475,10.1073/pnas.1819157116,0.34747788,0.42983517,0.40135872,0.39886558
Eu2ZnSb2,623.0,0.5283777829536586,10.1073/pnas.1819157116,0.52711403,0.6288557,0.60307264,0.57663643
Eu2ZnSb2,823.0,0.5593598297872341,10.1073/pnas.1819157116,0.6226615,0.7174029,0.6987482,0.68680364
Eu2ZnSb2,723.0,0.6168189805714286,10.1073/pnas.1819157116,0.58241385,0.69971585,0.64624894,0.6234726
Tl0.1Co4Sb12,50.0,0.0029250525384417483,10.1103/physrevb.61.2475,-0.008938011,-0.013233469,-0.017149616,-0.016469676
Tl0.1Co4Sb12,100.0,0.020297828315352692,10.1103/physrevb.61.2475,-0.0047095213,-0.008190238,-0.013043515,-0.011542932
Tl0.1Co4Sb12,150.0,0.045182828137125,10.1103/physrevb.61.2475,0.00083800394,-0.0026131899,-0.005670241,-0.0057018944
Tl0.1Co4Sb12,250.0,0.1389344490068755,10.1103/physrevb.61.2475,0.029831909,0.026855204,0.01803531,0.021550791
Tl0.22Co4Sb12,50.0,0.0028618138718567,10.1103/physrevb.61.2475,0.008014397,0.017515056,0.011803978,0.006609961
Tl0.22Co4Sb12,100.0,0.015889427663076928,10.1103/physrevb.61.2475,0.01452002,0.024430048,0.021418266,0.016214505
Tl0.22Co4Sb12,150.0,0.03563182734984266,10.1103/physrevb.61.2475,0.024383197,0.030007081,0.028791526,0.024223719
Tl0.22Co4Sb12,200.0,0.06475808733267675,10.1103/physrevb.61.2475,0.042436477,0.047157705,0.046878975,0.041691355
Tl0.22Co4Sb12,250.0,0.09388583412802276,10.1103/physrevb.61.2475,0.061755545,0.06690004,0.05359279,0.05399491
Tl0.7Co4Sn0.75Sb11.25,50.0,0.00019344801149119445,10.1103/physrevb.61.2475,-0.029409355,-0.03650253,-0.04260971,-0.013403129
Tl0.7Co4Sn0.75Sb11.25,150.0,0.003046651553056151,10.1103/physrevb.61.2475,-0.023820467,-0.026406525,-0.031287026,-0.00485794
Tl0.7Co4Sn0.75Sb11.25,200.0,0.006793287447475984,10.1103/physrevb.61.2475,-0.005767166,-0.009255883,-0.013199603,0.012609681
Tl0.7Co4Sn0.75Sb11.25,250.0,0.012166491596638657,10.1103/physrevb.61.2475,0.007428831,0.0049988455,-0.0064858655,0.022394767
Tl0.8Co4SnSb11,50.0,2.7496222229516803e-06,10.1103/physrevb.61.2475,-0.029720077,-0.036065564,-0.045655888,-0.018799912
Tl0.8Co4SnSb11,100.0,7.296760203488372e-05,10.1103/physrevb.61.2475,-0.028393622,-0.03154658,-0.041706454,-0.016449252
Tl0.8Co4SnSb11,150.0,0.0003311647949999999,10.1103/physrevb.61.2475,-0.024131201,-0.027424047,-0.034333196,-0.01025472
Tl0.8Co4SnSb11,200.0,0.000919674418604651,10.1103/physrevb.61.2475,-0.006077899,-0.010273392,-0.016245788,0.0072128973
Tl0.8Co4SnSb11,250.0,0.002222607898672566,10.1103/physrevb.61.2475,0.0071180924,0.0039813304,-0.009532042,0.016997984
PbTe,323.0,0.183,10.1021/acsami.1c14518,0.17471316,0.25956124,0.16559656,0.24408935
PbTe,428.0,0.482,10.1021/acsami.1c14518,0.3710731,0.45047522,0.3597867,0.44002137
PbTe,529.0,0.713,10.1021/acsami.1c14518,0.5476724,0.6062546,0.54670435,0.60438305
PbTe,629.0,0.736,10.1021/acsami.1c14518,0.7059861,0.75936615,0.6996935,0.77090174
PbTe,724.0,0.6463154876772111,10.1021/acsami.1c14518,0.83233756,0.795362,0.8149232,0.8390029
PbTe,821.0,0.5695323507327384,10.1021/acsami.1c14518,0.8233497,0.76745397,0.80930257,0.7674671
PbZn0.015Te,320.0,0.55,10.1021/acsami.1c14518,0.17172351,0.1905138,0.17112789,0.17468853
PbZn0.015Te,421.0,0.665,10.1021/acsami.1c14518,0.3231511,0.3485744,0.33409953,0.33145666
PbZn0.015Te,520.0,0.728,10.1021/acsami.1c14518,0.53189903,0.5579411,0.5525636,0.5395837
PbZn0.015Te,618.0,0.937,10.1021/acsami.1c14518,0.7609702,0.7802206,0.7364384,0.7624982
PbZn0.015Te,716.0,1.097,10.1021/acsami.1c14518,0.9025899,0.90755165,0.90833515,0.87969553
PbZn0.015Te,811.0,1.097,10.1021/acsami.1c14518,0.95296156,0.9726896,0.9533492,0.9475832
Pb0.995Zn0.02Te,318.0,0.503,10.1021/acsami.1c14518,0.15274248,0.18314464,0.15826388,0.16822559
Pb0.995Zn0.02Te,419.0,0.7352346909427385,10.1021/acsami.1c14518,0.31504688,0.35311174,0.33081356,0.33420122
Pb0.995Zn0.02Te,520.0,0.8802252363168317,10.1021/acsami.1c14518,0.52379483,0.5575364,0.5511133,0.5314302
Pb0.995Zn0.02Te,622.0,1.16,10.1021/acsami.1c14518,0.7578699,0.79388916,0.7793858,0.7857578
Pb0.995Zn0.02Te,724.0,1.3168715838818552,10.1021/acsami.1c14518,0.95821446,0.97889805,0.9677291,0.9321927
Pb0.995Zn0.02Te,825.0,1.3260265984524318,10.1021/acsami.1c14518,0.99235463,1.0247343,1.0222802,0.9838078
Pb0.985Zn0.03Te,318.0,0.397,10.1021/acsami.1c14518,0.16619888,0.1750144,0.15754305,0.16769746
Pb0.985Zn0.03Te,419.0,0.5879001382183731,10.1021/acsami.1c14518,0.32850328,0.3449815,0.33009276,0.33367312
Pb0.985Zn0.03Te,520.0,0.782,10.1021/acsami.1c14518,0.5426362,0.5494062,0.5503925,0.53090197
Pb0.985Zn0.03Te,622.0,1.0003033282205263,10.1021/acsami.1c14518,0.7767113,0.7857589,0.778665,0.78522956
Pb0.985Zn0.03Te,724.0,1.1688532420429996,10.1021/acsami.1c14518,0.980961,0.9707678,0.9670083,0.93166447
Pb0.985Zn0.03Te,825.0,1.2,10.1021/acsami.1c14518,1.0265465,1.0166038,1.0256214,0.98788244
Pb0.98Zn0.035Te,318.0,0.358,10.1021/acsami.1c14518,0.1676847,0.16285922,0.16147293,0.17003497
Pb0.98Zn0.035Te,419.0,0.565,10.1021/acsami.1c14518,0.3299891,0.3288355,0.33402276,0.33601063
Pb0.98Zn0.035Te,520.0,0.7597461146802776,10.1021/acsami.1c14518,0.54584837,0.5365489,0.563397,0.53880054
Pb0.98Zn0.035Te,618.0,1.05,10.1021/acsami.1c14518,0.7823852,0.76418436,0.76361907,0.7784509
Pb0.98Zn0.035Te,719.0,1.2207349010907973,10.1021/acsami.1c14518,0.97535473,0.96215606,0.96358424,0.9455127
Pb0.98Zn0.035Te,821.0,1.24,10.1021/acsami.1c14518,1.0433372,1.0168028,1.0635419,1.0209653
Pb0.975Zn0.04Te,323.0,0.3445792862332001,10.1021/acsami.1c14518,0.18812926,0.17848638,0.15968801,0.18756296
Pb0.975Zn0.04Te,423.0,0.5473304957667526,10.1021/acsami.1c14518,0.3594507,0.34500283,0.32493052,0.35126257
Pb0.975Zn0.04Te,520.0,0.72,10.1021/acsami.1c14518,0.5703778,0.5492285,0.55232316,0.56854016
Pb0.975Zn0.04Te,622.0,0.9406626593426201,10.1021/acsami.1c14518,0.8178712,0.7914164,0.78110456,0.8319264
Pb0.975Zn0.04Te,724.0,1.121,10.1021/acsami.1c14518,1.0164523,0.9672314,0.9729992,1.0008808
Pb0.975Zn0.04Te,825.0,1.144,10.1021/acsami.1c14518,1.0726534,1.0380872,1.0568821,1.0684843
Cu7PSe6,325.0,0.011666820143698799,10.1021/acsami.1c11193,0.06439944,0.070611835,0.06079031,0.034964416
Cu7PSe6,422.0,0.1301373001580468,10.1021/acsami.1c11193,0.108379185,0.12485149,0.11096895,0.07723328
Cu7PSe6,523.0,0.2981209103956059,10.1021/acsami.1c11193,0.19082606,0.21557789,0.19096209,0.17416738
Cu7PSe6,623.0,0.339811327510917,10.1021/acsami.1c11193,0.28083095,0.324018,0.29270816,0.27171716
Cu7PSe6,673.0,0.3664463010891089,10.1021/acsami.1c11193,0.34174064,0.38439736,0.35621288,0.3424595
Cu7P(S0.25Se0.75)6,325.0,0.13026874548041695,10.1021/acsami.1c11193,0.11054575,0.124232806,0.09399921,0.116440736
Cu7P(S0.25Se0.75)6,422.0,0.1954370528955305,10.1021/acsami.1c11193,0.16239424,0.17847249,0.14417782,0.16079135
Cu7P(S0.25Se0.75)6,523.0,0.38372421693461534,10.1021/acsami.1c11193,0.25378668,0.27454704,0.24895868,0.2802441
Cu7P(S0.25Se0.75)6,623.0,0.6002382642969868,10.1021/acsami.1c11193,0.34379146,0.3829873,0.3582164,0.37779433
Cu7P(S0.25Se0.75)6,673.0,0.630450636036036,10.1021/acsami.1c11193,0.40470114,0.4402466,0.42172116,0.44853666
Cu7P(S0.5Se0.5)6,325.0,0.08435807960656384,10.1021/acsami.1c11193,0.092798084,0.086751565,0.08865769,0.08412044
Cu7P(S0.5Se0.5)6,422.0,0.13715,10.1021/acsami.1c11193,0.14756137,0.14099126,0.13883628,0.12847088
Cu7P(S0.5Se0.5)6,523.0,0.3222484486200692,10.1021/acsami.1c11193,0.2245903,0.22966622,0.24174312,0.23723076
Cu7P(S0.5Se0.5)6,623.0,0.6943474927093426,10.1021/acsami.1c11193,0.3011422,0.33169293,0.34897906,0.31999066
Cu7P(S0.5Se0.5)6,673.0,0.7517327726161369,10.1021/acsami.1c11193,0.33776748,0.361876,0.38716304,0.35194376
Cu7P(S0.55Se0.45)6,325.0,0.04378852621076696,10.1021/acsami.1c11193,0.092798084,0.086751565,0.08865769,0.08378966
Cu7P(S0.55Se0.45)6,422.0,0.12964343046357615,10.1021/acsami.1c11193,0.14756137,0.14099126,0.13883628,0.12599921
Cu7P(S0.55Se0.45)6,523.0,0.2923213992982456,10.1021/acsami.1c11193,0.2245903,0.22195017,0.23791575,0.23475909
Cu7P(S0.55Se0.45)6,623.0,0.4401204341165919,10.1021/acsami.1c11193,0.29480323,0.30996493,0.32698035,0.3130281
Cu7P(S0.55Se0.45)6,673.0,0.530693915232558,10.1021/acsami.1c11193,0.33142853,0.340148,0.36260927,0.3449812
Cu7P(S0.6Se0.4)6,325.0,0.046665235071590906,10.1021/acsami.1c11193,0.08542938,0.082818985,0.09059813,0.078965954
Cu7P(S0.6Se0.4)6,422.0,0.1353368389597143,10.1021/acsami.1c11193,0.14019264,0.13705868,0.14077672,0.119093865
Cu7P(S0.6Se0.4)6,523.0,0.35108756974444444,10.1021/acsami.1c11193,0.21722157,0.2180176,0.2398562,0.22785383
Cu7P(S0.6Se0.4)6,623.0,0.52379088832,10.1021/acsami.1c11193,0.28743458,0.30603233,0.32892078,0.30612287
Cu7P(S0.6Se0.4)6,673.0,0.6300311134970589,10.1021/acsami.1c11193,0.32405987,0.3362154,0.3645497,0.33807597
Cu7P(S0.65Se0.35)6,325.0,0.019587968361514958,10.1021/acsami.1c11193,0.08303063,0.082818985,0.08512038,0.07431262
Cu7P(S0.65Se0.35)6,422.0,0.0998297310549282,10.1021/acsami.1c11193,0.13521726,0.13705868,0.13529895,0.11444052
Cu7P(S0.65Se0.35)6,523.0,0.2958890355546875,10.1021/acsami.1c11193,0.2122462,0.2180176,0.23164198,0.22826317
Cu7P(S0.65Se0.35)6,623.0,0.4096217929390725,10.1021/acsami.1c11193,0.28173304,0.30603233,0.32070658,0.30146956
Cu7P(S0.65Se0.35)6,673.0,0.4893332882978723,10.1021/acsami.1c11193,0.31049624,0.3362154,0.3563355,0.33342266
Cu7P(S0.75Se0.25)6,325.0,0.0036270026639999998,10.1021/acsami.1c11193,0.08303063,0.082451954,0.08600825,0.07636088
Cu7P(S0.75Se0.25)6,422.0,0.05495997698194475,10.1021/acsami.1c11193,0.13521726,0.13669164,0.13618682,0.11648878
Cu7P(S0.75Se0.25)6,523.0,0.2816230855521521,10.1021/acsami.1c11193,0.2122462,0.21765056,0.23252985,0.22524872
Cu7P(S0.75Se0.25)6,623.0,0.4322912676723042,10.1021/acsami.1c11193,0.28173304,0.30566528,0.32159445,0.30351785
Cu7P(S0.75Se0.25)6,673.0,0.5115408536481275,10.1021/acsami.1c11193,0.31049624,0.33584836,0.35722336,0.33547094
Cu7PS6,325.0,3.106433680325761e-05,10.1021/acsami.1c11193,0.080509886,0.0654572,0.07334388,0.06794224
Cu7PS6,422.0,0.00021609220297029704,10.1021/acsami.1c11193,0.13562949,0.12736586,0.12993978,0.10768205
Cu7PS6,523.0,0.02373401502688005,10.1021/acsami.1c11193,0.2216299,0.22032939,0.21785568,0.20342575
Cu7PS6,623.0,0.0863285455044923,10.1021/acsami.1c11193,0.2909913,0.30834404,0.2968681,0.28503358
Cu7PS6,673.0,0.1291824041669043,10.1021/acsami.1c11193,0.32116333,0.3416742,0.332497,0.31932184
ZrNiSn,376.0,0.03362517306161745,10.1021/acsami.1c05639,0.067582205,0.054305818,0.06317655,0.047291685
ZrNiSn,474.0,0.10605088147510384,10.1021/acsami.1c05639,0.12208661,0.11602047,0.12479105,0.11632675
ZrNiSn,573.0,0.21851095133675064,10.1021/acsami.1c05639,0.22276855,0.22074582,0.22420245,0.21784982
ZrNiSn,673.0,0.3461522362495561,10.1021/acsami.1c05639,0.32873997,0.32959366,0.336796,0.3156349
ZrNiSn,771.0,0.4212833155503431,10.1021/acsami.1c05639,0.40886888,0.39721987,0.4090109,0.39660951
ZrNiSn,873.0,0.4904662099070428,10.1021/acsami.1c05639,0.43902472,0.4323435,0.44457445,0.427159
ZrNiSn,972.0,0.5419535907137882,10.1021/acsami.1c05639,0.44763806,0.43641424,0.44934344,0.4354327
Bi0.48Sb1.52Te3,300.0,0.8043513421621621,10.1021/acsami.1c05525,0.8832659,0.8857349,0.8868251,0.8818765
Bi0.48Sb1.52Te3,350.0,0.8220613271276596,10.1021/acsami.1c05525,0.90414256,0.8983595,0.90160406,0.89171946
Bi0.48Sb1.52Te3,400.0,0.6380411476116313,10.1021/acsami.1c05525,0.8725333,0.87941915,0.8872871,0.86949664
Bi0.48Sb1.52Te3,450.0,0.44118525946437204,10.1021/acsami.1c05525,0.7419426,0.7359176,0.7194246,0.72496605
Bi0.48Sb1.52Te3,500.0,0.266,10.1021/acsami.1c05525,0.57517195,0.5948883,0.5693273,0.57706356
Cu12Sb4S13,324.0,0.12031054913756664,10.1021/acsami.1c03493,0.1356784,0.15063056,0.13054894,0.16153449
Cu12Sb4S13,425.0,0.2089307781472626,10.1021/acsami.1c03493,0.25472605,0.2773949,0.25438827,0.27966368
Cu12Sb4S13,525.0,0.3124809875589898,10.1021/acsami.1c03493,0.37783068,0.41299373,0.3807273,0.41727278
Cu12Sb4S13,625.0,0.43662891772894935,10.1021/acsami.1c03493,0.5218413,0.5383898,0.51239717,0.5443633
Cu12Sb4S13,724.0,0.6336032709479605,10.1021/acsami.1c03493,0.5860755,0.6134895,0.5687798,0.61170024
Cu11.9Gd0.1Sb4S13,327.0,0.1467570729539842,10.1021/acsami.1c03493,0.14432825,0.15672079,0.14184599,0.16313191
Cu11.9Gd0.1Sb4S13,425.0,0.24228876378008551,10.1021/acsami.1c03493,0.2624118,0.28211963,0.26307136,0.27966368
Cu11.9Gd0.1Sb4S13,525.0,0.36416102873597805,10.1021/acsami.1c03493,0.38516602,0.41908127,0.3865422,0.41727278
Cu11.9Gd0.1Sb4S13,625.0,0.4756897334507511,10.1021/acsami.1c03493,0.52917665,0.5444774,0.5182117,0.5443633
Cu11.9Gd0.1Sb4S13,724.0,0.6557865354251042,10.1021/acsami.1c03493,0.59341085,0.6195771,0.57459474,0.61170024
Cu11.8Gd0.2Sb4S13,327.0,0.16018047339409328,10.1021/acsami.1c03493,0.14432825,0.15672079,0.14184599,0.16313191
Cu11.8Gd0.2Sb4S13,425.0,0.2699328691981781,10.1021/acsami.1c03493,0.2624118,0.28211963,0.26307136,0.27966368
Cu11.8Gd0.2Sb4S13,525.0,0.39678354173097347,10.1021/acsami.1c03493,0.38516602,0.41908127,0.3865422,0.41727278
Cu11.8Gd0.2Sb4S13,625.0,0.5216074707865849,10.1021/acsami.1c03493,0.52917665,0.5444774,0.5182117,0.5443633
Cu11.8Gd0.2Sb4S13,724.0,0.7078,10.1021/acsami.1c03493,0.59341085,0.6195771,0.57459474,0.61170024
Cu11.7Gd0.3Sb4S13,320.0,0.17325827601936183,10.1021/acsami.1c03493,0.14270173,0.15277117,0.14093876,0.15925413
Cu11.7Gd0.3Sb4S13,424.0,0.3054930581674576,10.1021/acsami.1c03493,0.2621868,0.28211963,0.26307136,0.27966368
Cu11.7Gd0.3Sb4S13,523.0,0.4455341817309245,10.1021/acsami.1c03493,0.38516602,0.41908127,0.3865422,0.41578582
Cu11.7Gd0.3Sb4S13,623.0,0.5837879703138374,10.1021/acsami.1c03493,0.5282957,0.5444774,0.5182117,0.5443633
Cu11.7Gd0.3Sb4S13,723.0,0.8328,10.1021/acsami.1c03493,0.59341085,0.6195771,0.57459474,0.61170024
Cu11.6Gd0.4Sb4S13,327.0,0.16959760862233847,10.1021/acsami.1c03493,0.14432825,0.15672079,0.14184599,0.16313191
Cu11.6Gd0.4Sb4S13,425.0,0.2910363068567549,10.1021/acsami.1c03493,0.26701987,0.28211963,0.26307136,0.27966368
Cu11.6Gd0.4Sb4S13,525.0,0.4196740546095649,10.1021/acsami.1c03493,0.389774,0.41908127,0.3865422,0.41727278
Cu11.6Gd0.4Sb4S13,625.0,0.5399987729195806,10.1021/acsami.1c03493,0.5337844,0.5444774,0.5182117,0.5443633
Cu11.6Gd0.4Sb4S13,724.0,0.7713271259049221,10.1021/acsami.1c03493,0.5980188,0.6195771,0.57459474,0.61170024
Cu11.5Gd0.5Sb4S13,327.0,0.15218552430678847,10.1021/acsami.1c03493,0.16379921,0.16781653,0.16175446,0.1755836
Cu11.5Gd0.5Sb4S13,425.0,0.26522143030229745,10.1021/acsami.1c03493,0.29996204,0.29576567,0.30392045,0.29721898
Cu11.5Gd0.5Sb4S13,525.0,0.39769582642193146,10.1021/acsami.1c03493,0.4467688,0.45195925,0.45071104,0.4531667
Cu11.5Gd0.5Sb4S13,625.0,0.5259578901183801,10.1021/acsami.1c03493,0.5975495,0.5846524,0.5870466,0.5867393
Cu11.5Gd0.5Sb4S13,724.0,0.7197207095818244,10.1021/acsami.1c03493,0.66178393,0.6597525,0.6434304,0.65407634
Ag2Se,297.0,0.8260280592014155,10.1021/acsami.1c08410,0.51847345,0.6108176,0.5216073,0.54080456
Ag2Se,350.0,0.7335672977626231,10.1021/acsami.1c08410,0.47888678,0.612703,0.45438525,0.5829253
Ag2Se,374.0,0.634,10.1021/acsami.1c08410,0.46718463,0.6362903,0.4333871,0.5907655
Ag2Se,399.0,0.548,10.1021/acsami.1c08410,0.2960257,0.5124206,0.3095668,0.48893932
Ag2Se,423.0,0.148,10.1021/acsami.1c08410,0.25683603,0.37067276,0.2705089,0.38259202
Ag2Se,474.0,0.162,10.1021/acsami.1c08410,0.24649392,0.29970133,0.23326062,0.34611088
Ag2Se,524.0,0.19,10.1021/acsami.1c08410,0.28788558,0.36053222,0.2962945,0.41040942
Ag2Se,573.0,0.221,10.1021/acsami.1c08410,0.3203508,0.40007445,0.3199779,0.44924
NbCoSn,375.0,0.07137291054779586,10.1021/acsami.1c08127,0.017318277,0.03863941,0.013799821,0.018468129
NbCoSn,474.0,0.10490934876271371,10.1021/acsami.1c08127,0.049578916,0.079720445,0.0551777,0.06829228
NbCoSn,576.0,0.1351038315480129,10.1021/acsami.1c08127,0.076615475,0.12180603,0.0968982,0.10469937
NbCoSn,678.0,0.16,10.1021/acsami.1c08127,0.10118739,0.1848729,0.1254492,0.14901279
NbCoSn,779.0,0.18822657786429917,10.1021/acsami.1c08127,0.14179091,0.24526481,0.14824748,0.20902759
NbCoSn,879.0,0.21040283732532158,10.1021/acsami.1c08127,0.19210632,0.2661507,0.19551547,0.25117052
NbCoSn,970.0,0.22833618919686866,10.1021/acsami.1c08127,0.20806104,0.28595868,0.21274401,0.25741425
NbCo0.98Ni0.02Sn,387.0,0.05039116460325999,10.1021/acsami.1c08127,0.058834713,0.05644908,0.02502605,0.039139982
NbCo0.98Ni0.02Sn,498.0,0.0821631448575024,10.1021/acsami.1c08127,0.11807921,0.123586476,0.0858559,0.10988624
NbCo0.98Ni0.02Sn,605.0,0.11233276397172397,10.1021/acsami.1c08127,0.14248583,0.16602008,0.09514566,0.13496922
NbCo0.98Ni0.02Sn,704.0,0.13434473853276904,10.1021/acsami.1c08127,0.18742388,0.22391282,0.14693591,0.19870442
NbCo0.98Ni0.02Sn,804.0,0.16567203113549384,10.1021/acsami.1c08127,0.23776086,0.27722004,0.17504911,0.24646625
NbCo0.98Ni0.02Sn,904.0,0.18694079870057595,10.1021/acsami.1c08127,0.26916638,0.3043636,0.2327611,0.27460107
NbCo0.98Ni0.02Sn,1001.0,0.21305607168532348,10.1021/acsami.1c08127,0.2725784,0.3181327,0.23791489,0.26076797
NbCo0.96Ni0.04Sn,382.0,0.06342613345757646,10.1021/acsami.1c08127,0.058834713,0.05754515,0.025684448,0.041156918
NbCo0.96Ni0.04Sn,492.0,0.10852150987480755,10.1021/acsami.1c08127,0.09976983,0.10355647,0.07883818,0.11858796
NbCo0.96Ni0.04Sn,600.0,0.15270553247152968,10.1021/acsami.1c08127,0.14375362,0.16711617,0.103001185,0.14190967
NbCo0.96Ni0.04Sn,704.0,0.1891689614021666,10.1021/acsami.1c08127,0.18742388,0.2250089,0.14768553,0.20449685
NbCo0.96Ni0.04Sn,804.0,0.23368847159316927,10.1021/acsami.1c08127,0.23776086,0.2783161,0.17579873,0.25225857
NbCo0.96Ni0.04Sn,904.0,0.26869591049008135,10.1021/acsami.1c08127,0.26916638,0.30545968,0.2335107,0.27808782
NbCo0.96Ni0.04Sn,1002.0,0.2928001231053051,10.1021/acsami.1c08127,0.2725784,0.31922877,0.23866467,0.26425472
NbCo0.94Ni0.06Sn,382.0,0.023889137098575753,10.1021/acsami.1c08127,0.057977945,0.056228463,0.025684448,0.038182024
NbCo0.94Ni0.06Sn,487.0,0.04408395413458172,10.1021/acsami.1c08127,0.095414214,0.1005527,0.0643764,0.08534967
NbCo0.94Ni0.06Sn,594.0,0.07089521420889268,10.1021/acsami.1c08127,0.12524031,0.14739437,0.09462031,0.12211828
NbCo0.94Ni0.06Sn,697.0,0.09100639290119411,10.1021/acsami.1c08127,0.180791,0.22189093,0.14120145,0.19051903
NbCo0.94Ni0.06Sn,798.0,0.121256250902201,10.1021/acsami.1c08127,0.23165265,0.27531236,0.1720819,0.24290295
NbCo0.94Ni0.06Sn,898.0,0.15889512745318132,10.1021/acsami.1c08127,0.250215,0.29014125,0.22979388,0.26445475
NbCo0.94Ni0.06Sn,998.0,0.1906895912807219,10.1021/acsami.1c08127,0.26647025,0.31622502,0.23494776,0.25489914
NbCo0.92Ni0.08Sn,382.0,0.03761653706995048,10.1021/acsami.1c08127,0.057977945,0.056228463,0.025684448,0.039187044
NbCo0.92Ni0.08Sn,492.0,0.06895100676641062,10.1021/acsami.1c08127,0.095414214,0.1005527,0.07883818,0.111882515
NbCo0.92Ni0.08Sn,600.0,0.11229629112769039,10.1021/acsami.1c08127,0.13764544,0.16411242,0.1010124,0.13161048
NbCo0.92Ni0.08Sn,704.0,0.15704862492554725,10.1021/acsami.1c08127,0.1813157,0.22200516,0.1439687,0.19419765
NbCo0.92Ni0.08Sn,804.0,0.21426514754179704,10.1021/acsami.1c08127,0.23165265,0.27531236,0.1720819,0.24290295
NbCo0.92Ni0.08Sn,904.0,0.25487118714964085,10.1021/acsami.1c08127,0.2630583,0.30245593,0.22979388,0.26873225
NbCo0.92Ni0.08Sn,1002.0,0.30569220219515675,10.1021/acsami.1c08127,0.26647025,0.31622502,0.23494776,0.25489914
NbCo0.9Ni0.1Sn,382.0,0.07546344775804109,10.1021/acsami.1c08127,0.057977945,0.056228463,0.025684448,0.039187044
NbCo0.9Ni0.1Sn,492.0,0.1273105543218547,10.1021/acsami.1c08127,0.095414214,0.1005527,0.07883818,0.11146609
NbCo0.9Ni0.1Sn,600.0,0.18803634145981193,10.1021/acsami.1c08127,0.13764544,0.16411242,0.1010124,0.12972617
NbCo0.9Ni0.1Sn,703.0,0.2458204727875844,10.1021/acsami.1c08127,0.180791,0.22200516,0.1439687,0.19231334
NbCo0.9Ni0.1Sn,803.0,0.29920891695215207,10.1021/acsami.1c08127,0.23165265,0.27531236,0.1720819,0.24101862
NbCo0.9Ni0.1Sn,902.0,0.3579948172473423,10.1021/acsami.1c08127,0.2630583,0.30245593,0.22979388,0.26684794
NbCo0.9Ni0.1Sn,1001.0,0.39019899318865925,10.1021/acsami.1c08127,0.26647025,0.31622502,0.23494776,0.25301483
GeTe,325.0,0.030033482142857143,10.1021/acsami.1c11599,0.06459592,0.10451141,0.06718135,0.11278479
GeTe,375.0,0.045308571722812156,10.1021/acsami.1c11599,0.10875878,0.14313371,0.112789735,0.14259963
GeTe,425.0,0.06817146974063401,10.1021/acsami.1c11599,0.19867155,0.23615067,0.1977612,0.26224437
GeTe,475.0,0.10764719679609001,10.1021/acsami.1c11599,0.27674863,0.33833542,0.28576443,0.35620242
GeTe,525.0,0.1727815048203577,10.1021/acsami.1c11599,0.3999534,0.48994425,0.39015293,0.48824158
GeTe,550.0,0.21926013423600002,10.1021/acsami.1c11599,0.45114666,0.5610047,0.4283054,0.5550575
Ge0.89In0.05Pb0.06Te,325.0,0.3020423470639563,10.1021/acsami.1c11599,0.22564536,0.23199002,0.20485386,0.26404777
Ge0.89In0.05Pb0.06Te,375.0,0.40864441252855543,10.1021/acsami.1c11599,0.30245233,0.30192778,0.2857876,0.33362812
Ge0.89In0.05Pb0.06Te,425.0,0.5340449920330089,10.1021/acsami.1c11599,0.46351188,0.47297144,0.43180466,0.529168
Ge0.89In0.05Pb0.06Te,475.0,0.6617711631209922,10.1021/acsami.1c11599,0.6068593,0.6072322,0.5623237,0.65247273
Ge0.89In0.05Pb0.06Te,525.0,0.8006657141007277,10.1021/acsami.1c11599,0.7715705,0.7762815,0.67172986,0.8202527
Ge0.89In0.05Pb0.06Te,550.0,0.8518253747121458,10.1021/acsami.1c11599,0.8353159,0.85865825,0.7743592,0.8845107
Ge0.87In0.05Pb0.08Te,325.0,0.387973048422207,10.1021/acsami.1c11599,0.30373567,0.27883986,0.26840425,0.2852848
Ge0.87In0.05Pb0.08Te,375.0,0.5439025889934316,10.1021/acsami.1c11599,0.41533723,0.38987207,0.36468422,0.37728164
Ge0.87In0.05Pb0.08Te,425.0,0.7230543325548339,10.1021/acsami.1c11599,0.5906946,0.57568127,0.54657274,0.6068108
Ge0.87In0.05Pb0.08Te,475.0,0.8809019874982928,10.1021/acsami.1c11599,0.7178089,0.73887295,0.7268715,0.7596771
Ge0.87In0.05Pb0.08Te,525.0,1.0488828088983049,10.1021/acsami.1c11599,0.9279577,0.9280336,0.88540846,0.9622912
Ge0.87In0.05Pb0.08Te,550.0,1.1192158648183481,10.1021/acsami.1c11599,1.0301408,1.0126469,1.0140533,1.088146
Ge0.85In0.05Pb0.1Te,325.0,0.4369404592366177,10.1021/acsami.1c11599,0.2642953,0.23697414,0.2284409,0.21706659
Ge0.85In0.05Pb0.1Te,375.0,0.5499820990566038,10.1021/acsami.1c11599,0.34451786,0.30958125,0.30521712,0.2873695
Ge0.85In0.05Pb0.1Te,425.0,0.7340620485132058,10.1021/acsami.1c11599,0.49841937,0.47350755,0.43398684,0.4815121
Ge0.85In0.05Pb0.1Te,475.0,0.8581707644057485,10.1021/acsami.1c11599,0.61649007,0.61410093,0.5860123,0.6098661
Ge0.85In0.05Pb0.1Te,525.0,1.005975250340898,10.1021/acsami.1c11599,0.81764615,0.7955597,0.7397359,0.8081764
Ge0.85In0.05Pb0.1Te,550.0,1.00369309717864,10.1021/acsami.1c11599,0.89044297,0.8687522,0.85290736,0.92631525
Ge0.83In0.05Pb0.12Te,325.0,0.29029071678204044,10.1021/acsami.1c11599,0.17638831,0.19758795,0.18126294,0.18559867
Ge0.83In0.05Pb0.12Te,375.0,0.39075178931937254,10.1021/acsami.1c11599,0.2472866,0.27019498,0.26155806,0.24893914
Ge0.83In0.05Pb0.12Te,425.0,0.500684056756097,10.1021/acsami.1c11599,0.4011878,0.43412128,0.38945773,0.4310127
Ge0.83In0.05Pb0.12Te,475.0,0.5933244224358648,10.1021/acsami.1c11599,0.5101039,0.5766248,0.5258939,0.5617982
Ge0.83In0.05Pb0.12Te,525.0,0.7382175237499999,10.1021/acsami.1c11599,0.7102211,0.76338583,0.6694673,0.75827587
Ge0.83In0.05Pb0.12Te,550.0,0.7867,10.1021/acsami.1c11599,0.7702819,0.8240112,0.7826387,0.8652596
SnSe,300.0,0.002265009205254934,10.1021/acsami.1c10081,0.0496501,0.011941478,0.038015384,0.017747153
SnSe,373.0,0.010106800473997084,10.1021/acsami.1c10081,0.07533443,0.03532931,0.06638286,0.038144715
SnSe,473.0,0.07795818173262317,10.1021/acsami.1c10081,0.12632596,0.09317015,0.12047188,0.118024364
SnSe,573.0,0.2778450531304926,10.1021/acsami.1c10081,0.22295684,0.2094305,0.21849005,0.2388388
SnSe,673.0,0.4847583631782987,10.1021/acsami.1c10081,0.351087,0.35393372,0.3516994,0.36885506
SnSe,773.0,0.5627957169870043,10.1021/acsami.1c10081,0.5710734,0.57779974,0.5809972,0.5960838
SnSe0.9S0.1,300.0,0.003886964739903983,10.1021/acsami.1c10081,0.039312977,0.037343793,0.043079644,0.024207102
SnSe0.9S0.1,373.0,0.0219,10.1021/acsami.1c10081,0.06497309,0.07409217,0.0714471,0.048772912
SnSe0.9S0.1,473.0,0.0695,10.1021/acsami.1c10081,0.12200509,0.13055989,0.12651934,0.12121548
SnSe0.9S0.1,573.0,0.2562,10.1021/acsami.1c10081,0.22270215,0.25749856,0.22635609,0.23097582
SnSe0.9S0.1,673.0,0.5019,10.1021/acsami.1c10081,0.36923128,0.4243073,0.37847334,0.39147264
SnSe0.9S0.1,773.0,0.6514,10.1021/acsami.1c10081,0.54491264,0.62794983,0.58862394,0.5846909
SnSe0.8S0.2,300.0,0.003746908038068181,10.1021/acsami.1c10081,0.011994761,-0.029456148,-0.0050896094,-0.020513881
SnSe0.8S0.2,373.0,0.017043470015309994,10.1021/acsami.1c10081,0.03765492,0.006778636,0.017708465,0.0040518558
SnSe0.8S0.2,473.0,0.07498589400584606,10.1021/acsami.1c10081,0.09302626,0.055461444,0.06283,0.048134286
SnSe0.8S0.2,573.0,0.20465664968605785,10.1021/acsami.1c10081,0.16737029,0.16038181,0.13003959,0.11454057
SnSe0.8S0.2,673.0,0.34524314468069195,10.1021/acsami.1c10081,0.30932948,0.2986648,0.2621457,0.2555097
SnSe0.8S0.2,773.0,0.498794912219141,10.1021/acsami.1c10081,0.48501077,0.49884346,0.4454905,0.44178978
Cu1.85Se,301.0,0.033726280069836696,10.1021/acsami.1c08886,0.06829931,0.08580469,0.046888527,0.07616864
Cu1.85Se,399.0,0.02436025603838072,10.1021/acsami.1c08886,0.13080454,0.13874175,0.110901035,0.12157209
Cu1.85Se,502.0,0.04827403432193365,10.1021/acsami.1c08886,0.18782657,0.24033628,0.18684189,0.21994406
Cu1.85Se,603.0,0.08819333371064907,10.1021/acsami.1c08886,0.35162517,0.38073373,0.34486866,0.389719
Cu1.85Se,706.0,0.15145066412163236,10.1021/acsami.1c08886,0.56485564,0.5723193,0.52503806,0.61384565
Cu1.85Se,784.0,0.21964658087134686,10.1021/acsami.1c08886,0.8569012,0.8682212,0.80291027,0.8971723
Li0.01Cu1.85Se,301.0,0.038016234102891816,10.1021/acsami.1c08886,0.05793369,0.0649428,0.032221332,0.043418214
Li0.01Cu1.85Se,399.0,0.029031697102009167,10.1021/acsami.1c08886,0.120439,0.117879786,0.08054855,0.09143351
Li0.01Cu1.85Se,502.0,0.05528122341406222,10.1021/acsami.1c08886,0.17608552,0.20252685,0.15654916,0.17744169
Li0.01Cu1.85Se,603.0,0.10318972234546199,10.1021/acsami.1c08886,0.33988407,0.340486,0.270824,0.32628176
Li0.01Cu1.85Se,706.0,0.16054597528636205,10.1021/acsami.1c08886,0.55311453,0.53207177,0.44217238,0.5147776
Li0.01Cu1.85Se,784.0,0.23989665520907158,10.1021/acsami.1c08886,0.8451601,0.7726583,0.6804201,0.7680471
Li0.02Cu1.85Se,301.0,0.0244,10.1021/acsami.1c08886,0.097191505,0.0649428,0.032221332,0.043418214
Li0.02Cu1.85Se,399.0,0.03434033619529605,10.1021/acsami.1c08886,0.17080507,0.117879786,0.08054855,0.09143351
Li0.02Cu1.85Se,502.0,0.05813311391689035,10.1021/acsami.1c08886,0.22645164,0.20252685,0.15654916,0.17744169
Li0.02Cu1.85Se,603.0,0.1045736116369672,10.1021/acsami.1c08886,0.40027592,0.340486,0.270824,0.32628176
Li0.02Cu1.85Se,706.0,0.176344777068639,10.1021/acsami.1c08886,0.61350644,0.53207177,0.44217238,0.5147776
Li0.02Cu1.85Se,784.0,0.25602901920079946,10.1021/acsami.1c08886,0.8794766,0.7726583,0.6804201,0.7680471
Li0.03Cu1.85Se,301.0,0.03324690875384735,10.1021/acsami.1c08886,0.08544862,0.0649428,0.032221332,0.043418214
Li0.03Cu1.85Se,399.0,0.05141260108831901,10.1021/acsami.1c08886,0.14240813,0.117879786,0.08054855,0.09143351
Li0.03Cu1.85Se,502.0,0.07808194977323739,10.1021/acsami.1c08886,0.20276508,0.20252685,0.15654916,0.17744169
Li0.03Cu1.85Se,603.0,0.14210779461350126,10.1021/acsami.1c08886,0.32287544,0.340486,0.270824,0.32628176
Li0.03Cu1.85Se,706.0,0.221982442863212,10.1021/acsami.1c08886,0.47806054,0.53207177,0.44217238,0.5147776
Li0.03Cu1.85Se,784.0,0.3207698743793769,10.1021/acsami.1c08886,0.71161485,0.7726583,0.6804201,0.75856453
Li0.03Cu1.83Bi0.02Se,303.0,0.07047041214705882,10.1021/acsami.1c08886,0.115745805,0.09977317,0.06266803,0.061392013
Li0.03Cu1.83Bi0.02Se,401.0,0.059157669690721656,10.1021/acsami.1c08886,0.19637585,0.18138179,0.118841514,0.13546434
Li0.03Cu1.83Bi0.02Se,504.0,0.09797621545144176,10.1021/acsami.1c08886,0.28983277,0.28315464,0.22796468,0.2435965
Li0.03Cu1.83Bi0.02Se,606.0,0.18314768299033435,10.1021/acsami.1c08886,0.48858762,0.5236884,0.3822575,0.44189775
Li0.03Cu1.83Bi0.02Se,711.0,0.3116426165044614,10.1021/acsami.1c08886,0.6504344,0.68843955,0.6058868,0.62764525
Li0.03Cu1.83Bi0.02Se,761.0,0.5109874330370476,10.1021/acsami.1c08886,0.77750015,0.7892181,0.716783,0.7640068
Li0.03Cu1.82Bi0.03Se,303.0,0.07353969462878548,10.1021/acsami.1c08886,0.11246264,0.09977317,0.06266803,0.06590952
Li0.03Cu1.82Bi0.03Se,401.0,0.05391644724180107,10.1021/acsami.1c08886,0.19309267,0.18138179,0.118841514,0.13998185
Li0.03Cu1.82Bi0.03Se,504.0,0.13666883374500546,10.1021/acsami.1c08886,0.2865496,0.28315464,0.22796468,0.24811396
Li0.03Cu1.82Bi0.03Se,606.0,0.24826351810883562,10.1021/acsami.1c08886,0.47291493,0.5236884,0.41577366,0.44111672
Li0.03Cu1.82Bi0.03Se,711.0,0.4018898601899429,10.1021/acsami.1c08886,0.6202379,0.68843955,0.639403,0.62686425
Li0.03Cu1.82Bi0.03Se,761.0,0.516922426522675,10.1021/acsami.1c08886,0.732518,0.7892181,0.75029916,0.7632258
Li0.03Cu1.81Bi0.04Se,303.0,0.08871600405450812,10.1021/acsami.1c08886,0.11246264,0.09977317,0.060515072,0.06590952
Li0.03Cu1.81Bi0.04Se,401.0,0.05628210822370738,10.1021/acsami.1c08886,0.19309267,0.18138179,0.1166885,0.13998185
Li0.03Cu1.81Bi0.04Se,504.0,0.1722399364737686,10.1021/acsami.1c08886,0.2865496,0.28315464,0.2258117,0.24811396
Li0.03Cu1.81Bi0.04Se,606.0,0.3451332187115546,10.1021/acsami.1c08886,0.47291493,0.5236884,0.41362068,0.44111672
Li0.03Cu1.81Bi0.04Se,711.0,0.5313064226689244,10.1021/acsami.1c08886,0.6202379,0.68843955,0.63725,0.60633254
Li0.03Cu1.81Bi0.04Se,761.0,0.6834116607122106,10.1021/acsami.1c08886,0.732518,0.7892181,0.7481462,0.71724665
Li0.03Cu1.8Bi0.05Se,303.0,0.08762396785579292,10.1021/acsami.1c08886,0.11059929,0.09691549,0.060627997,0.06590952
Li0.03Cu1.8Bi0.05Se,401.0,0.06113967661903977,10.1021/acsami.1c08886,0.19309267,0.21507262,0.12768456,0.13998185
Li0.03Cu1.8Bi0.05Se,504.0,0.16050372503548407,10.1021/acsami.1c08886,0.2865496,0.3168455,0.24789515,0.24811396
Li0.03Cu1.8Bi0.05Se,606.0,0.3972,10.1021/acsami.1c08886,0.47291493,0.53565776,0.43570417,0.44111672
Li0.03Cu1.8Bi0.05Se,711.0,0.5581266932673268,10.1021/acsami.1c08886,0.6202379,0.67626345,0.61105293,0.60633254
Li0.03Cu1.8Bi0.05Se,761.0,0.6586167060186144,10.1021/acsami.1c08886,0.732518,0.77704203,0.7013467,0.71724665
SnSe,373.0,0.001044198772486963,10.1021/acsami.1c09208,0.07533443,0.03532931,0.06638286,0.038144715
SnSe,473.0,0.0052610349573600865,10.1021/acsami.1c09208,0.12632596,0.09317015,0.12047188,0.118024364
SnSe,573.0,0.037,10.1021/acsami.1c09208,0.22295684,0.2094305,0.21849005,0.2388388
SnSe,673.0,0.206,10.1021/acsami.1c09208,0.351087,0.35393372,0.3516994,0.36885506
SnSe,773.0,0.7800588475692326,10.1021/acsami.1c09208,0.5710734,0.57779974,0.5809972,0.5960838
SnSe,873.0,2.1576247939758026,10.1021/acsami.1c09208,1.0537546,0.89906275,0.9542722,0.9098099
SnSe,373.0,0.00041939643693194185,10.1021/acsami.1c09208,0.07533443,0.03532931,0.06638286,0.038144715
SnSe,473.0,0.0036026879555267005,10.1021/acsami.1c09208,0.12632596,0.09317015,0.12047188,0.118024364
SnSe,573.0,0.03365155508296821,10.1021/acsami.1c09208,0.22295684,0.2094305,0.21849005,0.2388388
SnSe,673.0,0.2092,10.1021/acsami.1c09208,0.351087,0.35393372,0.3516994,0.36885506
SnSe,773.0,0.7279255110952895,10.1021/acsami.1c09208,0.5710734,0.57779974,0.5809972,0.5960838
SnSe,873.0,1.3580480089194291,10.1021/acsami.1c09208,1.0537546,0.89906275,0.9542722,0.9098099
CaZn0.4Ag0.2Sb,371.0,0.1810203380771935,10.1021/acsami.1c01818,0.17334208,0.2066897,0.18290983,0.23915064
CaZn0.4Ag0.2Sb,472.0,0.2801835272127496,10.1021/acsami.1c01818,0.2955858,0.33368373,0.31355387,0.36569965
CaZn0.4Ag0.2Sb,573.0,0.4042570054407327,10.1021/acsami.1c01818,0.44406205,0.464486,0.44882935,0.51713616
CaZn0.4Ag0.2Sb,673.0,0.5908962991826027,10.1021/acsami.1c01818,0.5711468,0.6115318,0.5675048,0.65327436
CaZn0.4Ag0.2Sb,773.0,0.6204797827895495,10.1021/acsami.1c01818,0.65016305,0.685194,0.6625622,0.73800087
CaZn0.4Ag0.2Sb,873.0,0.5998915035247618,10.1021/acsami.1c01818,0.67239726,0.7000697,0.699659,0.7661817
(CaZn0.4Ag0.2Sb)0.95(LiZnSb)0.05,371.0,0.25738279332883873,10.1021/acsami.1c01818,0.14408562,0.15016308,0.15346342,0.19890594
(CaZn0.4Ag0.2Sb)0.95(LiZnSb)0.05,472.0,0.3641063467962099,10.1021/acsami.1c01818,0.2561466,0.26675367,0.2733597,0.31159863
(CaZn0.4Ag0.2Sb)0.95(LiZnSb)0.05,573.0,0.5206804241316457,10.1021/acsami.1c01818,0.41099963,0.40914902,0.40992892,0.4504512
(CaZn0.4Ag0.2Sb)0.95(LiZnSb)0.05,673.0,0.6222814795351914,10.1021/acsami.1c01818,0.5259895,0.53012574,0.5199157,0.5683231
(CaZn0.4Ag0.2Sb)0.95(LiZnSb)0.05,773.0,0.8001915256070441,10.1021/acsami.1c01818,0.6129025,0.5907421,0.61003685,0.648992
(CaZn0.4Ag0.2Sb)0.95(LiZnSb)0.05,873.0,0.871657264975211,10.1021/acsami.1c01818,0.62613904,0.6031627,0.6305087,0.6710905
(CaZn0.4Ag0.2Sb)0.91(LiZnSb)0.09,371.0,0.26204973938420234,10.1021/acsami.1c01818,0.124570854,0.12693653,0.1513763,0.16765448
(CaZn0.4Ag0.2Sb)0.91(LiZnSb)0.09,472.0,0.3799854546278909,10.1021/acsami.1c01818,0.21803053,0.2190259,0.2508011,0.25362217
(CaZn0.4Ag0.2Sb)0.91(LiZnSb)0.09,573.0,0.5388083997039523,10.1021/acsami.1c01818,0.3769178,0.36122924,0.3964034,0.3874452
(CaZn0.4Ag0.2Sb)0.91(LiZnSb)0.09,673.0,0.686943994555215,10.1021/acsami.1c01818,0.50738764,0.48417136,0.52596194,0.5088499
(CaZn0.4Ag0.2Sb)0.91(LiZnSb)0.09,773.0,0.8806110966870003,10.1021/acsami.1c01818,0.60043764,0.5413912,0.61548054,0.58807886
(CaZn0.4Ag0.2Sb)0.91(LiZnSb)0.09,873.0,1.095973016645972,10.1021/acsami.1c01818,0.62672025,0.55522895,0.63298184,0.61017734
(CaZn0.4Ag0.2Sb)0.87(LiZnSb)0.13,371.0,0.3542255509170305,10.1021/acsami.1c01818,0.12605149,0.12311179,0.115290925,0.16765448
(CaZn0.4Ag0.2Sb)0.87(LiZnSb)0.13,472.0,0.5053042202012403,10.1021/acsami.1c01818,0.21699952,0.21182604,0.20936303,0.25362217
(CaZn0.4Ag0.2Sb)0.87(LiZnSb)0.13,573.0,0.7991789473279103,10.1021/acsami.1c01818,0.3758868,0.3574045,0.36309397,0.3874452
(CaZn0.4Ag0.2Sb)0.87(LiZnSb)0.13,673.0,0.9302376627114598,10.1021/acsami.1c01818,0.50886834,0.48034662,0.5009875,0.5088499
(CaZn0.4Ag0.2Sb)0.87(LiZnSb)0.13,773.0,1.039,10.1021/acsami.1c01818,0.59826255,0.5375664,0.59050626,0.58807886
(CaZn0.4Ag0.2Sb)0.87(LiZnSb)0.13,873.0,1.2584475791059262,10.1021/acsami.1c01818,0.61870056,0.5514042,0.59332705,0.61017734
(CaZn0.4Ag0.2Sb)0.83(LiZnSb)0.17,371.0,0.25000537887880586,10.1021/acsami.1c01818,0.12477004,0.10458815,0.12844643,0.15175356
(CaZn0.4Ag0.2Sb)0.83(LiZnSb)0.17,472.0,0.3601459815996717,10.1021/acsami.1c01818,0.202451,0.19543181,0.22787116,0.23315713
(CaZn0.4Ag0.2Sb)0.83(LiZnSb)0.17,573.0,0.5729293000742158,10.1021/acsami.1c01818,0.36133826,0.3344584,0.3750558,0.36813346
(CaZn0.4Ag0.2Sb)0.83(LiZnSb)0.17,673.0,0.7474728251154416,10.1021/acsami.1c01818,0.5047323,0.45740113,0.50103945,0.48953775
(CaZn0.4Ag0.2Sb)0.83(LiZnSb)0.17,773.0,1.0434024222862583,10.1021/acsami.1c01818,0.5941265,0.5146204,0.5905582,0.56876695
(CaZn0.4Ag0.2Sb)0.83(LiZnSb)0.17,873.0,1.1619897850368,10.1021/acsami.1c01818,0.62040913,0.52688074,0.60805947,0.59086543
Bi2Te3,306.0,0.18865965614476707,10.1021/acsami.1c00355,0.4789055,0.47622088,0.48512664,0.4907808
Bi2Te3,366.0,0.20645870780001876,10.1021/acsami.1c00355,0.5125568,0.44362357,0.5067351,0.45103493
Bi2Te3,426.0,0.232761367701968,10.1021/acsami.1c00355,0.51784194,0.3894253,0.50405806,0.39907235
Bi2Te3,478.0,0.19556001133839848,10.1021/acsami.1c00355,0.47082683,0.3533579,0.46464038,0.3662423
Bi2Te3,505.0,0.14410376180194803,10.1021/acsami.1c00355,0.46321854,0.34091994,0.45750383,0.36793908
Bi2Te3,572.0,0.05400694184820504,10.1021/acsami.1c00355,0.4273644,0.38141564,0.42007038,0.4026049
Bi1.94Nb0.06Te3,306.0,0.21887846642257344,10.1021/acsami.1c00355,0.47557154,0.46995795,0.48485783,0.47057328
Bi1.94Nb0.06Te3,366.0,0.3100659621179069,10.1021/acsami.1c00355,0.5030671,0.46077588,0.50075126,0.47446543
Bi1.94Nb0.06Te3,426.0,0.41088079001914857,10.1021/acsami.1c00355,0.50379986,0.39735246,0.4841768,0.4104231
Bi1.94Nb0.06Te3,478.0,0.4718821795866961,10.1021/acsami.1c00355,0.4534556,0.3535214,0.44233266,0.36176768
Bi1.94Nb0.06Te3,505.0,0.45493173538490606,10.1021/acsami.1c00355,0.44305757,0.34302172,0.42670792,0.35053512
Bi1.94Nb0.06Te3,572.0,0.25577541212037036,10.1021/acsami.1c00355,0.4219882,0.3603914,0.4070373,0.36553416
Bi1.92Nb0.08Te3,306.0,0.37857306006093144,10.1021/acsami.1c00355,0.46434182,0.46761286,0.48827764,0.45934555
Bi1.92Nb0.08Te3,366.0,0.5323303819503187,10.1021/acsami.1c00355,0.48469615,0.46703556,0.5022179,0.4649524
Bi1.92Nb0.08Te3,426.0,0.7471138189347408,10.1021/acsami.1c00355,0.4854291,0.40884805,0.4838935,0.40091008
Bi1.92Nb0.08Te3,478.0,0.9103600227264338,10.1021/acsami.1c00355,0.42872003,0.365017,0.44347626,0.34723952
Bi1.92Nb0.08Te3,505.0,0.9391422541371693,10.1021/acsami.1c00355,0.41558483,0.34970033,0.42684686,0.33140776
Bi1.92Nb0.08Te3,572.0,0.6291701602518479,10.1021/acsami.1c00355,0.39451545,0.36289167,0.39985424,0.3464068
Bi1.9Nb0.1Te3,306.0,0.2324567327214954,10.1021/acsami.1c00355,0.4662858,0.47550192,0.48827764,0.4783322
Bi1.9Nb0.1Te3,366.0,0.33426441820557906,10.1021/acsami.1c00355,0.48664013,0.4754382,0.5022179,0.4818593
Bi1.9Nb0.1Te3,426.0,0.4489999100029334,10.1021/acsami.1c00355,0.48737308,0.4232749,0.4838935,0.42636755
Bi1.9Nb0.1Te3,478.0,0.521749648325673,10.1021/acsami.1c00355,0.43293917,0.37944385,0.44347626,0.372697
Bi1.9Nb0.1Te3,505.0,0.5108754852025609,10.1021/acsami.1c00355,0.41980398,0.3641272,0.42684686,0.35686523
Bi1.9Nb0.1Te3,572.0,0.2968538065490196,10.1021/acsami.1c00355,0.3987346,0.37731853,0.39985424,0.36490062
BiCuSeO,100.0,5.317312220911161e-07,10.1021/acsami.0c22861,-0.0112977,0.0053843902,-0.021590237,0.0045559024
BiCuSeO,150.0,2.2443237977865265e-06,10.1021/acsami.0c22861,-0.004979474,0.011203645,-0.016037583,0.008621167
BiCuSeO,250.0,3.377416674083787e-05,10.1021/acsami.0c22861,0.005369129,0.018750962,-0.0037897204,0.019013692
Bi0.98Pb0.02CuSeO,50.0,0.0024352277966055535,10.1021/acsami.0c22861,0.041681644,0.06002711,0.037454695,0.033717196
Bi0.98Pb0.02CuSeO,100.0,0.02075407358354128,10.1021/acsami.0c22861,0.05025765,0.06682777,0.04217044,0.039715018
Bi0.98Pb0.02CuSeO,150.0,0.061386193398984254,10.1021/acsami.0c22861,0.056575906,0.07264703,0.047723144,0.043780327
Bi0.98Pb0.02CuSeO,250.0,0.13397537704003606,10.1021/acsami.0c22861,0.07275821,0.079100505,0.059971,0.057851616
Bi0.96Pb0.04CuSeO,50.0,0.0033632271612750015,10.1021/acsami.0c22861,0.04707149,0.06443033,0.059034437,0.035635676
Bi0.96Pb0.04CuSeO,100.0,0.021287303304953282,10.1021/acsami.0c22861,0.05564755,0.071231015,0.06375017,0.04163352
Bi0.96Pb0.04CuSeO,150.0,0.06507666187225743,10.1021/acsami.0c22861,0.061965734,0.077050276,0.06930283,0.045698795
Bi0.96Pb0.04CuSeO,250.0,0.1735888313268892,10.1021/acsami.0c22861,0.078148074,0.08350375,0.08155069,0.059770115
Bi0.94Pb0.06CuSeO,50.0,0.003029172841669745,10.1021/acsami.0c22861,0.056765534,0.09256244,0.10774966,0.068654515
Bi0.94Pb0.06CuSeO,100.0,0.013794052687067213,10.1021/acsami.0c22861,0.06534156,0.099363126,0.11246539,0.07465233
Bi0.94Pb0.06CuSeO,150.0,0.039714093890409544,10.1021/acsami.0c22861,0.07165979,0.10518238,0.118018046,0.07871758
Bi0.94Pb0.06CuSeO,250.0,0.10395916148165378,10.1021/acsami.0c22861,0.090465896,0.112958744,0.13026579,0.0927889
Bi0.92Pb0.08CuSeO,50.0,0.0037043213618400002,10.1021/acsami.0c22861,0.056765534,0.0912496,0.10774966,0.06885163
Bi0.92Pb0.08CuSeO,100.0,0.014161484483349196,10.1021/acsami.0c22861,0.06534156,0.09805029,0.11246539,0.07484944
Bi0.92Pb0.08CuSeO,150.0,0.03418702480227206,10.1021/acsami.0c22861,0.07165979,0.10386954,0.118018046,0.078914694
Bi0.92Pb0.08CuSeO,250.0,0.0863447671242,10.1021/acsami.0c22861,0.090465896,0.11164591,0.13026579,0.09298601
Bi0.9Pb0.1CuSeO,50.0,0.004178843528071337,10.1021/acsami.0c22861,0.056765534,0.0912496,0.10763541,0.06885163
Bi0.9Pb0.1CuSeO,100.0,0.014720304237606207,10.1021/acsami.0c22861,0.06534156,0.09805029,0.112351134,0.07484944
Bi0.9Pb0.1CuSeO,150.0,0.030953573924875348,10.1021/acsami.0c22861,0.07165979,0.10386954,0.11790379,0.078914694
Bi0.9Pb0.1CuSeO,250.0,0.07601102479781163,10.1021/acsami.0c22861,0.090465896,0.11164591,0.13015157,0.09298601
Mg3.5Gd0.01Sb2,300.0,0.08635793780429817,10.1021/acsami.0c22558,0.10966317,0.08446384,0.083440386,0.121923804
Mg3.5Gd0.01Sb2,400.0,0.17692367319505392,10.1021/acsami.0c22558,0.2413705,0.23162955,0.22195649,0.26081324
Mg3.5Gd0.01Sb2,500.0,0.3112594483095427,10.1021/acsami.0c22558,0.34587532,0.39734071,0.32145292,0.43169364
Mg3.5Gd0.01Sb2,600.0,0.43141991813716757,10.1021/acsami.0c22558,0.4886112,0.4960813,0.44558778,0.5574677
Mg3.5Gd0.01Sb2,700.0,0.5128747638127448,10.1021/acsami.0c22558,0.612106,0.58969903,0.548318,0.62117785
Mg3.5Gd0.02Sb2,300.0,0.14801122942884798,10.1021/acsami.0c22558,0.10966317,0.08446384,0.083440386,0.121923804
Mg3.5Gd0.02Sb2,400.0,0.2884893658683283,10.1021/acsami.0c22558,0.2413705,0.23162955,0.22195649,0.26081324
Mg3.5Gd0.02Sb2,500.0,0.48202302672169306,10.1021/acsami.0c22558,0.34587532,0.39734071,0.32145292,0.43169364
Mg3.5Gd0.02Sb2,600.0,0.6202735129870129,10.1021/acsami.0c22558,0.4886112,0.4960813,0.44558778,0.5574677
Mg3.5Gd0.02Sb2,700.0,0.7484422679599018,10.1021/acsami.0c22558,0.612106,0.58969903,0.548318,0.62117785
Mg3.5Gd0.03Sb2,300.0,0.2109150710818308,10.1021/acsami.0c22558,0.10966317,0.08152684,0.08106828,0.12777036
Mg3.5Gd0.03Sb2,400.0,0.37806412637244996,10.1021/acsami.0c22558,0.2413705,0.23725228,0.2373939,0.27276763
Mg3.5Gd0.03Sb2,500.0,0.6260090806394119,10.1021/acsami.0c22558,0.34587532,0.42892155,0.3470247,0.47225875
Mg3.5Gd0.03Sb2,600.0,0.8175166379355905,10.1021/acsami.0c22558,0.4886112,0.5403677,0.4815905,0.6000726
Mg3.5Gd0.03Sb2,700.0,1.012144882657919,10.1021/acsami.0c22558,0.612106,0.6286397,0.583743,0.6601408
Mg3.5Gd0.04Sb2,300.0,0.19904543034202166,10.1021/acsami.0c22558,0.109875284,0.08152684,0.08106828,0.12777036
Mg3.5Gd0.04Sb2,400.0,0.4092382941305781,10.1021/acsami.0c22558,0.26782435,0.23725228,0.2373939,0.27276763
Mg3.5Gd0.04Sb2,500.0,0.6487826294227187,10.1021/acsami.0c22558,0.41309893,0.42892155,0.3470247,0.47225875
Mg3.5Gd0.04Sb2,600.0,0.8884310379109639,10.1021/acsami.0c22558,0.56502664,0.5403677,0.4815905,0.6000726
Mg3.5Gd0.04Sb2,700.0,1.1682963660373742,10.1021/acsami.0c22558,0.70583683,0.6286397,0.583743,0.6601408
Mg3.5Gd0.035Sb2,300.0,0.19508148104117645,10.1021/acsami.0c22558,0.109875284,0.08152684,0.08106828,0.12777036
Mg3.5Gd0.035Sb2,400.0,0.34126278885799216,10.1021/acsami.0c22558,0.26782435,0.23725228,0.2373939,0.27276763
Mg3.5Gd0.035Sb2,500.0,0.5333950817083692,10.1021/acsami.0c22558,0.41309893,0.42892155,0.3470247,0.47225875
Mg3.5Gd0.035Sb2,600.0,0.7120623168715233,10.1021/acsami.0c22558,0.56502664,0.5403677,0.4815905,0.6000726
Mg3.5Gd0.035Sb2,700.0,0.9187515143506124,10.1021/acsami.0c22558,0.70583683,0.6286397,0.583743,0.6601408
Mg3.5Gd0.045Sb2,300.0,0.2211187929388613,10.1021/acsami.0c22558,0.109875284,0.0793182,0.08106828,0.126118
Mg3.5Gd0.045Sb2,400.0,0.38982190417599083,10.1021/acsami.0c22558,0.26782435,0.23504364,0.2373939,0.27111527
Mg3.5Gd0.045Sb2,500.0,0.6225128418311149,10.1021/acsami.0c22558,0.41309893,0.42151037,0.3470247,0.46475098
Mg3.5Gd0.045Sb2,600.0,0.7983604048622222,10.1021/acsami.0c22558,0.56502664,0.53295654,0.4815905,0.5925648
Mg3.5Gd0.045Sb2,700.0,0.9892890302223852,10.1021/acsami.0c22558,0.70583683,0.6212285,0.583743,0.652633
Mg3.5Gd0.03Sb1.97Te0.03,300.0,0.2617468186796774,10.1021/acsami.0c22558,0.16262537,0.1692305,0.13789281,0.19023027
Mg3.5Gd0.03Sb1.97Te0.03,400.0,0.440786123072436,10.1021/acsami.0c22558,0.31651276,0.31673822,0.3339372,0.31642434
Mg3.5Gd0.03Sb1.97Te0.03,500.0,0.7169583470835468,10.1021/acsami.0c22558,0.44844046,0.4965312,0.5276672,0.52884215
Mg3.5Gd0.03Sb1.97Te0.03,600.0,0.9777883442746732,10.1021/acsami.0c22558,0.6686619,0.7576131,0.7935495,0.80318594
Mg3.5Gd0.03Sb1.97Te0.03,700.0,1.1412801966839827,10.1021/acsami.0c22558,0.7960973,0.83232164,0.87715554,0.8574026
Mg3.5Gd0.04Sb1.97Te0.03,300.0,0.21343826192804272,10.1021/acsami.0c22558,0.18140343,0.1692305,0.13789281,0.19023027
Mg3.5Gd0.04Sb1.97Te0.03,400.0,0.40564404347879934,10.1021/acsami.0c22558,0.36226752,0.31673822,0.3339372,0.31642434
Mg3.5Gd0.04Sb1.97Te0.03,500.0,0.6575094140245556,10.1021/acsami.0c22558,0.53972495,0.4965312,0.5276672,0.52884215
Mg3.5Gd0.04Sb1.97Te0.03,600.0,0.8964455376066989,10.1021/acsami.0c22558,0.8069577,0.7576131,0.7935495,0.80318594
Mg3.5Gd0.04Sb1.97Te0.03,700.0,1.214159481775623,10.1021/acsami.0c22558,0.94549936,0.83232164,0.89771056,0.8574026
Mg3.5Ho0.01Sb2,300.0,0.023629783451699464,10.1021/acsami.0c22558,0.10881856,0.08413913,0.083440386,0.121923804
Mg3.5Ho0.01Sb2,400.0,0.06439060919918994,10.1021/acsami.0c22558,0.24052589,0.23130484,0.22195649,0.26081324
Mg3.5Ho0.01Sb2,500.0,0.12525231873337594,10.1021/acsami.0c22558,0.3450307,0.397016,0.32145292,0.43169364
Mg3.5Ho0.01Sb2,600.0,0.15879636078104664,10.1021/acsami.0c22558,0.48776656,0.49575657,0.44558778,0.5574677
Mg3.5Ho0.01Sb2,700.0,0.21422027397291699,10.1021/acsami.0c22558,0.61126137,0.5893743,0.548318,0.62117785
Mg3.5Ho0.02Sb2,300.0,0.098,10.1021/acsami.0c22558,0.10881856,0.08413913,0.083440386,0.121923804
Mg3.5Ho0.02Sb2,400.0,0.2753446497233423,10.1021/acsami.0c22558,0.24052589,0.23130484,0.22195649,0.26081324
Mg3.5Ho0.02Sb2,500.0,0.4580326010144741,10.1021/acsami.0c22558,0.3450307,0.397016,0.32145292,0.43169364
Mg3.5Ho0.02Sb2,600.0,0.5902202975999999,10.1021/acsami.0c22558,0.48776656,0.49575657,0.44558778,0.5574677
Mg3.5Ho0.02Sb2,700.0,0.7407532143530963,10.1021/acsami.0c22558,0.61126137,0.5893743,0.548318,0.62117785
Mg3.5Ho0.03Sb2,300.0,0.15074310344644734,10.1021/acsami.0c22558,0.10881856,0.08120213,0.08106828,0.12777036
Mg3.5Ho0.03Sb2,400.0,0.2924446913393241,10.1021/acsami.0c22558,0.24052589,0.23692757,0.2373939,0.27276763
Mg3.5Ho0.03Sb2,500.0,0.47143934505589924,10.1021/acsami.0c22558,0.3450307,0.42859682,0.3470247,0.47225875
Mg3.5Ho0.03Sb2,600.0,0.6094111111680325,10.1021/acsami.0c22558,0.48776656,0.540043,0.4815905,0.6000726
Mg3.5Ho0.03Sb2,700.0,0.7278528438900979,10.1021/acsami.0c22558,0.61126137,0.628315,0.583743,0.6601408
Mg3.5Ho0.04Sb2,300.0,0.15566558309758283,10.1021/acsami.0c22558,0.10903067,0.08120213,0.08106828,0.12777036
Mg3.5Ho0.04Sb2,400.0,0.3351483733274818,10.1021/acsami.0c22558,0.26697972,0.23692757,0.2373939,0.27276763
Mg3.5Ho0.04Sb2,500.0,0.565441474487021,10.1021/acsami.0c22558,0.4122543,0.42859682,0.3470247,0.47225875
Mg3.5Ho0.04Sb2,600.0,0.7487330978709091,10.1021/acsami.0c22558,0.564182,0.540043,0.4815905,0.6000726
Mg3.5Ho0.04Sb2,700.0,0.9087122803568342,10.1021/acsami.0c22558,0.7049922,0.628315,0.583743,0.6601408
Mg3.5Ho0.01Sb1.97Te0.03,300.0,0.23475245688188973,10.1021/acsami.0c22558,0.16178076,0.17484997,0.14658213,0.18438357
Mg3.5Ho0.01Sb1.97Te0.03,400.0,0.395130720210356,10.1021/acsami.0c22558,0.31566814,0.31033477,0.31666747,0.30446994
Mg3.5Ho0.01Sb1.97Te0.03,500.0,0.6128716421293113,10.1021/acsami.0c22558,0.44759583,0.4692143,0.4964863,0.48827657
Mg3.5Ho0.01Sb1.97Te0.03,600.0,0.7781126002186314,10.1021/acsami.0c22558,0.66781723,0.71759033,0.7405967,0.73594767
Mg3.5Ho0.01Sb1.97Te0.03,700.0,0.9166169933278419,10.1021/acsami.0c22558,0.7952526,0.7976449,0.8247808,0.8184396
Mg3.5Ho0.02Sb1.97Te0.03,300.0,0.32314437019044623,10.1021/acsami.0c22558,0.16178076,0.17484997,0.14658213,0.18438357
Mg3.5Ho0.02Sb1.97Te0.03,400.0,0.462780549898167,10.1021/acsami.0c22558,0.31566814,0.31033477,0.31666747,0.30446994
Mg3.5Ho0.02Sb1.97Te0.03,500.0,0.6912101174675056,10.1021/acsami.0c22558,0.44759583,0.4692143,0.4964863,0.48827657
Mg3.5Ho0.02Sb1.97Te0.03,600.0,0.863409106438354,10.1021/acsami.0c22558,0.66781723,0.71759033,0.7405967,0.73594767
Mg3.5Ho0.02Sb1.97Te0.03,700.0,0.9977012554116736,10.1021/acsami.0c22558,0.7952526,0.7976449,0.8247808,0.8184396
Mg3.5Ho0.03Sb1.97Te0.03,300.0,0.2791855670103093,10.1021/acsami.0c22558,0.16178076,0.1689058,0.13789281,0.19023027
Mg3.5Ho0.03Sb1.97Te0.03,400.0,0.43508884839702655,10.1021/acsami.0c22558,0.31566814,0.3164135,0.3339372,0.31642434
Mg3.5Ho0.03Sb1.97Te0.03,500.0,0.6698838894036143,10.1021/acsami.0c22558,0.44759583,0.49620646,0.5276672,0.52884215
Mg3.5Ho0.03Sb1.97Te0.03,600.0,0.8395198314378709,10.1021/acsami.0c22558,0.66781723,0.7572884,0.7935495,0.80318594
Mg3.5Ho0.03Sb1.97Te0.03,700.0,1.0240891599959852,10.1021/acsami.0c22558,0.7952526,0.8319969,0.87715554,0.8574026
Mg3.5Ho0.04Sb1.97Te0.03,300.0,0.29463074119837107,10.1021/acsami.0c22558,0.18055882,0.1689058,0.13789281,0.19023027
Mg3.5Ho0.04Sb1.97Te0.03,400.0,0.43603868964176995,10.1021/acsami.0c22558,0.3614229,0.3164135,0.3339372,0.31642434
Mg3.5Ho0.04Sb1.97Te0.03,500.0,0.6611199791483757,10.1021/acsami.0c22558,0.5388803,0.49620646,0.5276672,0.52884215
Mg3.5Ho0.04Sb1.97Te0.03,600.0,0.8632125248955224,10.1021/acsami.0c22558,0.80611306,0.7572884,0.7935495,0.80318594
Mg3.5Ho0.04Sb1.97Te0.03,700.0,1.065791462150595,10.1021/acsami.0c22558,0.9446547,0.8319969,0.87715554,0.8574026
AgCuTe,320.0,0.093,10.1021/acsami.0c17836,0.17366509,0.31977904,0.18198203,0.26551846
AgCuTe,422.0,0.2448444,10.1021/acsami.0c17836,0.21618102,0.35273725,0.25568914,0.34696138
AgCuTe,522.0,0.7100237728471839,10.1021/acsami.0c17836,0.4895656,0.56168026,0.50984085,0.5275683
AgCuTe,623.0,0.7124406284429006,10.1021/acsami.0c17836,0.61581796,0.70347863,0.5939437,0.7011205
AgCuTe,723.0,0.7353570364107408,10.1021/acsami.0c17836,0.8043466,0.80897075,0.8058203,0.8374777
AgCuTe0.9Se0.1,320.0,0.7446,10.1021/acsami.0c17836,0.47999,0.5173926,0.47121763,0.3921594
AgCuTe0.9Se0.1,422.0,0.8855,10.1021/acsami.0c17836,0.5633566,0.61419916,0.47974104,0.49273503
AgCuTe0.9Se0.1,522.0,1.4458,10.1021/acsami.0c17836,0.7975618,0.8162034,0.6894309,0.6506066
AgCuTe0.9Se0.1,623.0,1.1149714046931407,10.1021/acsami.0c17836,0.83392143,0.8660442,0.7037128,0.7584918
AgCuTe0.9Se0.1,723.0,1.1403983323989908,10.1021/acsami.0c17836,0.8818222,0.8536677,0.7885755,0.8860767
AgCuTe0.8Se0.2,320.0,0.1399907422810334,10.1021/acsami.0c17836,0.4104674,0.41436845,0.57421803,0.4193735
AgCuTe0.8Se0.2,422.0,0.4067190203223315,10.1021/acsami.0c17836,0.5318298,0.44957262,0.5778397,0.45295256
AgCuTe0.8Se0.2,522.0,0.7988,10.1021/acsami.0c17836,0.73897886,0.64474493,0.7676792,0.6223741
AgCuTe0.8Se0.2,623.0,0.8755138402714898,10.1021/acsami.0c17836,0.7410092,0.72757345,0.7417347,0.72907776
AgCuTe0.8Se0.2,723.0,1.0927,10.1021/acsami.0c17836,0.8340761,0.7801494,0.8032708,0.8146357
AgCuTe0.7Se0.3,320.0,0.5473,10.1021/acsami.0c17836,0.43843108,0.36226565,0.5704973,0.38849875
AgCuTe0.7Se0.3,422.0,0.7355,10.1021/acsami.0c17836,0.5318298,0.36075068,0.57832396,0.3976031
AgCuTe0.7Se0.3,522.0,1.0125762572257355,10.1021/acsami.0c17836,0.73897886,0.5439188,0.7681635,0.5774466
AgCuTe0.7Se0.3,623.0,1.0516473200509142,10.1021/acsami.0c17836,0.7410092,0.66909415,0.742219,0.72295344
AgCuTe0.7Se0.3,723.0,0.9236,10.1021/acsami.0c17836,0.8340761,0.7636391,0.8037551,0.81509614
AgCuTe0.6Se0.4,320.0,0.3176993945903396,10.1021/acsami.0c17836,0.43843108,0.36226565,0.5678002,0.38103938
AgCuTe0.6Se0.4,422.0,0.6705,10.1021/acsami.0c17836,0.5318298,0.3524569,0.5756269,0.3837173
AgCuTe0.6Se0.4,522.0,0.6787737219849578,10.1021/acsami.0c17836,0.73897886,0.5356252,0.7725498,0.5635608
AgCuTe0.6Se0.4,623.0,0.5615817245160215,10.1021/acsami.0c17836,0.7339649,0.66909415,0.7335552,0.70906764
AgCuTe0.6Se0.4,723.0,0.4945,10.1021/acsami.0c17836,0.8051018,0.7636391,0.7753813,0.7887854
AgCuTe0.5Se0.5,320.0,0.049185711110005845,10.1021/acsami.0c17836,0.4469055,0.36226565,0.5937853,0.3896279
AgCuTe0.5Se0.5,422.0,0.0945,10.1021/acsami.0c17836,0.54288083,0.3524569,0.6197365,0.39873224
AgCuTe0.5Se0.5,522.0,0.08439109475244934,10.1021/acsami.0c17836,0.7909789,0.5356252,0.8193958,0.57857585
AgCuTe0.5Se0.5,623.0,0.12,10.1021/acsami.0c17836,0.7457422,0.66909415,0.7581584,0.7240827
AgCuTe0.5Se0.5,723.0,0.12791960814094774,10.1021/acsami.0c17836,0.80911064,0.7636391,0.78911895,0.80380046
Mg2Sn0.995Sb0.005,350.0,0.294049700461924,10.1021/acsami.0c17462,0.24957629,0.21503499,0.25163883,0.21885866
Mg2Sn0.995Sb0.005,444.0,0.436827862284641,10.1021/acsami.0c17462,0.3674487,0.32725158,0.38334873,0.35853744
Mg2Sn0.995Sb0.005,544.0,0.47939565358876274,10.1021/acsami.0c17462,0.6390778,0.60469705,0.5923277,0.5699903
Mg2Sn0.995Sb0.005,646.0,0.5481035532589494,10.1021/acsami.0c17462,0.76979053,0.7625656,0.6732088,0.74525154
Mg2Sn0.99Sb0.01,350.0,0.260956551548,10.1021/acsami.0c17462,0.25474852,0.22376636,0.26988894,0.22190355
Mg2Sn0.99Sb0.01,444.0,0.4755169125713927,10.1021/acsami.0c17462,0.37262085,0.33598292,0.4065975,0.34936225
Mg2Sn0.99Sb0.01,544.0,0.5942034720591777,10.1021/acsami.0c17462,0.64425004,0.6134283,0.6155766,0.5608151
Mg2Sn0.99Sb0.01,646.0,0.7136150724344447,10.1021/acsami.0c17462,0.7749628,0.77211964,0.6865644,0.7329282
Mg2Sn0.98Sb0.02,350.0,0.168886283280664,10.1021/acsami.0c17462,0.27160335,0.25083825,0.29205,0.26250154
Mg2Sn0.98Sb0.02,444.0,0.26428429252848334,10.1021/acsami.0c17462,0.4122875,0.3711224,0.42735973,0.39344975
Mg2Sn0.98Sb0.02,544.0,0.44079872494867306,10.1021/acsami.0c17462,0.6787074,0.64856774,0.6456888,0.6049025
Mg2Sn0.98Sb0.02,646.0,0.6331904818224389,10.1021/acsami.0c17462,0.8101807,0.7961769,0.73141956,0.76991516
Ag8SiSe6,298.0,0.6920869240350949,10.1021/acsami.0c15877,0.41079414,0.2545838,0.39085358,0.21563292
Ag8SiSe6,343.0,0.7786137018318688,10.1021/acsami.0c15877,0.42077467,0.2502384,0.38784596,0.23733315
Ag8SiSe6,398.0,0.8977819003245981,10.1021/acsami.0c15877,0.28743193,0.20548183,0.3059388,0.1897376
Ag8SiSe6,423.0,0.42503035901789454,10.1021/acsami.0c15877,0.27737868,0.20028496,0.28652927,0.18639296
Ag8SiSe6,473.0,0.5227601410119423,10.1021/acsami.0c15877,0.29015288,0.24073938,0.28484002,0.2207627
Ag8SiSe6,298.0,0.601814730553343,10.1021/acsami.0c15877,0.41079414,0.2545838,0.39085358,0.21563292
Ag8SiSe6,343.0,0.6780426702312914,10.1021/acsami.0c15877,0.42077467,0.2502384,0.38784596,0.23733315
Ag8SiSe6,398.0,0.7769086130022106,10.1021/acsami.0c15877,0.28743193,0.20548183,0.3059388,0.1897376
Ag8SiSe6,423.0,0.39652206536412005,10.1021/acsami.0c15877,0.27737868,0.20028496,0.28652927,0.18639296
Ag8SiSe6,473.0,0.4853845730934694,10.1021/acsami.0c15877,0.29015288,0.24073938,0.28484002,0.2207627
Ag8SiSe6,298.0,0.682589543474245,10.1021/acsami.0c15877,0.41079414,0.2545838,0.39085358,0.21563292
Ag8SiSe6,343.0,0.7649,10.1021/acsami.0c15877,0.42077467,0.2502384,0.38784596,0.23733315
Ag8SiSe6,398.0,0.8442897049957476,10.1021/acsami.0c15877,0.28743193,0.20548183,0.3059388,0.1897376
Ag8SiSe6,423.0,0.4007601943221073,10.1021/acsami.0c15877,0.27737868,0.20028496,0.28652927,0.18639296
Ag8SiSe6,473.0,0.48610039454238474,10.1021/acsami.0c15877,0.29015288,0.24073938,0.28484002,0.2207627
Ag8SiSe6,298.0,0.6354167421233096,10.1021/acsami.0c15877,0.41079414,0.2545838,0.39085358,0.21563292
Ag8SiSe6,343.0,0.7234236768875252,10.1021/acsami.0c15877,0.42077467,0.2502384,0.38784596,0.23733315
Ag8SiSe6,398.0,0.838841260545526,10.1021/acsami.0c15877,0.28743193,0.20548183,0.3059388,0.1897376
Ag8SiSe6,423.0,0.4183587869524768,10.1021/acsami.0c15877,0.27737868,0.20028496,0.28652927,0.18639296
Ag8SiSe6,473.0,0.5076079691822005,10.1021/acsami.0c15877,0.29015288,0.24073938,0.28484002,0.2207627
GeSe,326.0,0.00021534604648295737,10.1021/acsami.0c10850,0.018627938,0.027681079,0.016726317,0.012566974
GeSe,424.0,0.001781673006058955,10.1021/acsami.0c10850,0.059195463,0.07455271,0.067193575,0.062421866
GeSe,524.0,0.003869765613673692,10.1021/acsami.0c10850,0.14169681,0.1783685,0.15604769,0.15180571
GeSe,623.0,0.01607253547085821,10.1021/acsami.0c10850,0.28375968,0.30874994,0.28647873,0.30051595
GeSe,673.0,0.03721401547637751,10.1021/acsami.0c10850,0.3158198,0.3676963,0.33668968,0.36970326
GeSe,723.0,0.07567525784597691,10.1021/acsami.0c10850,0.44512022,0.43339604,0.44947746,0.4442087
GeSe,772.0,0.11043485571930192,10.1021/acsami.0c10850,0.5621379,0.5460029,0.5595004,0.56846845
GeSe0.95Te0.05,326.0,0.000849559204433755,10.1021/acsami.0c10850,0.074949436,0.11357751,0.10049697,0.06455125
GeSe0.95Te0.05,430.0,0.005894940090625819,10.1021/acsami.0c10850,0.22308652,0.21103993,0.2395728,0.17024828
GeSe0.95Te0.05,535.0,0.011451338424151213,10.1021/acsami.0c10850,0.3346436,0.34106004,0.35035023,0.32058734
GeSe0.95Te0.05,633.0,0.031885950779740393,10.1021/acsami.0c10850,0.6558654,0.6770121,0.6308897,0.5965459
GeSe0.95Te0.05,681.0,0.06507275066481515,10.1021/acsami.0c10850,0.73813164,0.7836827,0.74856484,0.74960834
GeSe0.95Te0.05,725.0,0.11952097780356882,10.1021/acsami.0c10850,0.82662904,0.8256723,0.79436404,0.7834274
GeSe0.95Te0.05,778.0,0.2184299381564887,10.1021/acsami.0c10850,0.8804968,0.8768175,0.8436755,0.84199816
GeSe0.9Te0.1,320.0,0.0027937601327370602,10.1021/acsami.0c10850,0.061506756,0.08543413,0.065966554,0.057480175
GeSe0.9Te0.1,430.0,0.007979639093736635,10.1021/acsami.0c10850,0.2054412,0.18501456,0.20647103,0.16374679
GeSe0.9Te0.1,530.0,0.016450532187218998,10.1021/acsami.0c10850,0.31719193,0.33607426,0.32906696,0.3074878
GeSe0.9Te0.1,630.0,0.021617421803184506,10.1021/acsami.0c10850,0.6556329,0.681299,0.6242468,0.5988041
GeSe0.9Te0.1,678.0,0.04017592705551548,10.1021/acsami.0c10850,0.7726263,0.7924615,0.76115817,0.7359511
GeSe0.9Te0.1,728.0,0.0762642054993065,10.1021/acsami.0c10850,0.8597775,0.8782999,0.83116066,0.8388378
GeSe0.9Te0.1,776.0,0.14117907795645443,10.1021/acsami.0c10850,0.9109196,0.940131,0.8792441,0.8915588
GeSe0.85Te0.15,320.0,0.0031870538711039997,10.1021/acsami.0c10850,0.059191268,0.08064332,0.06279671,0.056916844
GeSe0.85Te0.15,430.0,0.008232887595961863,10.1021/acsami.0c10850,0.20312572,0.18022373,0.20330116,0.16318345
GeSe0.85Te0.15,530.0,0.014561881280111735,10.1021/acsami.0c10850,0.31487644,0.33128345,0.3258971,0.30692446
GeSe0.85Te0.15,630.0,0.026863617824751555,10.1021/acsami.0c10850,0.6533174,0.6765081,0.6210768,0.5982408
GeSe0.85Te0.15,678.0,0.034801861281015575,10.1021/acsami.0c10850,0.77031076,0.7876707,0.7579882,0.7353878
GeSe0.85Te0.15,728.0,0.06537393214142687,10.1021/acsami.0c10850,0.857462,0.87350905,0.8279907,0.8382745
GeSe0.85Te0.15,776.0,0.22511411409507462,10.1021/acsami.0c10850,0.9086041,0.93534017,0.87607414,0.8909955
GeSe0.8Te0.2,320.0,0.003806569229467831,10.1021/acsami.0c10850,0.057634074,0.07830859,0.06279671,0.0567162
GeSe0.8Te0.2,430.0,0.009669001681283934,10.1021/acsami.0c10850,0.20156851,0.177889,0.20330116,0.1629828
GeSe0.8Te0.2,530.0,0.016543133873357253,10.1021/acsami.0c10850,0.3133192,0.3289487,0.3258971,0.3067238
GeSe0.8Te0.2,630.0,0.030672695106534243,10.1021/acsami.0c10850,0.6517602,0.6741734,0.6210768,0.59804016
GeSe0.8Te0.2,678.0,0.03903664034019722,10.1021/acsami.0c10850,0.76579624,0.7827475,0.7669786,0.7351872
GeSe0.8Te0.2,728.0,0.1099524269152638,10.1021/acsami.0c10850,0.8529475,0.8685859,0.8369811,0.83807385
GeSe0.8Te0.2,776.0,0.3960194078853119,10.1021/acsami.0c10850,0.90408957,0.9284501,0.88506454,0.8907949
GeSe0.75Te0.25,320.0,0.0037114389672615006,10.1021/acsami.0c10850,0.057982575,0.07830859,0.06279671,0.0567162
GeSe0.75Te0.25,430.0,0.009356619390348665,10.1021/acsami.0c10850,0.20191701,0.177889,0.20330116,0.1629828
GeSe0.75Te0.25,530.0,0.015874756594517366,10.1021/acsami.0c10850,0.31366768,0.3289487,0.3258971,0.3067238
GeSe0.75Te0.25,630.0,0.03201966265971462,10.1021/acsami.0c10850,0.6521087,0.6741734,0.6210768,0.59804016
GeSe0.75Te0.25,678.0,0.044429081265218155,10.1021/acsami.0c10850,0.76614475,0.7827475,0.7669786,0.7351872
GeSe0.75Te0.25,728.0,0.21514942070978946,10.1021/acsami.0c10850,0.8611647,0.8685859,0.8369811,0.83807385
GeSe0.75Te0.25,776.0,0.5659122466434954,10.1021/acsami.0c10850,0.9123068,0.9284501,0.88506454,0.8907949
GeSe0.7Te0.3,320.0,0.0037774548076840563,10.1021/acsami.0c10850,0.057982575,0.07830859,0.06542629,0.0567162
GeSe0.7Te0.3,430.0,0.009079171061611963,10.1021/acsami.0c10850,0.20191701,0.18100901,0.20593074,0.1629828
GeSe0.7Te0.3,530.0,0.015659171563602393,10.1021/acsami.0c10850,0.31366768,0.33206874,0.32852665,0.3067238
GeSe0.7Te0.3,630.0,0.030511800444961937,10.1021/acsami.0c10850,0.6521087,0.6772934,0.6284609,0.59804016
GeSe0.7Te0.3,678.0,0.04514640488964048,10.1021/acsami.0c10850,0.76614475,0.7827475,0.7743627,0.7351872
GeSe0.7Te0.3,728.0,0.3045153749647776,10.1021/acsami.0c10850,0.8611647,0.8685859,0.8443652,0.83807385
GeSe0.7Te0.3,776.0,0.5928989128682327,10.1021/acsami.0c10850,0.9123068,0.9284501,0.8861632,0.8907949
GeSe0.65Te0.35,320.0,0.002982862173612244,10.1021/acsami.0c10850,0.10117887,0.08526824,0.11790662,0.05702181
GeSe0.65Te0.35,430.0,0.00822683815245963,10.1021/acsami.0c10850,0.32805318,0.18796867,0.2949327,0.16328841
GeSe0.65Te0.35,530.0,0.015051507029640651,10.1021/acsami.0c10850,0.44834337,0.33902842,0.42076623,0.3070294
GeSe0.65Te0.35,630.0,0.03340191382234109,10.1021/acsami.0c10850,0.69390476,0.68425304,0.67013675,0.60294044
GeSe0.65Te0.35,678.0,0.052060326609029775,10.1021/acsami.0c10850,0.794153,0.7897071,0.7934033,0.74008745
GeSe0.65Te0.35,728.0,0.435459969007405,10.1021/acsami.0c10850,0.87381303,0.8755455,0.8686024,0.8429741
GeSe0.65Te0.35,776.0,0.6302896414510579,10.1021/acsami.0c10850,0.9249551,0.9354097,0.9104004,0.9039001
GeSe0.6Te0.4,320.0,0.05765144236932923,10.1021/acsami.0c10850,0.09634559,0.07991781,0.10291813,0.05447325
GeSe0.6Te0.4,430.0,0.1378018075301794,10.1021/acsami.0c10850,0.3049126,0.18261826,0.26680037,0.16073985
GeSe0.6Te0.4,530.0,0.29565327190521323,10.1021/acsami.0c10850,0.4252028,0.333678,0.39263391,0.30448082
GeSe0.6Te0.4,630.0,0.4178718101434003,10.1021/acsami.0c10850,0.6890715,0.6789026,0.6520849,0.6003919
GeSe0.6Te0.4,678.0,0.3933063628603081,10.1021/acsami.0c10850,0.7893197,0.7843567,0.77535146,0.73753893
GeSe0.6Te0.4,728.0,0.5554252425147703,10.1021/acsami.0c10850,0.8798032,0.8663625,0.85055053,0.8404256
GeSe0.6Te0.4,776.0,0.6558391957890137,10.1021/acsami.0c10850,0.9285677,0.92622674,0.8923485,0.8867272
GeSe0.55Te0.45,320.0,0.06529804754539172,10.1021/acsami.0c10850,0.09634559,0.07991781,0.10291813,0.05119148
GeSe0.55Te0.45,430.0,0.1587958051452962,10.1021/acsami.0c10850,0.3049126,0.19091213,0.2718706,0.15745808
GeSe0.55Te0.45,530.0,0.32020241669318256,10.1021/acsami.0c10850,0.4252028,0.3419718,0.39770415,0.30119905
GeSe0.55Te0.45,630.0,0.5229099790409358,10.1021/acsami.0c10850,0.6890715,0.6789026,0.6571551,0.59711015
GeSe0.55Te0.45,678.0,0.4681528358586445,10.1021/acsami.0c10850,0.7893197,0.7843567,0.77535146,0.73425716
GeSe0.55Te0.45,728.0,0.5705925545640105,10.1021/acsami.0c10850,0.8798032,0.8663625,0.85055053,0.83714384
GeSe0.55Te0.45,776.0,0.6910236967592048,10.1021/acsami.0c10850,0.9285677,0.92622674,0.8923485,0.88344544
GeSe0.5Te0.5,320.0,0.05639646446408281,10.1021/acsami.0c10850,0.09409895,0.11303883,0.10243386,0.090779945
GeSe0.5Te0.5,430.0,0.13940870593577867,10.1021/acsami.0c10850,0.30482188,0.25120306,0.27138636,0.20140953
GeSe0.5Te0.5,530.0,0.29062191291382466,10.1021/acsami.0c10850,0.44373417,0.40289927,0.41616294,0.35797587
GeSe0.5Te0.5,630.0,0.5077132079867236,10.1021/acsami.0c10850,0.70760286,0.7240276,0.6844153,0.612593
GeSe0.5Te0.5,678.0,0.46307244135543896,10.1021/acsami.0c10850,0.8078511,0.81063855,0.80649763,0.7339622
GeSe0.5Te0.5,728.0,0.5629410309798657,10.1021/acsami.0c10850,0.89833456,0.87895304,0.87534475,0.8283346
GeSe0.5Te0.5,776.0,0.6732195920373333,10.1021/acsami.0c10850,0.9470991,0.9364093,0.91714275,0.87463623
(CuI)0.003Bi2Te3,325.0,0.7536795862680972,10.1021/acsami.0c09529,0.6608208,0.76103383,0.6980462,0.7290614
(CuI)0.003Bi2Te3,371.0,0.8196700134337773,10.1021/acsami.0c09529,0.70271957,0.7583169,0.7299512,0.759402
(CuI)0.003Bi2Te3,420.0,0.8270059016072713,10.1021/acsami.0c09529,0.7142702,0.71766245,0.7221436,0.7276503
(CuI)0.003Bi2Te3,470.0,0.7819771433988567,10.1021/acsami.0c09529,0.6823688,0.68930006,0.6939304,0.66782075
(CuI)0.003Bi2Te3,519.0,0.7046314670316693,10.1021/acsami.0c09529,0.6772431,0.67008114,0.6596093,0.6441447
(CuI)0.003Bi2Te3,568.0,0.6022871701509024,10.1021/acsami.0c09529,0.6856659,0.73365885,0.67072445,0.6739459
Mg2Zn0.96Sb2,300.0,0.11052568078328935,10.1021/acsami.0c09391,0.06664846,0.042465124,0.039041426,0.06769581
Mg2Zn0.96Sb2,373.0,0.1694372755049471,10.1021/acsami.0c09391,0.13239466,0.109517805,0.103095986,0.13955519
Mg2Zn0.96Sb2,473.0,0.24652168622228576,10.1021/acsami.0c09391,0.26352325,0.26373133,0.22618929,0.29071116
Mg2Zn0.96Sb2,573.0,0.3204423304489514,10.1021/acsami.0c09391,0.37639585,0.43801084,0.36688212,0.42861193
Mg2Zn0.96Sb2,673.0,0.3969911967173431,10.1021/acsami.0c09391,0.50291044,0.54176563,0.4799834,0.53931284
Mg2Zn0.96Sb2,773.0,0.4324290295140767,10.1021/acsami.0c09391,0.5758691,0.6229254,0.5485982,0.6074335
Mg2Zn0.98Sb2,300.0,0.16400183587925427,10.1021/acsami.0c09391,0.06664846,0.042465124,0.039041426,0.06769581
Mg2Zn0.98Sb2,373.0,0.2228187835621395,10.1021/acsami.0c09391,0.13239466,0.109517805,0.103095986,0.13955519
Mg2Zn0.98Sb2,473.0,0.2908170420655491,10.1021/acsami.0c09391,0.26352325,0.26373133,0.22618929,0.29071116
Mg2Zn0.98Sb2,573.0,0.3512,10.1021/acsami.0c09391,0.37639585,0.43801084,0.36688212,0.42861193
Mg2Zn0.98Sb2,673.0,0.43681924074109263,10.1021/acsami.0c09391,0.50291044,0.54176563,0.4799834,0.53931284
Mg2Zn0.98Sb2,773.0,0.5165290442382608,10.1021/acsami.0c09391,0.5758691,0.6229254,0.5485982,0.6074335
Mg2ZnSb2,300.0,0.04944202595014303,10.1021/acsami.0c09391,0.09247851,0.06450327,0.06910755,0.09398511
Mg2ZnSb2,373.0,0.047577313520408754,10.1021/acsami.0c09391,0.16085243,0.1342341,0.13316183,0.16584451
Mg2ZnSb2,473.0,0.02198504182346131,10.1021/acsami.0c09391,0.291981,0.29235902,0.2600317,0.31700048
Mg2ZnSb2,573.0,0.021043981053604433,10.1021/acsami.0c09391,0.41685057,0.47194594,0.4032569,0.45700437
Mg2ZnSb2,673.0,0.04044489969352886,10.1021/acsami.0c09391,0.5407374,0.57763475,0.5163575,0.5687841
Mg2ZnSb2,773.0,0.08383806433782807,10.1021/acsami.0c09391,0.6104049,0.65157604,0.5798204,0.634438
Mg2Zn1.02Sb2,300.0,0.0473170109006321,10.1021/acsami.0c09391,0.09247851,0.07884953,0.07542581,0.102721885
Mg2Zn1.02Sb2,373.0,0.035621124403418115,10.1021/acsami.0c09391,0.16085243,0.15266183,0.13948007,0.17458126
Mg2Zn1.02Sb2,473.0,0.012401338519660517,10.1021/acsami.0c09391,0.291981,0.31656033,0.28047153,0.33110604
Mg2Zn1.02Sb2,573.0,0.01466007791860626,10.1021/acsami.0c09391,0.41685057,0.49057835,0.42490426,0.47600004
Mg2Zn1.02Sb2,673.0,0.03787338494797122,10.1021/acsami.0c09391,0.5407374,0.5962674,0.5380048,0.5877798
Mg2Zn1.02Sb2,773.0,0.08944766223068522,10.1021/acsami.0c09391,0.6104049,0.659691,0.60146767,0.6441544
Mg2Zn1.04Sb2,300.0,0.03383223485768104,10.1021/acsami.0c09391,0.09247851,0.07884953,0.07542581,0.102721885
Mg2Zn1.04Sb2,373.0,0.03370889608623036,10.1021/acsami.0c09391,0.16085243,0.15266183,0.13948007,0.17458126
Mg2Zn1.04Sb2,473.0,0.017677160417916206,10.1021/acsami.0c09391,0.291981,0.31656033,0.28047153,0.33110604
Mg2Zn1.04Sb2,573.0,0.022622976222340007,10.1021/acsami.0c09391,0.41685057,0.49057835,0.42490426,0.47600004
Mg2Zn1.04Sb2,673.0,0.05163114515816167,10.1021/acsami.0c09391,0.5407374,0.5962674,0.5380048,0.5877798
Mg2Zn1.04Sb2,773.0,0.11310496182183463,10.1021/acsami.0c09391,0.6104049,0.659691,0.60146767,0.6441544
Mg1.98Li0.02Zn0.98Sb2,300.0,0.15266258984540673,10.1021/acsami.0c09391,0.08465222,0.06548629,0.06761621,0.08312624
Mg1.98Li0.02Zn0.98Sb2,373.0,0.23409448772039546,10.1021/acsami.0c09391,0.15302615,0.1352171,0.13167048,0.15498565
Mg1.98Li0.02Zn0.98Sb2,473.0,0.3679575047314438,10.1021/acsami.0c09391,0.2841547,0.2991157,0.27115574,0.30929077
Mg1.98Li0.02Zn0.98Sb2,573.0,0.5236473774020916,10.1021/acsami.0c09391,0.40902427,0.46658206,0.41438094,0.44929466
Mg1.98Li0.02Zn0.98Sb2,673.0,0.6619575864775258,10.1021/acsami.0c09391,0.53291106,0.57227093,0.5274815,0.5632942
Mg1.98Li0.02Zn0.98Sb2,773.0,0.7311718740617027,10.1021/acsami.0c09391,0.6025786,0.6356944,0.59094435,0.6196688
Mg1.98K0.02Zn0.98Sb2,300.0,0.18330513854704453,10.1021/acsami.0c09391,0.086257264,0.07884135,0.072711915,0.10126356
Mg1.98K0.02Zn0.98Sb2,373.0,0.27264395452112977,10.1021/acsami.0c09391,0.15463117,0.14857218,0.13676618,0.17312294
Mg1.98K0.02Zn0.98Sb2,473.0,0.3576974832089376,10.1021/acsami.0c09391,0.28575975,0.31247073,0.27625144,0.32964778
Mg1.98K0.02Zn0.98Sb2,573.0,0.3872170881125497,10.1021/acsami.0c09391,0.41301066,0.48291758,0.4236113,0.47232264
Mg1.98K0.02Zn0.98Sb2,673.0,0.4559869732199811,10.1021/acsami.0c09391,0.53689754,0.5886065,0.53671193,0.5841024
Mg1.98K0.02Zn0.98Sb2,773.0,0.5170119113806733,10.1021/acsami.0c09391,0.60656506,0.65203005,0.6001748,0.640477
Mg1.98Ag0.02Zn0.98Sb2,300.0,0.15532384527,10.1021/acsami.0c09391,0.09705621,0.08044247,0.074958324,0.104613364
Mg1.98Ag0.02Zn0.98Sb2,373.0,0.24493010902578,10.1021/acsami.0c09391,0.16543013,0.15017329,0.13901255,0.17647277
Mg1.98Ag0.02Zn0.98Sb2,473.0,0.37279272126046586,10.1021/acsami.0c09391,0.2965587,0.31407186,0.27849782,0.33299756
Mg1.98Ag0.02Zn0.98Sb2,573.0,0.5011607292795892,10.1021/acsami.0c09391,0.42479706,0.4793376,0.42181778,0.47300145
Mg1.98Ag0.02Zn0.98Sb2,673.0,0.5754090575379468,10.1021/acsami.0c09391,0.5486838,0.579535,0.5284179,0.5847812
Mg1.98Ag0.02Zn0.98Sb2,773.0,0.6001359161798663,10.1021/acsami.0c09391,0.61835134,0.6372627,0.58919865,0.64115584
Mg1.96Li0.04Zn0.98Sb2,300.0,0.08912252950496084,10.1021/acsami.0c09391,0.070730165,0.06548629,0.06344191,0.08312624
Mg1.96Li0.04Zn0.98Sb2,373.0,0.1379,10.1021/acsami.0c09391,0.1391041,0.1352171,0.12749618,0.15498565
Mg1.96Li0.04Zn0.98Sb2,473.0,0.22762630115587076,10.1021/acsami.0c09391,0.27023268,0.2991157,0.26698145,0.30929077
Mg1.96Li0.04Zn0.98Sb2,573.0,0.3362824538305307,10.1021/acsami.0c09391,0.39510223,0.46658206,0.41020665,0.44929466
Mg1.96Li0.04Zn0.98Sb2,673.0,0.4609832275462708,10.1021/acsami.0c09391,0.51898897,0.57227093,0.5233072,0.5632942
Mg1.96Li0.04Zn0.98Sb2,773.0,0.6176102667582501,10.1021/acsami.0c09391,0.5886565,0.6356944,0.58677006,0.6196688
Ag0.97CrSe2,303.0,0.11945068251477624,10.1021/acsami.0c09355,0.118800305,0.123058744,0.11928534,0.11341651
Ag0.97CrSe2,403.0,0.18430846849869997,10.1021/acsami.0c09355,0.17100368,0.16573034,0.1586287,0.14573297
Ag0.97CrSe2,503.0,0.24089810180563892,10.1021/acsami.0c09355,0.24547082,0.23721872,0.23505034,0.21868397
Ag0.97CrSe2,603.0,0.32894178665990687,10.1021/acsami.0c09355,0.36464867,0.35141432,0.36307353,0.34153652
Ag0.97CrSe2,703.0,0.41394485807627696,10.1021/acsami.0c09355,0.4571014,0.4422281,0.46006203,0.4513806
Ag0.97CrSe2,753.0,0.46779465559118233,10.1021/acsami.0c09355,0.54418015,0.4835237,0.53289783,0.5075692
Ag0.97Cr0.99Sb0.01Se2,303.0,0.09683092317850561,10.1021/acsami.0c09355,0.15945785,0.18295012,0.16207205,0.18242826
Ag0.97Cr0.99Sb0.01Se2,403.0,0.11674792138726071,10.1021/acsami.0c09355,0.3022547,0.3178108,0.30795476,0.34581432
Ag0.97Cr0.99Sb0.01Se2,503.0,0.18427758350447485,10.1021/acsami.0c09355,0.43923846,0.4365254,0.44021407,0.49297884
Ag0.97Cr0.99Sb0.01Se2,603.0,0.30216860726799316,10.1021/acsami.0c09355,0.5781418,0.5530374,0.5854432,0.6407586
Ag0.97Cr0.99Sb0.01Se2,703.0,0.44330987028731017,10.1021/acsami.0c09355,0.65176857,0.62977767,0.64986545,0.6968971
Ag0.97Cr0.99Sb0.01Se2,753.0,0.4811170877404941,10.1021/acsami.0c09355,0.67505,0.61378384,0.671536,0.70186275
Ag0.97Cr0.97Sb0.03Se2,303.0,0.09919264031382258,10.1021/acsami.0c09355,0.15945785,0.18102787,0.15935162,0.18165772
Ag0.97Cr0.97Sb0.03Se2,403.0,0.13512701507819508,10.1021/acsami.0c09355,0.3022547,0.3038483,0.29738075,0.3450438
Ag0.97Cr0.97Sb0.03Se2,503.0,0.23637768384958713,10.1021/acsami.0c09355,0.43923846,0.435699,0.42964005,0.49220833
Ag0.97Cr0.97Sb0.03Se2,603.0,0.4073475429728695,10.1021/acsami.0c09355,0.5781418,0.5433352,0.56138766,0.6380261
Ag0.97Cr0.97Sb0.03Se2,703.0,0.6153764430192403,10.1021/acsami.0c09355,0.65176857,0.62089825,0.6258096,0.6860548
Ag0.97Cr0.97Sb0.03Se2,753.0,0.7031947009404121,10.1021/acsami.0c09355,0.67505,0.6049044,0.6474802,0.69102037
Ag0.97Cr0.95Sb0.05Se2,303.0,0.07031423044614757,10.1021/acsami.0c09355,0.1581787,0.18313785,0.15062514,0.18165772
Ag0.97Cr0.95Sb0.05Se2,403.0,0.08813606931590079,10.1021/acsami.0c09355,0.30097553,0.3059582,0.28865427,0.3450438
Ag0.97Cr0.95Sb0.05Se2,503.0,0.13781395388692,10.1021/acsami.0c09355,0.43795928,0.4378089,0.42091358,0.49220833
Ag0.97Cr0.95Sb0.05Se2,603.0,0.24037977570373983,10.1021/acsami.0c09355,0.5729366,0.5454451,0.5554954,0.6380261
Ag0.97Cr0.95Sb0.05Se2,703.0,0.38895005065346144,10.1021/acsami.0c09355,0.64656335,0.62300825,0.61991733,0.6860548
Ag0.97Cr0.95Sb0.05Se2,753.0,0.40353498907212404,10.1021/acsami.0c09355,0.6698448,0.6070143,0.6415879,0.69102037
Ag0.97Cr0.99Bi0.01Se2,303.0,0.07714971670069301,10.1021/acsami.0c09355,0.13543476,0.12407931,0.12187159,0.11829845
Ag0.97Cr0.99Bi0.01Se2,403.0,0.12410217822921349,10.1021/acsami.0c09355,0.2085636,0.16887398,0.162364,0.15342292
Ag0.97Cr0.99Bi0.01Se2,503.0,0.17179994855042685,10.1021/acsami.0c09355,0.31285882,0.24419542,0.2632545,0.23219593
Ag0.97Cr0.99Bi0.01Se2,603.0,0.28324604728787545,10.1021/acsami.0c09355,0.44982037,0.3881713,0.40165603,0.3696049
Ag0.97Cr0.99Bi0.01Se2,703.0,0.434146178202283,10.1021/acsami.0c09355,0.5508177,0.5027734,0.5029243,0.48081103
Ag0.97Cr0.99Bi0.01Se2,753.0,0.5009385985370065,10.1021/acsami.0c09355,0.6372389,0.5494472,0.5761066,0.5397855
Ag0.97Cr0.97Bi0.03Se2,303.0,0.0917949713976605,10.1021/acsami.0c09355,0.117979504,0.13511418,0.1131878,0.12786384
Ag0.97Cr0.97Bi0.03Se2,403.0,0.12300234367250779,10.1021/acsami.0c09355,0.20401558,0.2024738,0.16841261,0.19392723
Ag0.97Cr0.97Bi0.03Se2,503.0,0.21069274245626712,10.1021/acsami.0c09355,0.30487448,0.2962992,0.28340426,0.29104978
Ag0.97Cr0.97Bi0.03Se2,603.0,0.33853442050261134,10.1021/acsami.0c09355,0.49954394,0.5373343,0.48348302,0.47221008
Ag0.97Cr0.97Bi0.03Se2,703.0,0.5278665401876663,10.1021/acsami.0c09355,0.6298857,0.6845572,0.6289592,0.5851905
Ag0.97Cr0.97Bi0.03Se2,753.0,0.6519655858383878,10.1021/acsami.0c09355,0.721146,0.73029506,0.70421547,0.64339244
Ag0.97Cr0.95Bi0.05Se2,303.0,0.0934243292115549,10.1021/acsami.0c09355,0.13993074,0.13774718,0.12174405,0.1390287
Ag0.97Cr0.95Bi0.05Se2,403.0,0.11870845537575361,10.1021/acsami.0c09355,0.23030578,0.21092589,0.17696913,0.20509212
Ag0.97Cr0.95Bi0.05Se2,503.0,0.17203389960056134,10.1021/acsami.0c09355,0.33575743,0.30475134,0.29196078,0.30221462
Ag0.97Cr0.95Bi0.05Se2,603.0,0.26130949286125804,10.1021/acsami.0c09355,0.5277618,0.5602032,0.5326365,0.49184883
Ag0.97Cr0.95Bi0.05Se2,703.0,0.356762496295165,10.1021/acsami.0c09355,0.6765134,0.70742595,0.69436944,0.60482925
Ag0.97Cr0.95Bi0.05Se2,753.0,0.37962100947156613,10.1021/acsami.0c09355,0.7677736,0.7531638,0.7696256,0.6630313
SnTe,323.0,0.041252862174604735,10.1021/acsami.0c09781,-0.001397033,-0.0172078,-0.008149793,-0.006232933
SnTe,423.0,0.05421609379046596,10.1021/acsami.0c09781,0.024177104,0.019206235,0.021813553,0.028931102
SnTe,523.0,0.08295092623196917,10.1021/acsami.0c09781,0.08380345,0.08848133,0.057750884,0.09346262
SnTe,623.0,0.14347532489507703,10.1021/acsami.0c09781,0.19391073,0.2432303,0.20872506,0.2606441
SnTe,723.0,0.2578003009972423,10.1021/acsami.0c09781,0.31739274,0.42304772,0.31126994,0.41201532
Sn0.985In0.015Te,323.0,0.08044512571380777,10.1021/acsami.0c09781,0.08737033,0.057252273,0.0813771,0.07465113
Sn0.985In0.015Te,423.0,0.12585231353605691,10.1021/acsami.0c09781,0.13497823,0.100306414,0.13662426,0.11710919
Sn0.985In0.015Te,523.0,0.18927840464190676,10.1021/acsami.0c09781,0.2257485,0.18027033,0.20635042,0.20056929
Sn0.985In0.015Te,623.0,0.29395284805091554,10.1021/acsami.0c09781,0.37050894,0.33813712,0.35676947,0.36558193
Sn0.985In0.015Te,723.0,0.4237300722261189,10.1021/acsami.0c09781,0.5064511,0.5058976,0.50845325,0.5096252
(Sn0.985In0.015Te)0.95(AgCl)0.05,323.0,0.0869893582236262,10.1021/acsami.0c09781,0.108733945,0.07777431,0.07968825,0.07164552
(Sn0.985In0.015Te)0.95(AgCl)0.05,423.0,0.15590373683134454,10.1021/acsami.0c09781,0.12882176,0.12048603,0.13781102,0.11689124
(Sn0.985In0.015Te)0.95(AgCl)0.05,523.0,0.24325790555894217,10.1021/acsami.0c09781,0.2198022,0.20265491,0.21090348,0.20999819
(Sn0.985In0.015Te)0.95(AgCl)0.05,623.0,0.3679208452128105,10.1021/acsami.0c09781,0.39049357,0.36461413,0.38316417,0.3776079
(Sn0.985In0.015Te)0.95(AgCl)0.05,723.0,0.5050521539925087,10.1021/acsami.0c09781,0.593337,0.5729958,0.58412987,0.5683215
(Sn0.985In0.015Te)0.9(AgCl)0.1,323.0,0.12685440246032076,10.1021/acsami.0c09781,0.005716406,0.0032608584,-0.019898817,0.018042374
(Sn0.985In0.015Te)0.9(AgCl)0.1,423.0,0.21288245018658697,10.1021/acsami.0c09781,0.0478133,0.056555133,0.05883865,0.09365362
(Sn0.985In0.015Te)0.9(AgCl)0.1,523.0,0.3180321562435764,10.1021/acsami.0c09781,0.17478842,0.09589285,0.17040165,0.17312416
(Sn0.985In0.015Te)0.9(AgCl)0.1,623.0,0.4491879054776822,10.1021/acsami.0c09781,0.3938788,0.28005576,0.34065932,0.39675984
(Sn0.985In0.015Te)0.9(AgCl)0.1,723.0,0.635764880913954,10.1021/acsami.0c09781,0.5833183,0.49740735,0.5056033,0.5605869
(Sn0.985In0.015Te)0.9(AgCl)0.1,823.0,0.8628363470584276,10.1021/acsami.0c09781,0.7831542,0.64836097,0.64888537,0.7445445
(Sn0.985In0.015Te)0.85(AgCl)0.15,323.0,0.11624692271685189,10.1021/acsami.0c09781,0.009875519,0.005136656,-0.0049168225,0.048541643
(Sn0.985In0.015Te)0.85(AgCl)0.15,423.0,0.1863277384219425,10.1021/acsami.0c09781,0.058980387,0.07872051,0.1009082,0.14596891
(Sn0.985In0.015Te)0.85(AgCl)0.15,523.0,0.274691595032183,10.1021/acsami.0c09781,0.18128358,0.117196605,0.1691736,0.23955545
(Sn0.985In0.015Te)0.85(AgCl)0.15,623.0,0.3961,10.1021/acsami.0c09781,0.3834931,0.28652927,0.35368043,0.44090334
(Sn0.985In0.015Te)0.85(AgCl)0.15,723.0,0.575840067683176,10.1021/acsami.0c09781,0.5434175,0.5065005,0.5022378,0.5949465
(Sn0.985In0.015Te)0.85(AgCl)0.15,823.0,0.811240554214463,10.1021/acsami.0c09781,0.730219,0.6571022,0.6771121,0.7842405
Cu2SnSe3,323.0,0.01208597796608389,10.1021/acsami.0c04298,0.036895636,0.03812271,0.035383835,0.031447954
Cu2SnSe3,423.0,0.025754402462130278,10.1021/acsami.0c04298,0.08338391,0.09123593,0.078914054,0.082761854
Cu2SnSe3,523.0,0.05581578788220992,10.1021/acsami.0c04298,0.15692753,0.1808588,0.15427193,0.1752907
Cu2SnSe3,623.0,0.12778937311148292,10.1021/acsami.0c04298,0.25815913,0.29140148,0.25954676,0.27910027
Cu2SnSe3,723.0,0.2216494658528586,10.1021/acsami.0c04298,0.39133608,0.40047234,0.40866432,0.39428774
Cu2SnSe3,823.0,0.3518,10.1021/acsami.0c04298,0.65696836,0.57702667,0.6315899,0.63333017
Cu2Sn0.95Fe0.05Se3,323.0,0.033441559386427996,10.1021/acsami.0c04298,0.04572775,0.041449334,0.042570412,0.040635847
Cu2Sn0.95Fe0.05Se3,423.0,0.07986122452173913,10.1021/acsami.0c04298,0.09221603,0.084037036,0.08610062,0.08474009
Cu2Sn0.95Fe0.05Se3,523.0,0.15148182269929955,10.1021/acsami.0c04298,0.16575968,0.17225234,0.16275838,0.17117347
Cu2Sn0.95Fe0.05Se3,623.0,0.250513739364503,10.1021/acsami.0c04298,0.26699123,0.28914338,0.26803315,0.2813849
Cu2Sn0.95Fe0.05Se3,723.0,0.33282313722477713,10.1021/acsami.0c04298,0.39980808,0.4081921,0.4171507,0.4087231
Cu2Sn0.95Fe0.05Se3,823.0,0.85,10.1021/acsami.0c04298,0.66544026,0.585778,0.64007634,0.6477655
Ge9Sb2Te12,324.0,0.0726012414538634,10.1021/acsami.0c02155,0.26663128,0.25717327,0.3021764,0.2964765
Ge9Sb2Te12,423.0,0.1534479099226038,10.1021/acsami.0c02155,0.42514062,0.41080496,0.45843408,0.42962536
Ge9Sb2Te12,525.0,0.24679536349543083,10.1021/acsami.0c02155,0.6262096,0.6360987,0.6877918,0.6740505
Ge9Sb2Te12,625.0,0.3384960612071408,10.1021/acsami.0c02155,0.965364,0.99483275,1.0839546,0.92993593
Ge9Sb2Te12,725.0,0.5653737789612665,10.1021/acsami.0c02155,1.2692465,1.3477923,1.3685178,1.037123
Ge9Sb2Te12,827.0,1.3326080005529743,10.1021/acsami.0c02155,1.2985498,1.3830737,1.3946991,1.0605366
