Formula,temperature(K),seebeck_coefficient(μV/K),electrical_conductivity(S/m),thermal_conductivity(W/mK),power_factor(W/mK2),ZT,reference
BiSb(Se0.92Br0.08)3,300.0,-110.0,27766.0,0.63,0.0003359686,0.1599850476190476,10.1002/adfm.201806558
BiSb(Se0.92Br0.08)3,400.0,-138.0,23883.0,0.57,0.000454827852,0.31917744,10.1002/adfm.201806558
BiSb(Se0.92Br0.08)3,500.0,-163.0,20850.0,0.53,0.00055396365,0.522607216981132,10.1002/adfm.201806558
BiSb(Se0.92Br0.08)3,600.0,-181.0,19000.0,0.51,0.000622459,0.7323047058823529,10.1002/adfm.201806558
BiSb(Se0.92Br0.08)3,700.0,-193.0,17925.0,0.5,0.0006676883249999999,0.94,10.1002/adfm.201806558
BiSb(Se0.92Br0.08)3,800.0,-203.0,17340.0,0.44,0.00071456406,1.299207381818182,10.1002/adfm.201806558
BiSb(Se0.94Br0.06)3,300.0,-112.0,26117.0,0.64,0.000327611648,0.15356796,10.1002/adfm.201806558
BiSb(Se0.94Br0.06)3,400.0,-141.0,22500.0,0.57,0.0004473225,0.3139105263157895,10.1002/adfm.201806558
BiSb(Se0.94Br0.06)3,500.0,-169.0,19362.0,0.53,0.000552998082,0.5216963037735849,10.1002/adfm.201806558
BiSb(Se0.94Br0.06)3,600.0,-186.0,17500.0,0.51,0.00060543,0.7122705882352941,10.1002/adfm.201806558
BiSb(Se0.94Br0.06)3,700.0,-203.0,16277.0,0.5,0.0006707588929999999,0.9390624502,10.1002/adfm.201806558
BiSb(Se0.94Br0.06)3,800.0,-219.0,15479.0,0.44,0.000742388319,1.3497969436363635,10.1002/adfm.201806558
BiSb(Se0.96Br0.04)3,300.0,-100.0,21000.0,0.65,0.00021,0.12,10.1002/adfm.201806558
BiSb(Se0.96Br0.04)3,400.0,-141.0,19000.0,0.59,0.000377739,0.28,10.1002/adfm.201806558
BiSb(Se0.96Br0.04)3,500.0,-169.0,16436.0,0.55,0.000469428596,0.42675326909090905,10.1002/adfm.201806558
BiSb(Se0.96Br0.04)3,600.0,-192.0,14630.0,0.53,0.00053932032,0.63,10.1002/adfm.201806558
BiSb(Se0.96Br0.04)3,700.0,-213.0,13298.0,0.5,0.000603316962,0.8446437468,10.1002/adfm.201806558
BiSb(Se0.96Br0.04)3,800.0,-228.0,12500.0,0.45,0.0006498,1.1552,10.1002/adfm.201806558
BiSb(Se0.98Br0.02)3,300.0,-109.0,21915.0,0.68,0.000260372115,0.12,10.1002/adfm.201806558
BiSb(Se0.98Br0.02)3,400.0,-147.0,19362.0,0.61,0.000418393458,0.27435636590163937,10.1002/adfm.201806558
BiSb(Se0.98Br0.02)3,500.0,-173.0,16702.0,0.58,0.000499874158,0.42,10.1002/adfm.201806558
BiSb(Se0.98Br0.02)3,600.0,-190.0,15000.0,0.56,0.0005415,0.5801785714285714,10.1002/adfm.201806558
BiSb(Se0.98Br0.02)3,700.0,-208.0,13776.0,0.53,0.000596004864,0.7871762354716981,10.1002/adfm.201806558
BiSb(Se0.98Br0.02)3,800.0,-229.0,12128.0,0.48,0.000636004448,1.0600074133333333,10.1002/adfm.201806558
Cu2.025Cd0.975SnSe4,300.0,173.0,5362.0,2.673,0.000160479298,0.01801114455667789,10.1002/adma.200900409
Cu2.025Cd0.975SnSe4,350.0,176.3,5862.0,2.236,0.00018220086678,0.02851981367307692,10.1002/adma.200900409
Cu2.025Cd0.975SnSe4,400.0,179.3,6175.0,1.875,0.00019851692575000002,0.042350277493333345,10.1002/adma.200900409
Cu2.025Cd0.975SnSe4,450.0,183.4,6552.0,1.555,0.00022038018912000004,0.06377561743022508,10.1002/adma.200900409
Cu2.025Cd0.975SnSe4,500.0,186.4,6793.0,1.3149,0.00023602251328,0.08974922552285346,10.1002/adma.200900409
Cu2.025Cd0.975SnSe4,550.0,191.2,7069.0,1.13,0.00025842454335999994,0.1257818573876106,10.1002/adma.200900409
Cu2.025Cd0.975SnSe4,600.0,194.8,6879.0,0.993,0.00026103768816,0.15772669979456191,10.1002/adma.200900409
Cu2.025Cd0.975SnSe4,650.0,200.0,6448.0,0.854,0.00025791999999999997,0.19630913348946136,10.1002/adma.200900409
Cu2.025Cd0.975SnSe4,700.0,204.2,6259.0,0.75,0.00026098552875999996,0.24358649350933329,10.1002/adma.200900409
Cu2.05Cd0.95SnSe4,300.0,142.2,10750.0,2.338,0.00021737402999999996,0.02789230496150556,10.1002/adma.200900409
Cu2.05Cd0.95SnSe4,350.0,143.2,12135.0,1.953,0.00024884322239999995,0.04459555956989246,10.1002/adma.200900409
Cu2.05Cd0.95SnSe4,400.0,144.8,13595.0,1.677,0.00028504690880000005,0.06798972183661302,10.1002/adma.200900409
Cu2.05Cd0.95SnSe4,450.0,147.4,16236.0,1.394,0.00035275567536,0.11387378329411765,10.1002/adma.200900409
Cu2.05Cd0.95SnSe4,500.0,152.0,18427.0,1.15,0.000425737408,0.18510322086956524,10.1002/adma.200900409
Cu2.05Cd0.95SnSe4,550.0,156.0,18258.0,0.9646,0.000444326688,0.253348204851752,10.1002/adma.200900409
Cu2.05Cd0.95SnSe4,600.0,160.7,16910.0,0.8346,0.0004366921259,0.31394114011502516,10.1002/adma.200900409
Cu2.05Cd0.95SnSe4,650.0,165.3,15510.0,0.7,0.0004237966359,0.3935254476214286,10.1002/adma.200900409
Cu2.05Cd0.95SnSe4,700.0,171.0,14330.0,0.607,0.00041902352999999997,0.4832231812191104,10.1002/adma.200900409
Cu2.1Cd0.9SnSe4,300.0,129.5,20517.0,2.05,0.00034407521925,0.0503524711097561,10.1002/adma.200900409
Cu2.1Cd0.9SnSe4,350.0,132.0,21034.0,1.713,0.000366496416,0.07488251348511384,10.1002/adma.200900409
Cu2.1Cd0.9SnSe4,400.0,134.7,22184.0,1.45,0.00040250849255999994,0.11103682553379308,10.1002/adma.200900409
Cu2.1Cd0.9SnSe4,450.0,138.6,23908.0,1.224,0.00045927172368,0.1688498984117647,10.1002/adma.200900409
Cu2.1Cd0.9SnSe4,500.0,141.0,25517.0,1.008,0.000507303477,0.2516386294642857,10.1002/adma.200900409
Cu2.1Cd0.9SnSe4,550.0,143.8,24080.0,0.8346,0.0004979368352,0.3281395391325186,10.1002/adma.200900409
Cu2.1Cd0.9SnSe4,600.0,148.0,21900.0,0.72,0.0004796976,0.399748,10.1002/adma.200900409
Cu2.1Cd0.9SnSe4,650.0,151.3,20100.0,0.598,0.00046012296900000007,0.5001336619565219,10.1002/adma.200900409
Cu2.1Cd0.9SnSe4,700.0,156.7,18960.0,0.5,0.0004655607143999999,0.6517850001599998,10.1002/adma.200900409
Cu2CdSnSe4,300.0,235.7,2431.0,2.776,0.00013505296519,0.014595061079610953,10.1002/adma.200900409
Cu2CdSnSe4,350.0,238.0,2741.0,2.35,0.000155261204,0.023124009106382976,10.1002/adma.200900409
Cu2CdSnSe4,400.0,241.6,3138.0,2.024,0.00018316681727999998,0.036198975747035574,10.1002/adma.200900409
Cu2CdSnSe4,450.0,244.8,3328.0,1.74,0.00019943718912000002,0.05157858339310346,10.1002/adma.200900409
Cu2CdSnSe4,500.0,251.3,3466.0,1.52,0.00021888375754,0.07200123603289474,10.1002/adma.200900409
Cu2CdSnSe4,550.0,261.7,3465.0,1.37,0.00023730707384999998,0.09526926322445255,10.1002/adma.200900409
Cu2CdSnSe4,600.0,275.0,3450.0,1.25,0.00026090625,0.12523499999999999,10.1002/adma.200900409
Cu2CdSnSe4,650.0,285.7,3328.0,1.122,0.00027164630271999995,0.1573708527344028,10.1002/adma.200900409
Cu2CdSnSe4,700.0,297.4,3103.0,1.012,0.0002744502962799999,0.18983716145849794,10.1002/adma.200900409
In4Se2.32Cl0.03,323.0,-213.1,31000.0,1.2467,0.00140775991,0.3676,10.1002/adma.201004739
In4Se2.32Cl0.03,698.0,-311.0,10860.0,0.705,0.00105039006,1.0399606551489362,10.1002/adma.201004739
In4Se2.32Cl0.03,373.0,-228.0,27400.0,1.087,0.0014243616,0.493,10.1002/adma.201004739
In4Se2.32Cl0.03,423.0,-246.15,23400.0,0.993,0.001408,0.6,10.1002/adma.201004739
In4Se2.32Cl0.03,473.0,-256.6,19471.0,0.907,0.0012820399567600002,0.6685831307028446,10.1002/adma.201004739
In4Se2.32Cl0.03,523.0,-270.3,16390.0,0.82,0.00119,0.7637634678259758,10.1002/adma.201004739
In4Se2.32Cl0.03,598.0,-292.8,12460.0,0.743,0.0010682187264000002,0.8597507380716017,10.1002/adma.201004739
In4Se2.32Cl0.03,623.0,-296.7,12000.0,0.738,0.00105637068,0.8917600726829269,10.1002/adma.201004739
In4Se2.32Cl0.03,648.0,-301.7,11516.0,0.7327,0.00104821960124,0.9270455870117646,10.1002/adma.201004739
In4Se2.32Cl0.03,673.0,-306.1,11180.0,0.7247,0.0010475348078000002,0.972803816267973,10.1002/adma.201004739
In4Se2.67Cl0.03,323.0,-103.3,105263.0,0.88,0.0011232498940699999,0.4122837679370568,10.1002/adma.201004739
In4Se2.67Cl0.03,423.0,-137.08,71050.0,0.742,0.0013350953207200002,0.7611122920007549,10.1002/adma.201004739
In4Se2.67Cl0.03,473.0,-151.2,50000.0,0.683,0.001558,0.791615016105417,10.1002/adma.201004739
In4Se2.67Cl0.03,523.0,-164.8,40910.0,0.661,0.00117,0.8791118286039334,10.1002/adma.201004739
In4Se2.67Cl0.03,573.0,-179.2,33333.0,0.618,0.00108,0.996,10.1002/adma.201004739
In4Se2.67Cl0.03,598.0,-192.86,31890.0,0.6173,0.0011861478994440002,1.1490627634335204,10.1002/adma.201004739
In4Se2.67Cl0.03,623.0,-202.75,30451.0,0.612,0.0012517663856875,1.2742654547112948,10.1002/adma.201004739
In4Se2.67Cl0.03,648.0,-208.24,29137.0,0.6,0.0012634938843712,1.3645733951208963,10.1002/adma.201004739
In4Se2.67Cl0.03,698.0,-218.7,26300.0,0.575,0.0012579208469999997,1.533,10.1002/adma.201004739
In3.94Pb0.06Se3,330.0,-200.0,7300.0,1.52,0.000292,0.06339473684210527,10.1002/adma.201302038
In3.94Pb0.06Se3,405.0,-220.0,7800.0,1.345,0.00037752,0.11367702602230484,10.1002/adma.201302038
In3.94Pb0.06Se3,480.0,-256.0,8700.0,1.22,0.0005701632,0.2243265049180328,10.1002/adma.201302038
In3.94Pb0.06Se3,518.0,-256.0,8100.0,1.174,0.0005308416,0.23422142146507666,10.1002/adma.201302038
In3.95Pb0.05Se3,330.0,-207.0,5150.0,1.055,0.00022067235,0.06902547440758294,10.1002/adma.201302038
In3.95Pb0.05Se3,405.0,-230.0,7500.0,0.93,0.00039674999999999997,0.1727782258064516,10.1002/adma.201302038
In3.95Pb0.05Se3,480.0,-242.0,11200.0,0.86,0.0006559167999999999,0.3660930976744186,10.1002/adma.201302038
In3.95Pb0.05Se3,518.0,-259.0,10900.0,0.81,0.0007311829,0.46759597802469133,10.1002/adma.201302038
In3.96Pb0.04Se3,330.0,-192.0,7000.0,1.243,0.000258048,0.06850831858407079,10.1002/adma.201302038
In3.96Pb0.04Se3,405.0,-221.0,8700.0,1.04,0.0004249167,0.16547236875,10.1002/adma.201302038
In3.96Pb0.04Se3,480.0,-245.0,10000.0,0.91,0.00060025,0.3166153846153846,10.1002/adma.201302038
In3.96Pb0.04Se3,518.0,-272.0,9500.0,0.86,0.000702848,0.42334333023255816,10.1002/adma.201302038
In3.99Pb0.01Se3,330.0,-206.0,10000.0,1.12,0.00042436,0.12503464285714286,10.1002/adma.201302038
In3.99Pb0.01Se3,405.0,-221.0,10700.0,0.97,0.0005225987,0.2181984262886598,10.1002/adma.201302038
In3.99Pb0.01Se3,480.0,-242.0,12247.0,0.91,0.000717233308,0.37832086575824175,10.1002/adma.201302038
In3.99Pb0.01Se3,518.0,-252.0,11111.0,0.88,0.000705592944,0.41533766476363637,10.1002/adma.201302038
Cu2Se,410.0,85.0,55023.0,0.8589,0.000397541175,0.18976817062521828,10.1002/adma.201302660
Cu2Se,300.0,92.0,99586.0,0.88,0.0008428959039999999,0.2873508763636363,10.1002/adma.201302660
Cu2Se,425.0,118.0,51060.0,0.856,0.00071095944,0.35298803971962617,10.1002/adma.201302660
Cu2Se,350.0,101.48,87320.0,0.8,0.0008992379857280002,0.39341661875600004,10.1002/adma.201302660
Cu2Se,450.0,126.0,47255.0,0.856,0.00075022038,0.39439155490654204,10.1002/adma.201302660
Cu2Se,359.0,104.4,82534.0,0.73,0.00089956777824,0.4423901813536438,10.1002/adma.201302660
Cu2Se,365.0,107.4,76750.0,0.67,0.0008852928300000001,0.4822863924626866,10.1002/adma.201302660
Cu2Se,375.0,114.57,64785.0,0.54,0.0008503863672464999,0.5905460883656248,10.1002/adma.201302660
Cu2Se,385.0,127.4,52850.0,0.3835,0.0008577956660000001,0.861150798983051,10.1002/adma.201302660
Cu2Se,400.0,166.7,40986.0,0.2,0.0011389554455399997,2.277910891079999,10.1002/adma.201302660
Cu2Se0.92I0.08,300.0,144.7,15720.0,0.4739,0.0003291467747999999,0.20836470234226626,10.1002/adma.201302660
Cu2Se0.92I0.08,385.0,180.0,10760.0,0.5055,0.000348624,0.265519762611276,10.1002/adma.201302660
Cu2Se0.92I0.08,400.0,186.0,10472.0,0.518,0.000362289312,0.2797600864864864,10.1002/adma.201302660
Cu2Se0.92I0.08,410.0,190.0,10278.0,0.519,0.0003710358,0.29311113294797686,10.1002/adma.201302660
Cu2Se0.92I0.08,425.0,197.5,9940.0,0.522,0.000387722125,0.3156741439176245,10.1002/adma.201302660
Cu2Se0.92I0.08,375.0,175.0,10900.0,0.385,0.0003338,0.325,10.1002/adma.201302660
Cu2Se0.92I0.08,450.0,209.0,9353.0,0.518,0.000408548393,0.3549165576254826,10.1002/adma.201302660
Cu2Se0.92I0.08,365.0,154.8,10657.0,0.248,0.00025537411728000005,0.37585303551290333,10.1002/adma.201302660
Cu2Se0.92I0.08,350.0,175.0,11446.0,0.256,0.00035053374999999997,0.479245361328125,10.1002/adma.201302660
Cu2Se0.92I0.08,359.0,191.0,8986.0,0.14,0.000327818266,0.8406196963857142,10.1002/adma.201302660
Cu2Se0.96I0.04,300.0,84.7,64438.0,0.74,0.00046228401142,0.18741243706216218,10.1002/adma.201302660
Cu2Se0.96I0.04,385.0,94.0,40986.0,0.644,0.000362,0.216,10.1002/adma.201302660
Cu2Se0.96I0.04,400.0,112.0,41410.0,0.78767,0.00051944704,0.2637891705917453,10.1002/adma.201302660
Cu2Se0.96I0.04,410.0,115.56,40864.0,0.78767,0.0005457024981504001,0.28405045798578593,10.1002/adma.201302660
Cu2Se0.96I0.04,425.0,121.0,39380.0,0.79,0.00057656258,0.3101760715189873,10.1002/adma.201302660
Cu2Se0.96I0.04,450.0,129.0,36963.0,0.79,0.000615101283,0.35037414854430377,10.1002/adma.201302660
Cu2Se0.96I0.04,350.0,106.4,47628.0,0.5,0.0005391946828799999,0.377436278016,10.1002/adma.201302660
Cu2Se0.96I0.04,359.0,115.0,40033.0,0.41,0.000529436425,0.46357969896341467,10.1002/adma.201302660
Cu2Se0.96I0.04,365.0,120.0,34927.0,0.35,0.0005029488,0.5245037485714286,10.1002/adma.201302660
Cu2Se0.96I0.04,375.0,133.6,27140.0,0.245,0.00048442077439999996,0.7414603689795918,10.1002/adma.201302660
TmCuTe2,320.0,73.7,95941.0,1.5774,0.00052112177029,0.10571761537517435,10.1002/chem.201404453
TmCuTe2,363.0,83.3,86200.0,1.5,0.000598132318,0.144748020956,10.1002/chem.201404453
TmCuTe2,410.0,91.4,75267.0,1.3860149354903224,0.00062877750732,0.186,10.1002/chem.201404453
TmCuTe2,457.0,102.6,66864.0,1.3237226553599997,0.0007038612806399998,0.243,10.1002/chem.201404453
TmCuTe2,503.0,110.0,57326.0,1.182722826440678,0.0006936446,0.295,10.1002/chem.201404453
TmCuTe2,600.0,128.0,44182.0,1.1644148332439679,0.000723877888,0.373,10.1002/chem.201404453
TmCuTe2,550.0,123.0,48859.0,1.0626066284631468,0.000739187811,0.3826,10.1002/chem.201404453
TmCuTe2,818.0,179.7,19177.0,0.6939165826338903,0.0006192654099299999,0.73,10.1002/chem.201404453
TmCuTe2,720.0,175.0,23731.0,0.7109627038043479,0.000726761875,0.736,10.1002/chem.201404453
Ag8GeTe6,329.0,519.0,95.0,0.253,2.5589295e-05,0.0332761978458498,10.1002/pssr.200701302
Ag8GeTe6,413.0,467.0,275.0,0.267,5.9974475e-05,0.091,10.1002/pssr.200701302
Ag8GeTe6,509.0,366.4,776.0,0.283,0.00010417719295999999,0.189,10.1002/pssr.200701302
Ag8GeTe6,607.0,324.0,1760.0,0.3085,0.00018475776,0.368,10.1002/pssr.200701302
Ag8GeTe6,703.0,278.0,3000.0,0.34,0.00023,0.481,10.1002/pssr.200701302
YbSi2,522.0,-36.7,620500.0,10.4,0.0008357452450000001,0.04194798248942308,10.1002/pssr.201700372
YbSi2,475.0,-39.6,641000.0,9.933,0.00100519056,0.04806861129568106,10.1002/pssr.201700372
YbSi2,426.0,-43.6,671200.0,9.5,0.001275924352,0.05721513410021052,10.1002/pssr.201700372
YbSi2,377.0,-46.2,700000.0,9.15,0.001494108,0.06156051540983606,10.1002/pssr.201700372
YbSi2,330.0,-51.0,730100.0,8.76,0.0018989901,0.07153729828767123,10.1002/pssr.201700372
YbSi2,300.0,-52.6,747000.0,8.6,0.00206676972,0.0720966181395349,10.1002/pssr.201700372
Sr0.11Ba0.18Co4Sb12.09,300.0,-96.0,401852.0,4.64,0.003703468032,0.23944836413793105,10.1007/s00339-010-5711-3
Sr0.11Ba0.18Co4Sb12.09,350.0,-105.0,367593.0,4.45,0.004052712825,0.3187526941011236,10.1007/s00339-010-5711-3
Sr0.11Ba0.18Co4Sb12.09,400.0,-115.0,334722.0,4.25,0.00442669845,0.41663044235294117,10.1007/s00339-010-5711-3
Sr0.11Ba0.18Co4Sb12.09,450.0,-123.0,309722.0,4.16,0.004685784138,0.5068756880048076,10.1007/s00339-010-5711-3
Sr0.11Ba0.18Co4Sb12.09,500.0,-130.0,288636.0,4.06,0.0048779484,0.6007325615763547,10.1007/s00339-010-5711-3
Sr0.11Ba0.18Co4Sb12.09,550.0,-137.0,271364.0,4.0,0.005093230916,0.70031925095,10.1007/s00339-010-5711-3
Sr0.11Ba0.18Co4Sb12.09,600.0,-144.0,256018.0,3.93,0.005308789248,0.8105021752671755,10.1007/s00339-010-5711-3
Sr0.11Ba0.18Co4Sb12.09,650.0,-149.0,242593.0,3.9,0.005385807193,0.8976345321666668,10.1007/s00339-010-5711-3
Sr0.11Ba0.18Co4Sb12.09,700.0,-154.0,231818.0,3.87,0.005497795688,0.9944333285788114,10.1007/s00339-010-5711-3
Sr0.11Ba0.18Co4Sb12.09,750.0,-158.0,222273.0,3.9,0.005548823172,1.0670813792307692,10.1007/s00339-010-5711-3
Sr0.11Ba0.18Co4Sb12.09,800.0,-161.0,213636.0,3.93,0.005537658756,1.1272587798473281,10.1007/s00339-010-5711-3
Sr0.11Ba0.18Co4Sb12.09,850.0,-166.0,206818.0,3.97,0.005699076808,1.2202053619143576,10.1007/s00339-010-5711-3
Sr0.16Yb0.03Co4Sb11.82,300.0,-116.0,296818.0,4.05,0.0039939830079999995,0.2958505931851852,10.1007/s00339-010-5711-3
Sr0.16Yb0.03Co4Sb11.82,350.0,-126.0,273182.0,3.9,0.004337037432,0.389221308,10.1007/s00339-010-5711-3
Sr0.16Yb0.03Co4Sb11.82,400.0,-136.0,249091.0,3.74,0.004607187136,0.4927472872727272,10.1007/s00339-010-5711-3
Sr0.16Yb0.03Co4Sb11.82,450.0,-145.0,225455.0,3.63,0.004740191375,0.5876270299586778,10.1007/s00339-010-5711-3
Sr0.16Yb0.03Co4Sb11.82,500.0,-154.0,210455.0,3.5,0.00499115078,0.71302154,10.1007/s00339-010-5711-3
Sr0.16Yb0.03Co4Sb11.82,550.0,-161.0,196364.0,3.45,0.005089951244,0.8114415026666666,10.1007/s00339-010-5711-3
Sr0.16Yb0.03Co4Sb11.82,600.0,-168.0,185455.0,3.4,0.00523428192,0.9236968094117648,10.1007/s00339-010-5711-3
Sr0.16Yb0.03Co4Sb11.82,650.0,-175.0,175909.0,3.4,0.005387213125,1.0299083915441176,10.1007/s00339-010-5711-3
Sr0.16Yb0.03Co4Sb11.82,700.0,-180.0,168182.0,3.41,0.0054490968,1.1185829208211142,10.1007/s00339-010-5711-3
Sr0.16Yb0.03Co4Sb11.82,750.0,-184.0,160000.0,3.46,0.00541696,1.1741965317919074,10.1007/s00339-010-5711-3
Sr0.16Yb0.03Co4Sb11.82,800.0,-188.0,155909.0,3.5,0.005510447696,1.259530901942857,10.1007/s00339-010-5711-3
Sr0.16Yb0.03Co4Sb11.82,850.0,-189.0,152273.0,3.62,0.005439343833,1.277193993936464,10.1007/s00339-010-5711-3
Sr0.21Co4Sb12.25,300.0,-126.0,240000.0,4.87,0.00381024,0.2347170431211499,10.1007/s00339-010-5711-3
Sr0.21Co4Sb12.25,350.0,-136.0,217727.0,4.58,0.004027078592,0.30774618061135367,10.1007/s00339-010-5711-3
Sr0.21Co4Sb12.25,400.0,-147.0,195454.0,4.29,0.004223565486,0.3938056397202797,10.1007/s00339-010-5711-3
Sr0.21Co4Sb12.25,450.0,-156.0,178636.0,4.11,0.004347285696,0.4759801856934306,10.1007/s00339-010-5711-3
Sr0.21Co4Sb12.25,500.0,-162.0,165455.0,3.92,0.00434220102,0.5538521709183672,10.1007/s00339-010-5711-3
Sr0.21Co4Sb12.25,550.0,-170.0,155000.0,3.8,0.0044795,0.6483486842105264,10.1007/s00339-010-5711-3
Sr0.21Co4Sb12.25,600.0,-176.0,146364.0,3.68,0.004533771264,0.7392018365217391,10.1007/s00339-010-5711-3
Sr0.21Co4Sb12.25,650.0,-184.0,137273.0,3.65,0.004647514688,0.8276396019726028,10.1007/s00339-010-5711-3
Sr0.21Co4Sb12.25,700.0,-188.0,131818.0,3.62,0.004658975392,0.900906843756906,10.1007/s00339-010-5711-3
Sr0.21Co4Sb12.25,750.0,-192.0,128182.0,3.65,0.004725301248,0.9709523112328767,10.1007/s00339-010-5711-3
Sr0.21Co4Sb12.25,800.0,-193.0,125000.0,3.68,0.004656125,1.0122010869565217,10.1007/s00339-010-5711-3
Sr0.21Co4Sb12.25,850.0,-193.0,122273.0,3.8,0.004554546977,1.0187802448552632,10.1007/s00339-010-5711-3
Sr0.21Yb0.03Co4Sb12.12,300.0,-109.0,342273.0,4.23,0.004066545513,0.2884074831914893,10.1007/s00339-010-5711-3
Sr0.21Yb0.03Co4Sb12.12,350.0,-119.0,315000.0,4.08,0.004460715,0.38265937499999997,10.1007/s00339-010-5711-3
Sr0.21Yb0.03Co4Sb12.12,400.0,-127.0,287273.0,3.94,0.004633426217,0.4703986007106599,10.1007/s00339-010-5711-3
Sr0.21Yb0.03Co4Sb12.12,450.0,-136.0,260000.0,3.85,0.00480896,0.5620862337662338,10.1007/s00339-010-5711-3
Sr0.21Yb0.03Co4Sb12.12,500.0,-146.0,243182.0,3.77,0.005183667512,0.6874890599469495,10.1007/s00339-010-5711-3
Sr0.21Yb0.03Co4Sb12.12,550.0,-153.0,227273.0,3.72,0.005320233657,0.7865936858467741,10.1007/s00339-010-5711-3
Sr0.21Yb0.03Co4Sb12.12,600.0,-158.0,214545.0,3.68,0.00535590138,0.8732447902173912,10.1007/s00339-010-5711-3
Sr0.21Yb0.03Co4Sb12.12,650.0,-163.0,204091.0,3.64,0.0054224937789999995,0.9683024605357142,10.1007/s00339-010-5711-3
Sr0.21Yb0.03Co4Sb12.12,700.0,-170.0,194091.0,3.6,0.0056092299,1.0906835916666666,10.1007/s00339-010-5711-3
Sr0.21Yb0.03Co4Sb12.12,750.0,-175.0,186818.0,3.64,0.00572130125,1.1788395432692307,10.1007/s00339-010-5711-3
Sr0.21Yb0.03Co4Sb12.12,800.0,-177.0,180000.0,3.67,0.0056392199999999995,1.229257765667575,10.1007/s00339-010-5711-3
Sr0.21Yb0.03Co4Sb12.12,850.0,-183.0,173636.0,3.7,0.005814896004,1.3358544874054052,10.1007/s00339-010-5711-3
Yb13CaMnSb11,373.0,61.94,43100.0,0.789,0.00016535589115999997,0.0687,10.1007/s11664-010-1149-9
Yb13CaMnSb11,573.0,109.0,32400.0,0.897,0.0003849444,0.242,10.1007/s11664-010-1149-9
Yb13CaMnSb11,773.0,153.83,25000.0,0.8773,0.0005915917225000001,0.468,10.1007/s11664-010-1149-9
Yb13CaMnSb11,973.0,176.7,20300.0,0.83,0.0006338246669999999,0.712,10.1007/s11664-010-1149-9
Yb13CaMnSb11,1163.0,194.1,18482.0,0.88,0.0006963058384199999,0.8974,10.1007/s11664-010-1149-9
Yb14MnSb11,325.0,53.0,47966.0,1.0,0.000134736494,0.043789360549999996,10.1007/s11664-010-1149-9
Yb14MnSb11,525.0,84.0,35500.0,1.06,0.000250488,0.12406245283018867,10.1007/s11664-010-1149-9
Yb14MnSb11,725.0,118.0,27860.0,1.025,0.00038792264,0.269,10.1007/s11664-010-1149-9
Yb14MnSb11,925.0,151.0,23069.0,0.95,0.0005259962689999999,0.5121542619210526,10.1007/s11664-010-1149-9
Yb14MnSb11,1125.0,178.0,19632.0,0.94,0.000622020288,0.7444391744680852,10.1007/s11664-010-1149-9
FeVSb,400.0,-210.0,104000.0,8.26,0.0045864,0.22210169491525425,10.1007/s11664-016-4804-y
FeVSb,700.0,-238.0,44000.0,6.3,0.002492336,0.266,10.1007/s11664-016-4804-y
FeVSb,500.0,-232.0,72000.0,7.22,0.003875328,0.2683745152354571,10.1007/s11664-016-4804-y
FeVSb,600.0,-235.0,52100.0,6.5,0.0028772224999999998,0.277,10.1007/s11664-016-4804-y
Ca3Co3.7Ti0.3O9,300.0,178.2,4300.0,2.3,0.00013654753199999998,0.01781054765217391,10.1016/j.jallcom.2010.04.055
Ca3Co3.7Ti0.3O9,500.0,217.0,4580.0,2.172,0.00021566762,0.04964724217311233,10.1016/j.jallcom.2010.04.055
Ca3Co3.7Ti0.3O9,700.0,248.0,5226.0,2.012,0.000321419904,0.11182601033797217,10.1016/j.jallcom.2010.04.055
Ca3Co3.7Ti0.3O9,900.0,276.3,5920.0,1.89,0.0004519428048,0.21521085942857143,10.1016/j.jallcom.2010.04.055
Ca3Co3.7Ti0.3O9,1000.0,281.0,6050.0,1.79,0.00047771405,0.28,10.1016/j.jallcom.2010.04.055
Ca3Co3.8Ti0.2O9,300.0,149.0,4967.0,2.49,0.000110272367,0.013285827349397589,10.1016/j.jallcom.2010.04.055
Ca3Co3.8Ti0.2O9,500.0,169.0,5305.0,2.306,0.000151516105,0.03285258130962706,10.1016/j.jallcom.2010.04.055
Ca3Co3.8Ti0.2O9,700.0,203.46,6054.0,2.11,0.0002506112120664,0.08314116040117536,10.1016/j.jallcom.2010.04.055
Ca3Co3.8Ti0.2O9,900.0,224.0,6472.0,1.988,0.000324739072,0.14701467042253522,10.1016/j.jallcom.2010.04.055
Ca3Co3.8Ti0.2O9,1000.0,239.4,6508.0,1.918,0.00037298883888,0.19446759065693434,10.1016/j.jallcom.2010.04.055
Ca3Co3.9Ti0.1O9,300.0,131.0,5623.0,2.59,9.6496303e-05,0.011177177953667954,10.1016/j.jallcom.2010.04.055
Ca3Co3.9Ti0.1O9,500.0,149.46,5964.0,2.434,0.00013322557110240002,0.027367619371898112,10.1016/j.jallcom.2010.04.055
Ca3Co3.9Ti0.1O9,700.0,178.0,6682.0,2.258,0.000211712488,0.06563274650132861,10.1016/j.jallcom.2010.04.055
Ca3Co3.9Ti0.1O9,900.0,206.0,7059.0,2.12,0.000299555724,0.12716988283018868,10.1016/j.jallcom.2010.04.055
Ca3Co3.9Ti0.1O9,1000.0,213.6,7100.0,2.034,0.000323937216,0.1592611681415929,10.1016/j.jallcom.2010.04.055
Ca3Co4O9,300.0,122.3,6493.0,2.873,9.711768397e-05,0.01014107385694396,10.1016/j.jallcom.2010.04.055
Ca3Co4O9,500.0,136.4,6826.0,2.6,0.00012699745696,0.02442258787692308,10.1016/j.jallcom.2010.04.055
Ca3Co4O9,700.0,168.6,7344.0,2.4,0.00020876025023999997,0.06088840632,10.1016/j.jallcom.2010.04.055
Ca3Co4O9,900.0,190.7,7576.0,2.264,0.00027551252824000003,0.10952353154416962,10.1016/j.jallcom.2010.04.055
Ca3Co4O9,1000.0,202.0,7500.0,2.21,0.00030603,0.129,10.1016/j.jallcom.2010.04.055
Cu3Sb0.85Ge0.15S4,300.0,114.4,51194.0,2.183,0.0006699943078400001,0.09207434372514889,10.1021/acs.jpcc.6b09379
Cu3Sb0.85Ge0.15S4,373.0,137.78,45664.0,1.7935,0.0008668547080575999,0.18028257937300515,10.1021/acs.jpcc.6b09379
Cu3Sb0.85Ge0.15S4,473.0,163.0,38100.0,1.413,0.0010122789,0.33885910806794056,10.1021/acs.jpcc.6b09379
Cu3Sb0.85Ge0.15S4,573.0,184.3,31350.0,1.178,0.0010648494615000002,0.517961580169355,10.1021/acs.jpcc.6b09379
Cu3Sb0.925Ge0.075S4,300.0,175.0,20200.0,2.0387,0.000618625,0.09103227546966204,10.1021/acs.jpcc.6b09379
Cu3Sb0.925Ge0.075S4,373.0,197.7,18700.0,1.56,0.0007308949229999998,0.17475885017884613,10.1021/acs.jpcc.6b09379
Cu3Sb0.925Ge0.075S4,473.0,225.5,16180.0,1.193,0.000822757045,0.32620627182313494,10.1021/acs.jpcc.6b09379
Cu3Sb0.925Ge0.075S4,573.0,247.78,13638.0,0.96,0.0008373040335192,0.49976584500677246,10.1021/acs.jpcc.6b09379
Cu3Sb0.95Ge0.05S4,300.0,207.78,9368.0,2.0,0.00040444024605120003,0.06066603690768001,10.1021/acs.jpcc.6b09379
Cu3Sb0.95Ge0.05S4,373.0,234.0,9200.0,1.538,0.0005037552,0.122172099869961,10.1021/acs.jpcc.6b09379
Cu3Sb0.95Ge0.05S4,473.0,268.3,8355.0,1.134,0.00060143375595,0.25086258074457674,10.1021/acs.jpcc.6b09379
Cu3Sb0.95Ge0.05S4,573.0,286.7,7333.0,0.865,0.00063,0.415,10.1021/acs.jpcc.6b09379
Cu3Sb0.975Ge0.025S4,300.0,287.0,5000.0,1.918,0.000411845,0.06441788321167884,10.1021/acs.jpcc.6b09379
Cu3Sb0.975Ge0.025S4,373.0,308.0,5210.0,1.5057,0.00049424144,0.12243611417945142,10.1021/acs.jpcc.6b09379
Cu3Sb0.975Ge0.025S4,473.0,329.1,4950.0,1.052,0.0005361187095,0.24104957185693918,10.1021/acs.jpcc.6b09379
Cu3Sb0.975Ge0.025S4,573.0,349.45,4348.0,0.796,0.00053095733527,0.3822092375750125,10.1021/acs.jpcc.6b09379
Cu3Sb0.9875Ge0.0125S4,300.0,351.65,1580.0,1.9032,0.00019537920154999997,0.030797478176229503,10.1021/acs.jpcc.6b09379
Cu3Sb0.9875Ge0.0125S4,373.0,381.2,1922.0,1.48,0.00027929243168,0.07038924122745946,10.1021/acs.jpcc.6b09379
Cu3Sb0.9875Ge0.0125S4,473.0,404.4,2020.0,1.072,0.0003303495072,0.147,10.1021/acs.jpcc.6b09379
Cu3Sb0.9875Ge0.0125S4,573.0,424.3,1891.0,0.809,0.00034043765659,0.24112580621269467,10.1021/acs.jpcc.6b09379
Cu3Sb0.9Ge0.1S4,300.0,150.0,28400.0,2.1,0.000639,0.09128571428571428,10.1021/acs.jpcc.6b09379
Cu3Sb0.9Ge0.1S4,373.0,172.2,25800.0,1.703,0.0007650432719999999,0.16756379357369344,10.1021/acs.jpcc.6b09379
Cu3Sb0.9Ge0.1S4,473.0,201.7,21544.0,1.279,0.0008764721821599999,0.32413709316784983,10.1021/acs.jpcc.6b09379
Cu3Sb0.9Ge0.1S4,573.0,227.3,17700.0,1.025,0.0009144756330000001,0.5112141831307317,10.1021/acs.jpcc.6b09379
Cu3SbS4,300.0,670.33,89.3,1.865,4.012626818477e-05,0.006454627590043432,10.1021/acs.jpcc.6b09379
Cu3SbS4,373.0,641.76,200.8,1.414,8.270066423807999e-05,0.02181566319717386,10.1021/acs.jpcc.6b09379
Cu3SbS4,473.0,603.3,316.2,1.0244,0.00011508759541799998,0.05313982100030651,10.1021/acs.jpcc.6b09379
Cu3SbS4,573.0,584.6,378.0,0.779,0.00012918420648000002,0.0950225292850321,10.1021/acs.jpcc.6b09379
CuFe0.92In0.08S2,300.0,-382.0,1785.0,3.442,0.00026047434,0.022702586287042414,10.1021/acs.jpcc.6b10308
CuFe0.92In0.08S2,390.0,-373.0,2220.0,2.826,0.00030886638,0.0424,10.1021/acs.jpcc.6b10308
CuFe0.92In0.08S2,510.0,-372.5,2630.0,2.037,0.0003649289375,0.09136659701767307,10.1021/acs.jpcc.6b10308
CuFe0.92In0.08S2,600.0,-379.2,2507.0,1.604,0.00036048814847999995,0.134,10.1021/acs.jpcc.6b10308
CuFe0.96In0.04S2,300.0,-363.6,3488.0,4.2315,0.00046113090048000005,0.0325,10.1021/acs.jpcc.6b10308
CuFe0.96In0.04S2,390.0,-357.9,3916.0,3.337,0.0005016098775599999,0.059,10.1021/acs.jpcc.6b10308
CuFe0.96In0.04S2,510.0,-355.2,4244.0,2.38,0.00053545291776,0.11473991094857143,10.1021/acs.jpcc.6b10308
CuFe0.96In0.04S2,600.0,-369.05,3640.0,1.8624,0.0004957603651,0.1628,10.1021/acs.jpcc.6b10308
CuFe0.98In0.02S2,300.0,-358.2,4500.0,5.202,0.0005773825799999999,0.03329772664359861,10.1021/acs.jpcc.6b10308
CuFe0.98In0.02S2,390.0,-348.8,4715.0,4.0,0.0005736336896,0.055929284736,10.1021/acs.jpcc.6b10308
CuFe0.98In0.02S2,510.0,-353.0,4800.0,2.743,0.0005981232,0.11120774043018593,10.1021/acs.jpcc.6b10308
CuFe0.98In0.02S2,600.0,-369.8,3936.0,2.147,0.00053825602944,0.15042087455239872,10.1021/acs.jpcc.6b10308
CuFeS2,300.0,-361.6,5270.0,8.425,0.0006890765312000001,0.024536849775667655,10.1021/acs.jpcc.6b10308
CuFeS2,390.0,-359.0,5143.0,5.787,0.000662834983,0.0446700610627268,10.1021/acs.jpcc.6b10308
CuFeS2,510.0,-361.6,4880.0,3.512,0.0006380822528000001,0.09266000823690207,10.1021/acs.jpcc.6b10308
CuFeS2,600.0,-380.0,3914.0,2.615,0.0005651816,0.12967837858508602,10.1021/acs.jpcc.6b10308
Mg2Cu3In3Te8,335.0,311.3,1483.0,3.577,0.00014371410427,0.013459386337838972,https://doi.org/10.1021/acsaem.9b02004
Mg2Cu3In3Te8,377.0,326.0,1620.0,2.75,0.00017216712,0.023602546996363636,https://doi.org/10.1021/acsaem.9b02004
Mg2Cu3In3Te8,427.0,338.3,1793.0,2.31,0.00020520327377000002,0.03793151424233333,https://doi.org/10.1021/acsaem.9b02004
Mg2Cu3In3Te8,473.0,334.2,2275.0,2.075,0.000254093931,0.057921170777349394,https://doi.org/10.1021/acsaem.9b02004
Mg2Cu3In3Te8,523.0,310.4,3345.0,1.85,0.00032228459519999996,0.09111072610248648,https://doi.org/10.1021/acsaem.9b02004
Mg2Cu3In3Te8,572.0,290.7,4862.0,1.73,0.00041087055437999994,0.13584853011870518,https://doi.org/10.1021/acsaem.9b02004
Mg2Cu3In3Te8,620.0,283.0,5950.0,1.548,0.00047652955,0.190858088501292,https://doi.org/10.1021/acsaem.9b02004
Mg2Cu3In3Te8,668.0,279.3,6690.0,1.372,0.0005218767981,0.2540916189,https://doi.org/10.1021/acsaem.9b02004
Mg2Cu3In3Te8,720.0,276.0,6965.0,1.197,0.00053056584,0.31913734736842103,https://doi.org/10.1021/acsaem.9b02004
Mg2Cu3In3Te8,770.0,267.0,7700.0,1.0,0.0005489253,0.426,https://doi.org/10.1021/acsaem.9b02004
Mg2Cu3In3Te8,866.0,226.0,7730.0,0.497,0.00039481748,0.496,https://doi.org/10.1021/acsaem.9b02004
Cu10.5Ni0.5ZnSb4S13,323.0,168.2,6860.0,0.398,0.00019407790639999997,0.157505436601005,10.1021/cm502570b
Cu10.5Ni0.5ZnSb4S13,420.0,188.0,8765.0,0.446,0.000307,0.29173064394618836,10.1021/cm502570b
Cu10.5Ni0.5ZnSb4S13,517.0,205.4,10153.0,0.47,0.00042834654148,0.473,10.1021/cm502570b
Cu10.5Ni0.5ZnSb4S13,617.0,221.0,10590.0,0.501,0.0005164,0.6369831521556886,10.1021/cm502570b
Cu10.5Ni0.5ZnSb4S13,715.0,234.3,10300.0,0.5023,0.000565433847,0.81,10.1021/cm502570b
Cu10.5Ni1.3Zn0.2Sb4S13,517.0,177.0,22570.0,0.658,0.00070709553,0.562,10.1021/cm502570b
Cu10.5Ni1.3Zn0.2Sb4S13,617.0,186.1,24450.0,0.7004,0.0008467819845,0.7459515768653626,10.1021/cm502570b
Cu10.5Ni1.3Zn0.2Sb4S13,715.0,200.7,22670.0,0.7324,0.000911,0.8914643315599398,10.1021/cm502570b
Cu10.5Ni1.5Sb4S13,323.0,136.4,16380.0,0.6315,0.0003047492448000001,0.15587332711068888,10.1021/cm502570b
Cu10.5Ni1.5Sb4S13,420.0,157.0,21000.0,0.675,0.000517629,0.3237,10.1021/cm502570b
Cu10.5Ni1.5Sb4S13,517.0,172.6,23550.0,0.716,0.000701572398,0.5065823041424581,10.1021/cm502570b
Cu10.5Ni1.5Sb4S13,617.0,181.0,24800.0,0.758,0.000813,0.651,10.1021/cm502570b
Cu10.5Ni1.5Sb4S13,715.0,194.2,23875.0,0.7934,0.0009004131549999998,0.8114386259452985,10.1021/cm502570b
Cu10.5NiZn0.5Sb4S13,323.0,160.0,14530.0,0.5,0.000371968,0.240291328,10.1021/cm502570b
Cu10.5NiZn0.5Sb4S13,420.0,176.0,17950.0,0.524,0.00052,0.442,10.1021/cm502570b
Cu10.5NiZn0.5Sb4S13,517.0,190.6,19800.0,0.5495,0.0007193015279999999,0.6767586714758872,10.1021/cm502570b
Cu10.5NiZn0.5Sb4S13,715.0,214.7,18500.0,0.549,0.0008527776649999998,1.025,10.1021/cm502570b
Ca14MgSb11,400.0,121.43,2620.0,0.6,3.8632541638e-05,0.026,10.1021/cm504059t
Ca14MgSb11,600.0,130.0,5400.0,0.665,9.126e-05,0.08233984962406013,10.1021/cm504059t
Ca14MgSb11,700.0,139.4,6250.0,0.68,0.00012145224999999999,0.125024375,10.1021/cm504059t
Ca14MgSb11,800.0,150.0,6818.0,0.693,0.00015340499999999999,0.17709090909090908,10.1021/cm504059t
Ca14MgSb11,900.0,160.37,6840.0,0.7035,0.00017591479239600002,0.22505090711641793,10.1021/cm504059t
Ca14MgSb11,1000.0,171.8,6688.0,0.72,0.00019739792512000004,0.27416378488888893,10.1021/cm504059t
Ca14MgSb11,1083.0,182.0,6700.0,0.74,0.00022193079999999999,0.322,10.1021/cm504059t
Ca14MgSb11,500.0,123.0,4150.0,0.632,6.278535e-05,0.492,10.1021/cm504059t
Yb14MgSb11,400.0,81.5,27500.0,0.81,0.000182661875,0.09020339506172839,10.1021/cm504059t
Yb14MgSb11,500.0,106.4,23650.0,0.825,0.00026774070400000004,0.16226709333333336,10.1021/cm504059t
Yb14MgSb11,600.0,131.7,20500.0,0.81,0.00035557024499999993,0.26338536666666656,10.1021/cm504059t
Yb14MgSb11,700.0,157.4,17800.0,0.771,0.00044099072800000006,0.4003806869001297,10.1021/cm504059t
Yb14MgSb11,800.0,182.26,15441.0,0.7365,0.0005129300640515999,0.5571541768381262,10.1021/cm504059t
Yb14MgSb11,900.0,205.07,13816.0,0.7106,0.0005810139868983999,0.7358747371356036,10.1021/cm504059t
Yb14MgSb11,1000.0,224.0,12800.0,0.703,0.0006422528,0.912,10.1021/cm504059t
Yb14MgSb11,1083.0,237.0,12050.0,0.71,0.0006768364499999999,1.03,10.1021/cm504059t
Ag0.96Nb0.04BiSe2.0,296.0,-85.0,22100.0,0.72,0.0001596725,0.0656431388888889,10.1021/ja312474n
Ag0.96Nb0.04BiSe2.0,375.0,-98.0,24615.0,0.7148,0.00023640245999999998,0.12402199566312255,10.1021/ja312474n
Ag0.98Nb0.02BiSe2.0,296.0,-121.4,13800.0,0.7,0.000203383848,0.08600231286857143,10.1021/ja312474n
Ag0.98Nb0.02BiSe2.0,375.0,-138.0,16000.0,0.69,0.000304704,0.1656,10.1021/ja312474n
Ag0.98Nb0.02BiSe2.0,425.0,-150.0,14713.0,0.68,0.0003310425,0.2069015625,10.1021/ja312474n
Ag0.98Nb0.02BiSe2.0,478.0,-164.7,11852.0,0.666,0.00032149841867999993,0.2307451113048648,10.1021/ja312474n
Ag0.98Nb0.02BiSe2.0,528.0,-189.2,7853.0,0.61,0.00028111101391999993,0.24332232024550818,10.1021/ja312474n
Ag0.98Nb0.02BiSe2.0,577.0,-223.7,6305.0,0.487,0.00031551285545,0.37382118602597536,10.1021/ja312474n
Ag0.98Nb0.02BiSe2.0,625.0,-225.0,6432.0,0.474,0.00032562,0.4293512658227848,10.1021/ja312474n
Ag0.98Nb0.02BiSe2.0,675.0,-242.4,6430.0,0.48,0.0003778123968,0.5312986829999999,10.1021/ja312474n
AgBiSe2.0,296.0,-154.0,7232.0,0.645,0.00017151411199999998,0.0787103521736434,10.1021/ja312474n
AgBiSe2.0,375.0,-166.0,8310.0,0.67,0.00022899035999999999,0.1281662462686567,10.1021/ja312474n
AgBiSe2.0,478.0,-188.0,5664.0,0.635,0.000200188416,0.1506930123590551,10.1021/ja312474n
AgBiSe2.0,425.0,-177.3,7620.0,0.674,0.00023953690980000003,0.15104330365727003,10.1021/ja312474n
AgBiSe2.0,528.0,-213.7,3678.0,0.574,0.00016796576382,0.1545050928518467,10.1021/ja312474n
AgBiSe2.0,577.0,-239.0,3478.0,0.43,0.000198666838,0.26658317564186046,10.1021/ja312474n
AgBiSe2.0,625.0,-236.0,4000.0,0.443,0.000222784,0.3143115124153498,10.1021/ja312474n
AgBiSe2.0,675.0,-251.0,4040.0,0.46,0.00025452404,0.37348636304347826,10.1021/ja312474n
FeNb0.86Hf0.14Sb,300.0,84.47,668992.0,7.339,0.0047733789406528,0.19512381553288458,10.1038/ncomms9144
FeNb0.86Hf0.14Sb,400.0,102.9,492248.0,6.4237,0.005212123645680002,0.3245558569472423,10.1038/ncomms9144
FeNb0.86Hf0.14Sb,500.0,124.5,366667.0,5.7627,0.00568343016675,0.49312216207246606,10.1038/ncomms9144
FeNb0.86Hf0.14Sb,600.0,145.63,279845.0,5.305,0.0059349798769805,0.6712512584709331,10.1038/ncomms9144
FeNb0.86Hf0.14Sb,700.0,165.0,217829.0,4.966,0.0059303945249999995,0.8359396229359645,10.1038/ncomms9144
FeNb0.86Hf0.14Sb,800.0,181.6,177519.0,4.678,0.005854320992639999,1.001166480143651,10.1038/ncomms9144
FeNb0.86Hf0.14Sb,900.0,195.3,148000.0,4.447,0.005645029320000001,1.1424615219248933,10.1038/ncomms9144
FeNb0.86Hf0.14Sb,1000.0,208.5,124810.0,4.29,0.0054257715225,1.2647486066433564,10.1038/ncomms9144
FeNb0.86Hf0.14Sb,1100.0,220.0,106977.0,4.2,0.0051776868,1.3560608285714286,10.1038/ncomms9144
FeNb0.86Hf0.14Sb,1200.0,230.58,93023.0,4.15,0.0049457665293372,1.4301011651095514,10.1038/ncomms9144
FeNb0.86Zr0.14Sb,400.0,117.96,354264.0,9.644,0.004929428250662399,0.2044557549009705,10.1038/ncomms9144
FeNb0.86Zr0.14Sb,500.0,139.08,272093.0,8.5763,0.005263161942715202,0.3068433906646923,10.1038/ncomms9144
FeNb0.88Hf0.12Sb,300.0,93.72,590700.0,8.32,0.005188377062879999,0.1879,10.1038/ncomms9144
FeNb0.88Hf0.12Sb,400.0,115.7,435000.0,7.05,0.00582312315,0.3345,10.1038/ncomms9144
FeNb0.88Hf0.12Sb,500.0,138.0,322500.0,6.2,0.00614169,0.5,10.1038/ncomms9144
FeNb0.88Hf0.12Sb,600.0,159.7,245740.0,5.59,0.006267375076599999,0.6727057327298748,10.1038/ncomms9144
FeNb0.88Hf0.12Sb,700.0,179.7,192250.0,5.186,0.006208154302499999,0.845,10.1038/ncomms9144
FeNb0.88Hf0.12Sb,800.0,195.63,154300.0,4.83,0.005905230251669999,0.988,10.1038/ncomms9144
FeNb0.88Hf0.12Sb,900.0,210.44,127900.0,4.576,0.00566405068144,1.128,10.1038/ncomms9144
FeNb0.88Hf0.12Sb,1000.0,223.3,109300.0,4.373,0.0054500138770000005,1.253,10.1038/ncomms9144
FeNb0.88Hf0.12Sb,1100.0,235.44,94600.0,4.27,0.00524386659456,1.36,10.1038/ncomms9144
FeNb0.88Hf0.12Sb,1200.0,246.1,82946.0,4.186,0.005023641908659999,1.457,10.1038/ncomms9144
FeNb0.92Hf0.08Sb,300.0,116.26,345736.0,9.458,0.0046731017832736,0.1482269544282174,10.1038/ncomms9144
FeNb0.92Hf0.08Sb,400.0,145.4,276400.0,7.86,0.005843416624,0.2973748918066158,10.1038/ncomms9144
FeNb0.92Hf0.08Sb,500.0,167.0,214728.0,6.84,0.005988549192,0.4377594438596491,10.1038/ncomms9144
FeNb0.92Hf0.08Sb,600.0,187.4,169000.0,6.15,0.00593507044,0.5790312624390244,10.1038/ncomms9144
FeNb0.92Hf0.08Sb,700.0,205.4,132600.0,5.626,0.005594282616,0.696053649342339,10.1038/ncomms9144
FeNb0.92Zr0.08Sb,300.0,122.816,330233.0,13.27,0.004981158570856448,0.1126109699515399,10.1038/ncomms9144
FeNb0.92Zr0.08Sb,500.0,174.5,196124.0,9.5254,0.005972024831,0.31347895264240877,10.1038/ncomms9144
FeNb0.92Zr0.08Sb,900.0,246.6,84500.0,6.5254,0.00513857682,0.7087257697612407,10.1038/ncomms9144
FeNb0.92Zr0.08Sb,1100.0,270.63,59800.0,6.27,0.00437978769462,0.7683838060736842,10.1038/ncomms9144
FeNb0.92Zr0.08Sb,1000.0,258.74,72093.0,6.237,0.0048263659212468,0.7738281098680135,10.1038/ncomms9144
FeNb0.9Hf0.1Sb,400.0,130.1,434900.0,7.862,0.007361121748999999,0.38,10.1038/ncomms9144
FeNb0.9Hf0.1Sb,500.0,153.4,323200.0,6.844,0.007605400192,0.5556253793103448,10.1038/ncomms9144
FeNb0.9Zr0.1Sb,300.0,107.524,397674.0,12.627,0.004597672389400224,0.10923431668805474,10.1038/ncomms9144
FeNb0.9Zr0.1Sb,400.0,134.7,311628.0,10.847,0.005654206478519998,0.20850766031234438,10.1038/ncomms9144
FeNb0.9Zr0.1Sb,500.0,157.5,244186.0,9.5593,0.0060573389625,0.31682962991537034,10.1038/ncomms9144
FeNb0.9Zr0.1Sb,600.0,176.0,193798.0,8.7288,0.006003086848,0.41264000879846024,10.1038/ncomms9144
FeNb0.9Zr0.1Sb,700.0,193.0,155040.0,8.068,0.00577508496,0.5010609162121964,10.1038/ncomms9144
FeNb0.9Zr0.1Sb,800.0,209.3,126400.0,7.525,0.005537140336000001,0.5886660822325582,10.1038/ncomms9144
FeNb0.9Zr0.1Sb,900.0,225.3,105500.0,7.117,0.005355189495,0.6772053597723761,10.1038/ncomms9144
FeNb0.9Zr0.1Sb,1000.0,238.2,92200.0,6.92,0.005231357928,0.7559765791907515,10.1038/ncomms9144
Cu2Sn0.8Zn0.2S3,323.0,44.0,137534.0,2.575,0.000266265824,0.033399557728932036,10.1038/srep32501
Cu2Sn0.8Zn0.2S3,423.0,61.0,116712.0,2.258,0.00043428535199999997,0.08135637905048715,10.1038/srep32501
Cu2Sn0.8Zn0.2S3,523.0,78.0,98400.0,1.86,0.0005986656,0.16833446709677416,10.1038/srep32501
Cu2Sn0.8Zn0.2S3,623.0,95.4,81200.0,1.554,0.0007390141920000001,0.29627145535135135,10.1038/srep32501
Cu2Sn0.8Zn0.2S3,723.0,117.47,61095.0,1.28,0.0008430621789854999,0.476198402661341,10.1038/srep32501
Cu2Sn0.95Zn0.05S3,323.0,98.5,18500.0,1.588,0.000179491625,0.03650868694899244,10.1038/srep32501
Cu2Sn0.95Zn0.05S3,423.0,125.0,16438.0,1.21,0.00025684375,0.08978917871900827,10.1038/srep32501
Cu2Sn0.95Zn0.05S3,523.0,151.0,14000.0,0.964,0.000319214,0.17318352904564316,10.1038/srep32501
Cu2Sn0.95Zn0.05S3,623.0,173.0,11800.0,0.762,0.0003531622,0.2887402238845144,10.1038/srep32501
Cu2Sn0.95Zn0.05S3,723.0,196.0,10000.0,0.492,0.00038416,0.5645278048780488,10.1038/srep32501
Cu2Sn0.9Zn0.1S3,323.0,70.7,55616.0,1.878,0.00027799601984,0.04781294696928648,10.1038/srep32501
Cu2Sn0.9Zn0.1S3,423.0,92.7,46850.0,1.588,0.00040259563650000006,0.10724052533973553,10.1038/srep32501
Cu2Sn0.9Zn0.1S3,523.0,107.3,41643.0,1.368,0.00047944793546999994,0.1832977121716447,10.1038/srep32501
Cu2Sn0.9Zn0.1S3,623.0,125.0,36100.0,1.16,0.0005640625,0.302940463362069,10.1038/srep32501
Cu2Sn0.9Zn0.1S3,723.0,148.2,30000.0,0.827,0.000659,0.576,10.1038/srep32501
Cu2SnS3,323.0,283.0,132.0,2.38,1.0571748e-05,0.0014347372285714284,10.1038/srep32501
Cu2SnS3,423.0,340.0,170.0,1.63,1.9652e-05,0.005099874846625767,10.1038/srep32501
Cu2SnS3,523.0,390.0,190.0,1.23,2.8899e-05,0.012287948780487805,10.1038/srep32501
Cu2SnS3,623.0,423.0,207.0,0.984,3.7038303e-05,0.023450063789634146,10.1038/srep32501
Cu2SnS3,723.0,411.0,276.0,0.792,4.6622196e-05,0.04256041377272727,10.1038/srep32501
Eu(Zn0.5Cd0.5)2Sb2,300.0,172.5,31480.0,1.595,0.00093672675,0.1761868495297806,10.1039/B916346H
Eu(Zn0.5Cd0.5)2Sb2,350.0,189.0,29000.0,1.432,0.001035909,0.2531900488826816,10.1039/B916346H
Eu(Zn0.5Cd0.5)2Sb2,400.0,204.0,26235.0,1.3,0.00109179576,0.3359371569230769,10.1039/B916346H
Eu(Zn0.5Cd0.5)2Sb2,450.0,217.0,24566.0,1.2,0.001156788374,0.43379564025,10.1039/B916346H
Eu(Zn0.5Cd0.5)2Sb2,500.0,228.0,22487.0,1.115,0.001168964208,0.524199196412556,10.1039/B916346H
Eu(Zn0.5Cd0.5)2Sb2,550.0,236.0,21100.0,1.03,0.0011751856,0.6275262912621359,10.1039/B916346H
Eu(Zn0.5Cd0.5)2Sb2,600.0,244.0,19676.0,1.0,0.001171430336,0.7028582016,10.1039/B916346H
Eu(Zn0.5Cd0.5)2Sb2,650.0,250.0,18640.0,0.978,0.001165,0.7742842535787322,10.1039/B916346H
Eu(Zn0.7Cd0.3)2Sb2,300.0,148.0,57000.0,1.838,0.001248528,0.2037858541893362,10.1039/B916346H
Eu(Zn0.7Cd0.3)2Sb2,350.0,163.0,53100.0,1.67,0.0014108139,0.2956795598802396,10.1039/B916346H
Eu(Zn0.7Cd0.3)2Sb2,400.0,176.0,48295.0,1.538,0.00149598592,0.3890730611183355,10.1039/B916346H
Eu(Zn0.7Cd0.3)2Sb2,450.0,187.6,44270.0,1.409,0.0015580277551999998,0.4975958054222852,10.1039/B916346H
Eu(Zn0.7Cd0.3)2Sb2,500.0,198.46,40100.0,1.306,0.0015793935011600003,0.6046682623124044,10.1039/B916346H
Eu(Zn0.7Cd0.3)2Sb2,550.0,207.6,36640.0,1.23,0.0015791019263999998,0.706102487414634,10.1039/B916346H
Eu(Zn0.7Cd0.3)2Sb2,600.0,214.8,33333.0,1.16,0.0015379526203200002,0.795492734648276,10.1039/B916346H
Eu(Zn0.7Cd0.3)2Sb2,650.0,221.0,30500.0,1.117,0.0014896504999999999,0.8668512309758281,10.1039/B916346H
Eu(Zn0.9Cd0.1)2Sb2,300.0,125.0,100500.0,2.29,0.0015703124999999999,0.20571779475982532,10.1039/B916346H
Eu(Zn0.9Cd0.1)2Sb2,350.0,138.0,95200.0,2.08,0.0018129888,0.3050702307692308,10.1039/B916346H
Eu(Zn0.9Cd0.1)2Sb2,400.0,150.5,87000.0,1.91,0.00197057175,0.4126851832460733,10.1039/B916346H
Eu(Zn0.9Cd0.1)2Sb2,450.0,161.5,81400.0,1.75,0.00212309515,0.5459387528571429,10.1039/B916346H
Eu(Zn0.9Cd0.1)2Sb2,500.0,172.5,74560.0,1.6147,0.002218626,0.6870087322722487,10.1039/B916346H
Eu(Zn0.9Cd0.1)2Sb2,550.0,181.48,69000.0,1.518,0.0022725143375999994,0.8233747599999999,10.1039/B916346H
Eu(Zn0.9Cd0.1)2Sb2,600.0,190.0,63500.0,1.44,0.00229235,0.9551458333333334,10.1039/B916346H
Eu(Zn0.9Cd0.1)2Sb2,650.0,198.0,58200.0,1.392,0.0022816728,1.0654362931034485,10.1039/B916346H
EuCd2Sb2,300.0,227.2,11111.0,1.412,0.00057354804224,0.12185864920113315,10.1039/B916346H
EuCd2Sb2,350.0,246.0,10417.0,1.224,0.000630395172,0.18026005735294118,10.1039/B916346H
EuCd2Sb2,400.0,267.0,9260.0,1.08,0.00066013614,0.24449486666666664,10.1039/B916346H
EuCd2Sb2,450.0,286.4,8285.0,0.96,0.0006795767935999999,0.3185516219999999,10.1039/B916346H
EuCd2Sb2,500.0,301.0,7658.0,0.874,0.000693822458,0.39692360297482837,10.1039/B916346H
EuCd2Sb2,550.0,307.0,7500.0,0.81,0.0007068675,0.4799717592592592,10.1039/B916346H
EuCd2Sb2,600.0,298.8,8110.0,0.7647,0.0007240724783999999,0.5681227763044331,10.1039/B916346H
EuCd2Sb2,650.0,274.4,10216.0,0.74,0.0007692173977599998,0.6756639304648647,10.1039/B916346H
EuZn2Sb2,300.0,119.0,118055.0,2.606,0.0016717768549999999,0.1924532066385265,10.1039/B916346H
EuZn2Sb2,350.0,130.0,103700.0,2.26,0.00175253,0.2714095132743363,10.1039/B916346H
EuZn2Sb2,400.0,140.4,92390.0,2.0,0.0018212064624000001,0.36424129248,10.1039/B916346H
EuZn2Sb2,450.0,151.5,85000.0,1.8,0.00195094125,0.4877353125,10.1039/B916346H
EuZn2Sb2,500.0,161.7,78700.0,1.674,0.0020577602429999995,0.6146237284946237,10.1039/B916346H
EuZn2Sb2,550.0,170.0,72000.0,1.574,0.0020808,0.7270902160101651,10.1039/B916346H
EuZn2Sb2,600.0,177.0,65385.0,1.49,0.002048446665,0.8248778516778523,10.1039/B916346H
EuZn2Sb2,650.0,181.2,59000.0,1.417,0.0019371729599999997,0.8886114495412841,10.1039/B916346H
(PbTe)0.05(Ag2Te)0.95,350.0,-92.5,145550.0,0.821,0.0012453621875,0.530909580542022,10.1039/c1jm13888j
(PbTe)0.05(Ag2Te)0.95,450.0,-117.3,50213.0,0.502,0.00069089522877,0.6193283923237052,10.1039/c1jm13888j
(PbTe)0.05(Ag2Te)0.95,550.0,-154.6,29000.0,0.469,0.00069313364,0.8215,10.1039/c1jm13888j
(PbTe)0.05(Ag2Te)0.95,650.0,-198.0,13584.0,0.415,0.000532547136,0.8341099720481927,10.1039/c1jm13888j
(PbTe)0.05(Ag2Te)0.95,600.0,-175.2,20700.0,0.441,0.0006353873279999999,0.867,10.1039/c1jm13888j
(PbTe)0.1(Ag2Te)0.9,300.0,-92.04,145950.0,0.901,0.0012363952255200002,0.4127,10.1039/c1jm13888j
(PbTe)0.1(Ag2Te)0.9,350.0,-95.0,127450.0,0.784,0.0011502362499999999,0.515,10.1039/c1jm13888j
(PbTe)0.1(Ag2Te)0.9,450.0,-120.3,42089.0,0.53,0.00060911579601,0.5171737890650944,10.1039/c1jm13888j
(PbTe)0.1(Ag2Te)0.9,550.0,-159.4,27150.0,0.532,0.000689836974,0.7131773227443609,10.1039/c1jm13888j
(PbTe)0.1(Ag2Te)0.9,600.0,-181.55,19670.0,0.5147,0.0006483311171750001,0.7557774826209444,10.1039/c1jm13888j
(PbTe)0.15(Ag2Te)0.85,300.0,-102.5,95750.0,0.976,0.0010059734375,0.4196,10.1039/c1jm13888j
(PbTe)0.15(Ag2Te)0.85,350.0,-104.29,79473.0,0.85,0.0008643804630393,0.549,10.1039/c1jm13888j
(PbTe)0.15(Ag2Te)0.85,450.0,-140.6,37230.0,0.555,0.0007359760427999998,0.6019,10.1039/c1jm13888j
(PbTe)0.15(Ag2Te)0.85,500.0,-160.5,30700.0,0.543,0.000790839675,0.726,10.1039/c1jm13888j
(PbTe)0.15(Ag2Te)0.85,650.0,-214.4,11275.0,0.4638,0.000518281984,0.763,10.1039/c1jm13888j
(PbTe)0.15(Ag2Te)0.85,550.0,-174.7,24300.0,0.5233,0.0007416381869999999,0.772,10.1039/c1jm13888j
(PbTe)0.15(Ag2Te)0.85,600.0,-191.2,17800.0,0.493,0.0006507224319999999,0.791954278296146,10.1039/c1jm13888j
Ag2Te,500.0,-117.74,51066.0,0.5763,0.0007079130263015998,0.6141879457761581,10.1039/c1jm13888j
Ag2Te,550.0,-119.7,46550.0,0.6013,0.0006669725895,0.61456,10.1039/c1jm13888j
Ag2Te,600.0,-123.2,43100.0,0.63,0.0006541821440000001,0.6230306133333333,10.1039/c1jm13888j
Ag2Te,650.0,-124.7,41130.0,0.66,0.0006395752017,0.63354,10.1039/c1jm13888j
BiCuSeO,773.0,307.0,4575.0,0.48,0.000431189175,0.7,10.1039/c2ee21274a
Hf0.5Ti0.5CoSb0.8Sn0.2,305.0,178.8,43000.0,2.533,0.00137468592,0.16,10.1039/c2ee21554c
Hf0.5Ti0.5CoSb0.8Sn0.2,377.0,194.4,42150.0,2.512,0.0016,0.23906269731210192,10.1039/c2ee21554c
Hf0.5Ti0.5CoSb0.8Sn0.2,473.0,212.45,40000.0,2.514,0.001824,0.33967949375497214,10.1039/c2ee21554c
Hf0.5Ti0.5CoSb0.8Sn0.2,574.6,225.67,39000.0,2.51,0.0019861510071,0.4515,10.1039/c2ee21554c
Hf0.5Ti0.5CoSb0.8Sn0.2,676.0,236.7,38160.0,2.467,0.002148,0.592,10.1039/c2ee21554c
Hf0.5Ti0.5CoSb0.8Sn0.2,779.0,238.5,37900.0,2.465,0.002169,0.685,10.1039/c2ee21554c
Hf0.5Ti0.5CoSb0.8Sn0.2,885.0,241.0,38900.0,2.49,0.0022593509,0.806,10.1039/c2ee21554c
Hf0.5Ti0.5CoSb0.8Sn0.2,989.0,233.4,41700.0,2.57,0.00226,0.867,10.1039/c2ee21554c
Hf0.7Ti0.3CoSb0.8Sn0.2,305.0,158.8,55450.0,2.781,0.0013983070480000001,0.15335622065444085,10.1039/c2ee21554c
Hf0.7Ti0.3CoSb0.8Sn0.2,377.0,175.0,52700.0,2.8,0.0016139375,0.22,10.1039/c2ee21554c
Hf0.7Ti0.3CoSb0.8Sn0.2,473.0,191.0,50600.0,2.81,0.001838,0.31072204903914585,10.1039/c2ee21554c
Hf0.7Ti0.3CoSb0.8Sn0.2,574.6,206.3,48900.0,2.83,0.00206,0.4225581682115194,10.1039/c2ee21554c
Hf0.7Ti0.3CoSb0.8Sn0.2,676.0,215.0,47800.0,2.835,0.0022095549999999998,0.531,10.1039/c2ee21554c
Hf0.7Ti0.3CoSb0.8Sn0.2,779.0,221.7,46800.0,2.85,0.002292,0.63,10.1039/c2ee21554c
Hf0.7Ti0.3CoSb0.8Sn0.2,885.0,232.4,46300.0,2.863,0.00247,0.7729922881173593,10.1039/c2ee21554c
Hf0.7Ti0.3CoSb0.8Sn0.2,989.0,230.0,47900.0,2.871,0.00251,0.8728794810170672,10.1039/c2ee21554c
Hf0.7Ti0.3CoSb0.8Sn0.2,1088.0,232.0,47600.0,2.895,0.002553,0.962860231848014,10.1039/c2ee21554c
Hf0.8Ti0.2CoSb0.8Sn0.2,305.0,158.0,61600.0,2.764,0.001532,0.16969017076700432,10.1039/c2ee21554c
Hf0.8Ti0.2CoSb0.8Sn0.2,377.0,175.0,58200.0,2.8,0.0017823749999999999,0.23998406249999998,10.1039/c2ee21554c
Hf0.8Ti0.2CoSb0.8Sn0.2,480.0,192.9,54894.0,2.792,0.00204262824654,0.351168179920917,10.1039/c2ee21554c
Hf0.8Ti0.2CoSb0.8Sn0.2,580.0,204.5,52300.0,2.8,0.002187199075,0.45306266553571434,10.1039/c2ee21554c
Hf0.8Ti0.2CoSb0.8Sn0.2,682.0,217.0,50000.0,2.73,0.00235445,0.589,10.1039/c2ee21554c
Hf0.8Ti0.2CoSb0.8Sn0.2,784.0,225.2,48511.0,2.676,0.0024602373054399993,0.7207870132529745,10.1039/c2ee21554c
Hf0.8Ti0.2CoSb0.8Sn0.2,885.0,229.0,47670.0,2.669,0.00249986247,0.8289165552454103,10.1039/c2ee21554c
Hf0.8Ti0.2CoSb0.8Sn0.2,987.0,226.6,48500.0,2.67,0.002486,0.9205925181348316,10.1039/c2ee21554c
Hf0.8Ti0.2CoSb0.8Sn0.2,1088.0,228.0,49500.0,2.75,0.002573208,1.012,10.1039/c2ee21554c
Hf0.9Ti0.1CoSb0.8Sn0.2,305.0,141.1,81000.0,3.45,0.001606,0.142,10.1039/c2ee21554c
Hf0.9Ti0.1CoSb0.8Sn0.2,377.0,158.28,74752.0,3.39,0.001865,0.207,10.1039/c2ee21554c
Hf0.9Ti0.1CoSb0.8Sn0.2,473.0,176.0,68794.0,3.38,0.00212,0.2982087196781065,10.1039/c2ee21554c
Hf0.9Ti0.1CoSb0.8Sn0.2,574.6,190.24,63972.0,3.353,0.00231,0.3967579807874038,10.1039/c2ee21554c
Hf0.9Ti0.1CoSb0.8Sn0.2,676.4,197.0,60851.0,3.3,0.0023615664589999997,0.487,10.1039/c2ee21554c
Hf0.9Ti0.1CoSb0.8Sn0.2,779.0,207.4,58582.0,3.24,0.002515,0.6,10.1039/c2ee21554c
Hf0.9Ti0.1CoSb0.8Sn0.2,885.0,216.0,56028.0,3.244,0.0026,0.709,10.1039/c2ee21554c
Hf0.9Ti0.1CoSb0.8Sn0.2,989.0,218.0,54752.0,3.292,0.002602034048,0.781,10.1039/c2ee21554c
Hf0.9Ti0.1CoSb0.8Sn0.2,1088.0,212.0,55035.0,3.31,0.002475,0.819,10.1039/c2ee21554c
Ca3Al0.95Zn0.05Sb3,422.0,184.0,4745.0,1.06,0.00016064672,0.06,10.1039/c2jm31324c
Ca3Al0.95Zn0.05Sb3,522.0,214.4,5050.0,0.922,0.000232135168,0.129,10.1039/c2jm31324c
Ca3Al0.95Zn0.05Sb3,622.0,236.7,4900.0,0.81,0.00027453176099999995,0.21081327819999993,10.1039/c2jm31324c
Ca3Al0.95Zn0.05Sb3,722.0,272.0,4283.0,0.718,0.00031687347199999997,0.294,10.1039/c2jm31324c
Ca3Al0.95Zn0.05Sb3,822.0,275.8,4130.0,0.6602,0.0003141510932,0.3911423789918206,10.1039/c2jm31324c
Ca3Al0.98Zn0.02Sb3,422.0,200.0,3150.0,1.103,0.000126,0.046,10.1039/c2jm31324c
Ca3Al0.98Zn0.02Sb3,522.0,230.7,3870.0,0.947,0.00020597103629999998,0.1135341931875396,10.1039/c2jm31324c
Ca3Al0.98Zn0.02Sb3,622.0,248.0,4350.0,0.83,0.0002675424,0.205,10.1039/c2jm31324c
Ca3Al0.98Zn0.02Sb3,722.0,274.2,3952.0,0.7375,0.00029713364928,0.287,10.1039/c2jm31324c
Ca3Al0.98Zn0.02Sb3,822.0,277.3,3830.0,0.672,0.00029450896070000004,0.3602475679991072,10.1039/c2jm31324c
Ca3Al0.99Zn0.01Sb3,422.0,171.7,10900.0,1.269,0.0003213417009999999,0.101,10.1039/c2jm31324c
Ca3Al0.99Zn0.01Sb3,522.0,208.0,9711.0,1.07,0.000420136704,0.187,10.1039/c2jm31324c
Ca3Al0.99Zn0.01Sb3,822.0,264.0,5100.0,0.718,0.0003554496,0.437,10.1039/c2jm31324c
Ca3AlSb3,422.0,351.85,326.7,0.9884,4.044494463075e-05,0.015,10.1039/c2jm31324c
Ca3AlSb3,522.0,390.0,498.0,0.85,7.57458e-05,0.045,10.1039/c2jm31324c
Ca3AlSb3,722.0,419.0,500.0,0.67,8.77805e-05,0.091,10.1039/c2jm31324c
Ca3AlSb3,822.0,390.0,516.0,0.622,7.84836e-05,0.101,10.1039/c2jm31324c
Ca5In1.95Zn0.05Sb6,622.0,209.0,14350.0,0.91,0.00062682235,0.4284434084615384,10.1039/c3dt50428j
Ca5In1.95Zn0.05Sb6,722.0,214.0,12860.0,0.83,0.00058893656,0.5123038509879518,10.1039/c3dt50428j
Ca5In1.95Zn0.05Sb6,822.0,217.4,12700.0,0.812,0.000600237052,0.6076291339211822,10.1039/c3dt50428j
Ca5In1.95Zn0.05Sb6,922.0,215.73,12860.0,0.815,0.0005984971070939998,0.68,10.1039/c3dt50428j
Ca5In1.98Zn0.02Sb6,422.0,263.7,5418.0,0.9328,0.00037675520441999996,0.164,10.1039/c3dt50428j
Ca5In1.98Zn0.02Sb6,522.0,287.7,5340.0,0.812,0.00044199868859999997,0.282,10.1039/c3dt50428j
Ca5In1.98Zn0.02Sb6,622.0,299.4,4794.0,0.728,0.0004297358858399999,0.358,10.1039/c3dt50428j
Ca5In1.98Zn0.02Sb6,922.0,238.55,5349.0,0.6977,0.0003043907422725,0.4022477631865344,10.1039/c3dt50428j
Ca5In1.98Zn0.02Sb6,722.0,290.0,4612.0,0.6656,0.0003878692,0.405,10.1039/c3dt50428j
Ca5In1.98Zn0.02Sb6,822.0,270.0,4702.0,0.655,0.00034277579999999997,0.4301705459541984,10.1039/c3dt50428j
Ca5In1.9Zn0.1Sb6,422.0,144.0,20460.0,1.1084,0.00042425856,0.15,10.1039/c3dt50428j
Ca5In1.9Zn0.1Sb6,522.0,162.0,20860.0,1.008,0.00054744984,0.273,10.1039/c3dt50428j
Ca5In1.9Zn0.1Sb6,622.0,171.0,19940.0,0.922,0.00058306554,0.379,10.1039/c3dt50428j
Ca5In1.9Zn0.1Sb6,722.0,177.7,17869.0,0.842,0.00056425459501,0.477,10.1039/c3dt50428j
Ca5In2Sb6,422.0,479.5,974.0,0.8656,0.00022394232349999999,0.10917705697435304,10.1039/c3dt50428j
Ca5In2Sb6,820.0,204.0,3250.0,0.6855,0.00013525199999999999,0.124,10.1039/c3dt50428j
Ca5In2Sb6,520.0,480.0,967.0,0.7496,0.0002227968,0.1545548772678762,10.1039/c3dt50428j
Ca5In2Sb6,620.0,422.0,1000.0,0.688,0.00017808399999999998,0.156,10.1039/c3dt50428j
Mg3Sb1.6Bi0.4,332.0,142.0,3455.0,0.95,6.966662e-05,0.024346650357894736,10.1039/c3ra40457a
Mg3Sb1.6Bi0.4,470.0,211.0,2500.0,0.66,0.0001113025,0.07926087121212122,10.1039/c3ra40457a
Mg3Sb1.6Bi0.4,750.0,186.4,1990.0,0.416,6.914e-05,0.1287,10.1039/c3ra40457a
Mg3Sb1.6Bi0.4,565.0,246.0,2010.0,0.53,0.00012163716,0.12966980264150943,10.1039/c3ra40457a
Mg3Sb1.6Bi0.4,660.0,277.0,1900.0,0.47,0.0001457851,0.20471950212765957,10.1039/c3ra40457a
Mg3Sb1.8Bi0.2,332.0,306.0,333.0,1.17,3.1180788e-05,0.008847881723076923,10.1039/c3ra40457a
Mg3Sb1.8Bi0.2,470.0,357.0,559.0,0.91,7.124399099999999e-05,0.036796347,10.1039/c3ra40457a
Mg3Sb1.8Bi0.2,565.0,386.0,865.0,0.74,0.00012888154,0.09840279743243244,10.1039/c3ra40457a
Mg3Sb1.8Bi0.2,660.0,411.4,1556.5,0.61,0.00026343,0.29,10.1039/c3ra40457a
Mg3Sb1.8Bi0.2,750.0,409.0,2500.0,0.55,0.0004182025,0.5702761363636364,10.1039/c3ra40457a
Mg3Sb1.9Bi0.1,332.0,278.0,302.0,1.32,2.3339768e-05,0.005870305284848485,10.1039/c3ra40457a
Mg3Sb1.9Bi0.1,470.0,340.0,500.0,0.98,5.7799999999999995e-05,0.02772040816326531,10.1039/c3ra40457a
Mg3Sb1.9Bi0.1,565.0,364.0,690.0,0.77,9.142224e-05,0.06708255272727273,10.1039/c3ra40457a
Mg3Sb1.9Bi0.1,660.0,393.0,986.0,0.66,0.000152286714,0.152286714,10.1039/c3ra40457a
Mg3Sb1.9Bi0.1,750.0,366.2,1888.0,0.6,0.0002532,0.327,10.1039/c3ra40457a
Mg3Sb2,332.0,193.0,207.0,1.34,7.710543e-06,0.0019103733402985074,10.1039/c3ra40457a
Mg3Sb2,470.0,261.0,392.0,1.13,2.6703432e-05,0.011106737203539824,10.1039/c3ra40457a
Mg3Sb2,565.0,296.0,688.0,0.89,6.001696e-05,0.03810065438202247,10.1039/c3ra40457a
Mg3Sb2,660.0,328.0,1320.0,0.67,0.00014201087999999998,0.13989131462686566,10.1039/c3ra40457a
Mg3Sb2,750.0,288.0,2400.0,0.6,0.0001990656,0.248832,10.1039/c3ra40457a
Ca5Al1.9Zn0.1Sb6,425.0,118.2,23770.0,1.27,0.0003320963748,0.11113461361417323,10.1039/c3ta00844d
Ca5Al1.9Zn0.1Sb6,525.0,133.6,21640.0,1.175,0.00038625149439999994,0.174,10.1039/c3ta00844d
Ca5Al1.9Zn0.1Sb6,624.0,149.2,19350.0,1.096,0.0004307433839999999,0.2452407587737226,10.1039/c3ta00844d
Ca5Al1.9Zn0.1Sb6,724.0,162.73,17153.0,1.0185,0.00045422950039369995,0.3228887170201657,10.1039/c3ta00844d
Ca5Al1.9Zn0.1Sb6,773.0,167.3,16313.0,0.98,0.0004565892877700001,0.3601464484145001,10.1039/c3ta00844d
Ca5Ga1.7Zn0.3Sb6,425.0,70.0,56499.0,1.6772,0.0002768451,0.07015213898163604,10.1039/c3ta00844d
Ca5Ga1.7Zn0.3Sb6,525.0,79.8,56855.0,1.5503,0.0003620549142,0.12260777266013029,10.1039/c3ta00844d
Ca5Ga1.7Zn0.3Sb6,624.0,91.33,50000.0,1.436,0.000417058445,0.1845,10.1039/c3ta00844d
Ca5Ga1.7Zn0.3Sb6,724.0,102.3,43500.0,1.34,0.0004552401149999999,0.24596555467164172,10.1039/c3ta00844d
Ca5Ga1.7Zn0.3Sb6,773.0,106.8,39512.0,1.3,0.00045068335487999996,0.26798325640172305,10.1039/c3ta00844d
Ca5Ga1.8Zn0.2Sb6,425.0,72.3,47700.0,1.64,0.000249341733,0.06461599788109756,10.1039/c3ta00844d
Ca5Ga1.8Zn0.2Sb6,525.0,85.7,45100.0,1.51,0.00033123649900000006,0.11516500793046361,10.1039/c3ta00844d
Ca5Ga1.8Zn0.2Sb6,624.0,94.6,42070.0,1.413,0.0003764911611999999,0.16626361258938424,10.1039/c3ta00844d
Ca5Ga1.8Zn0.2Sb6,724.0,104.62,37650.0,1.307,0.0004120922166600001,0.2282744949210712,10.1039/c3ta00844d
Ca5Ga1.8Zn0.2Sb6,773.0,109.25,35700.0,1.262,0.00042609958125,0.2609944344740491,10.1039/c3ta00844d
Ca5Ga1.95Zn0.05Sb6,425.0,138.3,17900.0,1.186,0.00034237133100000004,0.121,10.1039/c3ta00844d
Ca5Ga1.95Zn0.05Sb6,525.0,160.4,17200.0,1.064,0.0004425243520000001,0.214,10.1039/c3ta00844d
Ca5Ga1.95Zn0.05Sb6,624.0,172.8,16415.0,0.981,0.0004901492736,0.308,10.1039/c3ta00844d
Ca5Ga1.95Zn0.05Sb6,773.0,170.93,14941.0,0.9054,0.00043653216667090006,0.3726964489028118,10.1039/c3ta00844d
Ca5Ga1.95Zn0.05Sb6,724.0,175.6,15320.0,0.914,0.0004723977151999999,0.37419687724813994,10.1039/c3ta00844d
Ca5Ga1.9Zn0.1Sb6,425.0,115.0,30500.0,1.403,0.0004033625,0.1221875,10.1039/c3ta00844d
Ca5Ga1.9Zn0.1Sb6,525.0,133.0,28513.0,1.258,0.000504366457,0.213,10.1039/c3ta00844d
Ca5Ga1.9Zn0.1Sb6,624.0,143.4,26800.0,1.16,0.0005511034079999999,0.306,10.1039/c3ta00844d
Ca5Ga1.9Zn0.1Sb6,724.0,151.16,24400.0,1.097,0.00055752403264,0.3679556970203829,10.1039/c3ta00844d
Ca5Ga1.9Zn0.1Sb6,773.0,152.9,23180.0,1.082,0.0005419115438000001,0.385,10.1039/c3ta00844d
Ca5Ga2Sb6,624.0,112.7,1466.0,1.032,1.862009114e-05,0.01,10.1039/c3ta00844d
Ca5Ga2Sb6,525.0,274.57,863.0,1.005,6.50604350687e-05,0.0362,10.1039/c3ta00844d
Ca5Ga2Sb6,425.0,417.34,640.0,1.0952,0.00011147051238399999,0.04325690993718042,10.1039/c3ta00844d
Bi0.985Na0.015CuSeO,300.0,253.5,12500.0,0.81,0.000803278125,0.2975104166666666,10.1039/c3ta14532h
Bi0.985Na0.015CuSeO,923.0,318.0,4700.0,0.5,0.0004752828,0.91,10.1039/c3ta14532h
In4Pb0.01Sn0.03Se2.9Cl0.02,323.0,-205.0,7453.0,0.9462,0.000313212325,0.10691986997991966,10.1039/c4dt03432e
In4Pb0.01Sn0.03Se2.9Cl0.02,373.0,-224.0,8330.0,0.846,0.00041796608,0.186,10.1039/c4dt03432e
In4Pb0.01Sn0.03Se2.9Cl0.02,473.0,-229.4,13900.0,0.744,0.000731478604,0.472,10.1039/c4dt03432e
In4Pb0.01Sn0.03Se2.9Cl0.02,523.0,-231.1,16660.0,0.6917,0.0008897641186,0.68,10.1039/c4dt03432e
In4Pb0.01Sn0.03Se2.9Cl0.02,623.0,-260.0,14800.0,0.592,0.00100048,1.05287,10.1039/c4dt03432e
In4Pb0.01Sn0.03Se2.9Cl0.02,673.0,-262.4,13760.0,0.5683,0.0009474277375999999,1.121975835658631,10.1039/c4dt03432e
In4Pb0.01Sn0.03Se2.9Cl0.02,723.0,-260.12,13830.0,0.562,0.000935771191152,1.2038479914642277,10.1039/c4dt03432e
In4Pb0.01Sn0.03Se2.9Cl0.04,323.0,-197.8,6700.0,0.911,0.000262136428,0.09294189488913282,10.1039/c4dt03432e
In4Pb0.01Sn0.03Se2.9Cl0.04,623.0,-259.4,14183.0,0.5814,0.000957,1.0226359727472305,10.1039/c4dt03432e
In4Pb0.01Sn0.03Se2.9Cl0.04,673.0,-261.5,13762.0,0.554,0.0009410765245,1.1432211209178698,10.1039/c4dt03432e
In4Pb0.01Sn0.03Se2.9Cl0.04,723.0,-257.6,14150.0,0.542,0.0009389623040000001,1.2525272062583026,10.1039/c4dt03432e
In4Pb0.01Sn0.03Se2.9Cl0.06,323.0,-199.2,3050.0,0.944,0.00012102595199999996,0.038,10.1039/c4dt03432e
In4Pb0.01Sn0.03Se2.9Cl0.06,373.0,219.0,3820.0,0.844,0.00018321102,0.08096885125592418,10.1039/c4dt03432e
In4Pb0.01Sn0.03Se2.9Cl0.06,423.0,-231.0,5225.0,0.772,0.000278811225,0.155,10.1039/c4dt03432e
In4Pb0.01Sn0.03Se2.9Cl0.06,523.0,-233.0,8910.0,0.666,0.00048371499,0.39,10.1039/c4dt03432e
In4Pb0.01Sn0.03Se2.9Cl0.06,473.0,-222.0,7700.0,0.72,0.0003794868,0.52,10.1039/c4dt03432e
In4Pb0.01Sn0.03Se2.9Cl0.06,573.0,-246.8,10100.0,0.61448,0.000613,0.5736652648613462,10.1039/c4dt03432e
In4Pb0.01Sn0.03Se2.9Cl0.06,623.0,-249.5,10335.0,0.568,0.00064335633375,0.715,10.1039/c4dt03432e
In4Pb0.01Sn0.03Se2.9Cl0.06,673.0,-261.4,10400.0,0.542,0.00073,0.894,10.1039/c4dt03432e
In4Pb0.01Sn0.03Se2.9Cl0.06,723.0,-255.0,10988.0,0.532,0.0007144947,0.964,10.1039/c4dt03432e
BiCu0.90SeO,323.0,166.0,43.0,1.19,1.1849079999999999e-06,0.0003216178857142857,https://doi.org/10.1021/ja2091195
BiCu0.90SeO,523.0,189.0,44.0,0.914,1.571724e-06,0.0008993562932166303,https://doi.org/10.1021/ja2091195
BiCu0.90SeO,723.0,223.0,80.0,0.71,3.97832e-06,0.004051162478873239,https://doi.org/10.1021/ja2091195
BiCu0.90SeO,923.0,283.0,162.5,0.6467,1.30144625e-05,0.018574839782743158,https://doi.org/10.1021/ja2091195
BiCu0.925SeO,323.0,242.45,2788.0,1.4,0.00016388422296999999,0.03781043144236429,https://doi.org/10.1021/ja2091195
BiCu0.925SeO,523.0,270.0,1760.0,1.1,0.000128304,0.06100271999999999,https://doi.org/10.1021/ja2091195
BiCu0.925SeO,723.0,292.0,1907.0,0.93,0.000162598448,0.12640718054193548,https://doi.org/10.1021/ja2091195
BiCu0.925SeO,923.0,304.0,2550.0,0.8747,0.000243608576,0.2570603814427804,https://doi.org/10.1021/ja2091195
BiCu0.975SeO,323.0,167.59,2330.0,0.787,6.5441330873e-05,0.02685838611433164,https://doi.org/10.1021/ja2091195
BiCu0.975SeO,523.0,203.7,1852.0,0.57,7.684631388e-05,0.08,https://doi.org/10.1021/ja2091195
BiCu0.975SeO,723.0,241.67,3625.0,0.4636,0.00021171590976249994,0.3301781767866425,https://doi.org/10.1021/ja2091195
BiCu0.975SeO,923.0,279.0,5220.0,0.477,0.000412090254,0.7863,https://doi.org/10.1021/ja2091195
BiCuSeO,323.0,354.0,114.0,0.606,1.4286023999999999e-05,0.00761449794059406,https://doi.org/10.1021/ja2091195
BiCuSeO,523.0,387.0,191.0,0.4966,2.8605879e-05,0.030126610384615386,https://doi.org/10.1021/ja2091195
BiCuSeO,723.0,408.0,535.0,0.446,8.905824e-05,0.14437019623318387,https://doi.org/10.1021/ja2091195
BiCuSeO,923.0,419.0,1383.0,0.42,0.000242800863,0.5335838013071429,https://doi.org/10.1021/ja2091195
FeNb0.80Ti0.20Sb,300.0,72.0,460000.0,7.5,0.00238464,0.0953856,10.1039/c4ee03042g
FeNb0.80Ti0.20Sb,500.0,111.0,270000.0,5.9,0.00332667,0.281921186440678,10.1039/c4ee03042g
FeNb0.80Ti0.20Sb,700.0,150.0,165000.0,5.3,0.0037125,0.49033018867924527,10.1039/c4ee03042g
FeNb0.80Ti0.20Sb,900.0,180.0,125000.0,4.7,0.00405,0.775531914893617,10.1039/c4ee03042g
FeNb0.88Ti0.12Sb,300.0,103.0,430000.0,11.3,0.00456187,0.12111159292035398,10.1039/c4ee03042g
FeNb0.88Ti0.12Sb,500.0,140.0,250000.0,8.24,0.0049,0.2973300970873787,10.1039/c4ee03042g
FeNb0.88Ti0.12Sb,700.0,182.0,130000.0,6.5,0.00430612,0.463736,10.1039/c4ee03042g
FeNb0.88Ti0.12Sb,900.0,214.0,90000.0,5.5,0.00412164,0.6744501818181817,10.1039/c4ee03042g
FeNb0.92Ti0.08Sb,300.0,120.0,400000.0,13.0,0.0057599999999999995,0.13292307692307692,10.1039/c4ee03042g
FeNb0.92Ti0.08Sb,500.0,168.0,200000.0,9.4,0.0056448,0.30025531914893616,10.1039/c4ee03042g
FeNb0.92Ti0.08Sb,700.0,207.0,110000.0,7.4,0.00471339,0.44586121621621616,10.1039/c4ee03042g
FeNb0.92Ti0.08Sb,900.0,240.0,79000.0,6.3,0.0045504,0.6500571428571428,10.1039/c4ee03042g
FeNb0.96Ti0.04Sb,300.0,153.0,160000.0,15.0,0.00374544,0.0749088,10.1039/c4ee03042g
FeNb0.96Ti0.04Sb,500.0,206.0,113000.0,10.31,0.004795268,0.23255421920465566,10.1039/c4ee03042g
FeNb0.96Ti0.04Sb,700.0,255.0,66000.0,8.0,0.00429165,0.375519375,10.1039/c4ee03042g
FeNb0.96Ti0.04Sb,900.0,284.0,42000.0,6.43,0.003387552,0.4741519129082426,10.1039/c4ee03042g
AgSn15.0BiTe17.0,300.0,65.86,204810.0,2.6,0.000888371485476,0.10250440217030769,10.1039/c4ta05530f
AgSn15.0BiTe17.0,400.0,94.0,157692.0,2.41,0.001393366512,0.23126415136929457,10.1039/c4ta05530f
AgSn15.0BiTe17.0,500.0,123.0,121153.0,2.09,0.001832923737,0.43849850167464116,10.1039/c4ta05530f
AgSn15.0BiTe17.0,600.0,149.0,97115.0,1.765,0.002156050115,0.732934883286119,10.1039/c4ta05530f
AgSn25.0BiTe27.0,300.0,46.0,254808.0,3.41,0.000539173728,0.047434638826979465,10.1039/c4ta05530f
AgSn25.0BiTe27.0,400.0,66.0,200000.0,3.19,0.0008712,0.10924137931034483,10.1039/c4ta05530f
AgSn25.0BiTe27.0,500.0,93.0,150000.0,2.87,0.00129735,0.2260191637630662,10.1039/c4ta05530f
AgSn25.0BiTe27.0,600.0,122.0,115385.0,2.53,0.00171739034,0.4072862466403162,10.1039/c4ta05530f
AgSn5.0BiTe7.0,300.0,112.0,100000.0,1.61,0.0012544,0.2337391304347826,10.1039/c4ta05530f
AgSn5.0BiTe7.0,400.0,131.25,83700.0,1.63,0.00144186328125,0.35383148006134973,10.1039/c4ta05530f
AgSn5.0BiTe7.0,600.0,132.45,73070.0,2.13,0.001281867192675,0.36108935004929577,10.1039/c4ta05530f
AgSn5.0BiTe7.0,500.0,137.0,77885.0,1.8235,0.001461823565,0.4008290553879902,10.1039/c4ta05530f
SnTe,300.0,34.86,777885.0,7.95,0.0009453010985459999,0.03567173956777358,10.1039/c4ta05530f
SnTe,400.0,39.66,660577.0,7.365,0.0010390318683012,0.056430787144668024,10.1039/c4ta05530f
SnTe,500.0,49.0,413460.0,6.55,0.00099271746,0.07577995877862596,10.1039/c4ta05530f
SnTe,600.0,64.4,306730.0,5.61,0.0012721197328,0.13605558639572193,10.1039/c4ta05530f
Zn0.85Cd0.15Sc0.02O1.03,300.0,-49.4,19430.0,7.58,4.74161948e-05,0.001876630401055409,10.1039/c6ta03126a
Zn0.85Cd0.15Sc0.02O1.03,373.0,-59.0,19800.0,6.583,6.892379999999999e-05,0.003905298101169679,10.1039/c6ta03126a
Zn0.85Cd0.15Sc0.02O1.03,473.0,-70.0,20000.0,5.75,9.8e-05,0.008061565217391304,10.1039/c6ta03126a
Zn0.85Cd0.15Sc0.02O1.03,573.0,-79.0,19800.0,5.0,0.0001235718,0.01416132828,10.1039/c6ta03126a
Zn0.85Cd0.15Sc0.02O1.03,673.0,-86.0,19200.0,4.42,0.0001420032,0.021621754208144797,10.1039/c6ta03126a
Zn0.85Cd0.15Sc0.02O1.03,773.0,-96.47,17857.0,4.08,0.0001661854722913,0.03148562992185659,10.1039/c6ta03126a
Zn0.85Cd0.15Sc0.02O1.03,873.0,-108.0,16800.0,3.8,0.0001959552,0.045018128842105265,10.1039/c6ta03126a
Zn0.85Cd0.15Sc0.02O1.03,973.0,-121.0,15400.0,3.33,0.00022547139999999998,0.06588098264264264,10.1039/c6ta03126a
Zn0.85Cd0.15Sc0.02O1.03,1073.0,-128.0,13800.0,3.25,0.0002260992,0.07464752049230769,10.1039/c6ta03126a
Zn0.85Cd0.15Sc0.02O1.03,1173.0,-133.0,12500.0,3.15,0.0002211125,0.08233808333333333,10.1039/c6ta03126a
Zn0.875Cd0.125Sc0.02O1.03,300.0,-73.5,42857.0,6.75,0.00023152422825,0.0102899657,10.1039/c6ta03126a
Zn0.875Cd0.125Sc0.02O1.03,373.0,-83.0,41000.0,5.67,0.000282449,0.018580860141093475,10.1039/c6ta03126a
Zn0.875Cd0.125Sc0.02O1.03,473.0,-93.0,38330.0,5.08,0.00033151617,0.0298,10.1039/c6ta03126a
Zn0.875Cd0.125Sc0.02O1.03,573.0,-101.0,35570.0,4.25,0.00036284957,0.04892065967294117,10.1039/c6ta03126a
Zn0.875Cd0.125Sc0.02O1.03,673.0,-110.0,32860.0,3.83,0.000397606,0.06986653733681462,10.1039/c6ta03126a
Zn0.875Cd0.125Sc0.02O1.03,773.0,-117.6,30100.0,3.58,0.00041627577599999996,0.0877,10.1039/c6ta03126a
Zn0.875Cd0.125Sc0.02O1.03,873.0,-129.0,27710.0,3.3,0.00046112211,0.1219877581909091,10.1039/c6ta03126a
Zn0.875Cd0.125Sc0.02O1.03,973.0,-139.0,25300.0,3.0,0.0004888213,0.15854104163333335,10.1039/c6ta03126a
Zn0.875Cd0.125Sc0.02O1.03,1073.0,-147.0,23000.0,2.85,0.0004970069999999999,0.18711877578947367,10.1039/c6ta03126a
Zn0.875Cd0.125Sc0.02O1.03,1173.0,-156.0,20700.0,2.583,0.0005037552,0.2287668794425087,10.1039/c6ta03126a
Zn0.95Cd0.05Sc0.02O1.03,300.0,-60.0,18000.0,11.5,6.48e-05,0.0016904347826086957,10.1039/c6ta03126a
Zn0.95Cd0.05Sc0.02O1.03,373.0,-71.0,17600.0,9.75,8.87216e-05,0.003394169928205128,10.1039/c6ta03126a
Zn0.95Cd0.05Sc0.02O1.03,473.0,-86.0,17300.0,8.0,0.0001279508,0.00756509105,10.1039/c6ta03126a
Zn0.95Cd0.05Sc0.02O1.03,573.0,-100.0,16800.0,6.75,0.000168,0.014261333333333334,10.1039/c6ta03126a
Zn0.95Cd0.05Sc0.02O1.03,673.0,-110.0,16000.0,5.92,0.0001936,0.02200891891891892,10.1039/c6ta03126a
Zn0.95Cd0.05Sc0.02O1.03,773.0,-123.0,15000.0,5.2,0.000226935,0.033734760576923074,10.1039/c6ta03126a
Zn0.95Cd0.05Sc0.02O1.03,873.0,-132.0,14300.0,4.58,0.0002491632,0.04749333484716157,10.1039/c6ta03126a
Zn0.95Cd0.05Sc0.02O1.03,973.0,-147.0,12900.0,4.08,0.0002787561,0.06647786404411764,10.1039/c6ta03126a
Zn0.95Cd0.05Sc0.02O1.03,1073.0,-153.0,11300.0,3.75,0.0002645217,0.07568847576,10.1039/c6ta03126a
Zn0.95Cd0.05Sc0.02O1.03,1173.0,-160.0,10100.0,3.43,0.00025856,0.0884229970845481,10.1039/c6ta03126a
Zn0.9Cd0.1Sc0.006O1.009,300.0,-77.0,56145.0,8.44,0.000332883705,0.011832359182464456,10.1039/c6ta03126a
Zn0.9Cd0.1Sc0.006O1.009,773.0,-122.0,36700.0,4.23,0.0005462428,0.09982167479905436,10.1039/c6ta03126a
Zn0.9Cd0.1Sc0.006O1.009,973.0,-139.0,30420.0,3.4,0.0005877448199999999,0.16819873819411765,10.1039/c6ta03126a
Zn0.9Cd0.1Sc0.006O1.009,1073.0,-148.0,27710.0,3.2,0.00060695984,0.20352122135,10.1039/c6ta03126a
Zn0.9Cd0.1Sc0.006O1.009,1173.0,-156.0,25300.0,2.92,0.0006157008,0.24733460219178083,10.1039/c6ta03126a
Zn0.9Cd0.1Sc0.01O1.015,300.0,-73.6,62187.0,8.17,0.0003368644915199999,0.01236956517209302,10.1039/c6ta03126a
Zn0.9Cd0.1Sc0.01O1.015,473.0,-92.0,53542.0,5.7,0.000453179488,0.037605946986666666,10.1039/c6ta03126a
Zn0.9Cd0.1Sc0.01O1.015,573.0,-101.0,49000.0,4.94,0.000499849,0.057978436639676105,10.1039/c6ta03126a
Zn0.9Cd0.1Sc0.01O1.015,673.0,-112.0,44400.0,4.394,0.0005569536,0.08530490960400545,10.1039/c6ta03126a
Zn0.9Cd0.1Sc0.01O1.015,773.0,-120.5,40400.0,4.0,0.0005866180999999999,0.11336394782499999,10.1039/c6ta03126a
Zn0.9Cd0.1Sc0.02O1.03,300.0,-70.6,59430.0,7.83,0.00029622051479999997,0.011349445011494251,10.1039/c6ta03126a
Zn0.9Cd0.1Sc0.02O1.03,373.0,-80.0,55500.0,6.5,0.0003552,0.020383015384615382,10.1039/c6ta03126a
Zn0.9Cd0.1Sc0.02O1.03,473.0,-86.5,52000.0,5.5,0.000389077,0.033460622,10.1039/c6ta03126a
Zn0.9Cd0.1Sc0.02O1.03,573.0,-99.0,47570.0,5.0,0.00046623357,0.053430367122,10.1039/c6ta03126a
Zn0.9Cd0.1Sc0.02O1.03,673.0,-107.6,43000.0,4.34,0.00049784368,0.07720018355760366,10.1039/c6ta03126a
Zn0.9Cd0.1Sc0.02O1.03,773.0,-119.4,39430.0,3.83,0.0005621282748000001,0.11345304345180159,10.1039/c6ta03126a
Zn0.9Cd0.1Sc0.02O1.03,873.0,-130.0,35700.0,3.583,0.00060333,0.14700169969299468,10.1039/c6ta03126a
Zn0.9Cd0.1Sc0.02O1.03,973.0,-139.0,32000.0,3.26,0.000618272,0.1845333300613497,10.1039/c6ta03126a
Zn0.9Cd0.1Sc0.02O1.03,1073.0,-150.0,29000.0,3.1,0.0006525,0.2258491935483871,10.1039/c6ta03126a
Zn0.9Cd0.1Sc0.02O1.03,1173.0,-160.0,26500.0,2.83,0.0006784,0.2811884098939929,10.1039/c6ta03126a
Zn0.9Cd0.1Sc0.03O1.045,300.0,-76.3,55100.0,7.91,0.000320775119,0.012165933716814159,10.1039/c6ta03126a
Zn0.9Cd0.1Sc0.03O1.045,373.0,-83.2,52600.0,6.6,0.00036410982400000006,0.020577721871515155,10.1039/c6ta03126a
Zn0.9Cd0.1Sc0.03O1.045,473.0,-92.7,48333.0,5.62,0.00041533948557000004,0.03495650830509075,10.1039/c6ta03126a
Zn0.9Cd0.1Sc0.03O1.045,573.0,-92.7,44000.0,4.93,0.00037810476000000004,0.04394605019878296,10.1039/c6ta03126a
Zn0.9Cd0.1Sc0.03O1.045,673.0,-111.0,40000.0,4.38,0.00049284,0.07572632876712329,10.1039/c6ta03126a
Zn0.9Cd0.1Sc0.03O1.045,773.0,-123.0,36040.0,3.94,0.0005452491599999999,0.1069740103248731,10.1039/c6ta03126a
Zn0.9Cd0.1Sc0.03O1.045,873.0,-133.0,32917.0,3.61,0.0005822688129999999,0.1408090509,10.1039/c6ta03126a
Zn0.9Cd0.1Sc0.03O1.045,973.0,-142.0,30000.0,3.303,0.00060492,0.17819774750227066,10.1039/c6ta03126a
Zn0.9Cd0.1Sc0.03O1.045,1073.0,-150.0,27350.0,3.02,0.000615375,0.21864151490066225,10.1039/c6ta03126a
Zn0.9Cd0.1Sc0.03O1.045,1173.0,-159.46,25000.0,2.76,0.0006356872899999999,0.27016709825,10.1039/c6ta03126a
Zn0.9Cd0.1Sc0.04O1.06,300.0,-84.3,46667.0,8.0,0.00033163856882999996,0.012436446331125,10.1039/c6ta03126a
Zn0.9Cd0.1Sc0.04O1.06,373.0,-93.0,44000.0,6.8,0.000380556,0.020874615882352943,10.1039/c6ta03126a
Zn0.9Cd0.1Sc0.04O1.06,473.0,-102.0,41146.0,5.7,0.000428082984,0.035523377444210524,10.1039/c6ta03126a
Zn0.9Cd0.1Sc0.04O1.06,573.0,-110.2,37604.0,4.9545,0.00045666448016,0.05281436010327581,10.1039/c6ta03126a
Zn0.9Cd0.1Sc0.04O1.06,673.0,-119.0,34167.0,4.38,0.000483838887,0.07434328103904109,10.1039/c6ta03126a
Zn0.9Cd0.1Sc0.04O1.06,773.0,-131.3,31000.0,3.9545,0.0005344303900000001,0.10446698481982553,10.1039/c6ta03126a
Zn0.9Cd0.1Sc0.04O1.06,873.0,-141.4,28125.0,3.56,0.0005623301250000001,0.13789724694522476,10.1039/c6ta03126a
Zn0.9Cd0.1Sc0.04O1.06,973.0,-151.0,25520.0,3.25,0.00058188152,0.1742063750646154,10.1039/c6ta03126a
Zn0.9Cd0.1Sc0.04O1.06,1073.0,-160.5,23230.0,2.9545,0.0005984106075,0.21732766351243865,10.1039/c6ta03126a
Zn0.9Cd0.1Sc0.04O1.06,1173.0,-166.4,21145.0,2.7,0.0005854830592000001,0.2543598623857778,10.1039/c6ta03126a
ZnSc0.02O1.03,300.0,-165.0,2800.0,52.167,7.623e-05,0.00043838058542756915,10.1039/c6ta03126a
ZnSc0.02O1.03,373.0,-181.5,3200.0,37.1,0.00010541519999999999,0.0010598347601078165,10.1039/c6ta03126a
ZnSc0.02O1.03,473.0,-200.0,3500.0,26.083,0.00014,0.002538818387455431,10.1039/c6ta03126a
ZnSc0.02O1.03,573.0,-214.7,4428.0,19.583,0.00020411348651999998,0.005972375416226318,10.1039/c6ta03126a
ZnSc0.02O1.03,673.0,-230.0,5714.0,15.083,0.0003022706,0.013487244831929987,10.1039/c6ta03126a
ZnSc0.02O1.03,773.0,-244.0,6570.0,12.083,0.00039115152,0.025023597199371018,10.1039/c6ta03126a
ZnSc0.02O1.03,873.0,-256.47,6428.0,10.0,0.0004228136618652001,0.03691163268083197,10.1039/c6ta03126a
ZnSc0.02O1.03,973.0,-270.6,5857.0,8.083,0.0004288750765200001,0.05162630823381913,10.1039/c6ta03126a
ZnSc0.02O1.03,1073.0,-281.0,5280.0,6.75,0.00041691408,0.06627389745777777,10.1039/c6ta03126a
ZnSc0.02O1.03,1173.0,-290.0,4700.0,5.7,0.00039527,0.08134240526315789,10.1039/c6ta03126a
CuGa0.97Mn0.03Te2,325.0,172.0,25200.0,6.142,0.0007455167999999999,0.03944854444806251,10.1039/c6ta11120c
CuGa0.97Mn0.03Te2,375.0,183.7,24290.0,5.234,0.0008196828100999998,0.058727751965513934,10.1039/c6ta11120c
CuGa0.97Mn0.03Te2,425.0,198.9,23250.0,4.163,0.0009197981325,0.09390204331311554,10.1039/c6ta11120c
CuGa0.97Mn0.03Te2,475.0,214.0,22149.0,3.652,0.001014335604,0.13193028803395399,10.1039/c6ta11120c
CuGa0.97Mn0.03Te2,525.0,224.0,21053.0,3.184,0.001056355328,0.17417919195979897,10.1039/c6ta11120c
CuGa0.97Mn0.03Te2,625.0,232.6,21565.0,4.072,0.0011667260194,0.17907754472617873,10.1039/c6ta11120c
CuGa0.97Mn0.03Te2,575.0,231.0,20783.0,2.794,0.001109001663,0.2282304782480315,10.1039/c6ta11120c
CuGa0.97Mn0.03Te2,670.0,238.8,22350.0,2.461,0.001274518584,0.34698,10.1039/c6ta11120c
CuGa0.98Mn0.02Te2,425.0,278.8,10439.0,4.532,0.00081141762416,0.07609278249514563,10.1039/c6ta11120c
CuGa0.98Mn0.02Te2,475.0,292.4,9342.0,3.957,0.0007987200739199998,0.09587870485519331,10.1039/c6ta11120c
CuGa0.98Mn0.02Te2,525.0,300.0,9123.0,3.3546,0.00082107,0.1284987032731175,10.1039/c6ta11120c
CuGa0.98Mn0.02Te2,575.0,294.6,10789.0,2.943,0.0009363682472400002,0.18294656546483185,10.1039/c6ta11120c
CuGa0.98Mn0.02Te2,625.0,272.3,15350.0,3.844,0.0011381609015000001,0.18505477716896465,10.1039/c6ta11120c
CuGa0.98Mn0.02Te2,670.0,242.9,21974.0,2.55,0.0012964750093400002,0.34064,10.1039/c6ta11120c
CuGa0.99Mn0.01Te2,325.0,332.0,6053.0,5.383,0.000667185872,0.04028151744380457,10.1039/c6ta11120c
CuGa0.99Mn0.01Te2,375.0,339.7,5702.0,4.44,0.0006579885051799999,0.05557335347804052,10.1039/c6ta11120c
CuGa0.99Mn0.01Te2,425.0,356.5,5000.0,3.46,0.00063546125,0.07805521134393063,10.1039/c6ta11120c
CuGa0.99Mn0.01Te2,475.0,366.85,4825.0,2.957,0.0006493433010625002,0.1043077673333404,10.1039/c6ta11120c
CuGa0.99Mn0.01Te2,525.0,365.0,5700.0,2.589,0.0007593825,0.15398834009269988,10.1039/c6ta11120c
CuGa0.99Mn0.01Te2,575.0,346.2,8070.0,2.262,0.0009672253308,0.2458685080503979,10.1039/c6ta11120c
CuGa0.99Mn0.01Te2,718.0,247.3,25300.0,1.95,0.0015472794370000001,0.56972,10.1039/c6ta11120c
CuGa0.99Mn0.01Te2,768.0,236.0,26000.0,1.85,0.001448096,0.605258,10.1039/c6ta11120c
CuGa0.99Mn0.01Te2,818.0,232.6,27900.0,1.752,0.0015095,0.707,10.1039/c6ta11120c
CuGa0.99Mn0.01Te2,868.0,231.0,29304.0,1.645,0.0015637,0.83,10.1039/c6ta11120c
CuGaTe2,325.0,364.0,2300.0,6.9645,0.0003047408,0.014220799770263479,10.1039/c6ta11120c
CuGaTe2,375.0,365.0,2330.0,5.75,0.00031041425,0.027,10.1039/c6ta11120c
CuGaTe2,718.0,265.0,19450.0,2.568,0.00136587625,0.381892,10.1039/c6ta11120c
CuGaTe2,775.0,250.7,21300.0,2.412,0.001353,0.43117288868159204,10.1039/c6ta11120c
CuGaTe2,818.0,248.4,23700.0,2.24,0.001462350672,0.53402,10.1039/c6ta11120c
CuGaTe2,868.0,240.0,24300.0,2.087,0.0014,0.58214,10.1039/c6ta11120c
(Sn0.8Ge0.2)0.82Mn0.18Te,300.0,60.3,169300.0,2.134,0.000615590037,0.0855,10.1039/c7cp04931e
(Sn0.8Ge0.2)0.82Mn0.18Te,673.0,126.0,108900.0,1.54,0.0017288963999999999,0.75555018,10.1039/c7cp04931e
(Sn0.8Ge0.2)0.82Mn0.18Te,773.0,141.3,90910.0,1.535,0.0018150808779,0.9140439860695114,10.1039/c7cp04931e
(Sn0.8Ge0.2)0.82Mn0.18Te,873.0,153.0,80600.0,1.512,0.0018867654,1.0893824035714288,10.1039/c7cp04931e
(Sn0.8Ge0.2)0.85Mn0.15Te,373.0,67.7,179000.0,1.975,0.00082040891,0.1565,10.1039/c7cp04931e
(Sn0.8Ge0.2)0.85Mn0.15Te,473.0,84.8,156300.0,1.732,0.001123959552,0.3069473834272517,10.1039/c7cp04931e
(Sn0.8Ge0.2)0.85Mn0.15Te,573.0,100.0,135100.0,1.638,0.001351,0.4726025641025641,10.1039/c7cp04931e
(Sn0.8Ge0.2)0.85Mn0.15Te,673.0,119.3,116900.0,1.55,0.001663778081,0.7224017087180644,10.1039/c7cp04931e
(Sn0.8Ge0.2)0.85Mn0.15Te,773.0,134.0,100000.0,1.408,0.0017956,0.987,10.1039/c7cp04931e
(Sn0.8Ge0.2)0.85Mn0.15Te,873.0,152.0,83300.0,1.378,0.0019245631999999999,1.2192624626995647,10.1039/c7cp04931e
(Sn0.8Ge0.2)0.88Mn0.12Te,298.0,50.0,226695.0,2.559,0.0005667374999999999,0.06599756740914418,10.1039/c7cp04931e
(Sn0.8Ge0.2)0.88Mn0.12Te,373.0,60.9,204200.0,2.486,0.000757339002,0.11363131445937247,10.1039/c7cp04931e
(Sn0.8Ge0.2)0.88Mn0.12Te,473.0,78.0,175900.0,2.064,0.0010701756,0.245248575,10.1039/c7cp04931e
(Sn0.8Ge0.2)0.88Mn0.12Te,573.0,95.4,150750.0,1.95,0.0013719998700000003,0.40315688487692314,10.1039/c7cp04931e
(Sn0.8Ge0.2)0.88Mn0.12Te,673.0,113.0,127685.0,1.8268,0.001630409765,0.6006490977912196,10.1039/c7cp04931e
(Sn0.8Ge0.2)0.88Mn0.12Te,773.0,130.0,107400.0,1.74,0.00181506,0.8063456206896551,10.1039/c7cp04931e
(Sn0.8Ge0.2)0.88Mn0.12Te,873.0,152.0,84786.0,1.677,0.001958895744,1.013,10.1039/c7cp04931e
(Sn0.8Ge0.2)0.8Mn0.2Te,298.0,60.2,161000.0,2.227,0.0005834704400000001,0.07807552362819939,10.1039/c7cp04931e
(Sn0.8Ge0.2)0.8Mn0.2Te,373.0,73.3,142000.0,1.984,0.0007629503799999999,0.142,10.1039/c7cp04931e
(Sn0.8Ge0.2)0.8Mn0.2Te,473.0,92.4,130807.0,1.74,0.0011167987723199998,0.30358955132606896,10.1039/c7cp04931e
(Sn0.8Ge0.2)0.8Mn0.2Te,573.0,111.0,112869.0,1.677,0.001390658949,0.4574,10.1039/c7cp04931e
(Sn0.8Ge0.2)0.8Mn0.2Te,673.0,123.8,102700.0,1.567,0.0015740253879999997,0.6726,10.1039/c7cp04931e
(Sn0.8Ge0.2)0.8Mn0.2Te,773.0,142.0,85460.0,1.56,0.00172321544,0.8538753430256409,10.1039/c7cp04931e
(Sn0.8Ge0.2)0.8Mn0.2Te,873.0,153.0,78800.0,1.512,0.0018446292,1.06,10.1039/c7cp04931e
(Sn0.8Ge0.2)0.91Mn0.09Te,373.0,57.4,220164.0,2.52756,0.00072538754064,0.10704772692190097,10.1039/c7cp04931e
(Sn0.8Ge0.2)0.91Mn0.09Te,473.0,74.1,186400.0,2.213,0.0010234869839999999,0.216,10.1039/c7cp04931e
(Sn0.8Ge0.2)0.91Mn0.09Te,573.0,94.0,155977.0,2.11,0.001378212772,0.3742729470881517,10.1039/c7cp04931e
(Sn0.8Ge0.2)0.91Mn0.09Te,773.0,132.7,107400.0,1.9449,0.0018912377459999997,0.7516719510812894,10.1039/c7cp04931e
(Sn0.8Ge0.2)0.94Mn0.06Te,373.0,54.6,252358.0,2.875,0.0007523195752800001,0.09760528750589217,10.1039/c7cp04931e
(Sn0.8Ge0.2)0.94Mn0.06Te,473.0,69.4,210600.0,2.58,0.001014325416,0.1859596596,10.1039/c7cp04931e
(Sn0.8Ge0.2)0.94Mn0.06Te,573.0,86.7,173100.0,2.46,0.001301173659,0.3016,10.1039/c7cp04931e
(Sn0.8Ge0.2)0.94Mn0.06Te,673.0,107.0,141100.0,2.21,0.0016154539,0.4919459161538462,10.1039/c7cp04931e
(Sn0.8Ge0.2)0.94Mn0.06Te,773.0,127.2,113830.0,2.053,0.0018417511872,0.6934601401391135,10.1039/c7cp04931e
(Sn0.8Ge0.2)0.94Mn0.06Te,873.0,146.3,94350.0,1.875,0.0020194381515,0.9402504033384002,10.1039/c7cp04931e
(Sn0.8Ge0.2)0.97Mn0.03Te,573.0,82.0,203400.0,2.984,0.0013676616,0.25968,10.1039/c7cp04931e
(Sn0.8Ge0.2)0.97Mn0.03Te,673.0,99.4,163610.0,2.679,0.0016165256996,0.4060924956441956,10.1039/c7cp04931e
(Sn0.8Ge0.2)0.97Mn0.03Te,773.0,117.0,129200.0,2.36,0.0017686188,0.5792975984745763,10.1039/c7cp04931e
(Sn0.8Ge0.2)0.97Mn0.03Te,873.0,141.24,102300.0,2.0385,0.0020407558564800006,0.8739660842320532,10.1039/c7cp04931e
Sn0.8Ge0.2Te,373.0,44.7,410900.0,4.84,0.0008210151810000001,0.0645,10.1039/c7cp04931e
Sn0.8Ge0.2Te,473.0,53.7,329200.0,4.719,0.0009493107480000001,0.09515235935664336,10.1039/c7cp04931e
Sn0.8Ge0.2Te,573.0,67.6,256000.0,4.367,0.0011698585599999997,0.15349873022212043,10.1039/c7cp04931e
Sn0.8Ge0.2Te,673.0,85.8,203850.0,3.663,0.001500670314,0.2757169318378378,10.1039/c7cp04931e
Sn0.8Ge0.2Te,773.0,109.0,156700.0,3.454,0.0018617527,0.41665745138969307,10.1039/c7cp04931e
Sn0.8Ge0.2Te,873.0,130.0,122500.0,3.1,0.00207025,0.5855,10.1039/c7cp04931e
SnTe,298.0,29.2,768116.0,6.5,0.00065492642624,0.04,10.1039/c7cp04931e
SnTe,373.0,35.5,630900.0,6.0,0.000795091725,0.0484,10.1039/c7cp04931e
SnTe,473.0,44.1,434400.0,5.39,0.0008448254640000001,0.07413774480000002,10.1039/c7cp04931e
SnTe,573.0,56.0,335400.0,5.2,0.0010518144,0.1145,10.1039/c7cp04931e
SnTe,673.0,66.1,263500.0,4.79,0.0011512868349999998,0.16175700207828805,10.1039/c7cp04931e
SnTe,773.0,77.6,208500.0,4.094,0.0012555369599999997,0.23706157061064964,10.1039/c7cp04931e
SnTe,873.0,90.0,162500.0,3.602,0.00131625,0.318,10.1039/c7cp04931e
AgBiSe2.0,323.0,-133.0,18550.0,0.605,0.00032813095,0.17518396173553719,10.1039/c7dt04821a
AgBiSe2.0,514.0,-177.0,13400.0,0.71,0.0004198086,0.3039177752112676,10.1039/c7dt04821a
AgBiSe2.0,418.0,-145.0,20928.0,0.59,0.0004400112,0.3117367484745763,10.1039/c7dt04821a
AgBiSe2.0,612.0,-263.0,4536.0,0.5,0.000313750584,0.384030714816,10.1039/c7dt04821a
AgBiSe2.0,660.0,-272.0,4251.0,0.4672,0.000314505984,0.44429355616438354,10.1039/c7dt04821a
AgBiSe2.0,710.0,-264.0,4650.0,0.4656,0.0003240864,0.4942039175257732,10.1039/c7dt04821a
AgBiSe2.0,757.0,-233.0,6846.0,0.489,0.000371662494,0.575354822,10.1039/c7dt04821a
Ge0.99Te,323.0,40.54,699510.0,5.7,0.0011496388091159998,0.06514619918324,10.1039/C9EE00317G
Ge0.99Te,423.0,58.0,512635.0,4.72,0.00172450414,0.1545477227161017,10.1039/C9EE00317G
Ge0.99Te,523.0,85.4,369792.0,3.71,0.0026969522227200003,0.3801902998605283,10.1039/C9EE00317G
Ge0.99Te,623.0,120.0,289206.0,3.26,0.0041645664,0.7958665236809817,10.1039/C9EE00317G
Ge0.99Te,673.0,133.5,281188.0,3.5,0.005,0.963158,10.1039/C9EE00317G
Ge1.04Te,323.0,72.0,463000.0,5.24,0.0024001919999999998,0.17,10.1039/C9EE00317G
Ge1.04Te,423.0,100.54,323462.0,4.105,0.0032696482175192,0.3369211196128189,10.1039/C9EE00317G
Ge1.04Te,523.0,137.0,211000.0,3.06,0.003960259,0.6768677964052288,10.1039/C9EE00317G
Ge1.04Te,623.0,176.0,144750.0,2.38,0.004483776,1.173694305882353,10.1039/C9EE00317G
Ge1.04Te,673.0,182.0,154013.0,2.237,0.005101526612,1.53479097446401,10.1039/C9EE00317G
GeTe,323.0,49.0,586777.0,5.7,0.0014088515769999999,0.07983492269666667,10.1039/C9EE00317G
GeTe,423.0,68.0,425150.0,4.72,0.0019658936,0.17618071881355932,10.1039/C9EE00317G
GeTe,523.0,97.0,296450.0,3.71,0.0027892980499999998,0.39320832349056606,10.1039/C9EE00317G
GeTe,623.0,146.0,205800.0,2.75,0.0043868328,0.993817030690909,10.1039/C9EE00317G
GeTe,673.0,172.0,178840.0,2.31,0.00529080256,1.5414329536277056,10.1039/C9EE00317G
Cu2.82Ag0.18SbSe4,298.0,329.0,11329.0,1.75,0.001226262289,0.208814949784,10.1039/c9ta05115e
Cu2.82Ag0.18SbSe4,323.0,336.0,10316.0,1.54,0.001164635136,0.25,10.1039/c9ta05115e
Cu2.82Ag0.18SbSe4,348.0,363.0,9378.0,1.38,0.001235729682,0.3116187893739131,10.1039/c9ta05115e
Cu2.82Ag0.18SbSe4,373.0,370.0,8522.0,1.24,0.0011666617999999999,0.36,10.1039/c9ta05115e
Cu2.82Ag0.18SbSe4,398.0,381.0,7510.0,1.15,0.00109015911,0.3772898485043478,10.1039/c9ta05115e
Cu2.82Ag0.18SbSe4,423.0,392.0,6490.0,1.08,0.00099727936,0.4,10.1039/c9ta05115e
Cu2.82Ag0.18SbSe4,448.0,408.0,5851.0,1.0,0.000973980864,0.43,10.1039/c9ta05115e
Cu2.82Ag0.18SbSe4,473.0,411.0,5782.0,0.93,0.000976701222,0.49675234194193546,10.1039/c9ta05115e
Cu2.82Ag0.18SbSe4,498.0,395.0,6222.0,0.9,0.0009707875499999999,0.537169111,10.1039/c9ta05115e
Cu2.82Ag0.18SbSe4,523.0,395.3,6622.0,0.85,0.001035,0.64,10.1039/c9ta05115e
Cu2.82Ag0.18SbSe4,548.0,383.5,7000.0,0.83,0.00102950575,0.69,10.1039/c9ta05115e
Cu2.82Ag0.18SbSe4,573.0,378.0,7396.0,0.8,0.001056770064,0.75,10.1039/c9ta05115e
Cu2.82Ag0.18SbSe4,598.0,370.0,7809.0,0.76,0.0010690521,0.841175205,10.1039/c9ta05115e
Cu2.88Ag0.12SbSe4,298.0,338.0,13611.0,2.0,0.001554975084,0.231691287516,10.1039/c9ta05115e
Cu2.88Ag0.12SbSe4,323.0,344.0,12645.0,1.87,0.0014963587199999999,0.2584619607272727,10.1039/c9ta05115e
Cu2.88Ag0.12SbSe4,348.0,356.0,11329.0,1.68,0.001435792144,0.29741408697142857,10.1039/c9ta05115e
Cu2.88Ag0.12SbSe4,373.0,369.0,10316.0,1.49,0.0014046368759999999,0.35163057365637584,10.1039/c9ta05115e
Cu2.88Ag0.12SbSe4,398.0,378.0,9159.0,1.39,0.001308674556,0.3747140095597123,10.1039/c9ta05115e
Cu2.88Ag0.12SbSe4,423.0,394.0,7716.0,1.29,0.001197800976,0.4,10.1039/c9ta05115e
Cu2.88Ag0.12SbSe4,448.0,410.0,6667.0,1.19,0.0011207227,0.4219191341176471,10.1039/c9ta05115e
Cu2.88Ag0.12SbSe4,473.0,408.0,6282.0,1.09,0.001045726848,0.4537878890862385,10.1039/c9ta05115e
Cu2.88Ag0.12SbSe4,498.0,400.0,6447.0,1.04,0.00103152,0.5,10.1039/c9ta05115e
Cu2.88Ag0.12SbSe4,523.0,397.0,6877.0,1.0,0.001083877093,0.56,10.1039/c9ta05115e
Cu2.88Ag0.12SbSe4,573.0,361.0,7597.0,0.9,0.000990048637,0.61,10.1039/c9ta05115e
Cu2.88Ag0.12SbSe4,548.0,379.0,7286.0,0.94,0.0010465683259999999,0.62,10.1039/c9ta05115e
Cu2.88Ag0.12SbSe4,598.0,350.0,8000.0,0.85,0.00098,0.67,10.1039/c9ta05115e
Cu2.88Ag0.12SbSe4,623.0,346.0,7720.0,0.79,0.00092420752,0.75,10.1039/c9ta05115e
Cu2.94Ag0.06SbSe4,298.0,397.0,6784.0,2.23,0.001069219456,0.14288224120538115,10.1039/c9ta05115e
Cu2.94Ag0.06SbSe4,323.0,407.0,6275.0,2.05,0.001039447475,0.16377635825609757,10.1039/c9ta05115e
Cu2.94Ag0.06SbSe4,348.0,428.0,5714.0,1.85,0.001046713376,0.1968952728908108,10.1039/c9ta05115e
Cu2.94Ag0.06SbSe4,373.0,427.0,5288.0,1.65,0.000964155752,0.21795763363393938,10.1039/c9ta05115e
Cu2.94Ag0.06SbSe4,398.0,430.0,4923.0,1.54,0.0009102627,0.23524971077922077,10.1039/c9ta05115e
Cu2.94Ag0.06SbSe4,423.0,439.0,4615.0,1.42,0.000889407415,0.26494319475,10.1039/c9ta05115e
Cu2.94Ag0.06SbSe4,448.0,435.0,4384.0,1.31,0.0008295624,0.28369767572519083,10.1039/c9ta05115e
Cu2.94Ag0.06SbSe4,473.0,439.0,4444.0,1.2,0.000856452124,0.33758487887666666,10.1039/c9ta05115e
Cu2.94Ag0.06SbSe4,498.0,415.0,4824.0,1.15,0.0008308133999999999,0.35977832452173913,10.1039/c9ta05115e
Cu2.94Ag0.06SbSe4,523.0,403.0,5134.0,1.1,0.000833807806,0.39,10.1039/c9ta05115e
Cu2.94Ag0.06SbSe4,548.0,372.0,5501.0,1.04,0.000761250384,0.4011203946461538,10.1039/c9ta05115e
Cu2.94Ag0.06SbSe4,573.0,368.0,5944.0,1.0,0.000804960256,0.47,10.1039/c9ta05115e
Cu2.94Ag0.06SbSe4,598.0,355.0,6667.0,0.96,0.000840208675,0.5233799871354167,10.1039/c9ta05115e
Cu2.94Ag0.06SbSe4,623.0,346.0,7273.0,0.93,0.000870694468,0.59,10.1039/c9ta05115e
Cu3.0SbSe4,298.0,479.0,2546.0,2.75,0.000584156786,0.06330135353745454,10.1039/c9ta05115e
Cu3.0SbSe4,323.0,497.0,2394.0,2.42,0.000591339546,0.07892672452809918,10.1039/c9ta05115e
Cu3.0SbSe4,348.0,498.0,2302.0,2.15,0.000570905208,0.09240698250418605,10.1039/c9ta05115e
Cu3.0SbSe4,373.0,483.0,2367.0,1.9,0.000552195063,0.1084046097363158,10.1039/c9ta05115e
Cu3.0SbSe4,398.0,465.0,2487.0,1.76,0.000537751575,0.12160518571022727,10.1039/c9ta05115e
Cu3.0SbSe4,423.0,454.0,2563.0,1.63,0.000528275308,0.13709230385521473,10.1039/c9ta05115e
Cu3.0SbSe4,448.0,427.0,2803.0,1.5,0.000511068187,0.15263903185066666,10.1039/c9ta05115e
Cu3.0SbSe4,473.0,409.0,3227.0,1.37,0.000539815787,0.18637435565766422,10.1039/c9ta05115e
Cu3.0SbSe4,498.0,397.0,3820.0,1.3,0.00060206638,0.23063773633846152,10.1039/c9ta05115e
Cu3.0SbSe4,523.0,379.0,4518.0,1.24,0.000648970038,0.2737188144145161,10.1039/c9ta05115e
Cu3.0SbSe4,548.0,369.0,5150.0,1.2,0.00070122915,0.3202279785,10.1039/c9ta05115e
Cu3.0SbSe4,573.0,356.0,5890.0,1.12,0.00074647504,0.3819019624285714,10.1039/c9ta05115e
Cu3.0SbSe4,598.0,338.0,6670.0,1.06,0.00076200748,0.44,10.1039/c9ta05115e
Cu3.0SbSe4,623.0,330.0,7471.0,1.02,0.0008135919,0.4969291702941176,10.1039/c9ta05115e
Bi1.2Sb0.8Se2.76Cl0.24,300.0,-89.0,39724.0,0.72,0.000314653804,0.13110575166666666,10.1039/d0ra04065g
Bi1.2Sb0.8Se2.76Cl0.24,400.0,-115.0,31602.0,0.69,0.00041793645,0.24228200000000003,10.1039/d0ra04065g
Bi1.2Sb0.8Se2.76Cl0.24,500.0,-143.0,23923.0,0.65,0.000489201427,0.37630879,10.1039/d0ra04065g
Bi1.2Sb0.8Se2.76Cl0.24,600.0,-168.0,19392.0,0.62,0.000547319808,0.5296643303225806,10.1039/d0ra04065g
Bi1.2Sb0.8Se2.76Cl0.24,700.0,-188.0,15900.0,0.57,0.0005619696,0.690138105263158,10.1039/d0ra04065g
Bi1.2Sb0.8Se2.82Cl0.18,300.0,-92.0,36263.0,0.83,0.000306930032,0.11093856578313253,10.1039/d0ra04065g
Bi1.2Sb0.8Se2.82Cl0.18,400.0,-116.0,28287.0,0.77,0.000380629872,0.1977298036363636,10.1039/d0ra04065g
Bi1.2Sb0.8Se2.82Cl0.18,500.0,-144.0,22044.0,0.71,0.000457104384,0.32190449577464786,10.1039/d0ra04065g
Bi1.2Sb0.8Se2.82Cl0.18,600.0,-168.0,17680.0,0.66,0.00049900032,0.45363665454545454,10.1039/d0ra04065g
Bi1.2Sb0.8Se2.82Cl0.18,700.0,-190.0,15138.0,0.62,0.0005464818,0.6169955806451612,10.1039/d0ra04065g
Bi1.2Sb0.8Se2.88Cl0.12,300.0,-97.0,29670.0,0.82,0.00027916503,0.10213354756097562,10.1039/d0ra04065g
Bi1.2Sb0.8Se2.88Cl0.12,400.0,-123.0,22652.0,0.77,0.000342702108,0.1780270690909091,10.1039/d0ra04065g
Bi1.2Sb0.8Se2.88Cl0.12,500.0,-152.0,17127.0,0.71,0.000395702208,0.2786635267605634,10.1039/d0ra04065g
Bi1.2Sb0.8Se2.88Cl0.12,600.0,-177.0,13700.0,0.67,0.00042920729999999997,0.3843647462686567,10.1039/d0ra04065g
Bi1.2Sb0.8Se2.88Cl0.12,700.0,-197.0,11320.0,0.62,0.00043931788,0.4960040580645161,10.1039/d0ra04065g
BiSbSe2.76Cl0.24,300.0,-132.0,13260.0,0.58,0.00023104224,0.11950460689655172,10.1039/d0ra04065g
BiSbSe2.76Cl0.24,400.0,-159.0,11050.0,0.54,0.00027935505,0.20692966666666665,10.1039/d0ra04065g
BiSbSe2.76Cl0.24,500.0,-192.0,8730.0,0.49,0.00032182272,0.32839053061224494,10.1039/d0ra04065g
BiSbSe2.76Cl0.24,600.0,-222.0,7350.0,0.45,0.0003622374,0.4829832,10.1039/d0ra04065g
BiSbSe2.76Cl0.24,700.0,-245.0,6188.0,0.41,0.0003714347,0.6341568048780488,10.1039/d0ra04065g
BiSbSe2.82Cl0.18,300.0,-125.0,18010.0,0.62,0.00028140624999999997,0.13616431451612904,10.1039/d0ra04065g
BiSbSe2.82Cl0.18,400.0,-152.0,14800.0,0.58,0.0003419392,0.23582013793103448,10.1039/d0ra04065g
BiSbSe2.82Cl0.18,500.0,-182.0,11770.0,0.55,0.00038986947999999997,0.3544268,10.1039/d0ra04065g
BiSbSe2.82Cl0.18,600.0,-212.0,9834.0,0.52,0.000441979296,0.5099761107692308,10.1039/d0ra04065g
BiSbSe2.82Cl0.18,700.0,-232.0,8400.0,0.48,0.0004521216,0.659344,10.1039/d0ra04065g
BiSbSe2.88Cl0.12,300.0,-165.0,7735.0,0.56,0.000210585375,0.11281359374999998,10.1039/d0ra04065g
BiSbSe2.88Cl0.12,400.0,-195.0,6740.0,0.52,0.0002562885,0.197145,10.1039/d0ra04065g
BiSbSe2.88Cl0.12,500.0,-232.0,5450.0,0.47,0.0002933408,0.3120646808510638,10.1039/d0ra04065g
BiSbSe2.88Cl0.12,600.0,-264.0,4390.0,0.44,0.00030596544,0.4172256,10.1039/d0ra04065g
BiSbSe2.88Cl0.12,700.0,-289.0,3615.0,0.416,0.000301928415,0.5080526213942308,10.1039/d0ra04065g
Sr14.1Ga29.6Ge56.3,367.0,-125.7,61474.0,1.465,0.00097131932226,0.24,10.1063/1.2194187
Sr14.1Ga29.6Ge56.3,774.0,-160.0,31185.0,1.891,0.000798336,0.3267647086197779,10.1063/1.2194187
Sr14.1Ga29.6Ge56.3,463.0,-140.5,54450.0,1.51,0.0010748566125,0.3295752394619205,10.1063/1.2194187
Sr14.1Ga29.6Ge56.3,568.0,-150.7,46800.0,1.74,0.001062850932,0.34695363757241376,10.1063/1.2194187
Sr14.1Ga29.6Ge56.3,669.0,-161.0,38620.0,1.6246,0.00100106902,0.4122338879601133,10.1063/1.2194187
Sr14.5Ga29.2Ge56.3,367.0,-113.89,81502.0,1.6,0.0010571569080142,0.24248536577575708,10.1063/1.2194187
Sr14.5Ga29.2Ge56.3,463.0,-130.0,70237.0,1.572,0.0011870053,0.34960779510178114,10.1063/1.2194187
Sr14.5Ga29.2Ge56.3,564.0,-143.52,59949.0,1.8,0.0012348289264896002,0.386913063633408,10.1063/1.2194187
Sr14.5Ga29.2Ge56.3,669.0,-156.1,50350.0,1.6779,0.0012268890235,0.4891762064017522,10.1063/1.2194187
Sr14.5Ga29.2Ge56.3,774.0,-166.67,40300.0,1.7535,0.0011194892226699998,0.4941457988859879,10.1063/1.2194187
Sr14.7Ga28.7Ge56.6,563.0,-124.0,78042.0,1.742,0.0011999737919999999,0.3878216101584386,10.1063/1.2194187
Sr14.7Ga28.7Ge56.6,666.0,-133.6,66427.0,1.532,0.00118565286592,0.5154339482393733,10.1063/1.2194187
Sr14.7Ga28.7Ge56.6,772.0,-153.935,52325.0,1.5126,0.0012398923745731252,0.6328156242036577,10.1063/1.2194187
Sr14.8Ga28.6Ge56.6,408.0,-87.3,108391.0,2.151,0.0008260792443899998,0.15669006588150627,10.1063/1.2194187
Sr14.8Ga28.6Ge56.6,510.0,-101.0,92545.0,2.16,0.000944051545,0.2229010592361111,10.1063/1.2194187
Sr14.8Ga28.6Ge56.6,613.0,-112.5,79260.0,2.4146,0.001003134375,0.25466800789985916,10.1063/1.2194187
Sr14.8Ga28.6Ge56.6,711.0,-124.3,65608.0,2.23249,0.00101367574792,0.32283390150509966,10.1063/1.2194187
Sr15Ga29.5Ge55.6,375.0,-167.0,35082.0,1.022,0.000978401898,0.363,10.1063/1.2194187
Sr15Ga29.5Ge55.6,774.0,-193.0,21700.0,1.555,0.0008083033,0.4023323178135048,10.1063/1.2194187
Sr15Ga29.5Ge55.6,468.0,-184.0,30610.0,1.045,0.00103633216,0.4633,10.1063/1.2194187
Sr15Ga29.5Ge55.6,568.0,-196.6,26375.0,1.21,0.001019434895,0.4785446449256198,10.1063/1.2194187
Sr15Ga29.5Ge55.6,669.0,-207.6,22733.0,1.22,0.00097974137808,0.533,10.1063/1.2194187
BaCu3.96S3.0,300.0,55.0,26856.0,0.6848,8.12394e-05,0.03558969042056075,10.1063/1.5099291
BaCu3.96S3.0,400.0,68.0,23454.0,0.7144,0.00010845129599999999,0.06072301007838746,10.1063/1.5099291
BaCu3.96S3.0,500.0,84.0,20103.0,0.7728,0.000141846768,0.09177456521739129,10.1063/1.5099291
BaCu3.96S3.0,600.0,102.55,17630.0,0.844,0.00018540593907499998,0.1318051699585308,10.1063/1.5099291
BaCu3.96S3.0,700.0,129.0,14795.0,0.8328,0.000246203595,0.20694346361671467,10.1063/1.5099291
BaCu4.0S3.0,300.0,65.4,15464.0,0.7,6.614200224e-05,0.028346572388571432,10.1063/1.5099291
BaCu4.0S3.0,400.0,77.0,13920.0,0.75,8.253167999999999e-05,0.044016896,10.1063/1.5099291
BaCu4.0S3.0,500.0,92.0,12216.0,0.81,0.000103396224,0.06382482962962963,10.1063/1.5099291
BaCu4.0S3.0,600.0,111.0,10825.0,0.875,0.000133374825,0.09145702285714286,10.1063/1.5099291
BaCu4.0S3.0,700.0,141.0,9381.0,0.864,0.000186503661,0.151102503125,10.1063/1.5099291
TiS2,300.0,-251.0,58824.0,67.8,0.003705970824,0.016398100991150445,10.1103/PhysRevB.64.241104
Ba8.02Cu4.98Si35Ge5.99,417.0,-58.0,131400.0,2.17,0.00044202959999999997,0.0827,10.1103/PhysRevB.87.115206
Ba8.02Cu4.98Si35Ge5.99,466.0,-65.3,121200.0,2.19,0.0005168077079999999,0.10996912873424655,10.1103/PhysRevB.87.115206
Ba8.02Cu4.98Si35Ge5.99,517.0,-72.0,115320.0,2.225,0.00059781888,0.1378,10.1103/PhysRevB.87.115206
Ba8.02Cu4.98Si35Ge5.99,566.0,-78.5,109000.0,2.25,0.00067168525,0.1677,10.1103/PhysRevB.87.115206
Ba8.02Cu4.98Si35Ge5.99,615.0,-84.3,103623.0,2.25,0.00073639581327,0.204,10.1103/PhysRevB.87.115206
Ba8.02Cu4.98Si35Ge5.99,665.0,-90.0,95350.0,2.253,0.000772335,0.2386,10.1103/PhysRevB.87.115206
Ba8.02Cu4.98Si35Ge5.99,713.0,-94.63,90500.0,2.29,0.0008104127394499998,0.256,10.1103/PhysRevB.87.115206
Ba8.02Cu4.98Si35Ge5.99,763.0,-99.7,85119.0,2.3546,0.00084609052071,0.2741727118413871,10.1103/PhysRevB.87.115206
Ba8.02Cu4.98Si35Ge5.99,811.0,-102.1,81700.0,2.408,0.0008516742969999999,0.2868388101607143,10.1103/PhysRevB.87.115206
Ba8.02Cu5.04Si6Ge34.93,566.0,-107.0,60700.0,1.4,0.0006949543,0.282,10.1103/PhysRevB.87.115206
Ba8.02Cu5.04Si6Ge34.93,615.0,-115.52,56349.0,1.3773,0.0007519701021696,0.33577405999731647,10.1103/PhysRevB.87.115206
Ba8.02Cu5.04Si6Ge34.93,665.0,-124.7,52000.0,1.4,0.00080860468,0.384087223,10.1103/PhysRevB.87.115206
Ba8.02Cu5.04Si6Ge34.93,716.0,-130.2,47500.0,1.33,0.0008052218999999998,0.434,10.1103/PhysRevB.87.115206
Ba8.02Cu5.04Si6Ge34.93,766.0,-134.33,44660.0,1.371,0.000805869553874,0.45025242762033846,10.1103/PhysRevB.87.115206
Ba8.02Cu5.04Si6Ge34.93,814.0,-138.0,42180.0,1.39,0.00080327592,0.472,10.1103/PhysRevB.87.115206
Ba8.03Cu5Ge40.97,415.0,-113.73,45700.0,1.32,0.0005911072395300001,0.1858405336401137,10.1103/PhysRevB.87.115206
Ba8.03Cu5Ge40.97,465.0,-125.0,42120.0,1.27,0.000658125,0.2409670275590551,10.1103/PhysRevB.87.115206
Ba8.03Cu5Ge40.97,514.0,-136.4,38800.0,1.249,0.0007218724480000001,0.2970716079039232,10.1103/PhysRevB.87.115206
Ba8.03Cu5Ge40.97,564.0,-146.5,35600.0,1.237,0.0007640561,0.348365109458367,10.1103/PhysRevB.87.115206
Ba8.03Cu5Ge40.97,613.0,-156.7,32900.0,1.2536,0.0008078558809999999,0.39503482374999993,10.1103/PhysRevB.87.115206
Ba8.03Cu5Ge40.97,809.0,-163.0,27310.0,1.488,0.00072559939,0.399,10.1103/PhysRevB.87.115206
Ba8.03Cu5Ge40.97,760.0,-165.1,27735.0,1.38,0.0007560009073499999,0.418,10.1103/PhysRevB.87.115206
Ba8.03Cu5Ge40.97,711.0,-167.0,28630.0,1.32,0.0007984620699999999,0.4300807058863636,10.1103/PhysRevB.87.115206
Ba8.03Cu5Ge40.97,661.0,-166.8,30340.0,1.28,0.0008441267616000001,0.4367,10.1103/PhysRevB.87.115206
Ba8.04Cu4.99Si18Ge22.98,760.0,-116.6,27550.0,1.87,0.000374557678,0.152,10.1103/PhysRevB.87.115206
Ba8.04Cu4.99Si18Ge22.98,712.0,-132.3,25850.0,1.76,0.0004524600465000001,0.18304065517500004,10.1103/PhysRevB.87.115206
Ba8.04Cu4.99Si18Ge22.98,417.0,-154.0,28650.0,1.3,0.0006794634,0.21795095215384616,10.1103/PhysRevB.87.115206
Ba8.04Cu4.99Si18Ge22.98,663.0,-147.0,25100.0,1.649,0.0005423859,0.21807268144329897,10.1103/PhysRevB.87.115206
Ba8.04Cu4.99Si18Ge22.98,615.0,-160.0,25000.0,1.526,0.0006399999999999999,0.2567,10.1103/PhysRevB.87.115206
Ba8.04Cu4.99Si18Ge22.98,466.0,-162.65,27400.0,1.307,0.0007248676165000001,0.2584455312081102,10.1103/PhysRevB.87.115206
Ba8.04Cu4.99Si18Ge22.98,514.0,-167.8,26350.0,1.36,0.0007419327340000002,0.281,10.1103/PhysRevB.87.115206
Ba8.04Cu4.99Si18Ge22.98,566.0,-169.8,25500.0,1.416,0.0007352170200000001,0.2938791195762712,10.1103/PhysRevB.87.115206
Ba8.04Cu4.9Si3.23Ge37.83,417.0,-80.8,85500.0,1.563,0.00055819872,0.1489244185796545,10.1103/PhysRevB.87.115206
Ba8.04Cu4.9Si3.23Ge37.83,466.0,-89.8,77600.0,1.55,0.0006257695039999999,0.1881345734606451,10.1103/PhysRevB.87.115206
Ba8.04Cu4.9Si3.23Ge37.83,517.0,-99.5,71000.0,1.522,0.00070291775,0.237,10.1103/PhysRevB.87.115206
Ba8.04Cu4.9Si3.23Ge37.83,663.0,-129.8,55000.0,1.506,0.0009266422000000003,0.4079440760956176,10.1103/PhysRevB.87.115206
Ba8.04Cu4.9Si3.23Ge37.83,712.0,-137.0,50825.0,1.514,0.000953934425,0.44861381149273444,10.1103/PhysRevB.87.115206
Ba8.04Cu4.9Si3.23Ge37.83,763.0,-143.0,47800.0,1.53,0.0009774622,0.483,10.1103/PhysRevB.87.115206
Ba8.04Cu4.9Si3.23Ge37.83,810.0,-143.1,45500.0,1.5258,0.0009317312549999998,0.49462728834054265,10.1103/PhysRevB.87.115206
Ba8.07Cu4.89Si41.03,417.0,-54.3,150300.0,2.861,0.00044315804699999995,0.0638,10.1103/PhysRevB.87.115206
Ba8.07Cu4.89Si41.03,466.0,-60.0,143000.0,2.715,0.0005147999999999999,0.089,10.1103/PhysRevB.87.115206
Ba8.07Cu4.89Si41.03,517.0,-66.0,136190.0,2.7,0.00059324364,0.11359517106666665,10.1103/PhysRevB.87.115206
Ba8.07Cu4.89Si41.03,566.0,-72.6,128829.0,2.685,0.00067902674004,0.143139342593162,10.1103/PhysRevB.87.115206
Ba8.07Cu4.89Si41.03,615.0,-78.0,123300.0,2.7,0.0007501572,0.17086914,10.1103/PhysRevB.87.115206
Ba8.07Cu4.89Si41.03,665.0,-82.6,115320.0,2.723,0.0007868006831999999,0.19214926710539842,10.1103/PhysRevB.87.115206
Ba8.07Cu4.89Si41.03,713.0,-87.0,110000.0,2.8,0.00083259,0.21,10.1103/PhysRevB.87.115206
Ba8.07Cu4.89Si41.03,763.0,-91.0,103700.0,2.88,0.0008587397,0.22750638579861113,10.1103/PhysRevB.87.115206
Ba8.07Cu4.89Si41.03,811.0,-92.5,100000.0,2.918,0.0008556249999999999,0.23780393248800547,10.1103/PhysRevB.87.115206
Ba8Cu5.04Si13.01Ge27.96,417.0,-83.0,80226.0,1.873,0.000552676914,0.122,10.1103/PhysRevB.87.115206
Ba8Cu5.04Si13.01Ge27.96,466.0,-91.8,74300.0,1.87,0.000626143932,0.15603372850909092,10.1103/PhysRevB.87.115206
Ba8Cu5.04Si13.01Ge27.96,517.0,-99.5,69600.0,1.864,0.0006890574,0.1906,10.1103/PhysRevB.87.115206
Ba8Cu5.04Si13.01Ge27.96,566.0,-106.0,65100.0,1.843,0.0007314636,0.2246383058057515,10.1103/PhysRevB.87.115206
Ba8Cu5.04Si13.01Ge27.96,615.0,-111.94,61210.0,1.821,0.0007669957979559999,0.25903482468036243,10.1103/PhysRevB.87.115206
Ba8Cu5.04Si13.01Ge27.96,665.0,-116.2,57450.0,1.814,0.000775715178,0.2843718816813671,10.1103/PhysRevB.87.115206
Ba8Cu5.04Si13.01Ge27.96,713.0,-120.4,53800.0,1.81,0.0007798934080000001,0.30866,10.1103/PhysRevB.87.115206
Ba8Cu5.04Si13.01Ge27.96,763.0,-124.78,50710.0,1.81,0.000789557154364,0.33283541921532145,10.1103/PhysRevB.87.115206
Ba8Cu5.04Si13.01Ge27.96,811.0,-124.2,49200.0,1.81,0.0007589414880000001,0.34005610318674034,10.1103/PhysRevB.87.115206
Ba8Cu5.18Si9.98Ge30.85,415.0,-90.4,69900.0,1.67,0.000571233984,0.14195335530538924,10.1103/PhysRevB.87.115206
Ba8Cu5.18Si9.98Ge30.85,466.0,-101.0,65700.0,1.68,0.0006702057,0.18590229535714287,10.1103/PhysRevB.87.115206
Ba8Cu5.18Si9.98Ge30.85,514.0,-111.34,60944.0,1.654,0.0007554981222464,0.23477994850946166,10.1103/PhysRevB.87.115206
Ba8Cu5.18Si9.98Ge30.85,566.0,-119.0,56800.0,1.67,0.0008043448,0.271,10.1103/PhysRevB.87.115206
Ba8Cu5.18Si9.98Ge30.85,613.0,-126.0,52780.0,1.7,0.00083793528,0.30214960390588236,10.1103/PhysRevB.87.115206
Ba8Cu5.18Si9.98Ge30.85,663.0,-132.5,49306.0,1.64,0.0008656284625,0.3499461406326219,10.1103/PhysRevB.87.115206
Ba8Cu5.18Si9.98Ge30.85,809.0,-135.5,41600.0,1.64,0.0007637863999999999,0.3767702424390244,10.1103/PhysRevB.87.115206
Ba8Cu5.18Si9.98Ge30.85,711.0,-139.1,46254.0,1.666,0.0008949598577399999,0.378,10.1103/PhysRevB.87.115206
Ba8Cu5.18Si9.98Ge30.85,760.0,-140.0,43500.0,1.66,0.0008526,0.3903469879518072,10.1103/PhysRevB.87.115206
Ba8Cu5Si25Ge16,415.0,-66.2,107000.0,1.88,0.00046892108,0.10351183414893618,10.1103/PhysRevB.87.115206
Ba8Cu5Si25Ge16,465.0,-75.5,100000.0,1.87,0.0005700249999999999,0.1417441844919786,10.1103/PhysRevB.87.115206
Ba8Cu5Si25Ge16,514.0,-83.1,94600.0,1.885,0.0006532707059999998,0.1781332322992042,10.1103/PhysRevB.87.115206
Ba8Cu5Si25Ge16,564.0,-91.0,88700.0,1.895,0.0007345247,0.21861315609498677,10.1103/PhysRevB.87.115206
Ba8Cu5Si25Ge16,613.0,-97.5,84000.0,1.903,0.000798525,0.255,10.1103/PhysRevB.87.115206
Ba8Cu5Si25Ge16,661.0,-102.5,78400.0,1.91,0.00082369,0.2843,10.1103/PhysRevB.87.115206
Ba8Cu5Si25Ge16,711.0,-108.0,72800.0,1.914,0.0008491392,0.313,10.1103/PhysRevB.87.115206
Ba8Cu5Si25Ge16,809.0,-112.0,65700.0,2.05,0.0008241408,0.3244,10.1103/PhysRevB.87.115206
Ba8Cu5Si25Ge16,760.0,-111.0,68550.0,1.924,0.00084460455,0.332,10.1103/PhysRevB.87.115206
SnS,300.0,211.3,69230.0,3.279,0.0030909595787,0.303,10.1126/science.aax5123
SnS,423.0,256.4,38149.0,2.155,0.0025079518830399996,0.49228011439717856,10.1126/science.aax5123
SnS,573.0,305.2,19318.0,1.466,0.0017994145187199997,0.6935,10.1126/science.aax5123
SnS,723.0,413.0,6500.0,1.032,0.0011086985,0.788,10.1126/science.aax5123
SnS,873.0,361.0,5700.0,0.729,0.0007428297,0.9113,10.1126/science.aax5123
SnS0.88Se0.12,300.0,184.0,102724.0,2.37,0.0034778237439999997,0.44023085367088605,10.1126/science.aax5123
SnS0.88Se0.12,423.0,213.0,54487.0,1.82,0.002472020703,0.5745410754774726,10.1126/science.aax5123
SnS0.88Se0.12,573.0,250.0,23000.0,1.27,0.00156,0.7038425196850394,10.1126/science.aax5123
SnS0.88Se0.12,872.0,378.0,6200.0,1.0,0.000803,0.72,10.1126/science.aax5123
SnS0.88Se0.12,723.0,377.0,8150.0,0.99,0.00115835135,0.83,10.1126/science.aax5123
SnS0.91Se0.09,300.0,203.5,128084.0,2.3,0.005304246629,0.6855,10.1126/science.aax5123
SnS0.91Se0.09,423.0,242.5,73350.0,1.71,0.0042705,1.0538,10.1126/science.aax5123
SnS0.91Se0.09,573.0,293.3,31650.0,1.217,0.00271,1.2849,10.1126/science.aax5123
SnS0.91Se0.09,723.0,375.4,12200.0,0.873,0.0017192869519999997,1.423876822790378,10.1126/science.aax5123
SnS0.91Se0.09,873.0,379.3,7500.0,0.628,0.00112,1.6425,10.1126/science.aax5123
SnS0.94Se0.06,300.0,218.0,88600.0,2.55,0.0042106264,0.4953678117647059,10.1126/science.aax5123
SnS0.94Se0.06,423.0,259.0,47100.0,1.81,0.0031595151,0.7383839156353591,10.1126/science.aax5123
SnS0.94Se0.06,573.0,305.0,20600.0,1.33,0.001916315,0.825600372180451,10.1126/science.aax5123
SnS0.94Se0.06,723.0,370.0,9400.0,1.03,0.001295,0.9033007572815533,10.1126/science.aax5123
SnS0.94Se0.06,873.0,382.0,6730.0,0.67,0.0009820685199999999,1.25,10.1126/science.aax5123
SnS0.97Se0.03,300.0,215.0,73400.0,2.92,0.003392915,0.34858715753424657,10.1126/science.aax5123
SnS0.97Se0.03,423.0,252.8,41300.0,2.19,0.002618,0.508,10.1126/science.aax5123
SnS0.97Se0.03,573.0,300.0,20200.0,1.49,0.0017623,0.6865,10.1126/science.aax5123
TlCr5Se8,323.0,226.0,6670.0,0.706,0.00034067692,0.15586210362606231,dx.doi.org/10.1021/cm400365q
TlCr5Se8,423.0,247.4,5878.0,0.706,0.00035977333528,0.21555824479240795,dx.doi.org/10.1021/cm400365q
TlCr5Se8,523.0,267.0,5400.0,0.705,0.0003849606,0.2855807004255319,dx.doi.org/10.1021/cm400365q
TlCr5Se8,623.0,284.0,5010.0,0.69,0.00040408656,0.38,dx.doi.org/10.1021/cm400365q
TlCr5Se8,723.0,296.0,4880.0,0.68,0.00042756608,0.4546033468235294,dx.doi.org/10.1021/cm400365q
TlCr5Se8,823.0,295.0,5000.0,0.7047,0.00043512499999999996,0.5081706754647367,dx.doi.org/10.1021/cm400365q
LaCo0.5(Ni0.5Fe0.5)0.5O3,300.0,109.0,1060.0,0.07,1.259386e-05,0.052,dx.doi.org/10.1021/jp3021408
LaCo0.5Fe0.5O3,300.0,655.45,5.3,0.22,2.2769579232500004e-06,0.0021,dx.doi.org/10.1021/jp3021408
LaCo0.75Fe0.25O3,300.0,628.7,21.5,0.31,8.498169335e-06,0.0071,dx.doi.org/10.1021/jp3021408
LaCo0.75Ni0.25O3,300.0,114.46,4340.0,0.33,5.685873754399999e-05,0.049,dx.doi.org/10.1021/jp3021408
LaCo0.8(Ni0.5Fe0.5)0.2O3,300.0,234.0,1380.0,0.1568,7.556328e-05,0.1577,dx.doi.org/10.1021/jp3021408
LaCo0.9(Ni0.5Fe0.5)0.1O3,300.0,327.5,828.6,0.48,8.887252875e-05,0.05554533046875,dx.doi.org/10.1021/jp3021408
LaCo0.95Fe0.05O3,300.0,614.5,45.0,0.291,1.699246125e-05,0.0262,dx.doi.org/10.1021/jp3021408
LaCo0.95Ni0.05O3,300.0,302.4,1496.0,0.551,0.00013680285695999997,0.072,dx.doi.org/10.1021/jp3021408
LaCo0.9Fe0.1O3,300.0,598.8,39.4,0.2568,1.4127320735999997e-05,0.0193,dx.doi.org/10.1021/jp3021408
LaCo0.9Ni0.1O3,300.0,265.0,1518.0,0.425,0.00010660155,0.072,dx.doi.org/10.1021/jp3021408
LaCoO3,300.0,600.0,64.0,0.434,2.304e-05,0.0152,dx.doi.org/10.1021/jp3021408
Bi0.92Ag0.08CuSeO,323.0,184.7,2420.0,0.5263,8.255609779999999e-05,0.05066619720577617,http://dx.doi.org/10.1016/j.jeurceramsoc.2014.09.015
Bi0.92Ag0.08CuSeO,373.0,194.0,2190.0,0.525,8.242284e-05,0.058559465371428567,http://dx.doi.org/10.1016/j.jeurceramsoc.2014.09.015
Bi0.92Ag0.08CuSeO,423.0,203.3,1910.0,0.484,7.89419999e-05,0.06899269825971076,http://dx.doi.org/10.1016/j.jeurceramsoc.2014.09.015
Bi0.92Ag0.08CuSeO,473.0,221.49,1675.0,0.445,8.21718486675e-05,0.08734221217916292,http://dx.doi.org/10.1016/j.jeurceramsoc.2014.09.015
Bi0.92Ag0.08CuSeO,523.0,255.0,1880.0,0.44,0.000122247,0.14530722954545455,http://dx.doi.org/10.1016/j.jeurceramsoc.2014.09.015
Bi0.92Ag0.08CuSeO,573.0,293.4,2020.0,0.425,0.00017388879119999997,0.23444300554729405,http://dx.doi.org/10.1016/j.jeurceramsoc.2014.09.015
Bi0.92Ag0.08CuSeO,673.0,331.0,2210.0,0.428,0.00024212981,0.38073215450934583,http://dx.doi.org/10.1016/j.jeurceramsoc.2014.09.015
Bi0.92Ag0.08CuSeO,723.0,333.0,2310.0,0.411,0.00025615359,0.4506059502919708,http://dx.doi.org/10.1016/j.jeurceramsoc.2014.09.015
Bi0.92Ag0.08CuSeO,773.0,335.5,2325.0,0.404,0.00026170258125,0.5007329091738861,http://dx.doi.org/10.1016/j.jeurceramsoc.2014.09.015
Bi0.94Ag0.06CuSeO,323.0,223.0,1662.0,0.552,8.2649598e-05,0.048361993032608686,http://dx.doi.org/10.1016/j.jeurceramsoc.2014.09.015
Bi0.94Ag0.06CuSeO,373.0,235.5,1576.0,0.55,8.7405354e-05,0.05927672189454545,http://dx.doi.org/10.1016/j.jeurceramsoc.2014.09.015
Bi0.94Ag0.06CuSeO,423.0,250.0,1430.0,0.518,8.9375e-05,0.07298383204633205,http://dx.doi.org/10.1016/j.jeurceramsoc.2014.09.015
Bi0.94Ag0.06CuSeO,473.0,260.3,1470.0,0.497,9.960145230000001e-05,0.09479172422112678,http://dx.doi.org/10.1016/j.jeurceramsoc.2014.09.015
Bi0.94Ag0.06CuSeO,523.0,274.0,1580.0,0.492,0.00011862007999999999,0.1260941094308943,http://dx.doi.org/10.1016/j.jeurceramsoc.2014.09.015
Bi0.94Ag0.06CuSeO,573.0,296.7,1649.0,0.48,0.00014516293760999998,0.17328825677193746,http://dx.doi.org/10.1016/j.jeurceramsoc.2014.09.015
Bi0.94Ag0.06CuSeO,673.0,322.3,1934.0,0.487,0.00020089867886,0.27762794840406574,http://dx.doi.org/10.1016/j.jeurceramsoc.2014.09.015
Bi0.96Ag0.04CuSeO,323.0,229.0,1623.0,0.575,8.5111743e-05,0.047810596502608695,http://dx.doi.org/10.1016/j.jeurceramsoc.2014.09.015
Bi0.96Ag0.04CuSeO,373.0,249.0,1565.0,0.57,9.703156499999999e-05,0.06349609428947368,http://dx.doi.org/10.1016/j.jeurceramsoc.2014.09.015
Bi0.96Ag0.04CuSeO,423.0,267.8,1477.0,0.538,0.00010592577268000002,0.08328364654951674,http://dx.doi.org/10.1016/j.jeurceramsoc.2014.09.015
Bi0.96Ag0.04CuSeO,473.0,275.2,1483.0,0.526,0.00011231506432,0.1009981471926996,http://dx.doi.org/10.1016/j.jeurceramsoc.2014.09.015
Bi0.96Ag0.04CuSeO,523.0,280.2,1596.0,0.52,0.00012530521584,0.1260281305467692,http://dx.doi.org/10.1016/j.jeurceramsoc.2014.09.015
Bi0.96Ag0.04CuSeO,573.0,283.47,1781.0,0.513,0.00014311268404290002,0.15985100966195262,http://dx.doi.org/10.1016/j.jeurceramsoc.2014.09.015
Bi0.96Ag0.04CuSeO,623.0,288.4,1947.0,0.52,0.00016194086831999995,0.1940176172372307,http://dx.doi.org/10.1016/j.jeurceramsoc.2014.09.015
Bi0.96Ag0.04CuSeO,723.0,313.3,2360.0,0.49,0.00023165026040000003,0.3418023229983674,http://dx.doi.org/10.1016/j.jeurceramsoc.2014.09.015
Bi0.96Ag0.04CuSeO,823.0,340.0,2675.0,0.468,0.00030923,0.5437954914529913,http://dx.doi.org/10.1016/j.jeurceramsoc.2014.09.015
Bi0.96Ag0.04CuSeO,873.0,343.0,2735.0,0.466,0.00032177001499999997,0.6028009079291845,http://dx.doi.org/10.1016/j.jeurceramsoc.2014.09.015
Bi0.9Ag0.1CuSeO,323.0,159.8,2600.0,0.56,6.639370400000002e-05,0.03829493998571429,http://dx.doi.org/10.1016/j.jeurceramsoc.2014.09.015
Bi0.9Ag0.1CuSeO,373.0,178.5,2351.0,0.555,7.490814974999999e-05,0.05034367541756757,http://dx.doi.org/10.1016/j.jeurceramsoc.2014.09.015
Bi0.9Ag0.1CuSeO,423.0,200.0,2079.0,0.55,8.316e-05,0.06395759999999999,http://dx.doi.org/10.1016/j.jeurceramsoc.2014.09.015
Bi0.9Ag0.1CuSeO,473.0,235.0,1870.0,0.53,0.00010327075,0.09216427311320755,http://dx.doi.org/10.1016/j.jeurceramsoc.2014.09.015
Bi0.9Ag0.1CuSeO,523.0,266.0,1900.0,0.52,0.00013443639999999999,0.1352119946153846,http://dx.doi.org/10.1016/j.jeurceramsoc.2014.09.015
Bi0.9Ag0.1CuSeO,573.0,288.4,1934.0,0.504,0.00016085959903999996,0.18288204414666662,http://dx.doi.org/10.1016/j.jeurceramsoc.2014.09.015
Bi0.9Ag0.1CuSeO,623.0,315.7,2030.0,0.495,0.0002023229747,0.25464083482444444,http://dx.doi.org/10.1016/j.jeurceramsoc.2014.09.015
Bi0.9Ag0.1CuSeO,673.0,317.4,2106.0,0.484,0.00021216425255999997,0.29501351647289253,http://dx.doi.org/10.1016/j.jeurceramsoc.2014.09.015
Bi0.9Ag0.1CuSeO,723.0,325.0,2130.0,0.464,0.00022498125,0.3505634563577586,http://dx.doi.org/10.1016/j.jeurceramsoc.2014.09.015
Bi0.9Ag0.1CuSeO,773.0,325.7,2200.0,0.45,0.00023337707799999996,0.400889958431111,http://dx.doi.org/10.1016/j.jeurceramsoc.2014.09.015
Bi0.9Ag0.1CuSeO,823.0,334.7,2500.0,0.435,0.000280060225,0.5298610693678161,http://dx.doi.org/10.1016/j.jeurceramsoc.2014.09.015
Bi0.9Ag0.1CuSeO,873.0,336.0,2600.0,0.425,0.0002935296,0.6029443312941176,http://dx.doi.org/10.1016/j.jeurceramsoc.2014.09.015
BiCuSeO,323.0,487.6,536.0,0.812,0.00012743601536,0.05069191251389162,http://dx.doi.org/10.1016/j.jeurceramsoc.2014.09.015
BiCuSeO,373.0,463.6,497.0,0.722,0.00010681770512,0.05518421608000001,http://dx.doi.org/10.1016/j.jeurceramsoc.2014.09.015
BiCuSeO,423.0,443.0,500.0,0.658,9.812449999999999e-05,0.0630800357142857,http://dx.doi.org/10.1016/j.jeurceramsoc.2014.09.015
BiCuSeO,473.0,424.0,589.0,0.6086,0.000105888064,0.08229552131449228,http://dx.doi.org/10.1016/j.jeurceramsoc.2014.09.015
BiCuSeO,523.0,408.3,848.0,0.57,0.00014136913872,0.12971238517642106,http://dx.doi.org/10.1016/j.jeurceramsoc.2014.09.015
BiCuSeO,573.0,390.0,1218.0,0.541,0.0001852578,0.19621574750462106,http://dx.doi.org/10.1016/j.jeurceramsoc.2014.09.015
BiCuSeO,623.0,373.6,1550.0,0.516,0.00021634428800000003,0.2612063787286822,http://dx.doi.org/10.1016/j.jeurceramsoc.2014.09.015
BiCuSeO,673.0,363.0,1800.0,0.493,0.0002371842,0.3237828937119675,http://dx.doi.org/10.1016/j.jeurceramsoc.2014.09.015
BiCuSeO,723.0,350.0,2000.0,0.478,0.000245,0.3705753138075314,http://dx.doi.org/10.1016/j.jeurceramsoc.2014.09.015
BiCuSeO,873.0,326.4,2450.0,0.437,0.000261015552,0.5214338144073226,http://dx.doi.org/10.1016/j.jeurceramsoc.2014.09.015
Bi2Te3,373.0,-143.4,107500.0,0.9,0.0022105827,0.9161637189999999,http://dx.doi.org/10.1016/j.pnsc.2013.06.007
Bi2Te3,473.0,-156.8,77300.0,0.9587,0.0019005163520000004,0.9376700057327633,http://dx.doi.org/10.1016/j.pnsc.2013.06.007
Bi2Te3,498.0,-158.16,72257.0,0.9386,0.0018074789116991998,0.9590075623547853,http://dx.doi.org/10.1016/j.pnsc.2013.06.007
Bi2Te3,398.0,-147.44,98421.0,0.8415,0.0021395301838656,1.0119227726423157,http://dx.doi.org/10.1016/j.pnsc.2013.06.007
Bi2Te3,458.0,-155.03,83333.0,0.8682,0.0020028503968997,1.038,http://dx.doi.org/10.1016/j.pnsc.2013.06.007
Bi2Te3,423.0,-151.8,90500.0,0.755,0.0020854132200000004,1.1683838305430465,http://dx.doi.org/10.1016/j.pnsc.2013.06.007
Ce0.2Bi1.8Te3,498.0,-154.63,59028.0,0.67,0.0014113852693331996,1.049059498698408,http://dx.doi.org/10.1016/j.pnsc.2013.06.007
Ce0.2Bi1.8Te3,373.0,-141.2,84083.0,0.577,0.0016763997675199995,1.0837038358491504,http://dx.doi.org/10.1016/j.pnsc.2013.06.007
Ce0.2Bi1.8Te3,458.0,-152.58,67400.0,0.566,0.00156911624136,1.242,http://dx.doi.org/10.1016/j.pnsc.2013.06.007
Ce0.2Bi1.8Te3,473.0,-155.03,63090.0,0.5693,0.0015163240437810002,1.2598300943411436,http://dx.doi.org/10.1016/j.pnsc.2013.06.007
Ce0.2Bi1.8Te3,423.0,-150.18,72257.0,0.5386,0.0016296867191268002,1.2799062053298118,http://dx.doi.org/10.1016/j.pnsc.2013.06.007
Ce0.2Bi1.8Te3,398.0,-146.5,77900.0,0.514,0.001671909275,1.293,http://dx.doi.org/10.1016/j.pnsc.2013.06.007
Sm0.2Bi1.8Te3,373.0,-142.6,74600.0,0.734,0.0015169730959999996,0.766,http://dx.doi.org/10.1016/j.pnsc.2013.06.007
Sm0.2Bi1.8Te3,498.0,-155.8,52300.0,0.81,0.001269511372,0.7805143990814816,http://dx.doi.org/10.1016/j.pnsc.2013.06.007
Sm0.2Bi1.8Te3,473.0,-155.8,55600.0,0.7364,0.0013496143840000003,0.8668761591960892,http://dx.doi.org/10.1016/j.pnsc.2013.06.007
Sm0.2Bi1.8Te3,458.0,-154.8,56600.0,0.69,0.0013563080640000003,0.92,http://dx.doi.org/10.1016/j.pnsc.2013.06.007
Sm0.2Bi1.8Te3,398.0,-147.7,69000.0,0.6,0.0015052550099999998,0.993,http://dx.doi.org/10.1016/j.pnsc.2013.06.007
Sm0.2Bi1.8Te3,423.0,-152.27,64000.0,0.621,0.0014839137856000003,1.0107818539594204,http://dx.doi.org/10.1016/j.pnsc.2013.06.007
Y0.2Bi1.8Te3,498.0,-152.33,59045.0,0.829,0.0013701055044005,0.827,http://dx.doi.org/10.1016/j.pnsc.2013.06.007
Y0.2Bi1.8Te3,473.0,-152.13,62334.0,0.753,0.0014426292291246,0.9061933935935401,http://dx.doi.org/10.1016/j.pnsc.2013.06.007
Y0.2Bi1.8Te3,458.0,-150.0,66600.0,0.74,0.0014985,0.925,http://dx.doi.org/10.1016/j.pnsc.2013.06.007
Y0.2Bi1.8Te3,373.0,-138.4,84900.0,0.631,0.001626222144,0.963,http://dx.doi.org/10.1016/j.pnsc.2013.06.007
Y0.2Bi1.8Te3,398.0,-143.3,78100.0,0.596,0.0016037749090000001,1.070977204332215,http://dx.doi.org/10.1016/j.pnsc.2013.06.007
Y0.2Bi1.8Te3,423.0,-147.4,72086.0,0.58,0.00156619522136,1.1422423769573793,http://dx.doi.org/10.1016/j.pnsc.2013.06.007
Cu3P0.6Ge0.4S4,350.0,57.0,97400.0,1.63,0.0003164526,0.06794994478527608,https://doi.org/10.1002/adfm.202000973
Cu3P0.6Ge0.4S4,400.0,65.0,89800.0,1.582,0.000379405,0.09593046776232617,https://doi.org/10.1002/adfm.202000973
Cu3P0.6Ge0.4S4,500.0,82.0,73200.0,1.52,0.0004921968,0.16190684210526315,https://doi.org/10.1002/adfm.202000973
Cu3P0.7Ge0.3S4,350.0,68.3,57975.0,1.307,0.00027044699774999995,0.07242268493687834,https://doi.org/10.1002/adfm.202000973
Cu3P0.7Ge0.3S4,400.0,78.0,54300.0,1.26,0.0003303612,0.10487657142857143,https://doi.org/10.1002/adfm.202000973
Cu3P0.7Ge0.3S4,500.0,97.0,47000.0,1.2,0.000442223,0.18425958333333334,https://doi.org/10.1002/adfm.202000973
Cu3P0.8Ge0.2S4,350.0,85.0,32250.0,1.035,0.00023300625,0.07879438405797103,https://doi.org/10.1002/adfm.202000973
Cu3P0.8Ge0.2S4,400.0,96.0,30740.0,0.982,0.00028329984,0.11539708350305498,https://doi.org/10.1002/adfm.202000973
Cu3P0.8Ge0.2S4,500.0,121.6,27600.0,0.9248,0.00040810905599999997,0.22064719723183393,https://doi.org/10.1002/adfm.202000973
Cu3P0.9Ge0.1S4,350.0,127.0,7375.0,0.792,0.000118951375,0.052566895517676765,https://doi.org/10.1002/adfm.202000973
Cu3P0.9Ge0.1S4,400.0,143.7,7600.0,0.7345,0.00015693764399999998,0.08546638202859085,https://doi.org/10.1002/adfm.202000973
Cu3P0.9Ge0.1S4,500.0,177.0,7940.0,0.6748,0.00024875225999999997,0.18431554534676944,https://doi.org/10.1002/adfm.202000973
Yb10LaCdSb9,323.0,31.58,28782.0,0.8866,2.8704184984799998e-05,0.010457310794146628,https://doi.org/10.1002/asia.201200827
Yb10LaCdSb9,473.0,40.73,28800.0,0.8472,4.7777267519999995e-05,0.026674513145609067,https://doi.org/10.1002/asia.201200827
Yb10LaCdSb9,573.0,48.55,27725.0,0.85648,6.535066681249998e-05,0.04372073146315441,https://doi.org/10.1002/asia.201200827
Yb10LaCdSb9,673.0,52.14,29695.0,0.882,8.0728221222e-05,0.06159874476463266,https://doi.org/10.1002/asia.201200827
Yb10LaCdSb9,1023.0,57.74,38935.0,1.5926,0.000129805692406,0.08338014776550169,https://doi.org/10.1002/asia.201200827
Yb10LaCdSb9,773.0,56.54,31707.0,0.9144,0.0001013600371212,0.08568603313067322,https://doi.org/10.1002/asia.201200827
Yb10LaCdSb9,973.0,59.49,37440.0,1.287,0.000132502410144,0.10017470479418183,https://doi.org/10.1002/asia.201200827
Yb10LaCdSb9,873.0,60.17,33669.0,1.0,0.0001218962206341,0.1064154006135693,https://doi.org/10.1002/asia.201200827
Bi2.0S2.79Se0.21,323.0,-508.0,444.0,0.716,0.000114580416,0.05168921001117319,https://doi.org/10.1007/s11467-018-0845-4
Bi2.0S2.79Se0.21,423.0,-529.7,379.0,0.608,0.00010634061211000002,0.07398368243837172,https://doi.org/10.1007/s11467-018-0845-4
Bi2.0S2.79Se0.21,523.0,-553.0,292.0,0.55,8.9296228e-05,0.0849125949890909,https://doi.org/10.1007/s11467-018-0845-4
Bi2.0S2.79Se0.21,623.0,-561.0,268.0,0.51,8.4345228e-05,0.1030334844,https://doi.org/10.1007/s11467-018-0845-4
Bi2.0S2.79Se0.21,723.0,-536.0,419.0,0.48,0.000120377024,0.18131789239999999,https://doi.org/10.1007/s11467-018-0845-4
Bi2.0S2.85Se0.15,323.0,-439.0,938.0,0.77,0.000180772298,0.07583045747272728,https://doi.org/10.1007/s11467-018-0845-4
Bi2.0S2.85Se0.15,423.0,-470.0,718.0,0.64,0.0001586062,0.10482878531249999,https://doi.org/10.1007/s11467-018-0845-4
Bi2.0S2.85Se0.15,523.0,-508.0,530.0,0.57,0.00013677392,0.12549607045614036,https://doi.org/10.1007/s11467-018-0845-4
Bi2.0S2.85Se0.15,623.0,-516.0,403.0,0.53,0.000107301168,0.12612948615849054,https://doi.org/10.1007/s11467-018-0845-4
Bi2.0S2.85Se0.15,723.0,-495.0,547.0,0.51,0.000134028675,0.1900053569117647,https://doi.org/10.1007/s11467-018-0845-4
Bi2.0S2.91Se0.09,323.0,-461.0,623.0,0.8147,0.000132400583,0.05249219136982938,https://doi.org/10.1007/s11467-018-0845-4
Bi2.0S2.91Se0.09,423.0,-476.0,562.0,0.66,0.000127335712,0.0816106154181818,https://doi.org/10.1007/s11467-018-0845-4
Bi2.0S2.91Se0.09,523.0,-483.0,464.0,0.585,0.000108246096,0.09677386018461538,https://doi.org/10.1007/s11467-018-0845-4
Bi2.0S2.91Se0.09,623.0,-518.0,373.0,0.55,0.000100084852,0.11336884144727272,https://doi.org/10.1007/s11467-018-0845-4
Bi2.0S2.91Se0.09,723.0,-475.0,470.0,0.52,0.000106720625,0.14838271514423076,https://doi.org/10.1007/s11467-018-0845-4
Bi2.0S3.0,323.0,-664.1,4.0,0.71,1.7641152400000002e-06,0.0008025482007323944,https://doi.org/10.1007/s11467-018-0845-4
Bi2.0S3.0,423.0,-641.0,33.5,0.576,1.37645135e-05,0.010108314601562501,https://doi.org/10.1007/s11467-018-0845-4
Bi2.0S3.0,523.0,-627.0,72.4,0.505,2.84625396e-05,0.0294770459619802,https://doi.org/10.1007/s11467-018-0845-4
Bi2.0S3.0,623.0,-601.0,83.0,0.47,2.9979683e-05,0.039739026614893626,https://doi.org/10.1007/s11467-018-0845-4
Bi2.0S3.0,723.0,-501.0,346.0,0.44,8.6846346e-05,0.14270433672272725,https://doi.org/10.1007/s11467-018-0845-4
Cu3Sb0.90Ge0.10S4,323.0,91.2,123060.0,3.995223755253172,0.0010235441664,0.08275,https://doi.org/10.1007/s11664-014-3064-y
Cu3Sb0.92Ge0.08S4,323.0,105.3,100816.0,3.8824491688722578,0.00111785688144,0.093,https://doi.org/10.1007/s11664-014-3064-y
Cu3Sb0.94Ge0.06S4,323.0,132.45,58163.0,3.4438268586585425,0.0010203536544074999,0.0957,https://doi.org/10.1007/s11664-014-3064-y
Cu3Sb0.98Ge0.02S4,323.0,192.0,22857.0,3.427707112141058,0.0008426004479999999,0.0794,https://doi.org/10.1007/s11664-014-3064-y
Cu3SbS4,323.0,497.0,1650.0,4.205860912140575,0.00040756485,0.0313,https://doi.org/10.1007/s11664-014-3064-y
Bi2Te1.95Se1.05,323.0,-167.4,52250.0,0.98,0.0014641892099999999,0.503,https://doi.org/10.1007/s11664-020-08258-9
Bi2Te1.95Se1.05,373.0,-176.4,47800.0,0.96,0.0014873906880000002,0.573,https://doi.org/10.1007/s11664-020-08258-9
Bi2Te1.95Se1.05,423.0,-184.7,43460.0,0.925,0.001484,0.673,https://doi.org/10.1007/s11664-020-08258-9
Bi2Te1.95Se1.05,573.0,-185.0,33000.0,0.9322,0.00113,0.706,https://doi.org/10.1007/s11664-020-08258-9
Bi2Te1.95Se1.05,473.0,-188.14,39450.0,0.908,0.0014,0.751,https://doi.org/10.1007/s11664-020-08258-9
Bi2Te1.95Se1.05,523.0,-189.44,35850.0,0.907,0.00129,0.76,https://doi.org/10.1007/s11664-020-08258-9
Bi2Te2.01Se0.99,323.0,-148.7,60000.0,1.053,0.001335,0.42,https://doi.org/10.1007/s11664-020-08258-9
Bi2Te2.01Se0.99,373.0,-158.4,54400.0,1.014,0.001364926464,0.4904,https://doi.org/10.1007/s11664-020-08258-9
Bi2Te2.01Se0.99,423.0,-165.6,49100.0,0.981,0.0013464869759999998,0.581,https://doi.org/10.1007/s11664-020-08258-9
Bi2Te2.01Se0.99,473.0,-173.77,44173.0,0.963,0.0013338484778317003,0.651,https://doi.org/10.1007/s11664-020-08258-9
Bi2Te2.01Se0.99,523.0,-176.0,39210.0,0.96,0.00121456896,0.67,https://doi.org/10.1007/s11664-020-08258-9
Bi2Te2.1Se0.9,323.0,-151.5,65612.0,1.149,0.001505943027,0.452,https://doi.org/10.1007/s11664-020-08258-9
Bi2Te2.1Se0.9,373.0,-158.8,60000.0,1.114,0.0015130464000000002,0.535,https://doi.org/10.1007/s11664-020-08258-9
Bi2Te2.1Se0.9,423.0,-169.9,53950.0,1.07,0.0015573212394999999,0.6366,https://doi.org/10.1007/s11664-020-08258-9
Bi2Te2.1Se0.9,573.0,-176.4,40000.0,1.081,0.00124,0.649,https://doi.org/10.1007/s11664-020-08258-9
Bi2Te2.1Se0.9,473.0,-174.5,48490.0,1.0535,0.0014765326225,0.688,https://doi.org/10.1007/s11664-020-08258-9
Bi2Te2.1Se0.9,523.0,-179.5,43500.0,1.055,0.001401580875,0.7,https://doi.org/10.1007/s11664-020-08258-9
Bi2Te2.55Se0.45,323.0,-135.14,88489.0,1.1965,0.0016160586435843994,0.446,https://doi.org/10.1007/s11664-020-08258-9
Bi2Te2.55Se0.45,373.0,-145.27,79275.0,1.173,0.0016729698866475003,0.53,https://doi.org/10.1007/s11664-020-08258-9
Bi2Te2.55Se0.45,573.0,-149.0,52029.0,1.227,0.001155095829,0.56,https://doi.org/10.1007/s11664-020-08258-9
Bi2Te2.55Se0.45,423.0,-152.4,70435.0,1.15,0.0016359064056,0.599,https://doi.org/10.1007/s11664-020-08258-9
Bi2Te2.55Se0.45,523.0,-157.6,56812.0,1.168,0.0014110828211199998,0.6282,https://doi.org/10.1007/s11664-020-08258-9
Bi2Te2.55Se0.45,473.0,-156.64,62900.0,1.139,0.0015433200358399997,0.6409046329695521,https://doi.org/10.1007/s11664-020-08258-9
Bi2Te2.7Se0.3,323.0,-132.2,107200.0,1.33,0.0018735172479999996,0.46,https://doi.org/10.1007/s11664-020-08258-9
Bi2Te2.7Se0.3,573.0,-145.2,60700.0,1.4196,0.0012797405279999998,0.506,https://doi.org/10.1007/s11664-020-08258-9
Bi2Te2.7Se0.3,373.0,-140.4,95400.0,1.305,0.001880540064,0.54,https://doi.org/10.1007/s11664-020-08258-9
Bi2Te2.7Se0.3,423.0,-148.9,83320.0,1.286,0.0018473052172000002,0.6076283879281494,https://doi.org/10.1007/s11664-020-08258-9
Bi2Te2.7Se0.3,523.0,-151.8,66050.0,1.315,0.0015220060020000002,0.61,https://doi.org/10.1007/s11664-020-08258-9
Bi2Te2.7Se0.3,473.0,-153.0,73550.0,1.27,0.00173,0.65,https://doi.org/10.1007/s11664-020-08258-9
CrO0.09N0.9,50.0,-23.46,11616.0,1.22,6.393116505600001e-06,0.0002620129715409836,https://doi.org/10.1016/j.actamat.2010.10.046
CrO0.09N0.9,100.0,-36.35,17934.0,3.06,2.3696597715e-05,0.0007743986181372549,https://doi.org/10.1016/j.actamat.2010.10.046
CrO0.09N0.9,150.0,-45.2,24147.0,4.194,4.9333286880000004e-05,0.0017644237081545064,https://doi.org/10.1016/j.actamat.2010.10.046
CrO0.09N0.9,200.0,-52.3,29773.0,4.594,8.143778916999999e-05,0.003545397874183717,https://doi.org/10.1016/j.actamat.2010.10.046
CrO0.09N0.9,250.0,-56.8,34457.0,4.388,0.00011116655168,0.006333554676390154,https://doi.org/10.1016/j.actamat.2010.10.046
CrO0.09N0.9,275.0,-46.4,33713.0,2.681,7.258274048e-05,0.007445077818724356,https://doi.org/10.1016/j.actamat.2010.10.046
CrO0.09N0.9,300.0,-48.65,35660.0,2.75,8.440089034999999e-05,0.009207369856363636,https://doi.org/10.1016/j.actamat.2010.10.046
Mg2.975Na0.025Sb2,323.0,75.0,36600.0,2.01,0.000205875,0.03308339552238806,https://doi.org/10.1016/j.actamat.2015.04.023
Mg2.975Na0.025Sb2,373.0,89.0,39000.0,1.84,0.000308919,0.06262325380434783,https://doi.org/10.1016/j.actamat.2015.04.023
Mg2.975Na0.025Sb2,473.0,109.0,41000.0,1.556,0.000487121,0.1480772705655527,https://doi.org/10.1016/j.actamat.2015.04.023
Mg2.975Na0.025Sb2,573.0,126.0,37200.0,1.345,0.0005905872,0.2516033201486989,https://doi.org/10.1016/j.actamat.2015.04.023
Mg2.975Na0.025Sb2,673.0,142.0,33500.0,1.21,0.000675494,0.37570864628099176,https://doi.org/10.1016/j.actamat.2015.04.023
Mg2.9875Na0.0125Sb2,323.0,100.0,24000.0,1.73,0.00024,0.04480924855491329,https://doi.org/10.1016/j.actamat.2015.04.023
Mg2.9875Na0.0125Sb2,373.0,107.8,26523.0,1.563,0.00030821953932,0.07355463094456814,https://doi.org/10.1016/j.actamat.2015.04.023
Mg2.9875Na0.0125Sb2,473.0,134.0,29134.0,1.3,0.000523130104,0.19033887630153845,https://doi.org/10.1016/j.actamat.2015.04.023
Mg2.9875Na0.0125Sb2,573.0,152.0,28300.0,1.11,0.0006538431999999999,0.3375244627027027,https://doi.org/10.1016/j.actamat.2015.04.023
Mg2.9875Na0.0125Sb2,673.0,171.0,24000.0,1.0,0.000701784,0.472300632,https://doi.org/10.1016/j.actamat.2015.04.023
Mg2.994Na0.006Sb2,323.0,123.48,13097.0,1.514,0.0001996940243088,0.04260315049652734,https://doi.org/10.1016/j.actamat.2015.04.023
Mg2.994Na0.006Sb2,370.0,139.0,16444.0,1.379,0.000317714524,0.08524610143582306,https://doi.org/10.1016/j.actamat.2015.04.023
Mg2.994Na0.006Sb2,468.0,164.0,17660.0,1.156,0.00047498336,0.1922943014532872,https://doi.org/10.1016/j.actamat.2015.04.023
Mg2.994Na0.006Sb2,565.0,190.0,15500.0,0.98,0.00055955,0.32259770408163263,https://doi.org/10.1016/j.actamat.2015.04.023
Mg2.994Na0.006Sb2,663.0,213.0,12375.0,0.865,0.000561441375,0.4303302099710983,https://doi.org/10.1016/j.actamat.2015.04.023
CaTiO3,321.0,-252.3,5400.0,4.692,0.0003437385660000001,0.023516641024296677,https://doi.org/10.1016/j.cej.2021.131121 
CaTiO3,538.0,-257.0,2600.0,3.67,0.0001717274,0.02517420741144414,https://doi.org/10.1016/j.cej.2021.131121 
CaTiO3,432.0,-259.0,3600.0,4.03,0.0002414916,0.02588694074441687,https://doi.org/10.1016/j.cej.2021.131121 
CaTiO3,640.0,-264.0,2450.0,3.46,0.0001707552,0.03158477687861272,https://doi.org/10.1016/j.cej.2021.131121 
CaTiO3,740.0,-280.0,2450.0,3.35,0.00019208,0.042429611940298505,https://doi.org/10.1016/j.cej.2021.131121 
CaTiO3,840.0,-295.3,2150.0,3.14,0.00018748449350000003,0.050155087433121026,https://doi.org/10.1016/j.cej.2021.131121 
CaTiO3,1016.0,-369.0,1400.0,2.75,0.00019062539999999999,0.07042742050909091,https://doi.org/10.1016/j.cej.2021.131121 
La0.15Ca0.85TiO3,432.0,-86.0,115100.0,3.85,0.0008512796,0.105,https://doi.org/10.1016/j.cej.2021.131121 
La0.15Ca0.85TiO3,538.0,-107.0,73120.0,3.496,0.00083715088,0.135,https://doi.org/10.1016/j.cej.2021.131121 
La0.15Ca0.85TiO3,640.0,-126.0,48925.0,3.21,0.0007767332999999999,0.1548627140186916,https://doi.org/10.1016/j.cej.2021.131121 
La0.15Ca0.85TiO3,740.0,-143.45,35484.0,3.04,0.0007301862923099998,0.17774271589124993,https://doi.org/10.1016/j.cej.2021.131121 
La0.1Ca0.9TiO3,538.0,-129.4,26340.0,3.5,0.00044104644240000005,0.06779513886034286,https://doi.org/10.1016/j.cej.2021.131121 
La0.1Ca0.9TiO3,640.0,-145.8,19900.0,3.238,0.00042302703600000005,0.08361250865966648,https://doi.org/10.1016/j.cej.2021.131121 
La0.1Ca0.9TiO3,740.0,-163.0,14520.0,3.028,0.00038578188,0.09427958758256275,https://doi.org/10.1016/j.cej.2021.131121 
La0.1Ca0.9TiO3,840.0,-184.0,12000.0,2.94,0.000406272,0.1160777142857143,https://doi.org/10.1016/j.cej.2021.131121 
La0.25Ca0.75TiO3,321.0,-48.0,245200.0,4.063,0.0005649407999999999,0.044633521240462715,https://doi.org/10.1016/j.cej.2021.131121 
La0.25Ca0.75TiO3,432.0,-66.0,151000.0,3.66,0.000657756,0.0776367737704918,https://doi.org/10.1016/j.cej.2021.131121 
La0.25Ca0.75TiO3,538.0,-86.0,97300.0,3.3,0.0007196308,0.1173216273939394,https://doi.org/10.1016/j.cej.2021.131121 
La0.25Ca0.75TiO3,640.0,-105.5,66500.0,3.07,0.000740161625,0.1543007947882736,https://doi.org/10.1016/j.cej.2021.131121 
La0.25Ca0.75TiO3,740.0,-126.6,47311.0,2.965,0.0007582798911599998,0.18925029324060705,https://doi.org/10.1016/j.cej.2021.131121 
La0.25Ca0.75TiO3,840.0,-146.3,36560.0,2.9,0.0007825189064,0.22666064875034486,https://doi.org/10.1016/j.cej.2021.131121 
La0.25Ca0.75TiO3,1016.0,-185.0,26000.0,2.65,0.00088985,0.34116513207547167,https://doi.org/10.1016/j.cej.2021.131121 
La0.2Ca0.8TiO3,321.0,-52.0,339247.0,4.273,0.000917323888,0.0689119981390124,https://doi.org/10.1016/j.cej.2021.131121 
La0.2Ca0.8TiO3,432.0,-72.0,192473.0,3.776,0.000997780032,0.11415280027118645,https://doi.org/10.1016/j.cej.2021.131121 
La0.2Ca0.8TiO3,538.0,-92.0,118800.0,3.41,0.0010055232,0.15864266322580645,https://doi.org/10.1016/j.cej.2021.131121 
La0.2Ca0.8TiO3,740.0,-132.7,54840.0,2.958,0.0009656934635999999,0.24158660008924945,https://doi.org/10.1016/j.cej.2021.131121 
La0.2Ca0.8TiO3,840.0,-153.0,40322.0,2.846,0.000943897698,0.2785924337034434,https://doi.org/10.1016/j.cej.2021.131121 
La0.2Ca0.8TiO3,1016.0,-200.0,26000.0,2.61,0.00104,0.40484291187739463,https://doi.org/10.1016/j.cej.2021.131121 
(Zn0.95In0.05)4Sb3,323.0,146.3,26580.0,0.862,0.0005689100802,0.21317628295197216,https://doi.org/10.1016/j.intermet.2004.02.030
(Zn0.95In0.05)4Sb3,348.0,153.8,25400.0,0.85,0.000600822776,0.24598391299764705,https://doi.org/10.1016/j.intermet.2004.02.030
(Zn0.95In0.05)4Sb3,373.0,155.8,24528.0,0.843,0.0005953838419200001,0.26343792768227764,https://doi.org/10.1016/j.intermet.2004.02.030
(Zn0.95In0.05)4Sb3,398.0,163.2,24034.0,0.83,0.0006401273241599999,0.3069526205008193,https://doi.org/10.1016/j.intermet.2004.02.030
(Zn0.95In0.05)4Sb3,448.0,177.3,23100.0,0.81,0.0007261551990000001,0.40162657920000006,https://doi.org/10.1016/j.intermet.2004.02.030
(Zn0.95In0.05)4Sb3,473.0,182.3,22700.0,0.805,0.000754395683,0.44326603485590055,https://doi.org/10.1016/j.intermet.2004.02.030
(Zn0.98In0.02)4Sb3,323.0,135.0,38540.0,0.842,0.0007023915,0.2694447203087886,https://doi.org/10.1016/j.intermet.2004.02.030
(Zn0.98In0.02)4Sb3,373.0,136.2,34540.0,0.824,0.0006407321975999999,0.29004018168058243,https://doi.org/10.1016/j.intermet.2004.02.030
(Zn0.98In0.02)4Sb3,423.0,151.3,31920.0,0.81,0.0007307027448000001,0.38158921117333333,https://doi.org/10.1016/j.intermet.2004.02.030
(Zn0.9In0.1)4Sb3,323.0,156.3,13216.0,0.887,0.00032286278304,0.11757010025019167,https://doi.org/10.1016/j.intermet.2004.02.030
(Zn0.9In0.1)4Sb3,373.0,175.0,13095.0,0.835,0.000401034375,0.17914469685628745,https://doi.org/10.1016/j.intermet.2004.02.030
(Zn0.9In0.1)4Sb3,423.0,187.5,13143.0,0.82,0.00046205859375,0.23835461604420732,https://doi.org/10.1016/j.intermet.2004.02.030
(Zn0.9In0.1)4Sb3,473.0,202.0,13120.0,0.814,0.00053534848,0.31108087351351354,https://doi.org/10.1016/j.intermet.2004.02.030
Ag0.4Sb1.1Pb19.6Te18.8,423.0,-1.0,16247.0,1.555,1.6247e-08,4.4196019292604505e-06,https://doi.org/10.1016/j.jallcom.2004.08.049
Ag0.4Sb1.1Pb19.6Te18.8,473.0,-17.6,17208.0,1.456,5.330350080000001e-06,0.0017316315850549454,https://doi.org/10.1016/j.jallcom.2004.08.049
Ag0.4Sb1.1Pb19.6Te18.8,373.0,20.8,18406.0,1.663,7.963171840000001e-06,0.001786087249741431,https://doi.org/10.1016/j.jallcom.2004.08.049
Ag0.4Sb1.1Pb19.6Te18.8,523.0,-68.8,17450.0,1.378,8.2598528e-05,0.03134907847895501,https://doi.org/10.1016/j.jallcom.2004.08.049
Ag0.4Sb1.1Pb19.6Te18.8,573.0,-120.0,18400.0,1.34,0.00026496,0.11330005970149253,https://doi.org/10.1016/j.jallcom.2004.08.049
Ag0.4Sb1.1Pb19.6Te18.8,623.0,-145.6,24032.0,1.34,0.0005094630195199999,0.23686228444847757,https://doi.org/10.1016/j.jallcom.2004.08.049
Ag0.4Sb1.1Pb19.6Te18.8,673.0,-143.0,37000.0,1.367,0.000756613,0.3724949151426481,https://doi.org/10.1016/j.jallcom.2004.08.049
Ag0.5Sb1.1Pb19.6Te18.8,423.0,1.6,29875.0,1.633,7.648000000000001e-08,1.9810802204531544e-05,https://doi.org/10.1016/j.jallcom.2004.08.049
Ag0.5Sb1.1Pb19.6Te18.8,373.0,4.8,31795.0,1.725,7.325567999999999e-07,0.00015840213704347824,https://doi.org/10.1016/j.jallcom.2004.08.049
Ag0.5Sb1.1Pb19.6Te18.8,473.0,-14.4,29250.0,1.555,6.06528e-06,0.0018449372604501606,https://doi.org/10.1016/j.jallcom.2004.08.049
Ag0.5Sb1.1Pb19.6Te18.8,523.0,-49.6,26110.0,1.474,6.423477760000001e-05,0.022791579840434197,https://doi.org/10.1016/j.jallcom.2004.08.049
Ag0.5Sb1.1Pb19.6Te18.8,573.0,-100.0,24288.0,1.422,0.00024288,0.0978693670886076,https://doi.org/10.1016/j.jallcom.2004.08.049
Ag0.5Sb1.1Pb19.6Te18.8,623.0,-136.0,31140.0,1.4,0.00057596544,0.25630462080000005,https://doi.org/10.1016/j.jallcom.2004.08.049
Ag0.5Sb1.1Pb19.6Te18.8,673.0,-133.0,42000.0,1.443,0.000742938,0.3464984573804573,https://doi.org/10.1016/j.jallcom.2004.08.049
Ag0.6Sb0.9Pb19.5Te19.1,573.0,-190.4,13350.0,1.654,0.0004839663360000001,0.16,https://doi.org/10.1016/j.jallcom.2004.08.049
Ag0.6Sb0.9Pb19.5Te19.1,623.0,-200.0,22500.0,1.666,0.0009,0.3365546218487395,https://doi.org/10.1016/j.jallcom.2004.08.049
Ag0.6Sb0.9Pb19.5Te19.1,673.0,-198.0,27700.0,1.7,0.0010859508,0.42,https://doi.org/10.1016/j.jallcom.2004.08.049
Ag0.8Sb0.8Pb18.3Te20.0,373.0,-336.0,4080.0,0.917,0.00046061568,0.18736057648854962,https://doi.org/10.1016/j.jallcom.2004.08.049
Ag0.8Sb0.8Pb18.3Te20.0,423.0,-337.0,4608.0,0.8555,0.000523325952,0.25875730882057274,https://doi.org/10.1016/j.jallcom.2004.08.049
Ag0.8Sb0.8Pb18.3Te20.0,473.0,-315.0,6900.0,0.81,0.00065,0.37956790123456785,https://doi.org/10.1016/j.jallcom.2004.08.049
Ag0.8Sb0.8Pb18.3Te20.0,523.0,-294.0,8800.0,0.76,0.0007606368,0.5234382189473684,https://doi.org/10.1016/j.jallcom.2004.08.049
Ag0.8Sb0.8Pb18.3Te20.0,573.0,-273.6,12228.0,0.7346,0.0009153509068800001,0.7139886600084945,https://doi.org/10.1016/j.jallcom.2004.08.049
Ag0.8Sb0.8Pb18.3Te20.0,623.0,-260.0,16000.0,0.72,0.0010816,0.9358844444444444,https://doi.org/10.1016/j.jallcom.2004.08.049
Ag0.8Sb0.8Pb18.3Te20.0,673.0,-242.0,19116.0,0.701,0.001119509424,1.07479292774893,https://doi.org/10.1016/j.jallcom.2004.08.049
Ag0.9Sb0.9Pb18.3Te19.9,373.0,-372.8,1872.0,1.038,0.00026017026048,0.09349085468115606,https://doi.org/10.1016/j.jallcom.2004.08.049
Ag0.9Sb0.9Pb18.3Te19.9,423.0,-360.0,3168.0,0.955,0.0004105728,0.18185580565445025,https://doi.org/10.1016/j.jallcom.2004.08.049
Ag0.9Sb0.9Pb18.3Te19.9,473.0,-320.0,5800.0,0.91,0.00059392,0.30870786813186807,https://doi.org/10.1016/j.jallcom.2004.08.049
Ag0.9Sb0.9Pb18.3Te19.9,523.0,-296.0,8625.0,0.858,0.000755688,0.460634993006993,https://doi.org/10.1016/j.jallcom.2004.08.049
Ag1.1Sb0.8Pb15.5Te22.6,573.0,324.8,3050.0,0.936,0.000321759872,0.19697479343589744,https://doi.org/10.1016/j.jallcom.2004.08.049
Ag1.1Sb0.8Pb15.5Te22.6,623.0,326.4,3940.0,0.908,0.0004197556224,0.28800413299030836,https://doi.org/10.1016/j.jallcom.2004.08.049
Ag1.1Sb0.8Pb15.5Te22.6,673.0,312.0,4500.0,0.962,0.000438048,0.30645145945945945,https://doi.org/10.1016/j.jallcom.2004.08.049
Ag1.1Sb0.8Pb15.5Te22.6,373.0,320.0,5000.0,1.11,0.000512,0.187,https://doi.org/10.1016/j.jallcom.2004.08.049
Ag1.1Sb0.8Pb15.5Te22.6,423.0,360.0,4350.0,1.048,0.00056376,0.22754816793893126,https://doi.org/10.1016/j.jallcom.2004.08.049
Ag1.1Sb0.8Pb15.5Te22.6,473.0,340.0,3015.0,1.48,0.000348534,0.11138958243243244,https://doi.org/10.1016/j.jallcom.2004.08.049
Ag1.1Sb0.8Pb15.5Te22.6,523.0,320.0,2685.0,0.968,0.000274944,0.14854928925619837,https://doi.org/10.1016/j.jallcom.2004.08.049
Ag1.2Sb0.8Pb14.9Te22.7,523.0,280.0,1583.0,1.01,0.0001241072,0.06426541148514851,https://doi.org/10.1016/j.jallcom.2004.08.049
Ag1.2Sb0.8Pb14.9Te22.7,473.0,344.0,1547.0,1.05,0.000183065792,0.08246678058666665,https://doi.org/10.1016/j.jallcom.2004.08.049
Ag1.2Sb0.8Pb14.9Te22.7,573.0,289.6,2112.0,0.9547,0.00017712955392000006,0.10631112851802664,https://doi.org/10.1016/j.jallcom.2004.08.049
Ag1.2Sb0.8Pb14.9Te22.7,373.0,404.8,2315.0,1.09,0.00037934293760000004,0.12981184928880735,https://doi.org/10.1016/j.jallcom.2004.08.049
Ag1.2Sb0.8Pb14.9Te22.7,423.0,438.5,1800.0,1.06,0.00034610805,0.13811670297169812,https://doi.org/10.1016/j.jallcom.2004.08.049
Ag1.2Sb0.8Pb14.9Te22.7,623.0,316.8,3147.0,0.92,0.00031583996928,0.2138785878928696,https://doi.org/10.1016/j.jallcom.2004.08.049
Ag1.2Sb0.8Pb14.9Te22.7,673.0,305.0,4350.0,0.95,0.00040465875,0.28,https://doi.org/10.1016/j.jallcom.2004.08.049
Ag1.3Sb0.9Pb15.7Te22.0,623.0,40.0,1670.0,1.05,2.672e-06,0.0015853866666666666,https://doi.org/10.1016/j.jallcom.2004.08.049
Ag1.3Sb0.9Pb15.7Te22.0,473.0,-99.2,733.0,0.993,7.213189120000001e-06,0.0034358896815307157,https://doi.org/10.1016/j.jallcom.2004.08.049
Ag1.3Sb0.9Pb15.7Te22.0,573.0,-91.2,1250.0,1.0284,1.03968e-05,0.005792849474912485,https://doi.org/10.1016/j.jallcom.2004.08.049
Ag1.3Sb0.9Pb15.7Te22.0,423.0,153.6,833.0,1.0,1.965293568e-05,0.00831319179264,https://doi.org/10.1016/j.jallcom.2004.08.049
Ag1.3Sb0.9Pb15.7Te22.0,523.0,-171.2,913.0,1.01,2.6759518719999994e-05,0.013856661673821779,https://doi.org/10.1016/j.jallcom.2004.08.049
Ag1.3Sb0.9Pb15.7Te22.0,673.0,140.8,2317.0,1.06,4.593369088000001e-05,0.02916356034173585,https://doi.org/10.1016/j.jallcom.2004.08.049
Ag1.3Sb0.9Pb15.7Te22.0,373.0,448.78,940.25,1.044,0.00018179822592000002,0.04,https://doi.org/10.1016/j.jallcom.2004.08.049
CoSi,320.0,-79.4,555190.0,13.694,0.0035001176284,0.08179039295224184,https://doi.org/10.1016/j.jallcom.2004.09.036
CoSi0.98Ge0.02,320.0,-81.453,584370.0,12.08,0.00387705606480333,0.10270347191531999,https://doi.org/10.1016/j.jallcom.2004.09.036
CoSi0.995B0.005,320.0,-82.28,705300.0,14.06,0.00477487987152,0.1078,https://doi.org/10.1016/j.jallcom.2004.09.036
Ag8.0GeTe6.0,770.0,-20.0,1111.0,0.3,5e-07,0.0014,https://doi.org/10.1016/j.jallcom.2004.12.038
Sn0.98In0.02Se,373.0,391.0,35.0,0.8,5.3508349999999996e-06,0.00249482681875,https://doi.org/10.1016/j.jallcom.2016.01.190
Sn0.98In0.02Se,423.0,440.0,46.0,0.716,8.9056e-06,0.005261269273743017,https://doi.org/10.1016/j.jallcom.2016.01.190
Sn0.98In0.02Se,473.0,472.0,58.0,0.67,1.2921472e-05,0.008,https://doi.org/10.1016/j.jallcom.2016.01.190
Sn0.98In0.02Se,523.0,492.0,70.0,0.631,1.694448e-05,0.014044315435816166,https://doi.org/10.1016/j.jallcom.2016.01.190
Sn0.98In0.02Se,573.0,502.0,90.0,0.62,2.268036e-05,0.019,https://doi.org/10.1016/j.jallcom.2016.01.190
Sn0.98In0.02Se,623.0,493.0,125.0,0.62,3.0381124999999998e-05,0.029,https://doi.org/10.1016/j.jallcom.2016.01.190
Sn0.98In0.02Se,673.0,461.0,195.0,0.63,4.1441595e-05,0.046,https://doi.org/10.1016/j.jallcom.2016.01.190
Sn0.98In0.02Se,723.0,425.0,324.0,0.639,5.85225e-05,0.0662155985915493,https://doi.org/10.1016/j.jallcom.2016.01.190
Sn0.98In0.02Se,773.0,378.0,582.0,0.67,8.3158488e-05,0.098,https://doi.org/10.1016/j.jallcom.2016.01.190
SnSe,323.0,357.0,117.0,0.88,1.4911533e-05,0.006,https://doi.org/10.1016/j.jallcom.2016.01.190
SnSe,373.0,379.0,234.0,0.77,3.3611994e-05,0.016,https://doi.org/10.1016/j.jallcom.2016.01.190
SnSe,423.0,397.0,359.0,0.69,5.6581631e-05,0.037,https://doi.org/10.1016/j.jallcom.2016.01.190
SnSe,523.0,371.0,336.0,0.6,4.6247376e-05,0.04031229608,https://doi.org/10.1016/j.jallcom.2016.01.190
SnSe,573.0,384.0,328.0,0.62,4.8365568e-05,0.04469914590967742,https://doi.org/10.1016/j.jallcom.2016.01.190
SnSe,473.0,391.0,422.0,0.67,6.4515782e-05,0.045,https://doi.org/10.1016/j.jallcom.2016.01.190
SnSe,623.0,384.0,469.0,0.59,6.9156864e-05,0.07302495978305086,https://doi.org/10.1016/j.jallcom.2016.01.190
SnSe,673.0,375.0,777.0,0.51,0.000109265625,0.14418777573529412,https://doi.org/10.1016/j.jallcom.2016.01.190
SnSe,723.0,356.0,1324.0,0.58,0.000167798464,0.20916946460689656,https://doi.org/10.1016/j.jallcom.2016.01.190
SnSe,773.0,325.0,2570.0,0.56,0.00027145625,0.37470657366071425,https://doi.org/10.1016/j.jallcom.2016.01.190
SnS,300.0,525.0,0.1,1.41,2.75625e-08,5.864361702127659e-06,https://doi.org/10.1016/j.jmat.2019.12.003
SnS,400.0,579.0,0.5,1.09,1.676205e-07,6.151211009174311e-05,https://doi.org/10.1016/j.jmat.2019.12.003
SnS,500.0,624.0,2.5,0.875,9.7344e-07,0.0005562514285714286,https://doi.org/10.1016/j.jmat.2019.12.003
SnS,600.0,653.0,17.0,0.79,7.248953e-06,0.005505533924050632,https://doi.org/10.1016/j.jmat.2019.12.003
SnS,700.0,620.0,80.0,0.754,3.0752e-05,0.028549602122015915,https://doi.org/10.1016/j.jmat.2019.12.003
SnS,800.0,548.0,300.0,0.7,9.00912e-05,0.10296137142857144,https://doi.org/10.1016/j.jmat.2019.12.003
Sn0.87Mn0.1Bi0.03Te,323.0,60.0,265500.0,4.237,0.0009558,0.07286367713004484,https://doi.org/10.1016/j.jmst.2020.12.063
Sn0.87Mn0.1Bi0.03Te,373.0,64.0,240000.0,4.075,0.00098304,0.08998133006134969,https://doi.org/10.1016/j.jmst.2020.12.063
Sn0.87Mn0.1Bi0.03Te,423.0,72.0,218000.0,4.0,0.001130112,0.119509344,https://doi.org/10.1016/j.jmst.2020.12.063
Sn0.87Mn0.1Bi0.03Te,473.0,87.4,198000.0,3.85,0.0015124744800000002,0.18581829325714289,https://doi.org/10.1016/j.jmst.2020.12.063
Sn0.87Mn0.1Bi0.03Te,523.0,94.0,179200.0,3.656,0.0015834112,0.2265109566739606,https://doi.org/10.1016/j.jmst.2020.12.063
Sn0.87Mn0.1Bi0.03Te,623.0,106.0,154760.0,3.366,0.00173888336,0.321843236268568,https://doi.org/10.1016/j.jmst.2020.12.063
Sn0.87Mn0.1Bi0.03Te,773.0,144.0,100000.0,2.67,0.0020467,0.5925465,https://doi.org/10.1016/j.jmst.2020.12.063
Sn0.91Mn0.08Bi0.01Te,323.0,51.0,322000.0,4.31,0.0008375219999999999,0.062765569837587,https://doi.org/10.1016/j.jmst.2020.12.063
Sn0.91Mn0.08Bi0.01Te,373.0,59.5,297000.0,4.226,0.00105145425,0.09280464629673449,https://doi.org/10.1016/j.jmst.2020.12.063
Sn0.91Mn0.08Bi0.01Te,423.0,63.8,267800.0,4.1,0.001090063832,0.11246268315512196,https://doi.org/10.1016/j.jmst.2020.12.063
Sn0.91Mn0.08Bi0.01Te,473.0,75.45,240000.0,3.968,0.0013662486,0.16286179128024195,https://doi.org/10.1016/j.jmst.2020.12.063
Sn0.91Mn0.08Bi0.01Te,523.0,88.0,216000.0,3.7849,0.001672704,0.23113535152844197,https://doi.org/10.1016/j.jmst.2020.12.063
Sn0.91Mn0.08Bi0.01Te,773.0,144.0,116000.0,2.48,0.002405376,0.7497401806451612,https://doi.org/10.1016/j.jmst.2020.12.063
SnTe,323.0,30.4,575600.0,10.29,0.000531946496,0.01669764025344995,https://doi.org/10.1016/j.jmst.2020.12.063
SnTe,373.0,32.6,497600.0,9.84,0.000528829376,0.02004607289105691,https://doi.org/10.1016/j.jmst.2020.12.063
SnTe,423.0,37.0,431500.0,9.3,0.0005907235,0.0268683914516129,https://doi.org/10.1016/j.jmst.2020.12.063
SnTe,473.0,42.0,377380.0,8.85,0.00066569832,0.03557913054915254,https://doi.org/10.1016/j.jmst.2020.12.063
SnTe,523.0,48.0,330000.0,8.3,0.00076032,0.047909320481927704,https://doi.org/10.1016/j.jmst.2020.12.063
SnTe,573.0,54.0,284000.0,7.666,0.000828144,0.06190014505609183,https://doi.org/10.1016/j.jmst.2020.12.063
SnTe,623.0,65.0,246430.0,6.946,0.0010411667499999999,0.09338423340771668,https://doi.org/10.1016/j.jmst.2020.12.063
SnTe,673.0,73.25,213100.0,6.215,0.00114340136875,0.12381482239239743,https://doi.org/10.1016/j.jmst.2020.12.063
SnTe,723.0,83.5,182740.0,5.527,0.001274108965,0.16666922049846208,https://doi.org/10.1016/j.jmst.2020.12.063
SnTe,773.0,100.0,156550.0,4.87,0.0015655,0.24848696098562628,https://doi.org/10.1016/j.jmst.2020.12.063
Zn0.96Al0.04O,373.0,-65.0,63760.0,5.83,0.000269386,0.01723515917667238,https://doi.org/10.1016/j.jpcs.2010.06.006
Zn0.96Al0.04O,473.0,-75.0,54100.0,4.52,0.0003043125,0.03184509126106195,https://doi.org/10.1016/j.jpcs.2010.06.006
Zn0.96Al0.04O,573.0,-81.0,50500.0,3.7,0.00033133049999999997,0.051311453108108106,https://doi.org/10.1016/j.jpcs.2010.06.006
Zn0.96Al0.04O,673.0,-88.0,42350.0,2.67,0.00032795839999999997,0.08266516973782771,https://doi.org/10.1016/j.jpcs.2010.06.006
Zn0.97Al0.03O,373.0,-68.0,49000.0,7.4,0.000226576,0.011420655135135134,https://doi.org/10.1016/j.jpcs.2010.06.006
Zn0.97Al0.03O,473.0,-78.0,45000.0,6.7,0.00027378,0.019328050746268657,https://doi.org/10.1016/j.jpcs.2010.06.006
Zn0.97Al0.03O,573.0,-85.0,40800.0,5.96,0.00029478,0.02834042617449664,https://doi.org/10.1016/j.jpcs.2010.06.006
Zn0.97Al0.03O,673.0,-94.0,37500.0,5.38,0.00033135,0.051,https://doi.org/10.1016/j.jpcs.2010.06.006
Mg2.16(Si0.4Sn0.6)0.97Bi0.03,300.0,-120.35,203876.0,2.765,0.00295296495881,0.32039402808065093,https://doi.org/10.1016/j.jssc.2013.04.041
Mg2.16(Si0.4Sn0.6)0.97Bi0.03,400.0,-142.9,172700.0,2.5455,0.003526604807,0.5541708594775092,https://doi.org/10.1016/j.jssc.2013.04.041
Mg2.16(Si0.4Sn0.6)0.97Bi0.03,500.0,-162.8,146100.0,2.389,0.0038722110240000003,0.8104250782754292,https://doi.org/10.1016/j.jssc.2013.04.041
Mg2.16(Si0.4Sn0.6)0.97Bi0.03,600.0,-180.4,124603.0,2.298,0.0040550999684800006,1.0587728377232377,https://doi.org/10.1016/j.jssc.2013.04.041
Mg2.16(Si0.4Sn0.6)0.97Bi0.03,700.0,-198.6,105555.0,2.279,0.004163296087799999,1.278765801430452,https://doi.org/10.1016/j.jssc.2013.04.041
Mg2.16(Si0.4Sn0.6)0.97Bi0.03,800.0,-216.8,89150.0,2.33,0.004190249696000001,1.438712341974249,https://doi.org/10.1016/j.jssc.2013.04.041
Mg2.16(Si0.4Sn0.6)0.985Bi0.015,300.0,-136.0,177000.0,2.682,0.003285,0.36619597315436236,https://doi.org/10.1016/j.jssc.2013.04.041
Mg2.16(Si0.4Sn0.6)0.985Bi0.015,400.0,-159.0,146400.0,2.435,0.00372,0.6088,https://doi.org/10.1016/j.jssc.2013.04.041
Mg2.16(Si0.4Sn0.6)0.985Bi0.015,500.0,-179.4,123333.0,2.271,0.00396939367188,0.877,https://doi.org/10.1016/j.jssc.2013.04.041
Mg2.16(Si0.4Sn0.6)0.985Bi0.015,600.0,-198.0,104100.0,2.19,0.0040811364,1.12,https://doi.org/10.1016/j.jssc.2013.04.041
Mg2.16(Si0.4Sn0.6)0.985Bi0.015,700.0,-213.7,88200.0,2.19,0.004027890257999999,1.2874535071232875,https://doi.org/10.1016/j.jssc.2013.04.041
Mg2.16(Si0.4Sn0.6)0.985Bi0.015,800.0,-224.48,74610.0,2.266,0.00378,1.3273407535901145,https://doi.org/10.1016/j.jssc.2013.04.041
Mg2.16(Si0.4Sn0.6)0.98Bi0.02,300.0,-122.0,185000.0,2.77,0.00275354,0.2982173285198556,https://doi.org/10.1016/j.jssc.2013.04.041
Mg2.16(Si0.4Sn0.6)0.98Bi0.02,400.0,-144.8,154100.0,2.52,0.0032310208640000003,0.5128604546031746,https://doi.org/10.1016/j.jssc.2013.04.041
Mg2.16(Si0.4Sn0.6)0.98Bi0.02,500.0,-168.1,129500.0,2.365,0.0036593604949999993,0.7736491532769554,https://doi.org/10.1016/j.jssc.2013.04.041
Mg2.16(Si0.4Sn0.6)0.98Bi0.02,600.0,-188.1,110670.0,2.2854,0.0039156827787000005,1.0280080805198215,https://doi.org/10.1016/j.jssc.2013.04.041
Mg2.16(Si0.4Sn0.6)0.98Bi0.02,700.0,-204.1,94500.0,2.273,0.003936568545,1.2123176337439507,https://doi.org/10.1016/j.jssc.2013.04.041
Mg2.16(Si0.4Sn0.6)0.98Bi0.02,800.0,-212.94,78824.0,2.308,0.0035741515983264,1.2388740375481457,https://doi.org/10.1016/j.jssc.2013.04.041
Mg2.16(Si0.4Sn0.6)0.995Bi0.005,300.0,-176.84,75000.0,2.2634,0.00234542892,0.3108724379252452,https://doi.org/10.1016/j.jssc.2013.04.041
Mg2.16(Si0.4Sn0.6)0.995Bi0.005,520.0,-240.2,51744.0,1.7746,0.0029854238937599997,0.8748001942720612,https://doi.org/10.1016/j.jssc.2013.04.041
Mg2.16(Si0.4Sn0.6)0.995Bi0.005,760.0,-262.6,37600.0,2.035,0.0025928493760000006,0.974,https://doi.org/10.1016/j.jssc.2013.04.041
Mg2.16(Si0.4Sn0.6)0.995Bi0.005,620.0,-260.8,44550.0,1.743,0.003030141312,1.0778471677796901,https://doi.org/10.1016/j.jssc.2013.04.041
Mg2.16(Si0.4Sn0.6)0.99Bi0.01,300.0,-155.44,127519.0,2.546,0.0030810622542784,0.3630473983831579,https://doi.org/10.1016/j.jssc.2013.04.041
Mg2.16(Si0.4Sn0.6)0.99Bi0.01,400.0,-175.4,107170.0,2.244,0.003285,0.5877187517290552,https://doi.org/10.1016/j.jssc.2013.04.041
Mg2.16(Si0.4Sn0.6)0.99Bi0.01,500.0,-198.6,90503.0,2.0538,0.0035696157058800002,0.87,https://doi.org/10.1016/j.jssc.2013.04.041
Mg2.16(Si0.4Sn0.6)0.99Bi0.01,600.0,-220.5,77300.0,1.993,0.0037583453249999997,1.1314637205218263,https://doi.org/10.1016/j.jssc.2013.04.041
Mg2.16(Si0.4Sn0.6)0.99Bi0.01,800.0,-238.8,55426.0,2.203,0.00316069203744,1.1477774080581025,https://doi.org/10.1016/j.jssc.2013.04.041
Mg2.16(Si0.4Sn0.6)0.99Bi0.01,700.0,-235.6,65800.0,2.038,0.003652384288,1.2544990194308148,https://doi.org/10.1016/j.jssc.2013.04.041
Mg2.16Si0.4Sn0.6,620.0,-204.8,5600.0,1.696,0.00023,0.084,https://doi.org/10.1016/j.jssc.2013.04.041
Mg2.16Si0.4Sn0.6,760.0,-145.5,12950.0,2.41,0.0002741547375,0.085,https://doi.org/10.1016/j.jssc.2013.04.041
La0.1Co4Sb12,373.0,70.74,25688.0,3.686,0.00012854654354879996,0.013008101124173195,https://doi.org/10.1016/j.matchemphys.2005.07.068
La0.1Co4Sb12,473.0,84.0,27613.0,3.716,0.000194837328,0.02480033803659849,https://doi.org/10.1016/j.matchemphys.2005.07.068
La0.1Co4Sb12,573.0,100.0,27600.0,3.657,0.000276,0.043245283018867924,https://doi.org/10.1016/j.matchemphys.2005.07.068
La0.1Co4Sb12,773.0,101.6,24867.0,4.5,0.00025669109951999996,0.04409382665088,https://doi.org/10.1016/j.matchemphys.2005.07.068
La0.1Co4Sb12,673.0,113.8,26120.0,3.814,0.00033826549279999995,0.05968869340702673,https://doi.org/10.1016/j.matchemphys.2005.07.068
La0.3Co4Sb12,373.0,67.0,25735.0,3.85,0.000115524415,0.0111923654012987,https://doi.org/10.1016/j.matchemphys.2005.07.068
La0.3Co4Sb12,473.0,80.3,26565.0,3.53,0.00017129351084999998,0.022952359952422098,https://doi.org/10.1016/j.matchemphys.2005.07.068
La0.3Co4Sb12,573.0,93.0,26217.0,3.333,0.000226750833,0.038982366429342934,https://doi.org/10.1016/j.matchemphys.2005.07.068
La0.3Co4Sb12,673.0,99.0,25362.0,3.58,0.00024857296199999997,0.046728939504469276,https://doi.org/10.1016/j.matchemphys.2005.07.068
La0.5Co4Sb12,373.0,58.5,35355.0,2.186,0.00012099364875,0.020645302371340348,https://doi.org/10.1016/j.matchemphys.2005.07.068
La0.5Co4Sb12,473.0,70.2,33898.0,2.166,0.00016705069992,0.03647967731401661,https://doi.org/10.1016/j.matchemphys.2005.07.068
La0.5Co4Sb12,773.0,92.0,26820.0,3.42,0.00022700448,0.051308322526315786,https://doi.org/10.1016/j.matchemphys.2005.07.068
La0.5Co4Sb12,573.0,86.7,30700.0,2.31,0.000230768523,0.05724258167922078,https://doi.org/10.1016/j.matchemphys.2005.07.068
La0.5Co4Sb12,673.0,100.0,28283.0,2.706,0.00028283,0.07034168144863268,https://doi.org/10.1016/j.matchemphys.2005.07.068
La0.7Co4Sb12,373.0,-177.66,33300.0,3.157,0.00105105041748,0.12418175664239467,https://doi.org/10.1016/j.matchemphys.2005.07.068
La0.7Co4Sb12,473.0,-197.3,33980.0,4.52,0.0013227493142,0.1384204481452655,https://doi.org/10.1016/j.matchemphys.2005.07.068
La0.7Co4Sb12,573.0,-201.0,35088.0,4.46,0.001417590288,0.18212538901883407,https://doi.org/10.1016/j.matchemphys.2005.07.068
La0.7Co4Sb12,773.0,-179.0,41791.0,5.58,0.001339025431,0.1854958168750896,https://doi.org/10.1016/j.matchemphys.2005.07.068
La1.25Co4Sb12,373.0,-64.0,245000.0,5.2647,0.00100352,0.07109863050126312,https://doi.org/10.1016/j.matchemphys.2005.07.068
La2.0Co4Sb12,373.0,-15.4,358974.0,2.52,8.513427384000001e-05,0.012601223865999999,https://doi.org/10.1016/j.matchemphys.2005.07.068
LaCo4Sb12,373.0,-89.0,168675.0,3.07,0.001336074675,0.16233089699511402,https://doi.org/10.1016/j.matchemphys.2005.07.068
Cu3Sb0.996In0.004Se4,323.0,230.0,5800.0,2.522,0.00030682,0.03929534496431404,https://doi.org/10.1016/j.matdes.2016.03.001
Cu3Sb0.996In0.004Se4,373.0,250.3,6182.0,2.0,0.00038730285637999997,0.07223198271487,https://doi.org/10.1016/j.matdes.2016.03.001
Cu3Sb0.996In0.004Se4,423.0,276.2,6600.0,1.704,0.0005034905039999999,0.12498619905633801,https://doi.org/10.1016/j.matdes.2016.03.001
Cu3Sb0.996In0.004Se4,473.0,290.0,7000.0,1.42,0.0005886999999999999,0.19609514084507043,https://doi.org/10.1016/j.matdes.2016.03.001
Cu3Sb0.996In0.004Se4,523.0,285.0,8010.0,1.274,0.0006506122499999999,0.2670880743720565,https://doi.org/10.1016/j.matdes.2016.03.001
Cu3Sb0.996In0.004Se4,573.0,277.0,9107.0,1.133,0.000698771003,0.35339433779258606,https://doi.org/10.1016/j.matdes.2016.03.001
Cu3Sb0.996In0.004Se4,623.0,267.0,10000.0,1.03,0.00071289,0.4311946310679612,https://doi.org/10.1016/j.matdes.2016.03.001
Cu3Sb0.997In0.003Se4,323.0,252.0,5600.0,2.48,0.00037,0.05,https://doi.org/10.1016/j.matdes.2016.03.001
Cu3Sb0.997In0.003Se4,373.0,271.0,5900.0,1.95,0.000443,0.08288287625641026,https://doi.org/10.1016/j.matdes.2016.03.001
Cu3Sb0.997In0.003Se4,423.0,284.0,6200.0,1.68,0.000513,0.138,https://doi.org/10.1016/j.matdes.2016.03.001
Cu3Sb0.997In0.003Se4,473.0,301.0,6700.0,1.41,0.0006070267,0.21,https://doi.org/10.1016/j.matdes.2016.03.001
Cu3Sb0.997In0.003Se4,573.0,288.4,8410.0,1.115,0.0006994980495999999,0.364,https://doi.org/10.1016/j.matdes.2016.03.001
Cu3Sb0.997In0.003Se4,623.0,286.0,8950.0,1.01,0.0007320741999999999,0.451566560990099,https://doi.org/10.1016/j.matdes.2016.03.001
Cu3Sb0.998In0.002Se4,323.0,270.0,4255.0,2.403,0.0003101895,0.04169421910112359,https://doi.org/10.1016/j.matdes.2016.03.001
Cu3Sb0.998In0.002Se4,373.0,284.5,4444.0,1.92,0.000359698471,0.06987892170989585,https://doi.org/10.1016/j.matdes.2016.03.001
Cu3Sb0.998In0.002Se4,423.0,303.0,4810.0,1.65,0.00044160129,0.11321051252727274,https://doi.org/10.1016/j.matdes.2016.03.001
Cu3Sb0.998In0.002Se4,473.0,324.5,5200.0,1.376,0.0005475613,0.188224196875,https://doi.org/10.1016/j.matdes.2016.03.001
Cu3Sb0.998In0.002Se4,523.0,317.48,5952.0,1.25,0.0005999232119808,0.25100787189276674,https://doi.org/10.1016/j.matdes.2016.03.001
Cu3Sb0.998In0.002Se4,573.0,310.7,7300.0,1.12,0.0007047017769999999,0.36053046269732136,https://doi.org/10.1016/j.matdes.2016.03.001
Cu3SbSe4,323.0,387.0,2310.0,2.796,0.00034596639,0.0399667896888412,https://doi.org/10.1016/j.matdes.2016.03.001
Cu3SbSe4,423.0,368.0,3100.0,1.845,0.00041,0.09625013073170732,https://doi.org/10.1016/j.matdes.2016.03.001
Cu3SbSe4,473.0,351.0,3600.0,1.535,0.0004435236,0.13666883570032573,https://doi.org/10.1016/j.matdes.2016.03.001
Cu3SbSe4,523.0,340.0,4000.0,1.389,0.00046239999999999996,0.17410741540676744,https://doi.org/10.1016/j.matdes.2016.03.001
Cu3SbSe4,573.0,320.0,4700.0,1.204,0.00048128,0.229047707641196,https://doi.org/10.1016/j.matdes.2016.03.001
Cu3SbSe4,623.0,303.0,5650.0,1.1,0.00051,0.28,https://doi.org/10.1016/j.matdes.2016.03.001
Sn0.97Ce0.03Te,323.0,47.0,353200.0,4.175,0.0007802188,0.06036183770059881,https://doi.org/10.1016/j.mtphys.2019.100156
Sn0.97Ce0.03Te,423.0,71.4,231645.0,3.5,0.0011809169442000003,0.14272224782760004,https://doi.org/10.1016/j.mtphys.2019.100156
Sn0.97Ce0.03Te,523.0,107.0,149480.0,2.83,0.0017113965199999999,0.3,https://doi.org/10.1016/j.mtphys.2019.100156
Sn0.97Ce0.03Te,623.0,150.0,73420.0,2.245,0.00165195,0.48,https://doi.org/10.1016/j.mtphys.2019.100156
Sn0.97Ce0.03Te,723.0,185.0,50000.0,2.0,0.0017112499999999999,0.618616875,https://doi.org/10.1016/j.mtphys.2019.100156
Sn0.98Ce0.02Te,323.0,24.86,462025.0,5.0,0.00028554050569,0.018445916667573996,https://doi.org/10.1016/j.mtphys.2019.100156
Sn0.98Ce0.02Te,423.0,40.86,321520.0,4.1546,0.000536790372192,0.054653234351614115,https://doi.org/10.1016/j.mtphys.2019.100156
Sn0.98Ce0.02Te,523.0,66.0,213924.0,3.33,0.000931852944,0.1463540809945946,https://doi.org/10.1016/j.mtphys.2019.100156
Sn0.98Ce0.02Te,623.0,101.7,129114.0,2.536,0.0013354118994600003,0.3280605730928944,https://doi.org/10.1016/j.mtphys.2019.100156
Sn0.98Ce0.02Te,723.0,142.3,76000.0,2.09,0.0015389460400000003,0.55,https://doi.org/10.1016/j.mtphys.2019.100156
Sn0.99Ce0.01Te,323.0,20.3,560700.0,6.152,0.00023105886300000002,0.012131341474154749,https://doi.org/10.1016/j.mtphys.2019.100156
Sn0.99Ce0.01Te,423.0,32.0,400000.0,5.324,0.0004096,0.03254335086401202,https://doi.org/10.1016/j.mtphys.2019.100156
Sn0.99Ce0.01Te,523.0,53.0,278500.0,4.34,0.0007823065,0.09427334089861751,https://doi.org/10.1016/j.mtphys.2019.100156
Sn0.99Ce0.01Te,623.0,85.43,178500.0,3.35,0.0013027438546500004,0.24227146908864183,https://doi.org/10.1016/j.mtphys.2019.100156
Sn0.99Ce0.01Te,723.0,123.0,107600.0,2.6,0.0016278803999999999,0.45267597276923077,https://doi.org/10.1016/j.mtphys.2019.100156
Cu2.7Ag0.3ErTe3,300.0,41.4,271000.0,2.35,0.0004644831599999999,0.059295722553191474,https://doi.org/10.1016/j.mtphys.2020.100180
Cu2.7Ag0.3ErTe3,400.0,47.8,260000.0,2.33,0.0005940583999999999,0.10198427467811155,https://doi.org/10.1016/j.mtphys.2020.100180
Cu2.7Ag0.3ErTe3,500.0,56.0,228400.0,2.07,0.0007162624,0.17301024154589373,https://doi.org/10.1016/j.mtphys.2020.100180
Cu2.7Ag0.3ErTe3,600.0,68.0,150000.0,1.34,0.0006935999999999999,0.3105671641791044,https://doi.org/10.1016/j.mtphys.2020.100180
Cu2.7Ag0.3ErTe3,700.0,99.0,55000.0,0.5949,0.000539055,0.6342889561270801,https://doi.org/10.1016/j.mtphys.2020.100180
Cu2.7Ag0.3ErTe3,800.0,117.0,43560.0,0.66,0.00059629284,0.7227792,https://doi.org/10.1016/j.mtphys.2020.100180
Cu2.7Ag0.3ErTe3,900.0,145.0,31000.0,0.61,0.0006517749999999999,0.9616352459016394,https://doi.org/10.1016/j.mtphys.2020.100180
Cu2.9Ag0.1ErTe3,300.0,41.7,233000.0,2.26,0.00040516137000000006,0.05378248274336284,https://doi.org/10.1016/j.mtphys.2020.100180
Cu2.9Ag0.1ErTe3,400.0,50.0,221778.0,2.24,0.000554445,0.09900803571428571,https://doi.org/10.1016/j.mtphys.2020.100180
Cu2.9Ag0.1ErTe3,500.0,57.0,203556.0,2.06,0.000661353444,0.16052268058252425,https://doi.org/10.1016/j.mtphys.2020.100180
Cu2.9Ag0.1ErTe3,600.0,65.0,168000.0,1.64,0.0007098,0.2596829268292683,https://doi.org/10.1016/j.mtphys.2020.100180
Cu2.9Ag0.1ErTe3,700.0,85.0,72000.0,0.68,0.0005202,0.5355,https://doi.org/10.1016/j.mtphys.2020.100180
Cu2.9Ag0.1ErTe3,800.0,104.0,50000.0,0.75,0.0005408,0.5768533333333333,https://doi.org/10.1016/j.mtphys.2020.100180
Cu2.9Ag0.1ErTe3,900.0,133.0,35000.0,0.66,0.0006191149999999999,0.8442477272727271,https://doi.org/10.1016/j.mtphys.2020.100180
Cu3ErTe3,300.0,39.3,293000.0,2.56,0.00045253556999999995,0.05303151210937499,https://doi.org/10.1016/j.mtphys.2020.100180
Cu3ErTe3,400.0,48.6,244890.0,2.38,0.0005784203844,0.09721350998319328,https://doi.org/10.1016/j.mtphys.2020.100180
Cu3ErTe3,500.0,56.2,216000.0,2.18,0.0006822230400000001,0.15647317431192664,https://doi.org/10.1016/j.mtphys.2020.100180
Cu3ErTe3,600.0,61.4,184000.0,1.74,0.00069367264,0.2391974620689655,https://doi.org/10.1016/j.mtphys.2020.100180
Cu3ErTe3,800.0,101.0,46667.0,0.7,0.000476050067,0.5440572194285714,https://doi.org/10.1016/j.mtphys.2020.100180
Cu3ErTe3,700.0,84.0,74222.0,0.62,0.0005237104319999999,0.5912859716129032,https://doi.org/10.1016/j.mtphys.2020.100180
Cu3ErTe3,900.0,124.2,33333.0,0.62,0.00051418285812,0.7463944714645162,https://doi.org/10.1016/j.mtphys.2020.100180
CoSb3.0,523.0,25.6,4400.0,4.79,2.883584e-06,0.0003148464367432151,https://doi.org/10.1016/S0925-8388(00)01275-5
CoSb3.0,473.0,-105.0,3125.0,5.1,3.4453125e-05,0.0031953584558823533,https://doi.org/10.1016/S0925-8388(00)01275-5
CoSb3.0,323.0,-224.0,3571.0,6.9,0.000179178496,0.00838763104463768,https://doi.org/10.1016/S0925-8388(00)01275-5
CoSb3.0,373.0,-218.0,3125.0,6.1,0.00014851249999999998,0.00908117418032787,https://doi.org/10.1016/S0925-8388(00)01275-5
CoSb3.0,423.0,-200.0,2941.0,5.4,0.00011763999999999999,0.009215133333333332,https://doi.org/10.1016/S0925-8388(00)01275-5
CoSb3.0,573.0,117.0,6250.0,4.5,8.555625e-05,0.0108941625,https://doi.org/10.1016/S0925-8388(00)01275-5
CoSb3.0,623.0,150.0,10526.0,4.3,0.000236835,0.034313536046511633,https://doi.org/10.1016/S0925-8388(00)01275-5
CoSb3.0,673.0,139.0,15385.0,4.4,0.000297253585,0.045466286978409085,https://doi.org/10.1016/S0925-8388(00)01275-5
CoSb3.0,723.0,137.0,16129.0,4.4,0.000302725201,0.049743254618863635,https://doi.org/10.1016/S0925-8388(00)01275-5
Ag2Mo6Te8,500.0,13.04,202768.0,3.881,3.44789951488e-05,0.004442024626230353,https://doi.org/10.1016/S1003-6326(08)60326-X
Ag2Mo6Te8,600.0,17.65,195675.0,4.0,6.095716518749998e-05,0.009143574778124998,https://doi.org/10.1016/S1003-6326(08)60326-X
Ag2Mo6Te8,700.0,21.47,189200.0,4.1144,8.721380227999998e-05,0.01483804724771534,https://doi.org/10.1016/S1003-6326(08)60326-X
Ag2Mo6Te8,800.0,24.56,182699.0,4.2076,0.00011020286752639999,0.02095310723954748,https://doi.org/10.1016/S1003-6326(08)60326-X
AgMo6Te8,400.0,6.11,169860.0,3.9438,6.341230506000001e-06,0.00073,https://doi.org/10.1016/S1003-6326(08)60326-X
AgMo6Te8,500.0,13.7,168000.0,3.99,3.153192e-05,0.0039513684210526305,https://doi.org/10.1016/S1003-6326(08)60326-X
AgMo6Te8,600.0,19.59,169800.0,4.17,6.516382338e-05,0.00937608969496403,https://doi.org/10.1016/S1003-6326(08)60326-X
AgMo6Te8,700.0,25.53,170069.0,4.3983,0.00011084772588210001,0.0176,https://doi.org/10.1016/S1003-6326(08)60326-X
AgMo6Te8,800.0,34.0,168200.0,4.5127,0.0001944392,0.03446968777007114,https://doi.org/10.1016/S1003-6326(08)60326-X
Cu2Mo6Te8,500.0,3.24,214200.0,3.31,2.2485859200000005e-06,0.0003396655468277946,https://doi.org/10.1016/S1003-6326(08)60326-X
CuMo6Te8,400.0,-2.33,200346.0,3.661,1.0876583994e-06,0.00011883730121824638,https://doi.org/10.1016/S1003-6326(08)60326-X
CuMo6Te8,500.0,4.2,186200.0,3.6525,3.284568e-06,0.00046,https://doi.org/10.1016/S1003-6326(08)60326-X
CuMo6Te8,600.0,11.52,178000.0,3.64,2.36224512e-05,0.0038938106373626368,https://doi.org/10.1016/S1003-6326(08)60326-X
CuMo6Te8,700.0,18.48,174048.0,3.9449,5.94392020992e-05,0.010547147321716646,https://doi.org/10.1016/S1003-6326(08)60326-X
CuMo6Te8,800.0,23.92,172400.0,4.165,9.864148736e-05,0.018946744270828333,https://doi.org/10.1016/S1003-6326(08)60326-X
AgBi0.94Pb0.06Se2.12,300.0,302.0,4080.0,0.6,0.00037211232,0.18605616,https://doi.org/10.1021/acs.chemmater.0c00481
AgBi0.94Pb0.06Se2.12,350.0,317.7,6074.0,0.644,0.00061306880346,0.333189567097826,https://doi.org/10.1021/acs.chemmater.0c00481
AgBi0.94Pb0.06Se2.12,400.0,329.0,6298.0,0.68,0.000681701818,0.40100106941176467,https://doi.org/10.1021/acs.chemmater.0c00481
AgBi0.95Pb0.05Se2.12,300.0,329.0,2735.0,0.57,0.000296039135,0.1558100710526316,https://doi.org/10.1021/acs.chemmater.0c00481
AgBi0.95Pb0.05Se2.12,350.0,334.0,4265.0,0.588,0.00047578634,0.2832061547619048,https://doi.org/10.1021/acs.chemmater.0c00481
AgBi0.95Pb0.05Se2.12,400.0,340.0,5497.0,0.658,0.0006354532,0.3862937386018237,https://doi.org/10.1021/acs.chemmater.0c00481
AgBi0.96Pb0.04Se2.12,300.0,377.3,1560.0,0.5477,0.0002220742524,0.12164008712798978,https://doi.org/10.1021/acs.chemmater.0c00481
AgBi0.96Pb0.04Se2.12,350.0,376.7,2221.0,0.553,0.0003151663186899999,0.19947235360126575,https://doi.org/10.1021/acs.chemmater.0c00481
AgBi0.96Pb0.04Se2.12,400.0,358.44,4756.0,0.609,0.0006110472350015999,0.4013446535314285,https://doi.org/10.1021/acs.chemmater.0c00481
AgBi0.97Pb0.03Se2.12,300.0,421.85,930.0,0.517,0.00016550040292500002,0.09603505005319148,https://doi.org/10.1021/acs.chemmater.0c00481
AgBi0.97Pb0.03Se2.12,350.0,423.18,1301.0,0.534,0.00023298478743239998,0.15270538502123593,https://doi.org/10.1021/acs.chemmater.0c00481
AgBi0.97Pb0.03Se2.12,400.0,375.5,3723.0,0.5954,0.00052494393075,0.3526663962042324,https://doi.org/10.1021/acs.chemmater.0c00481
AgBi0.97Pb0.03Se2.12,450.0,371.43,4864.0,0.617,0.0006710386311935999,0.4894122917943598,https://doi.org/10.1021/acs.chemmater.0c00481
AgBi0.98Pb0.02Se2.12,300.0,484.2,471.2,0.504,0.00011047267036799998,0.06575754188571428,https://doi.org/10.1021/acs.chemmater.0c00481
AgBi0.98Pb0.02Se2.12,350.0,493.4,696.0,0.527,0.00016943671775999998,0.11252912944212523,https://doi.org/10.1021/acs.chemmater.0c00481
AgBi0.98Pb0.02Se2.12,400.0,453.95,1477.0,0.57,0.0003043662798925,0.21359037185438598,https://doi.org/10.1021/acs.chemmater.0c00481
AgBi0.98Pb0.02Se2.12,450.0,400.6,4150.0,0.621,0.0006659934940000001,0.4826039811594204,https://doi.org/10.1021/acs.chemmater.0c00481
AgBi0.99Pb0.01Se2.12,300.0,565.13,142.4,0.556,4.547856096656001e-05,0.024538791888431655,https://doi.org/10.1021/acs.chemmater.0c00481
AgBi0.99Pb0.01Se2.12,350.0,579.0,173.84,0.5385,5.827829544e-05,0.03787818645125349,https://doi.org/10.1021/acs.chemmater.0c00481
AgBi0.99Pb0.01Se2.12,400.0,548.68,379.0,0.5312,0.00011409785236959997,0.08591705750722888,https://doi.org/10.1021/acs.chemmater.0c00481
AgBi0.99Pb0.01Se2.12,450.0,482.3,1095.0,0.55,0.00025471155255,0.2084003611772727,https://doi.org/10.1021/acs.chemmater.0c00481
AgBiSe2.12,300.0,636.84,44.89,0.6394,1.8205821181584e-05,0.008541986791484518,https://doi.org/10.1021/acs.chemmater.0c00481
AgBiSe2.12,350.0,657.9,72.0,0.645,3.1163933519999996e-05,0.016910661599999998,https://doi.org/10.1021/acs.chemmater.0c00481
AgBiSe2.12,400.0,642.0,123.0,0.644,5.0696172e-05,0.03148830559006211,https://doi.org/10.1021/acs.chemmater.0c00481
AgBiSe2.12,450.0,573.0,230.25,0.653,7.559775225e-05,0.052096460202909645,https://doi.org/10.1021/acs.chemmater.0c00481
Rb2Bi8Se12.909,330.0,-142.3,15700.0,0.84,0.0003179138530000001,0.12489472796428573,https://doi.org/10.1021/acs.chemmater.0c00703
Rb2Bi8Se12.909,428.0,-166.0,10795.0,0.7137,0.00029746702,0.1783885169679137,https://doi.org/10.1021/acs.chemmater.0c00703
Rb2Bi8Se12.909,526.0,-184.0,7600.0,0.6548,0.0002573056,0.20669325839951128,https://doi.org/10.1021/acs.chemmater.0c00703
Rb2Bi8Se12.909,625.0,-193.2,7955.0,0.6294,0.00029693023919999997,0.29485446377502383,https://doi.org/10.1021/acs.chemmater.0c00703
Rb2Bi8Se12.909,724.0,-194.2,9120.0,0.625,0.00034394839679999993,0.39842982285311995,https://doi.org/10.1021/acs.chemmater.0c00703
Rb2Bi8Se12.909,823.0,-185.0,11200.0,0.62,0.00038332,0.5088263870967742,https://doi.org/10.1021/acs.chemmater.0c00703
Rb2Bi8Se12.9415,330.0,-167.3,11260.0,0.7533,0.00031515940540000005,0.1380626626602947,https://doi.org/10.1021/acs.chemmater.0c00703
Rb2Bi8Se12.9415,428.0,-194.4,8030.0,0.664,0.0003034646208,0.1956067134072289,https://doi.org/10.1021/acs.chemmater.0c00703
Rb2Bi8Se12.9415,526.0,-220.0,5950.0,0.594,0.00028798,0.2550125925925926,https://doi.org/10.1021/acs.chemmater.0c00703
Rb2Bi8Se12.9415,625.0,-217.7,6439.0,0.5868,0.00030516539430999994,0.325031307845518,https://doi.org/10.1021/acs.chemmater.0c00703
Rb2Bi8Se12.9415,724.0,-213.6,7841.0,0.59,0.00035774531136,0.43899594139769493,https://doi.org/10.1021/acs.chemmater.0c00703
Rb2Bi8Se12.9415,823.0,-193.2,10644.0,0.599,0.00039730049856,0.5458736399246745,https://doi.org/10.1021/acs.chemmater.0c00703
Rb2Bi8Se12.961,330.0,-186.0,11200.0,0.6822,0.0003874752,0.18743303430079156,https://doi.org/10.1021/acs.chemmater.0c00703
Rb2Bi8Se12.961,428.0,-218.5,8480.0,0.587,0.00040485428,0.2951918770698467,https://doi.org/10.1021/acs.chemmater.0c00703
Rb2Bi8Se12.961,526.0,-241.0,6060.0,0.535,0.00035197086,0.34604985487850465,https://doi.org/10.1021/acs.chemmater.0c00703
Rb2Bi8Se12.961,625.0,-242.8,6439.0,0.5208,0.00037959089776000004,0.45553823175883257,https://doi.org/10.1021/acs.chemmater.0c00703
Rb2Bi8Se12.961,724.0,-228.8,8295.0,0.5259,0.0004342386048,0.5978108953702224,https://doi.org/10.1021/acs.chemmater.0c00703
Rb2Bi8Se12.961,823.0,-202.0,11818.0,0.543,0.000482221672,0.7308810977090239,https://doi.org/10.1021/acs.chemmater.0c00703
Rb2Bi8Se12.974Cl0.026,330.0,-92.1,30150.0,0.9,0.0002557446615,0.09377304255,https://doi.org/10.1021/acs.chemmater.0c00703
Rb2Bi8Se12.974Cl0.026,428.0,-106.7,21770.0,0.769,0.00024784905530000006,0.13794459774824447,https://doi.org/10.1021/acs.chemmater.0c00703
Rb2Bi8Se12.974Cl0.026,526.0,-118.3,14490.0,0.732,0.00020278595609999998,0.14571777719754095,https://doi.org/10.1021/acs.chemmater.0c00703
Rb2Bi8Se12.974Cl0.026,625.0,-128.4,13470.0,0.71,0.00022207396320000002,0.19548764366197185,https://doi.org/10.1021/acs.chemmater.0c00703
Rb2Bi8Se12.974Cl0.026,724.0,-145.4,14338.0,0.703,0.00030312195207999996,0.3121768041335989,https://doi.org/10.1021/acs.chemmater.0c00703
Rb2Bi8Se12.974Cl0.026,823.0,-151.0,15960.0,0.692,0.00036390396,0.4327932934682081,https://doi.org/10.1021/acs.chemmater.0c00703
Rb2Bi8Se12.9805,330.0,-223.2,8106.0,0.74,0.00040382665344,0.1800848589664865,https://doi.org/10.1021/acs.chemmater.0c00703
Rb2Bi8Se12.9805,428.0,-257.2,5455.0,0.619,0.0003608582872,0.2495110612626817,https://doi.org/10.1021/acs.chemmater.0c00703
Rb2Bi8Se12.9805,526.0,-292.4,3598.0,0.55,0.0003076209404799999,0.2941974812590544,https://doi.org/10.1021/acs.chemmater.0c00703
Rb2Bi8Se12.9805,625.0,-275.0,3290.0,0.54,0.00024880625,0.2879701967592593,https://doi.org/10.1021/acs.chemmater.0c00703
Rb2Bi8Se12.9805,724.0,-254.3,3890.0,0.571,0.0002515604261,0.31896628458213666,https://doi.org/10.1021/acs.chemmater.0c00703
Rb2Bi8Se12.9805,823.0,-214.2,7045.0,0.5685,0.00032323615379999994,0.4679390581836411,https://doi.org/10.1021/acs.chemmater.0c00703
Rb2Bi8Se12.9805Cl0.0195,330.0,-112.7,21029.0,0.8,0.00026709542741000004,0.110176863806625,https://doi.org/10.1021/acs.chemmater.0c00703
Rb2Bi8Se12.9805Cl0.0195,428.0,-131.82,14485.0,0.7046,0.000251698782114,0.15289111374509223,https://doi.org/10.1021/acs.chemmater.0c00703
Rb2Bi8Se12.9805Cl0.0195,526.0,-147.42,9412.0,0.6477,0.00020454776203679997,0.1661141312820083,https://doi.org/10.1021/acs.chemmater.0c00703
Rb2Bi8Se12.9805Cl0.0195,625.0,-160.0,9338.0,0.6284,0.0002390528,0.2377593889242521,https://doi.org/10.1021/acs.chemmater.0c00703
Rb2Bi8Se12.9805Cl0.0195,724.0,-169.06,10368.0,0.623,0.0002963307483648,0.34437152779472746,https://doi.org/10.1021/acs.chemmater.0c00703
Rb2Bi8Se12.9805Cl0.0195,823.0,-167.55,12132.0,0.6041,0.00034058166633000003,0.4639938940400431,https://doi.org/10.1021/acs.chemmater.0c00703
Rb2Bi8Se12.9909Cl0.0091,330.0,-160.0,12500.0,0.6599,0.00031999999999999997,0.16002424609789362,https://doi.org/10.1021/acs.chemmater.0c00703
Rb2Bi8Se12.9909Cl0.0091,428.0,-178.62,8603.0,0.59,0.00027447961315320003,0.19911402445689763,https://doi.org/10.1021/acs.chemmater.0c00703
Rb2Bi8Se12.9909Cl0.0091,526.0,-201.26,6176.0,0.537,0.0002501625090176,0.24503813732450205,https://doi.org/10.1021/acs.chemmater.0c00703
Rb2Bi8Se12.9909Cl0.0091,625.0,-200.75,6471.0,0.5208,0.0002607849399375,0.31296195749027933,https://doi.org/10.1021/acs.chemmater.0c00703
Rb2Bi8Se12.9909Cl0.0091,724.0,-195.3,7500.0,0.5208,0.000286065675,0.397679625,https://doi.org/10.1021/acs.chemmater.0c00703
Rb2Bi8Se12.9909Cl0.0091,823.0,-191.2,8750.0,0.53,0.0003198775999999999,0.4967155939622641,https://doi.org/10.1021/acs.chemmater.0c00703
Rb2Bi8Se12.9935,330.0,-220.0,8485.0,0.7117,0.000410674,0.1904207109737249,https://doi.org/10.1021/acs.chemmater.0c00703
Rb2Bi8Se12.9935,428.0,-263.6,5455.0,0.608,0.0003790404568,0.2668245320894737,https://doi.org/10.1021/acs.chemmater.0c00703
Rb2Bi8Se12.9935,526.0,-291.0,4015.0,0.532,0.000339994215,0.33615969377819543,https://doi.org/10.1021/acs.chemmater.0c00703
Rb2Bi8Se12.9935,625.0,-273.0,5000.0,0.534,0.000372645,0.43614817415730334,https://doi.org/10.1021/acs.chemmater.0c00703
Rb2Bi8Se12.9935,724.0,-262.4,5420.0,0.53,0.0003731873792,0.5097880425298112,https://doi.org/10.1021/acs.chemmater.0c00703
Rb2Bi8Se12.9935,823.0,-219.6,7386.0,0.5594,0.00035618364576,0.5240242053279942,https://doi.org/10.1021/acs.chemmater.0c00703
Rb2Bi8Se12.9935Cl0.0065,330.0,-199.25,9559.0,0.6223,0.0003794976769375,0.20124414814297767,https://doi.org/10.1021/acs.chemmater.0c00703
Rb2Bi8Se12.9935Cl0.0065,428.0,-237.48,6029.0,0.5289,0.0003400160081616,0.27515003118390013,https://doi.org/10.1021/acs.chemmater.0c00703
Rb2Bi8Se12.9935Cl0.0065,526.0,-269.69,3676.0,0.477,0.0002673653908636,0.29483059873009143,https://doi.org/10.1021/acs.chemmater.0c00703
Rb2Bi8Se12.9935Cl0.0065,625.0,-260.63,3824.0,0.474,0.0002597566601456,0.342506144706751,https://doi.org/10.1021/acs.chemmater.0c00703
Rb2Bi8Se12.9935Cl0.0065,724.0,-250.0,4007.0,0.495,0.0002504375,0.36629646464646465,https://doi.org/10.1021/acs.chemmater.0c00703
Rb2Bi8Se12.9935Cl0.0065,823.0,-215.35,5441.0,0.485,0.0002523297620225,0.42818019411240715,https://doi.org/10.1021/acs.chemmater.0c00703
Rb2Bi8Se13,330.0,-268.0,1591.0,0.5096,0.000114271984,0.07399873375196231,https://doi.org/10.1021/acs.chemmater.0c00703
Rb2Bi8Se13,428.0,-287.3,1180.0,0.455,9.73987222e-05,0.09161901780571428,https://doi.org/10.1021/acs.chemmater.0c00703
Rb2Bi8Se13,526.0,-306.0,948.0,0.4386,8.8766928e-05,0.10645554976744186,https://doi.org/10.1021/acs.chemmater.0c00703
Rb2Bi8Se13,625.0,-281.0,1023.0,0.445,8.0777103e-05,0.11345098735955055,https://doi.org/10.1021/acs.chemmater.0c00703
Rb2Bi8Se13,724.0,-237.0,1403.0,0.48,7.8805107e-05,0.118864369725,https://doi.org/10.1021/acs.chemmater.0c00703
Rb2Bi8Se13,823.0,-247.3,3220.0,0.503,0.0001969264738,0.3222077294978132,https://doi.org/10.1021/acs.chemmater.0c00703
VFeSb,350.0,-179.6,129819.0,6.747,0.004187462435039999,0.21722422591729654,https://doi.org/10.1021/acs.chemmater.0c01189
VFeSb,400.0,-188.8,113554.0,6.072,0.00404768229376,0.26664573740184455,https://doi.org/10.1021/acs.chemmater.0c01189
VFeSb,500.0,-201.5,86140.0,5.2048,0.003497477815,0.3359858030087612,https://doi.org/10.1021/acs.chemmater.0c01189
VFeSb,550.0,-204.6,75900.0,4.9639,0.0031772620439999995,0.3429,https://doi.org/10.1021/acs.chemmater.0c01189
VFeSb,600.0,-203.8,67200.0,4.867,0.0027911143679999998,0.334,https://doi.org/10.1021/acs.chemmater.0c01189
VFeSb,700.0,-187.2,56024.0,4.723,0.002,0.2778,https://doi.org/10.1021/acs.chemmater.0c01189
VFeSb,800.0,-146.4,51807.0,4.048,0.00111037735872,0.203,https://doi.org/10.1021/acs.chemmater.0c01189
Yb13.43Ce0.44Mn1.07Sb11.07,300.0,28.2,43750.0,0.72,3.479175e-05,0.014496562499999999,https://doi.org/10.1021/acs.chemmater.0c03043
Yb13.43Ce0.44Mn1.07Sb11.07,373.0,64.69,41057.0,0.7312,0.0001718151734777,0.0876464164485532,https://doi.org/10.1021/acs.chemmater.0c03043
Yb13.43Ce0.44Mn1.07Sb11.07,473.0,98.7,33440.0,0.72,0.0003257621136,0.21400761074000002,https://doi.org/10.1021/acs.chemmater.0c03043
Yb13.43Ce0.44Mn1.07Sb11.07,573.0,124.44,27520.0,0.716,0.000426155830272,0.3410437021590168,https://doi.org/10.1021/acs.chemmater.0c03043
Yb13.43Ce0.44Mn1.07Sb11.07,673.0,149.37,22900.0,0.6831,0.00051093098901,0.5033766002104084,https://doi.org/10.1021/acs.chemmater.0c03043
Yb13.43Ce0.44Mn1.07Sb11.07,773.0,173.75,19060.0,0.655,0.00057540353125,0.6790640147423663,https://doi.org/10.1021/acs.chemmater.0c03043
Yb13.43Ce0.44Mn1.07Sb11.07,873.0,196.8,16130.0,0.632,0.0006247187712,0.8629422266734177,https://doi.org/10.1021/acs.chemmater.0c03043
Yb13.43Ce0.44Mn1.07Sb11.07,973.0,217.7,13700.0,0.619,0.0006492880729999999,1.0206095234717283,https://doi.org/10.1021/acs.chemmater.0c03043
Yb13.43Ce0.44Mn1.07Sb11.07,1073.0,232.1,12500.0,0.629,0.0006733801249999999,1.1487072720588234,https://doi.org/10.1021/acs.chemmater.0c03043
Yb13.43Ce0.44Mn1.07Sb11.07,1173.0,238.4,12520.0,0.6883,0.0007115686912,1.2126544744698533,https://doi.org/10.1021/acs.chemmater.0c03043
Yb13.44Ce0.4Mn1.09Sb11.07,300.0,44.13,36727.0,0.75,7.15242495663e-05,0.02860969982652,https://doi.org/10.1021/acs.chemmater.0c03043
Yb13.44Ce0.4Mn1.09Sb11.07,373.0,72.1,34590.0,0.763,0.00017981300189999998,0.08790334168899082,https://doi.org/10.1021/acs.chemmater.0c03043
Yb13.44Ce0.4Mn1.09Sb11.07,473.0,102.6,28150.0,0.742,0.0002963282939999999,0.18889930331805926,https://doi.org/10.1021/acs.chemmater.0c03043
Yb13.44Ce0.4Mn1.09Sb11.07,573.0,130.5,23502.0,0.739,0.0004002449355,0.3103387659560216,https://doi.org/10.1021/acs.chemmater.0c03043
Yb13.44Ce0.4Mn1.09Sb11.07,673.0,156.3,19810.0,0.715,0.00048395215890000004,0.4555241999156644,https://doi.org/10.1021/acs.chemmater.0c03043
Yb13.44Ce0.4Mn1.09Sb11.07,773.0,180.0,16420.0,0.677,0.0005320079999999999,0.607447834564254,https://doi.org/10.1021/acs.chemmater.0c03043
Yb13.44Ce0.4Mn1.09Sb11.07,873.0,199.05,13840.0,0.6636,0.0005483532906,0.72138701430651,https://doi.org/10.1021/acs.chemmater.0c03043
Yb13.44Ce0.4Mn1.09Sb11.07,973.0,215.0,11800.0,0.645,0.000545455,0.8228336666666666,https://doi.org/10.1021/acs.chemmater.0c03043
Yb13.44Ce0.4Mn1.09Sb11.07,1073.0,224.28,11340.0,0.656,0.0005704192186560001,0.9330180207589756,https://doi.org/10.1021/acs.chemmater.0c03043
Yb13.44Ce0.4Mn1.09Sb11.07,1173.0,230.4,11750.0,0.726,0.0006237388799999999,1.007776454876033,https://doi.org/10.1021/acs.chemmater.0c03043
Yb13.49Ce0.39Mn1.05Sb11.08,300.0,40.0,43723.0,0.7688,6.99568e-05,0.027298439125910512,https://doi.org/10.1021/acs.chemmater.0c03043
Yb13.49Ce0.39Mn1.05Sb11.08,473.0,98.4,33007.0,0.774,0.00031959225792,0.19530637984000002,https://doi.org/10.1021/acs.chemmater.0c03043
Yb13.49Ce0.39Mn1.05Sb11.08,573.0,125.4,27151.0,0.7584,0.00042695381916,0.32257982381155065,https://doi.org/10.1021/acs.chemmater.0c03043
Yb13.49Ce0.39Mn1.05Sb11.08,673.0,149.375,22616.0,0.7338,0.000504628334375,0.4628166653507427,https://doi.org/10.1021/acs.chemmater.0c03043
Yb13.49Ce0.39Mn1.05Sb11.08,873.0,191.0,15850.0,0.677,0.00057822385,0.7456269144017724,https://doi.org/10.1021/acs.chemmater.0c03043
Yb13.49Ce0.39Mn1.05Sb11.08,973.0,209.06,13521.0,0.648,0.0005909499563556,0.8873368943425907,https://doi.org/10.1021/acs.chemmater.0c03043
Yb13.49Ce0.39Mn1.05Sb11.08,1073.0,222.81,12393.0,0.662,0.0006152417615673,0.9972120999421644,https://doi.org/10.1021/acs.chemmater.0c03043
Yb13.49Ce0.39Mn1.05Sb11.08,1173.0,228.7,12270.0,0.71,0.0006417662762999999,1.0602702001407043,https://doi.org/10.1021/acs.chemmater.0c03043
Yb13.6Ce0.363Mn0.99Sb11.05,300.0,31.25,49029.0,0.8571,4.7879882812499996e-05,0.01675879692422121,https://doi.org/10.1021/acs.chemmater.0c03043
Yb13.6Ce0.363Mn0.99Sb11.05,373.0,59.37,46330.0,0.8766,0.000163303840377,0.06948703223890143,https://doi.org/10.1021/acs.chemmater.0c03043
Yb13.6Ce0.363Mn0.99Sb11.05,473.0,87.94,37828.0,0.874,0.0002925407045008,0.15832008378590207,https://doi.org/10.1021/acs.chemmater.0c03043
Yb13.6Ce0.363Mn0.99Sb11.05,573.0,113.97,31077.0,0.8623,0.00040366415328929996,0.2682356022669244,https://doi.org/10.1021/acs.chemmater.0c03043
Yb13.6Ce0.363Mn0.99Sb11.05,673.0,138.73,25897.0,0.83247,0.0004984139960712999,0.4029365855297907,https://doi.org/10.1021/acs.chemmater.0c03043
Yb13.6Ce0.363Mn0.99Sb11.05,773.0,161.59,21627.0,0.7844,0.0005647096928187,0.556502540220366,https://doi.org/10.1021/acs.chemmater.0c03043
Yb13.6Ce0.363Mn0.99Sb11.05,873.0,180.0,18149.0,0.77532,0.0005880276,0.6621112505804055,https://doi.org/10.1021/acs.chemmater.0c03043
Yb13.6Ce0.363Mn0.99Sb11.05,973.0,196.25,15396.0,0.74026,0.00059296250625,0.7793917253144165,https://doi.org/10.1021/acs.chemmater.0c03043
Yb13.6Ce0.363Mn0.99Sb11.05,1073.0,210.625,13686.0,0.74286,0.00060715052109375,0.8769788508381038,https://doi.org/10.1021/acs.chemmater.0c03043
Yb13.6Ce0.363Mn0.99Sb11.05,1173.0,221.25,12999.0,0.77013,0.0006363213609375,0.969193456143362,https://doi.org/10.1021/acs.chemmater.0c03043
Gd2.75Se4,350.0,-93.12,7107.0,0.8792,6.162717358080001e-05,0.024533110501910833,https://doi.org/10.1021/acs.chemmater.0c03581
Gd2.75Se4,450.0,-122.1,7610.0,0.8377,0.00011345300009999998,0.060945266855676236,https://doi.org/10.1021/acs.chemmater.0c03581
Gd2.75Se4,550.0,-147.0,7230.0,0.8113,0.00015623307,0.10591419758412424,https://doi.org/10.1021/acs.chemmater.0c03581
Gd2.75Se4,650.0,-168.8,5720.0,0.789,0.0001629824768,0.1342694675792142,https://doi.org/10.1021/acs.chemmater.0c03581
Gd2.75Se4,750.0,-187.32,4780.0,0.765,0.00016772437987199997,0.16443566654117645,https://doi.org/10.1021/acs.chemmater.0c03581
Gd2.75Se4,850.0,-202.9,4340.0,0.7434,0.0001786708994,0.2042914507532957,https://doi.org/10.1021/acs.chemmater.0c03581
Gd2.79Se4,350.0,-65.6,19310.0,1.2943,8.309788159999999e-05,0.022471033423472144,https://doi.org/10.1021/acs.chemmater.0c03581
Gd2.79Se4,450.0,-86.2,19360.0,1.283,0.00014385331840000002,0.05045517792673422,https://doi.org/10.1021/acs.chemmater.0c03581
Gd2.79Se4,550.0,-104.7,19937.0,1.268,0.00021855118833000002,0.09479743973304415,https://doi.org/10.1021/acs.chemmater.0c03581
Gd2.79Se4,650.0,-122.0,18170.0,1.264,0.00027044228,0.139072375,https://doi.org/10.1021/acs.chemmater.0c03581
Gd2.79Se4,750.0,-137.0,15440.0,1.255,0.00028979336,0.17,https://doi.org/10.1021/acs.chemmater.0c03581
Gd2.79Se4,850.0,-150.4,15130.0,1.26,0.00034224302080000006,0.23087822831746035,https://doi.org/10.1021/acs.chemmater.0c03581
Gd2.84Se4,350.0,-58.5,35100.0,1.283,0.000120120975,0.032768777279812936,https://doi.org/10.1021/acs.chemmater.0c03581
Gd2.84Se4,450.0,-77.9,31600.0,1.287,0.00019176175600000002,0.06704956503496505,https://doi.org/10.1021/acs.chemmater.0c03581
Gd2.84Se4,550.0,-95.7,28734.0,1.2717,0.00026316005166,0.11381460125265391,https://doi.org/10.1021/acs.chemmater.0c03581
Gd2.84Se4,650.0,-111.96,25696.0,1.265,0.0003221004289536,0.16550614926469565,https://doi.org/10.1021/acs.chemmater.0c03581
Gd2.84Se4,750.0,-126.5,23040.0,1.2566,0.00036869184,0.22005322298265156,https://doi.org/10.1021/acs.chemmater.0c03581
Gd2.84Se4,850.0,-139.0,21582.0,1.29,0.000416985822,0.27475809976744187,https://doi.org/10.1021/acs.chemmater.0c03581
Gd2Se2.92,350.0,-81.16,35380.0,1.913,0.00023304613532799996,0.04263781880020909,https://doi.org/10.1021/acs.chemmater.0c03581
Gd2Se2.92,450.0,-99.46,30316.0,1.6038,0.00029989471214559996,0.08414554212839505,https://doi.org/10.1021/acs.chemmater.0c03581
Gd2Se2.92,550.0,-115.58,25380.0,1.4,0.000339044729832,0.13319614386257145,https://doi.org/10.1021/acs.chemmater.0c03581
Gd2Se2.92,650.0,-131.16,21329.0,1.2453,0.00036692162670239997,0.1915193586738617,https://doi.org/10.1021/acs.chemmater.0c03581
Gd2Se2.92,750.0,-145.29,17799.0,1.125,0.00037572236779589996,0.2504815785306,https://doi.org/10.1021/acs.chemmater.0c03581
Gd2Se2.92,850.0,-157.97,15031.0,1.022,0.00037509140364789997,0.3119644746582338,https://doi.org/10.1021/acs.chemmater.0c03581
Gd2Se2.94,350.0,-84.7,35600.0,2.13,0.000255397604,0.04196674244131455,https://doi.org/10.1021/acs.chemmater.0c03581
Gd2Se2.94,450.0,-109.4,30650.0,1.774,0.000366830234,0.0930516377113867,https://doi.org/10.1021/acs.chemmater.0c03581
Gd2Se2.94,550.0,-130.4,24850.0,1.532,0.000422553376,0.15169997180156658,https://doi.org/10.1021/acs.chemmater.0c03581
Gd2Se2.94,650.0,-147.8,20300.0,1.374,0.00044345025200000004,0.20978359810771469,https://doi.org/10.1021/acs.chemmater.0c03581
Gd2Se2.94,750.0,-162.3,18300.0,1.253,0.000482045607,0.2885348804868317,https://doi.org/10.1021/acs.chemmater.0c03581
Gd2Se2.94,850.0,-172.83,15250.0,1.162,0.00045552068572500006,0.33321220556475917,https://doi.org/10.1021/acs.chemmater.0c03581
Gd2Se2.98,350.0,-123.55,41835.0,2.03,0.0006385946455874999,0.1101025251012931,https://doi.org/10.1021/acs.chemmater.0c03581
Gd2Se2.98,450.0,-147.46,34430.0,1.71,0.0007486614685880002,0.19701617594421056,https://doi.org/10.1021/acs.chemmater.0c03581
Gd2Se2.98,550.0,-167.2,28600.0,1.5057,0.0007995370239999999,0.2920537711363485,https://doi.org/10.1021/acs.chemmater.0c03581
Gd2Se2.98,650.0,-183.8,24060.0,1.358,0.0008128055064,0.38904534547864505,https://doi.org/10.1021/acs.chemmater.0c03581
Gd2Se2.98,750.0,-196.38,20127.0,1.237,0.0007761998562587999,0.4706143025012933,https://doi.org/10.1021/acs.chemmater.0c03581
Gd2Se2.98,850.0,-205.8,16918.0,1.117,0.0007165388815200001,0.5452623538871979,https://doi.org/10.1021/acs.chemmater.0c03581
Sn0.965Pb0.01Cd0.025Se,300.0,314.57,2286.0,1.016,0.0002262094952814,0.0667941423075,https://doi.org/10.1021/acs.chemmater.0c03657
Sn0.965Pb0.01Cd0.025Se,373.0,336.0,3317.0,0.7826,0.000374476032,0.17848142082289803,https://doi.org/10.1021/acs.chemmater.0c03657
Sn0.965Pb0.01Cd0.025Se,423.0,347.7,3587.0,0.6957,0.00043365140522999996,0.26366903034683054,https://doi.org/10.1021/acs.chemmater.0c03657
Sn0.965Pb0.01Cd0.025Se,473.0,360.0,3349.0,0.6236,0.0004340304,0.3292116407953816,https://doi.org/10.1021/acs.chemmater.0c03657
Sn0.965Pb0.01Cd0.025Se,573.0,392.7,2460.0,0.4969,0.00037936469339999994,0.4374642167804387,https://doi.org/10.1021/acs.chemmater.0c03657
Sn0.965Pb0.01Cd0.025Se,673.0,409.93,1762.0,0.405,0.0002960910698338,0.4920229382670306,https://doi.org/10.1021/acs.chemmater.0c03657
Sn0.965Pb0.01Cd0.025Se,723.0,385.1,2635.0,0.41,0.00039077579635,0.6890997579537805,https://doi.org/10.1021/acs.chemmater.0c03657
Sn0.965Pb0.01Cd0.025Se,823.0,298.34,7603.0,0.4248,0.0006767183628267998,1.3110621765688708,https://doi.org/10.1021/acs.chemmater.0c03657
Sn0.965Pb0.01Cd0.025Se,873.0,310.6,7413.0,0.4149,0.0007151496046800001,1.5047616410837312,https://doi.org/10.1021/acs.chemmater.0c03657
Sn0.96Pb0.01Cd0.035Se,300.0,313.58,2508.0,0.8845,0.00024661770033119996,0.08364647834862633,https://doi.org/10.1021/acs.chemmater.0c03657
Sn0.96Pb0.01Cd0.035Se,373.0,331.0,3651.0,0.6708,0.000400007211,0.2224249995572451,https://doi.org/10.1021/acs.chemmater.0c03657
Sn0.96Pb0.01Cd0.035Se,423.0,342.05,3889.0,0.5739,0.0004550060095225,0.33536773310335866,https://doi.org/10.1021/acs.chemmater.0c03657
Sn0.96Pb0.01Cd0.035Se,473.0,357.0,3651.0,0.5068,0.000465316299,0.43428297045580105,https://doi.org/10.1021/acs.chemmater.0c03657
Sn0.96Pb0.01Cd0.035Se,573.0,390.67,2698.0,0.4149,0.00041177698593220007,0.5686869436952293,https://doi.org/10.1021/acs.chemmater.0c03657
Sn0.96Pb0.01Cd0.035Se,673.0,408.0,2048.0,0.33789,0.000340918272,0.679031628802273,https://doi.org/10.1021/acs.chemmater.0c03657
Sn0.96Pb0.01Cd0.035Se,723.0,377.33,3238.0,0.3379,0.00046101973377819994,0.9864376073442989,https://doi.org/10.1021/acs.chemmater.0c03657
Sn0.96Pb0.01Cd0.035Se,823.0,283.77,8864.0,0.3553,0.0007137772599456,1.6533596536313782,https://doi.org/10.1021/acs.chemmater.0c03657
Sn0.96Pb0.01Cd0.035Se,873.0,294.04,8707.0,0.3429,0.0007528030545712,1.9165852045513494,https://doi.org/10.1021/acs.chemmater.0c03657
Sn0.975Pb0.01Cd0.015Se,300.0,312.9,1587.0,1.2373,0.00015537747266999998,0.03767335472480401,https://doi.org/10.1021/acs.chemmater.0c03657
Sn0.975Pb0.01Cd0.015Se,373.0,344.37,2416.0,0.964,0.00028651512371040004,0.11086114226553861,https://doi.org/10.1021/acs.chemmater.0c03657
Sn0.975Pb0.01Cd0.015Se,423.0,356.33,2720.0,0.852,0.0003453613074079999,0.1714645927624225,https://doi.org/10.1021/acs.chemmater.0c03657
Sn0.975Pb0.01Cd0.015Se,473.0,370.33,2512.0,0.7627,0.0003445065039567999,0.21365094581298855,https://doi.org/10.1021/acs.chemmater.0c03657
Sn0.975Pb0.01Cd0.015Se,573.0,400.0,1746.0,0.6236,0.00027936,0.2566922386144964,https://doi.org/10.1021/acs.chemmater.0c03657
Sn0.975Pb0.01Cd0.015Se,673.0,423.33,1428.6,0.5217,0.00025601696152253994,0.3302653155159466,https://doi.org/10.1021/acs.chemmater.0c03657
Sn0.975Pb0.01Cd0.015Se,723.0,400.2,2127.0,0.5193,0.00034066040508,0.4742874501691508,https://doi.org/10.1021/acs.chemmater.0c03657
Sn0.975Pb0.01Cd0.015Se,823.0,314.0,6254.0,0.5342,0.000616619384,0.9499770741894421,https://doi.org/10.1021/acs.chemmater.0c03657
Sn0.975Pb0.01Cd0.015Se,873.0,322.52,6032.0,0.5242,0.0006274435152127999,1.0449412223975092,https://doi.org/10.1021/acs.chemmater.0c03657
Sn0.97Pb0.01Cd0.025Se,300.0,314.24,2095.0,1.1304,0.000206874499072,0.05490299869214437,https://doi.org/10.1021/acs.chemmater.0c03657
Sn0.97Pb0.01Cd0.025Se,373.0,337.0,2889.0,0.877,0.000328100841,0.13954573967274803,https://doi.org/10.1021/acs.chemmater.0c03657
Sn0.97Pb0.01Cd0.025Se,423.0,350.0,3111.0,0.7876,0.0003810975,0.2046778091670899,https://doi.org/10.1021/acs.chemmater.0c03657
Sn0.97Pb0.01Cd0.025Se,473.0,365.33,2873.0,0.7031,0.0003834478435696999,0.257958796769262,https://doi.org/10.1021/acs.chemmater.0c03657
Sn0.97Pb0.01Cd0.025Se,573.0,395.67,2079.0,0.564,0.0003254773229631,0.33067111003166016,https://doi.org/10.1021/acs.chemmater.0c03657
Sn0.97Pb0.01Cd0.025Se,673.0,415.67,1651.0,0.477,0.0002852623372339,0.4024770502272845,https://doi.org/10.1021/acs.chemmater.0c03657
Sn0.97Pb0.01Cd0.025Se,723.0,398.0,2333.0,0.482,0.000369556532,0.554334798,https://doi.org/10.1021/acs.chemmater.0c03657
Sn0.97Pb0.01Cd0.025Se,823.0,305.67,7016.0,0.497,0.0006555339886824001,1.0855220778382602,https://doi.org/10.1021/acs.chemmater.0c03657
Sn0.97Pb0.01Cd0.025Se,873.0,315.0,6857.0,0.477,0.000680385825,1.2452344344339623,https://doi.org/10.1021/acs.chemmater.0c03657
SnSe,300.0,332.4,1174.0,1.4,0.000126,0.02779606676571428,https://doi.org/10.1021/acs.chemmater.0c03657
SnSe,373.0,349.0,2047.0,1.146,0.000249326647,0.08115081966055847,https://doi.org/10.1021/acs.chemmater.0c03657
SnSe,423.0,362.58,2365.0,1.024,0.00031091296638599997,0.12843377420046678,https://doi.org/10.1021/acs.chemmater.0c03657
SnSe,473.0,375.83,2222.0,0.902,0.0003138534757358,0.1645817006907244,https://doi.org/10.1021/acs.chemmater.0c03657
SnSe,573.0,411.33,1556.0,0.728,0.0002632633260084,0.20721138159727087,https://doi.org/10.1021/acs.chemmater.0c03657
SnSe,673.0,431.0,1143.0,0.6186,0.000212324823,0.2309967763967022,https://doi.org/10.1021/acs.chemmater.0c03657
SnSe,723.0,418.33,1540.0,0.6062,0.000269499982906,0.3214260766100924,https://doi.org/10.1021/acs.chemmater.0c03657
SnSe,823.0,325.33,5302.0,0.6385,0.0005611616063878,0.7233140204497407,https://doi.org/10.1021/acs.chemmater.0c03657
SnSe,873.0,332.0,5238.0,0.641,0.000577353312,0.7863173812418097,https://doi.org/10.1021/acs.chemmater.0c03657
Ca10GaSb9,398.0,32.46,203.0,0.6767,2.1389127480000005e-07,0.00012579980400531996,https://doi.org/10.1021/acs.chemmater.0c04940
Ca10GaSb9,473.0,45.9,314.0,0.6478,6.6153834e-07,0.0004830312362148811,https://doi.org/10.1021/acs.chemmater.0c04940
Ca10GaSb9,573.0,64.93,500.0,0.6031,2.10795245e-06,0.002002747063256508,https://doi.org/10.1021/acs.chemmater.0c04940
Ca10GaSb9,673.0,85.82,727.0,0.6132,5.354407634799999e-06,0.005876575894031963,https://doi.org/10.1021/acs.chemmater.0c04940
Ca10InSb9,398.0,125.94,2218.0,0.791,3.51794398248e-05,0.017700906511087737,https://doi.org/10.1021/acs.chemmater.0c04940
Ca10InSb9,573.0,178.57,3577.0,0.72,0.00011406067500729999,0.09077328719330958,https://doi.org/10.1021/acs.chemmater.0c04940
Ca10InSb9,673.0,195.11,4016.0,0.712,0.00015288073499360004,0.14450664979029892,https://doi.org/10.1021/acs.chemmater.0c04940
Ca10InSb9,772.0,209.0,4250.0,0.72,0.00018564425,0.1990518902777778,https://doi.org/10.1021/acs.chemmater.0c04940
Ca10MnSb9,373.0,10.82,7.38,0.727,8.63994312e-10,4.432873155103164e-07,https://doi.org/10.1021/acs.chemmater.0c04940
Ca10MnSb9,473.0,32.09,9.57,0.6553,9.854880717000002e-09,7.113319974272854e-06,https://doi.org/10.1021/acs.chemmater.0c04940
Ca10MnSb9,573.0,75.0,17.34,0.6195,9.75375e-08,9.021628329297819e-05,https://doi.org/10.1021/acs.chemmater.0c04940
Ca10ZnSb9,373.0,19.4,37.35,0.6428,1.4057045999999998e-08,8.156935528935903e-06,https://doi.org/10.1021/acs.chemmater.0c04940
Ca10ZnSb9,473.0,32.46,35.77,0.5956,3.7689117732000005e-08,2.9931082416447282e-05,https://doi.org/10.1021/acs.chemmater.0c04940
Ca10ZnSb9,573.0,61.2,41.94,0.581,1.5708375360000003e-07,0.0001549208103490534,https://doi.org/10.1021/acs.chemmater.0c04940
Ge0.87Mn0.05Sb0.08Te,298.0,92.58,114433.0,2.01,0.0009808116970212,0.1454138734887152,https://doi.org/10.1021/acs.chemmater.1c00331
Ge0.87Mn0.05Sb0.08Te,398.0,124.03,95876.0,1.86,0.0014749027797284,0.31559747652252856,https://doi.org/10.1021/acs.chemmater.1c00331
Ge0.87Mn0.05Sb0.08Te,498.0,163.6,85600.0,1.665,0.002291080576,0.7,https://doi.org/10.1021/acs.chemmater.1c00331
Ge0.87Mn0.05Sb0.08Te,598.0,192.9,82474.0,1.617,0.0030688913543400003,1.1349394124275325,https://doi.org/10.1021/acs.chemmater.1c00331
Ge0.87Mn0.05Sb0.08Te,648.0,202.0,79900.0,1.543,0.0032602396,1.3691738566429035,https://doi.org/10.1021/acs.chemmater.1c00331
Ge0.87Mn0.05Sb0.08Te,698.0,210.0,76289.0,1.489,0.0033643449,1.5771072801880457,https://doi.org/10.1021/acs.chemmater.1c00331
Ge0.87Mn0.05Sb0.08Te,773.0,213.9,70103.0,1.49,0.00320743728063,1.6639926294812013,https://doi.org/10.1021/acs.chemmater.1c00331
Ge0.95Mn0.05Te,298.0,45.16,379381.0,4.7914,0.0007737193235535999,0.04812129198542655,https://doi.org/10.1021/acs.chemmater.1c00331
Ge0.95Mn0.05Te,398.0,56.77,306186.0,4.2888,0.0009867863143194,0.09157362271477365,https://doi.org/10.1021/acs.chemmater.1c00331
Ge0.95Mn0.05Te,498.0,88.39,228866.0,3.508,0.0017880824767586,0.25383839037223,https://doi.org/10.1021/acs.chemmater.1c00331
Ge0.95Mn0.05Te,598.0,124.52,187629.0,2.7914,0.0029092308747215995,0.6232428398235712,https://doi.org/10.1021/acs.chemmater.1c00331
Ge0.95Mn0.05Te,648.0,140.32,160825.0,2.5455,0.0031665963884799993,0.806110571492846,https://doi.org/10.1021/acs.chemmater.1c00331
Ge0.95Mn0.05Te,698.0,154.19,140200.0,2.3957,0.00333319276522,0.9711435280392201,https://doi.org/10.1021/acs.chemmater.1c00331
Ge0.95Mn0.05Te,773.0,159.0,131900.0,2.4813,0.0033345639,1.0388175128763146,https://doi.org/10.1021/acs.chemmater.1c00331
Ge0.96Mn0.02Sb0.02Te,298.0,54.19,325773.0,4.545,0.0009566506903652999,0.06272429168951801,https://doi.org/10.1021/acs.chemmater.1c00331
Ge0.96Mn0.02Sb0.02Te,398.0,77.1,242268.0,3.7754,0.0014401403218799996,0.15181857501410181,https://doi.org/10.1021/acs.chemmater.1c00331
Ge0.96Mn0.02Sb0.02Te,498.0,114.52,165979.0,2.92,0.0021767864349615997,0.3712464536338619,https://doi.org/10.1021/acs.chemmater.1c00331
Ge0.96Mn0.02Sb0.02Te,598.0,163.64,113402.0,2.0107,0.0030366843807391997,0.9031368477057946,https://doi.org/10.1021/acs.chemmater.1c00331
Ge0.96Mn0.02Sb0.02Te,648.0,186.04,100000.0,1.8075,0.00346108816,1.2408216474024896,https://doi.org/10.1021/acs.chemmater.1c00331
Ge0.96Mn0.02Sb0.02Te,698.0,187.0,100000.0,1.786,0.0034969,1.36664960806271,https://doi.org/10.1021/acs.chemmater.1c00331
Ge0.96Mn0.02Sb0.02Te,773.0,178.9,109278.0,2.1711,0.00349746533838,1.2452400656661322,https://doi.org/10.1021/acs.chemmater.1c00331
Ge0.98Mn0.01Sb0.01Te,298.0,35.16,507216.0,6.0749,0.0006270334039295999,0.030758688105322025,https://doi.org/10.1021/acs.chemmater.1c00331
Ge0.98Mn0.01Sb0.01Te,398.0,51.61,383505.0,5.1872,0.0010215008883104999,0.07837703453647035,https://doi.org/10.1021/acs.chemmater.1c00331
Ge0.98Mn0.01Sb0.01Te,498.0,73.55,262887.0,3.8289,0.0014221141724175,0.18496509646737055,https://doi.org/10.1021/acs.chemmater.1c00331
Ge0.98Mn0.01Sb0.01Te,598.0,106.13,172165.0,2.6096,0.0019391937169884997,0.4443737901437472,https://doi.org/10.1021/acs.chemmater.1c00331
Ge0.98Mn0.01Sb0.01Te,648.0,130.0,140206.0,2.2353,0.0023694814,0.6868983792779492,https://doi.org/10.1021/acs.chemmater.1c00331
Ge0.98Mn0.01Sb0.01Te,698.0,147.42,143299.0,2.1497,0.0031142679294636,1.0111918010725183,https://doi.org/10.1021/acs.chemmater.1c00331
Ge0.98Mn0.01Sb0.01Te,773.0,147.74,143300.0,2.6738,0.0031278245190800003,0.9042592390039794,https://doi.org/10.1021/acs.chemmater.1c00331
Ge0.98Mn0.02Te,298.0,41.6,475258.0,5.8503,0.0008224624844800001,0.04189423112917971,https://doi.org/10.1021/acs.chemmater.1c00331
Ge0.98Mn0.02Te,398.0,51.6,377320.0,5.1337,0.0010046371392,0.0778864330602879,https://doi.org/10.1021/acs.chemmater.1c00331
Ge0.98Mn0.02Te,498.0,72.9,273196.0,4.0,0.00145187555436,0.18075850651782,https://doi.org/10.1021/acs.chemmater.1c00331
Ge0.98Mn0.02Te,598.0,109.68,190722.0,3.0267,0.0022943289011328003,0.45330184123877976,https://doi.org/10.1021/acs.chemmater.1c00331
Ge0.98Mn0.02Te,648.0,130.65,148454.0,2.706,0.002534024047815,0.6068172886120178,https://doi.org/10.1021/acs.chemmater.1c00331
Ge0.98Mn0.02Te,698.0,145.16,137113.0,2.385,0.0028891663782927997,0.8455505794752095,https://doi.org/10.1021/acs.chemmater.1c00331
Ge0.99Mn0.01Te,298.0,32.58,589691.0,6.781,0.0006259312859723998,0.02750737696796566,https://doi.org/10.1021/acs.chemmater.1c00331
Ge0.99Mn0.01Te,398.0,43.87,432990.0,5.9144,0.0008333225519309999,0.05607709584548525,https://doi.org/10.1021/acs.chemmater.1c00331
Ge0.99Mn0.01Te,498.0,63.23,300000.0,4.4064,0.00119940987,0.13555422005718956,https://doi.org/10.1021/acs.chemmater.1c00331
Ge0.99Mn0.01Te,648.0,144.84,136082.0,2.4706,0.0028548133288992,0.748773187536097,https://doi.org/10.1021/acs.chemmater.1c00331
Ge0.9Mn0.05Sb0.05Te,298.0,75.5,162900.0,2.941,0.00095,0.09408843116286976,https://doi.org/10.1021/acs.chemmater.1c00331
Ge0.9Mn0.05Sb0.05Te,398.0,92.3,136082.0,2.61,0.001183,0.17678550370438315,https://doi.org/10.1021/acs.chemmater.1c00331
Ge0.9Mn0.05Sb0.05Te,498.0,133.23,100000.0,2.0856,0.00177502329,0.4238404288550057,https://doi.org/10.1021/acs.chemmater.1c00331
Ge0.9Mn0.05Sb0.05Te,598.0,175.0,93814.0,1.7754,0.00287305375,0.9677177776839021,https://doi.org/10.1021/acs.chemmater.1c00331
Ge0.9Mn0.05Sb0.05Te,648.0,189.0,86700.0,1.7112,0.0030970107,1.1727810504908835,https://doi.org/10.1021/acs.chemmater.1c00331
Ge0.9Mn0.05Sb0.05Te,698.0,198.4,79381.0,1.69,0.0031246393753600007,1.2905315289948405,https://doi.org/10.1021/acs.chemmater.1c00331
Ge0.9Mn0.05Sb0.05Te,773.0,200.65,73196.0,1.7,0.00294690188531,1.3399736219674294,https://doi.org/10.1021/acs.chemmater.1c00331
GeTe,298.0,27.1,741237.0,8.043,0.0005443718651700001,0.02016944123096606,https://doi.org/10.1021/acs.chemmater.1c00331
GeTe,398.0,36.45,538144.0,6.727,0.00071497946376,0.042301445901067346,https://doi.org/10.1021/acs.chemmater.1c00331
GeTe,498.0,56.45,368041.0,4.9626,0.0011728003707025,0.11769124745291683,https://doi.org/10.1021/acs.chemmater.1c00331
GeTe,598.0,89.35,243299.0,3.38,0.0019423587108274997,0.3436480796079422,https://doi.org/10.1021/acs.chemmater.1c00331
GeTe,648.0,117.1,192784.0,2.813,0.0026435332494399995,0.608961800795279,https://doi.org/10.1021/acs.chemmater.1c00331
GeTe,698.0,142.58,162887.0,2.514,0.0033113390098268008,0.9193773384483321,https://doi.org/10.1021/acs.chemmater.1c00331
Cu26Ti2Sb3Ge3S32,308.0,67.01,158333.0,1.9948,0.0007109690190533,0.10977464300602388,https://doi.org/10.1021/acs.chemmater.1c00872
Cu26Ti2Sb3Ge3S32,400.0,85.05,139024.0,1.861,0.0010056304515599999,0.21614840441912944,https://doi.org/10.1021/acs.chemmater.1c00872
Cu26Ti2Sb3Ge3S32,498.0,103.61,111765.0,1.747,0.0011998008626565,0.34201535752887063,https://doi.org/10.1021/acs.chemmater.1c00872
Cu26Ti2Sb3Ge3S32,596.0,123.2,89063.0,1.583,0.0013518195891200002,0.493,https://doi.org/10.1021/acs.chemmater.1c00872
Cu26Ti2Sb3Ge3S32,677.0,139.7,70370.0,1.4588,0.0013733472532999997,0.6373430836880312,https://doi.org/10.1021/acs.chemmater.1c00872
Cu26Ti2Sb4Ge2S32,308.0,115.98,59375.0,1.299,0.00079867452375,0.18937009493071597,https://doi.org/10.1021/acs.chemmater.1c00872
Cu26Ti2Sb4Ge2S32,400.0,136.6,53271.0,1.1186,0.00099401342076,0.35544910450920786,https://doi.org/10.1021/acs.chemmater.1c00872
Cu26Ti2Sb4Ge2S32,498.0,159.79,44882.0,1.0258,0.0011459651088961999,0.5563371263699625,https://doi.org/10.1021/acs.chemmater.1c00872
Cu26Ti2Sb4Ge2S32,596.0,180.93,36306.0,0.9433,0.0011885010498594,0.7509240175089604,https://doi.org/10.1021/acs.chemmater.1c00872
Cu26Ti2Sb4Ge2S32,677.0,200.0,30159.0,0.902,0.00120636,0.9054387139689579,https://doi.org/10.1021/acs.chemmater.1c00872
Ca3.2Yb1.65Pr0.15Al2Sb6,323.0,46.4,2570.0,1.47,5.5331072e-06,0.0012157779765986395,https://doi.org/10.1021/acs.chemmater.1c01318
Ca3.2Yb1.65Pr0.15Al2Sb6,423.0,48.3,3000.0,1.46,6.99867e-06,0.0020276968561643836,https://doi.org/10.1021/acs.chemmater.1c01318
Ca3.2Yb1.65Pr0.15Al2Sb6,523.0,48.8,3750.0,1.455,8.930399999999998e-06,0.003210033814432989,https://doi.org/10.1021/acs.chemmater.1c01318
Ca3.2Yb1.65Pr0.15Al2Sb6,623.0,51.22,4000.0,1.4555,1.04939536e-05,0.004491743794434902,https://doi.org/10.1021/acs.chemmater.1c01318
Ca3.2Yb1.65Pr0.15Al2Sb6,723.0,55.4,4200.0,1.492,1.2890472e-05,0.00616,https://doi.org/10.1021/acs.chemmater.1c01318
Ca3.2Yb1.65Pr0.15Al2Sb6,823.0,59.45,3688.0,1.502,1.303450762e-05,0.0076,https://doi.org/10.1021/acs.chemmater.1c01318
Ca3.3Yb1.5Sm0.2Al2Sb6,323.0,56.2,7960.0,1.21,2.5141182400000003e-05,0.006711241252231405,https://doi.org/10.1021/acs.chemmater.1c01318
Ca3.3Yb1.5Sm0.2Al2Sb6,423.0,68.9,7950.0,1.192,3.7740319500000005e-05,0.013392747607802017,https://doi.org/10.1021/acs.chemmater.1c01318
Ca3.3Yb1.5Sm0.2Al2Sb6,523.0,76.7,8370.0,1.19,4.92397893e-05,0.021640680507478992,https://doi.org/10.1021/acs.chemmater.1c01318
Ca3.3Yb1.5Sm0.2Al2Sb6,623.0,82.9,9120.0,1.224,6.267637920000001e-05,0.031901457713725496,https://doi.org/10.1021/acs.chemmater.1c01318
Ca3.3Yb1.5Sm0.2Al2Sb6,723.0,88.6,9420.0,1.26,7.394662319999999e-05,0.042,https://doi.org/10.1021/acs.chemmater.1c01318
Ca3.3Yb1.5Sm0.2Al2Sb6,823.0,92.0,8900.0,1.285,7.53296e-05,0.049,https://doi.org/10.1021/acs.chemmater.1c01318
Ca3.3Yb1.5Sm0.2Al2Sb6,323.0,-79.17,146.0,0.96875,9.151117794e-07,0.0003051159790928516,https://doi.org/10.1021/acs.chemmater.1c01318
Ca3.3Yb1.5Sm0.2Al2Sb6,423.0,-108.33,354.0,0.8973,4.1543276706e-06,0.001958409232880642,https://doi.org/10.1021/acs.chemmater.1c01318
Ca3.3Yb1.5Sm0.2Al2Sb6,523.0,-111.0,729.0,0.853,8.982009e-06,0.0055071403364595544,https://doi.org/10.1021/acs.chemmater.1c01318
Ca3.3Yb1.5Sm0.2Al2Sb6,623.0,-99.0,1104.0,0.825,1.0820304e-05,0.0083,https://doi.org/10.1021/acs.chemmater.1c01318
Ca3.3Yb1.5Sm0.2Al2Sb6,723.0,-66.7,1458.0,0.84375,6.48648162e-06,0.0066,https://doi.org/10.1021/acs.chemmater.1c01318
Ca3.3Yb1.5Sm0.2Al2Sb6,823.0,-23.2,1792.0,0.8795,9.6452608e-07,0.00188,https://doi.org/10.1021/acs.chemmater.1c01318
Ca3.46Yb1.35Pr0.19Al2Sb6,323.0,-119.64,271.0,1.6473,3.879020721600001e-06,0.0007605922983529412,https://doi.org/10.1021/acs.chemmater.1c01318
Ca3.46Yb1.35Pr0.19Al2Sb6,423.0,-141.07,667.0,1.4464,1.3273796848299999e-05,0.0038819248249660535,https://doi.org/10.1021/acs.chemmater.1c01318
Ca3.46Yb1.35Pr0.19Al2Sb6,523.0,-150.0,1104.0,1.325,2.484e-05,0.009804769811320755,https://doi.org/10.1021/acs.chemmater.1c01318
Ca3.46Yb1.35Pr0.19Al2Sb6,623.0,-143.0,1380.0,1.27,2.8219619999999998e-05,0.013843167921259841,https://doi.org/10.1021/acs.chemmater.1c01318
Ca3.46Yb1.35Pr0.19Al2Sb6,723.0,-111.786,1604.0,1.2946,2.0043760112784002e-05,0.011193912066694605,https://doi.org/10.1021/acs.chemmater.1c01318
Ca3.46Yb1.35Pr0.19Al2Sb6,823.0,-54.8,2000.0,1.371,6.0060799999999986e-06,0.0036054003209336242,https://doi.org/10.1021/acs.chemmater.1c01318
Cu1.55S,300.0,8.3,539423.0,3.8425,3.7160850470000004e-05,0.0029013025741054005,https://doi.org/10.1021/acs.chemmater.1c01856
Cu1.55S,350.0,13.6,536538.0,3.9075,9.923806847999999e-05,0.008888886492130517,https://doi.org/10.1021/acs.chemmater.1c01856
Cu1.55S,400.0,16.24,523558.0,4.55,0.00013808193038079996,0.012139070802707689,https://doi.org/10.1021/acs.chemmater.1c01856
Cu1.55S,450.0,19.12,488571.0,4.757,0.00017860905018240002,0.01689595807905823,https://doi.org/10.1021/acs.chemmater.1c01856
Cu1.55S,500.0,22.3,451442.0,4.815,0.00022449759218,0.02331231486812045,https://doi.org/10.1021/acs.chemmater.1c01856
Cu1.55S,550.0,26.03,415385.0,4.791,0.0002814486344465,0.03230990376655708,https://doi.org/10.1021/acs.chemmater.1c01856
Cu1.55S,600.0,31.55,378846.0,4.733,0.00037710425551499996,0.047805314453623494,https://doi.org/10.1021/acs.chemmater.1c01856
Cu1.5S,300.0,10.4,571905.0,4.37,6.18572448e-05,0.004246492778032037,https://doi.org/10.1021/acs.chemmater.1c01856
Cu1.5S,350.0,13.87,570952.0,4.36,0.00010983797580879997,0.008817268700247705,https://doi.org/10.1021/acs.chemmater.1c01856
Cu1.5S,400.0,15.567,552885.0,4.986,0.000133981445295765,0.010748611736523465,https://doi.org/10.1021/acs.chemmater.1c01856
Cu1.5S,450.0,18.3,513462.0,5.12,0.00017195328918000004,0.01511308205683594,https://doi.org/10.1021/acs.chemmater.1c01856
Cu1.5S,500.0,21.24,473810.0,5.147,0.00021375350625599994,0.020764863634738676,https://doi.org/10.1021/acs.chemmater.1c01856
Cu1.5S,550.0,24.59,436190.0,5.11,0.000263750178539,0.028387983991477492,https://doi.org/10.1021/acs.chemmater.1c01856
Cu1.5S,600.0,29.07,396154.0,5.0788,0.0003347758403946,0.03954979606142395,https://doi.org/10.1021/acs.chemmater.1c01856
Cu1.6S,300.0,8.454,387019.0,3.4075,2.7660292824204e-05,0.002435242214896904,https://doi.org/10.1021/acs.chemmater.1c01856
Cu1.6S,350.0,16.75,404808.0,3.541,0.0001135739445,0.011225891153628917,https://doi.org/10.1021/acs.chemmater.1c01856
Cu1.6S,400.0,20.0,406250.0,4.11,0.0001625,0.015815085158150853,https://doi.org/10.1021/acs.chemmater.1c01856
Cu1.6S,450.0,24.0,385577.0,4.3185,0.000222092352,0.023142655644320945,https://doi.org/10.1021/acs.chemmater.1c01856
Cu1.6S,500.0,28.35,360577.0,4.414,0.00028980384788250004,0.032827803339657916,https://doi.org/10.1021/acs.chemmater.1c01856
Cu1.6S,550.0,33.32,332211.0,4.4,0.0003688280937264,0.046103511715799995,https://doi.org/10.1021/acs.chemmater.1c01856
Cu1.6S,600.0,38.7,292308.0,4.332,0.0004377867685200001,0.06063528649861497,https://doi.org/10.1021/acs.chemmater.1c01856
Yb10Ca3BaMgSb11,300.0,50.0,19826.0,0.5296,4.9565e-05,0.028076850453172205,https://doi.org/10.1021/acs.chemmater.1c02584
Yb10Ca3BaMgSb11,500.0,116.575,17877.0,0.59185,0.000242943614383125,0.20524086709734307,https://doi.org/10.1021/acs.chemmater.1c02584
Yb10Ca3BaMgSb11,700.0,156.35,14887.0,0.614,0.0003639175160575,0.4148896762870522,https://doi.org/10.1021/acs.chemmater.1c02584
Yb10Ca3BaMgSb11,800.0,176.52,13582.0,0.6185,0.0004232057538528,0.5473962863091997,https://doi.org/10.1021/acs.chemmater.1c02584
Yb11Ca2BaMgSb11,400.0,81.768,23198.0,0.6474,0.00015510196310515202,0.09583068464946062,https://doi.org/10.1021/acs.chemmater.1c02584
Yb11Ca2BaMgSb11,600.0,130.4,18950.0,0.6711,0.000322228832,0.28809014930710775,https://doi.org/10.1021/acs.chemmater.1c02584
Yb11Ca2BaMgSb11,800.0,170.0,15160.0,0.6717,0.00043812399999999997,0.5218091409855591,https://doi.org/10.1021/acs.chemmater.1c02584
Yb11Ca2BaMgSb11,900.0,191.0,13650.0,0.669,0.00049796565,0.6699089461883408,https://doi.org/10.1021/acs.chemmater.1c02584
Yb12CaBaMgSb11,400.0,84.25,29599.0,0.6926,0.0002100955519375,0.12133730981085764,https://doi.org/10.1021/acs.chemmater.1c02584
Yb12CaBaMgSb11,600.0,127.07,21416.0,0.7185,0.0003457995454184,0.28876788761453026,https://doi.org/10.1021/acs.chemmater.1c02584
Yb12CaBaMgSb11,800.0,167.68,16623.0,0.7141,0.00046738194923520005,0.5236039201626664,https://doi.org/10.1021/acs.chemmater.1c02584
Yb12CaBaMgSb11,1000.0,207.46,13466.0,0.6778,0.0005795719484456,0.8550781180961937,https://doi.org/10.1021/acs.chemmater.1c02584
Yb7Ca6BaMgSb11,300.0,59.94,10942.0,0.528,3.93124569912e-05,0.022336623290454542,https://doi.org/10.1021/acs.chemmater.1c02584
Yb7Ca6BaMgSb11,500.0,132.4,12260.0,0.555,0.00021491485760000002,0.19361698882882883,https://doi.org/10.1021/acs.chemmater.1c02584
Yb7Ca6BaMgSb11,700.0,166.5,12100.0,0.595,0.000335439225,0.39463438235294124,https://doi.org/10.1021/acs.chemmater.1c02584
Yb7Ca6BaMgSb11,900.0,196.9,11750.0,0.622,0.0004555429175,0.659145700562701,https://doi.org/10.1021/acs.chemmater.1c02584
Yb7Ca6BaMgSb11,1100.0,223.8,11200.0,0.675,0.0005609681279999999,0.9141702826666666,https://doi.org/10.1021/acs.chemmater.1c02584
Yb7Ca6BaMgSb11,1200.0,233.8,10970.0,0.7055,0.0005996469668000001,1.019952317732105,https://doi.org/10.1021/acs.chemmater.1c02584
Yb8Ca5BaMgSb11,300.0,63.5,14150.0,0.529,5.70563375e-05,0.03,https://doi.org/10.1021/acs.chemmater.1c02584
Yb8Ca5BaMgSb11,500.0,129.3,14600.0,0.578,0.00024408995400000002,0.21115047923875435,https://doi.org/10.1021/acs.chemmater.1c02584
Yb8Ca5BaMgSb11,700.0,165.0,13500.0,0.608,0.0003675375,0.4231517269736842,https://doi.org/10.1021/acs.chemmater.1c02584
Yb8Ca5BaMgSb11,900.0,195.7,12400.0,0.611,0.000474901276,0.6995272477905073,https://doi.org/10.1021/acs.chemmater.1c02584
Yb8Ca5BaMgSb11,1100.0,222.0,11320.0,0.643,0.00055789488,0.9544080373250389,https://doi.org/10.1021/acs.chemmater.1c02584
Yb8Ca5BaMgSb11,1200.0,229.6,10923.0,0.6696,0.0005758186156799999,1.0319330030107527,https://doi.org/10.1021/acs.chemmater.1c02584
Yb9Ca4BaMgSb11,300.0,59.0,17350.0,0.503,6.039535e-05,0.036021083499005964,https://doi.org/10.1021/acs.chemmater.1c02584
Yb9Ca4BaMgSb11,500.0,128.0,17200.0,0.5644,0.0002818048,0.24964989369241672,https://doi.org/10.1021/acs.chemmater.1c02584
Yb9Ca4BaMgSb11,700.0,164.0,15350.0,0.5963,0.0004128536,0.4846512158309575,https://doi.org/10.1021/acs.chemmater.1c02584
Yb9Ca4BaMgSb11,900.0,199.7,13550.0,0.6022,0.0005403752194999999,0.8076016232979077,https://doi.org/10.1021/acs.chemmater.1c02584
Yb9Ca4BaMgSb11,1100.0,227.62,12056.0,0.6015,0.0006246317812064,1.142302509271887,https://doi.org/10.1021/acs.chemmater.1c02584
Yb9Ca4BaMgSb11,1200.0,235.9,11493.0,0.61037,0.00063957177333,1.2574112882284516,https://doi.org/10.1021/acs.chemmater.1c02584
Sn0.92Ge0.04As0.04Te,328.0,37.47,786420.0,7.477,0.0011041343877780001,0.1064,https://doi.org/10.1021/acs.chemmater.1c03198
Sn0.92Ge0.04As0.04Te,470.0,48.05,522222.0,6.628,0.001205707459155,0.2192,https://doi.org/10.1021/acs.chemmater.1c03198
Sn0.92Ge0.04As0.04Te,620.0,65.06,343210.0,5.2326,0.0014527405235559999,0.382,https://doi.org/10.1021/acs.chemmater.1c03198
Sn0.92Ge0.04As0.04Te,769.0,89.43,233333.0,3.862,0.0018661331440917002,0.5923,https://doi.org/10.1021/acs.chemmater.1c03198
Sn0.92Ge0.04As0.04Te,869.0,109.0,185200.0,3.5287,0.0022003612,0.7513,https://doi.org/10.1021/acs.chemmater.1c03198
Cu5.133Sn1.866S6.3Cl0.7,327.0,61.93,82784.0,2.0,0.0003175035365216,0.0519118282212816,https://doi.org/10.1021/acs.chemmater.1c03434
Cu5.133Sn1.866S6.3Cl0.7,426.0,76.42,87452.0,1.76,0.0005107211142128,0.12361772423559818,https://doi.org/10.1021/acs.chemmater.1c03434
Cu5.133Sn1.866S6.3Cl0.7,529.0,96.59,72204.0,1.55,0.0006736364673323999,0.22990560723796102,https://doi.org/10.1021/acs.chemmater.1c03434
Cu5.133Sn1.866S6.3Cl0.7,633.0,117.05,60267.0,1.4,0.0008257002375675,0.3733344645573054,https://doi.org/10.1021/acs.chemmater.1c03434
Cu5.133Sn1.866S6.3Cl0.7,685.0,126.99,51954.0,1.325,0.0008378341080353999,0.4331444256635841,https://doi.org/10.1021/acs.chemmater.1c03434
Cu5.133Sn1.866S6.65Cl0.35,300.0,47.73,139506.0,2.325,0.00031781599846739995,0.04100851593127741,https://doi.org/10.1021/acs.chemmater.1c03434
Cu5.133Sn1.866S6.65Cl0.35,415.0,68.75,118325.0,1.9375,0.0005592705078125,0.11979213457661288,https://doi.org/10.1021/acs.chemmater.1c03434
Cu5.133Sn1.866S6.65Cl0.35,515.0,86.93,97414.0,1.6875,0.0007361405408086002,0.22465918726899503,https://doi.org/10.1021/acs.chemmater.1c03434
Cu5.133Sn1.866S6.65Cl0.35,617.0,106.25,76610.0,1.5,0.0008648550781249999,0.35574372213541666,https://doi.org/10.1021/acs.chemmater.1c03434
Cu5.133Sn1.866S6.65Cl0.35,667.0,115.06,68485.0,1.4375,0.0009066594645460001,0.42068999154934406,https://doi.org/10.1021/acs.chemmater.1c03434
Cu5.133Sn1.866S7,300.0,21.31,400000.0,6.5625,0.00018164643999999997,0.008303837257142855,https://doi.org/10.1021/acs.chemmater.1c03434
Cu5.133Sn1.866S7,415.0,32.1,370492.0,5.2125,0.00038175866172000003,0.030394214794014388,https://doi.org/10.1021/acs.chemmater.1c03434
Cu5.133Sn1.866S7,515.0,42.61,313889.0,4.275,0.0005699006664569,0.06865470016966163,https://doi.org/10.1021/acs.chemmater.1c03434
Cu5.133Sn1.866S7,617.0,53.98,245652.0,3.6375,0.0007157907219407999,0.1214138489175185,https://doi.org/10.1021/acs.chemmater.1c03434
Cu5.133Sn1.866S7,667.0,59.09,219417.0,3.35,0.0007661225628177,0.1525384326565391,https://doi.org/10.1021/acs.chemmater.1c03434
Cu5Sn2S6.65Cl0.35,300.0,41.477,168657.0,2.8375,0.000290147641256553,0.03067640259981177,https://doi.org/10.1021/acs.chemmater.1c03434
Cu5Sn2S6.65Cl0.35,415.0,58.24,143949.0,2.4,0.00048826026762240006,0.08442833794304001,https://doi.org/10.1021/acs.chemmater.1c03434
Cu5Sn2S6.65Cl0.35,515.0,75.0,118947.0,2.125,0.000669076875,0.16215274852941178,https://doi.org/10.1021/acs.chemmater.1c03434
Cu5Sn2S6.65Cl0.35,617.0,92.9,94958.0,1.85,0.0008195264727800002,0.27332315335419466,https://doi.org/10.1021/acs.chemmater.1c03434
Cu5Sn2S6.65Cl0.35,667.0,101.99,81884.0,1.7375,0.0008517541008283999,0.32697553108060007,https://doi.org/10.1021/acs.chemmater.1c03434
Cu5Sn2S7,300.0,30.4,337313.0,5.5125,0.00031173118208,0.01696496229006803,https://doi.org/10.1021/acs.chemmater.1c03434
Cu5Sn2S7,422.0,42.045,243011.0,4.2375,0.00042959047767727505,0.04278163577104663,https://doi.org/10.1021/acs.chemmater.1c03434
Cu5Sn2S7,524.0,54.83,200000.0,3.6375,0.0006012657799999999,0.08661533160687285,https://doi.org/10.1021/acs.chemmater.1c03434
Cu5Sn2S7,627.0,68.75,159155.0,3.125,0.0007522560546875,0.15093265481249998,https://doi.org/10.1021/acs.chemmater.1c03434
Cu5Sn2S7,678.0,75.0,139506.0,2.8875,0.00078472125,0.18425662597402592,https://doi.org/10.1021/acs.chemmater.1c03434
Ba7.97Ga15.95Sn30.05,300.0,315.4,14140.0,0.9872081242718446,0.0014066070423999998,0.42745,https://doi.org/10.1021/acs.chemmater.5b00025
Ba7.97Ga15.95Sn30.06,340.0,336.62,13463.0,0.9229204700160994,0.0015255332474972,0.562,https://doi.org/10.1021/acs.chemmater.5b00025
Ba7.97Ga15.95Sn30.07,580.0,334.5,11183.0,1.2338249339255356,0.0012512686657499999,0.5882,https://doi.org/10.1021/acs.chemmater.5b00025
Ba7.97Ga15.95Sn30.08,540.0,353.87,10560.0,1.0201102941065145,0.0013223651960640001,0.7,https://doi.org/10.1021/acs.chemmater.5b00025
Ba7.97Ga15.95Sn30.09,500.0,360.56,10558.0,0.9006411394939633,0.0013725770965888,0.762,https://doi.org/10.1021/acs.chemmater.5b00025
Ba7.97Ga15.95Sn30.10,460.0,362.3,11183.0,0.8667929432505777,0.00146789500607,0.779,https://doi.org/10.1021/acs.chemmater.5b00025
Ba8.01Ga15.83Zn0.019Sn30.15,300.0,411.46,5190.0,0.863,0.0008786635310039998,0.3054450281589803,https://doi.org/10.1021/acs.chemmater.5b00025
Ba8.01Ga15.83Zn0.019Sn30.15,340.0,430.9,4929.0,0.826,0.0009151911384899998,0.3767130594268765,https://doi.org/10.1021/acs.chemmater.5b00025
Ba8.01Ga15.83Zn0.019Sn30.15,380.0,449.3,4709.0,0.787,0.0009506081374100001,0.45899757587776374,https://doi.org/10.1021/acs.chemmater.5b00025
Ba8.01Ga15.83Zn0.019Sn30.15,580.0,470.1,4780.0,1.274,0.0010563513678,0.480913495544741,https://doi.org/10.1021/acs.chemmater.5b00025
Ba8.01Ga15.83Zn0.019Sn30.15,540.0,485.76,4254.0,1.033,0.0010037856559104,0.5247282228379633,https://doi.org/10.1021/acs.chemmater.5b00025
Ba8.01Ga15.83Zn0.019Sn30.15,420.0,466.5,4480.0,0.757,0.00097494768,0.5409220945838837,https://doi.org/10.1021/acs.chemmater.5b00025
Ba8.01Ga15.83Zn0.019Sn30.15,500.0,485.42,4202.0,0.8623,0.0009901280860328,0.5741204256249567,https://doi.org/10.1021/acs.chemmater.5b00025
Ba8.01Ga15.83Zn0.019Sn30.15,460.0,479.17,4306.0,0.778,0.0009886743456034,0.5845632377603651,https://doi.org/10.1021/acs.chemmater.5b00025
Ba8.01Ga15.88Zn0.009Sn30.11,300.0,368.9,7591.0,0.948321307628519,0.0010330380111099999,0.3268,https://doi.org/10.1021/acs.chemmater.5b00025
Ba8.01Ga15.88Zn0.009Sn30.11,340.0,389.08,7197.0,0.8828212018014108,0.0010895052243407998,0.4196,https://doi.org/10.1021/acs.chemmater.5b00025
Ba8.01Ga15.88Zn0.009Sn30.11,380.0,407.75,6797.0,0.8488366574990115,0.0011300696448124999,0.5059,https://doi.org/10.1021/acs.chemmater.5b00025
Ba8.01Ga15.88Zn0.009Sn30.11,420.0,423.0,6360.0,0.8290635642671291,0.00113798844,0.5765,https://doi.org/10.1021/acs.chemmater.5b00025
Ba8.01Ga15.88Zn0.009Sn30.11,580.0,424.3,7300.0,1.1949350911741652,0.0013142225770000002,0.6379,https://doi.org/10.1021/acs.chemmater.5b00025
Ba8.01Ga15.88Zn0.009Sn30.11,460.0,437.68,6118.0,0.819945431988855,0.0011719872207232001,0.6575,https://doi.org/10.1021/acs.chemmater.5b00025
Ba8.01Ga15.88Zn0.009Sn30.11,540.0,444.7,6320.0,0.9741755334180138,0.0012498311287999998,0.6928,https://doi.org/10.1021/acs.chemmater.5b00025
Ba8.01Ga15.88Zn0.009Sn30.11,500.0,450.7,5876.0,0.8550105725214899,0.00119359475924,0.698,https://doi.org/10.1021/acs.chemmater.5b00025
Ba8.01Ga15.89Zn0.006Sn30.1,300.0,335.6,14596.0,0.9896,0.0016439089465600002,0.4983555820210186,https://doi.org/10.1021/acs.chemmater.5b00025
Ba8.01Ga15.89Zn0.006Sn30.1,340.0,355.28,13640.0,0.926,0.0017216937013759999,0.6321553547168898,https://doi.org/10.1021/acs.chemmater.5b00025
Ba8.01Ga15.89Zn0.006Sn30.1,380.0,374.3,12700.0,0.896,0.0017792762230000002,0.7546037552901785,https://doi.org/10.1021/acs.chemmater.5b00025
Ba8.01Ga15.89Zn0.006Sn30.1,580.0,392.4,11500.0,1.24675,0.0017707442399999998,0.8237671218768797,https://doi.org/10.1021/acs.chemmater.5b00025
Ba8.01Ga15.89Zn0.006Sn30.1,420.0,382.8,11985.0,0.8766,0.0017562320424,0.841452723942505,https://doi.org/10.1021/acs.chemmater.5b00025
Ba8.01Ga15.89Zn0.006Sn30.1,460.0,391.0,11429.0,0.8714,0.001747276949,0.92236331941703,https://doi.org/10.1021/acs.chemmater.5b00025
Ba8.01Ga15.89Zn0.006Sn30.1,540.0,404.6,10940.0,1.022,0.001787,0.9462631827945207,https://doi.org/10.1021/acs.chemmater.5b00025
Ba8.01Ga15.89Zn0.006Sn30.1,500.0,398.9,11050.0,0.9078,0.0017582893705,0.9684343305243446,https://doi.org/10.1021/acs.chemmater.5b00025
Ba8Ga15.88Zn0.007Sn30.12,300.0,320.4,16750.0,1.0016450563106793,0.0017194906799999996,0.515,https://doi.org/10.1021/acs.chemmater.5b00025
Ba8Ga15.88Zn0.007Sn30.12,340.0,341.0,15620.0,0.9373787717061323,0.0018163092199999999,0.6588,https://doi.org/10.1021/acs.chemmater.5b00025
Ba8Ga15.88Zn0.007Sn30.12,380.0,360.0,14699.0,0.9122827372400757,0.0019049904,0.7935,https://doi.org/10.1021/acs.chemmater.5b00025
Ba8Ga15.88Zn0.007Sn30.12,580.0,384.7,11890.0,1.251191422652936,0.0017596497300999998,0.8157,https://doi.org/10.1021/acs.chemmater.5b00025
Ba8Ga15.88Zn0.007Sn30.12,420.0,374.0,13684.0,0.8928366128675658,0.001923,0.9046,https://doi.org/10.1021/acs.chemmater.5b00025
Ba8Ga15.88Zn0.007Sn30.12,540.0,396.48,12023.0,1.0327716949613115,0.0018899722017792,0.9882,https://doi.org/10.1021/acs.chemmater.5b00025
Ba8Ga15.88Zn0.007Sn30.12,460.0,389.1,13000.0,0.8857022928976718,0.00196818453,1.0222,https://doi.org/10.1021/acs.chemmater.5b00025
Ba8Ga15.88Zn0.007Sn30.12,500.0,400.0,12310.0,0.9187424200018658,0.0019696,1.0719,https://doi.org/10.1021/acs.chemmater.5b00025
Ba0.5Cr5Se8,300.0,227.55,372.0,1.0907015249150624,1.926178893e-05,0.005298,https://doi.org/10.1021/acs.chemmater.5b02933
Ba0.5Cr5Se8,389.0,258.16,471.0,1.1673920427386617,3.1390541817600005e-05,0.01046,https://doi.org/10.1021/acs.chemmater.5b02933
Ba0.5Cr5Se8,507.37,285.81,709.0,1.2776091795608702,5.79163354749e-05,0.023,https://doi.org/10.1021/acs.chemmater.5b02933
Ba0.5Cr5Se8,625.79,312.16,1240.0,1.4696686462729205,0.00012083039334400002,0.05145,https://doi.org/10.1021/acs.chemmater.5b02933
Ba0.5Cr5Se8,743.0,294.26,1411.0,0.9555527869711032,0.0001221770050636,0.095,https://doi.org/10.1021/acs.chemmater.5b02933
Ba0.5Cr5Se8,803.0,268.92,1640.0,0.8505579736669465,0.000118601464896,0.11197,https://doi.org/10.1021/acs.chemmater.5b02933
Ba0.5Cr5Se8,833.0,250.0,1907.0,0.8603395797227036,0.0001191875,0.1154,https://doi.org/10.1021/acs.chemmater.5b02933
Ba0.5Cr5Se8,862.0,225.0,2265.0,0.8670330592105263,0.000114665625,0.114,https://doi.org/10.1021/acs.chemmater.5b02933
Ge0.55Pb0.45Te,300.0,50.0,75949.0,2.506,0.0001898725,0.02273014764565044,https://doi.org/10.1021/acs.chemmater.6b02772
Ge0.55Pb0.45Te,373.0,63.35,63830.0,2.134,0.000256163992175,0.04477468091906046,https://doi.org/10.1021/acs.chemmater.6b02772
Ge0.55Pb0.45Te,472.0,84.47,48000.0,2.031,0.0003424886832,0.07959362800118167,https://doi.org/10.1021/acs.chemmater.6b02772
Ge0.55Pb0.45Te,571.0,101.24,38462.0,2.25,0.00039421771517119997,0.10004369571678008,https://doi.org/10.1021/acs.chemmater.6b02772
Ge0.55Pb0.45Te,671.0,112.42,41667.0,1.77,0.0005265982294188,0.207,https://doi.org/10.1021/acs.chemmater.6b02772
Ge0.55Pb0.45Te,721.0,128.57,39474.0,1.72,0.0006525148871825999,0.283,https://doi.org/10.1021/acs.chemmater.6b02772
Ge0.55Pb0.45Te0.2Se0.8,300.0,384.375,2850.0,0.8045,3.235e-05,0.01,https://doi.org/10.1021/acs.chemmater.6b02772
Ge0.55Pb0.45Te0.2Se0.8,370.0,391.25,2821.0,0.742,8.382e-05,0.039,https://doi.org/10.1021/acs.chemmater.6b02772
Ge0.55Pb0.45Te0.2Se0.8,470.0,280.625,2022.0,0.78,8.97e-05,0.0488,https://doi.org/10.1021/acs.chemmater.6b02772
Ge0.55Pb0.45Te0.2Se0.8,569.0,230.0,2321.0,0.9136,0.0001132,0.0705021891418564,https://doi.org/10.1021/acs.chemmater.6b02772
Ge0.55Pb0.45Te0.2Se0.8,668.0,225.0,4622.0,0.848,0.000172,0.13549056603773588,https://doi.org/10.1021/acs.chemmater.6b02772
Ge0.55Pb0.45Te0.2Se0.8,721.0,210.625,6790.0,0.865,3.676e-05,0.0306404161849711,https://doi.org/10.1021/acs.chemmater.6b02772
Ge0.55Pb0.45Te0.3Se0.7,300.0,258.13,4955.0,0.7882,0.000428,0.16290281654402436,https://doi.org/10.1021/acs.chemmater.6b02772
Ge0.55Pb0.45Te0.3Se0.7,370.0,271.875,5288.0,0.6655,0.000494,0.27465063861758077,https://doi.org/10.1021/acs.chemmater.6b02772
Ge0.55Pb0.45Te0.3Se0.7,470.0,338.75,3571.0,0.6477,0.00051,0.3700787401574803,https://doi.org/10.1021/acs.chemmater.6b02772
Ge0.55Pb0.45Te0.3Se0.7,569.0,299.375,4911.0,0.6355,0.000541,0.4843886703383164,https://doi.org/10.1021/acs.chemmater.6b02772
Ge0.55Pb0.45Te0.3Se0.7,668.0,296.25,6044.0,0.6164,0.000637,0.6903244646333551,https://doi.org/10.1021/acs.chemmater.6b02772
Ge0.55Pb0.45Te0.3Se0.7,721.0,290.625,6875.0,0.6845,0.000691,0.7278466033601169,https://doi.org/10.1021/acs.chemmater.6b02772
Ge0.55Pb0.45Te0.4Se0.6,300.0,237.5,8088.0,0.908,0.00045621375,0.15073141519823788,https://doi.org/10.1021/acs.chemmater.6b02772
Ge0.55Pb0.45Te0.4Se0.6,370.0,257.5,8070.0,0.799,0.0005350914375,0.24778952675219024,https://doi.org/10.1021/acs.chemmater.6b02772
Ge0.55Pb0.45Te0.4Se0.6,470.0,316.25,5500.0,0.791,0.000625,0.3595,https://doi.org/10.1021/acs.chemmater.6b02772
Ge0.55Pb0.45Te0.4Se0.6,569.0,295.0,6790.0,0.7718,0.000657,0.3976,https://doi.org/10.1021/acs.chemmater.6b02772
Ge0.55Pb0.45Te0.4Se0.6,668.0,291.25,7971.0,0.6845,0.000787,0.768,https://doi.org/10.1021/acs.chemmater.6b02772
Ge0.55Pb0.45Te0.4Se0.6,721.0,281.25,9483.0,0.6655,0.000846,0.917,https://doi.org/10.1021/acs.chemmater.6b02772
Ge0.55Pb0.45Te0.5Se0.5,300.0,220.5,10377.0,0.668,0.00050453233425,0.25,https://doi.org/10.1021/acs.chemmater.6b02772
Ge0.55Pb0.45Te0.5Se0.5,370.0,249.0,10000.0,0.6,0.0006200099999999999,0.4,https://doi.org/10.1021/acs.chemmater.6b02772
Ge0.55Pb0.45Te0.5Se0.5,470.0,300.62,6875.0,0.529,0.0006213101427500001,0.58,https://doi.org/10.1021/acs.chemmater.6b02772
Ge0.55Pb0.45Te0.5Se0.5,569.0,293.17,7534.0,0.502,0.0006475371208126002,0.788,https://doi.org/10.1021/acs.chemmater.6b02772
Ge0.55Pb0.45Te0.5Se0.5,668.0,279.5,10000.0,0.39,0.0007812025,1.464,https://doi.org/10.1021/acs.chemmater.6b02772
Ge0.55Pb0.45Te0.5Se0.5,721.0,273.13,12000.0,0.4555,0.0008951999627999999,1.555,https://doi.org/10.1021/acs.chemmater.6b02772
Ge0.55Pb0.45Te0.8Se0.2,300.0,82.61,37975.0,1.028,0.00025915704949749994,0.1,https://doi.org/10.1021/acs.chemmater.6b02772
Ge0.55Pb0.45Te0.8Se0.2,370.0,100.0,31915.0,0.9955,0.00031915,0.1186192867905575,https://doi.org/10.1021/acs.chemmater.6b02772
Ge0.55Pb0.45Te0.8Se0.2,470.0,126.7,23904.0,0.968,0.00038372828256,0.18,https://doi.org/10.1021/acs.chemmater.6b02772
Ge0.55Pb0.45Te0.8Se0.2,569.0,149.07,19544.0,1.124,0.0004343041276055999,0.24,https://doi.org/10.1021/acs.chemmater.6b02772
Ge0.55Pb0.45Te0.8Se0.2,668.0,129.81,29851.0,1.028,0.0005030083382211,0.3,https://doi.org/10.1021/acs.chemmater.6b02772
Ge0.55Pb0.45Te0.8Se0.2,721.0,142.86,30000.0,1.175,0.0006122693880000001,0.383,https://doi.org/10.1021/acs.chemmater.6b02772
ZrNiPb,303.0,-228.2,14590.0,7.669,0.0007597777516,0.030018601999582742,https://doi.org/10.1021/acs.chemmater.6b04898
ZrNiPb,475.0,-260.8,16570.0,5.768,0.0011270357248,0.09281240798890429,https://doi.org/10.1021/acs.chemmater.6b04898
ZrNiPb,673.0,-198.8,29603.0,5.47,0.00118,0.145,https://doi.org/10.1021/acs.chemmater.6b04898
ZrNiPb,871.0,-124.9,61219.0,6.86,0.0009550170121900002,0.12125653318039213,https://doi.org/10.1021/acs.chemmater.6b04898
ZrNiPb0.92Sn0.6Bi0.02,303.0,-97.0,333333.0,5.9,0.0031363301969999998,0.16106916096457627,https://doi.org/10.1021/acs.chemmater.6b04898
ZrNiPb0.92Sn0.6Bi0.02,475.0,-126.9,276964.0,5.8374,0.00446012024004,0.3629282067391304,https://doi.org/10.1021/acs.chemmater.6b04898
ZrNiPb0.92Sn0.6Bi0.02,673.0,-152.5,218470.0,5.854,0.0050807929375,0.582,https://doi.org/10.1021/acs.chemmater.6b04898
ZrNiPb0.92Sn0.6Bi0.02,771.0,-161.7,196761.0,5.9,0.005144688223289999,0.6722973932468795,https://doi.org/10.1021/acs.chemmater.6b04898
ZrNiPb0.92Sn0.6Bi0.02,871.0,-168.66,178450.0,5.967,0.00507622360482,0.7409738159541177,https://doi.org/10.1021/acs.chemmater.6b04898
ZrNiPb0.94Sn0.4Bi0.02,303.0,-85.24,376450.0,5.9187,0.00273523209352,0.140026580893872,https://doi.org/10.1021/acs.chemmater.6b04898
ZrNiPb0.94Sn0.4Bi0.02,475.0,-115.61,293000.0,5.577,0.0039161419252999995,0.3335426599457593,https://doi.org/10.1021/acs.chemmater.6b04898
ZrNiPb0.94Sn0.4Bi0.02,673.0,-142.32,224655.0,5.309,0.004550383071072,0.5768332655549926,https://doi.org/10.1021/acs.chemmater.6b04898
ZrNiPb0.94Sn0.4Bi0.02,771.0,-148.9,206610.0,5.333,0.0045807936981,0.6622523797553159,https://doi.org/10.1021/acs.chemmater.6b04898
ZrNiPb0.94Sn0.4Bi0.02,871.0,-152.56,192500.0,5.5122,0.004480351568,0.7079543949290664,https://doi.org/10.1021/acs.chemmater.6b04898
ZrNiPb0.96Sn0.2Bi0.02,303.0,-84.5,445128.0,6.6,0.003178325202,0.14591402063727274,https://doi.org/10.1021/acs.chemmater.6b04898
ZrNiPb0.96Sn0.2Bi0.02,475.0,-110.9,351120.0,6.3415,0.004318358167200001,0.32345976967909806,https://doi.org/10.1021/acs.chemmater.6b04898
ZrNiPb0.96Sn0.2Bi0.02,673.0,-141.2,258298.0,5.95,0.0051498008771199985,0.5824900824036571,https://doi.org/10.1021/acs.chemmater.6b04898
ZrNiPb0.96Sn0.2Bi0.02,771.0,-148.9,231000.0,6.05,0.005121549510000001,0.6526801111090911,https://doi.org/10.1021/acs.chemmater.6b04898
ZrNiPb0.96Sn0.2Bi0.02,871.0,-152.2,210000.0,6.26,0.004864616399999999,0.6768499815335463,https://doi.org/10.1021/acs.chemmater.6b04898
ZrNiPb0.985Bi0.015,303.0,-90.61,347550.0,10.803,0.002853445313355,0.08003276219074007,https://doi.org/10.1021/acs.chemmater.6b04898
ZrNiPb0.985Bi0.015,475.0,-122.05,261850.0,8.361,0.003900570624625,0.2215968241474554,https://doi.org/10.1021/acs.chemmater.6b04898
ZrNiPb0.985Bi0.015,673.0,-149.8,194507.0,7.24,0.00436474486028,0.4057283551061382,https://doi.org/10.1021/acs.chemmater.6b04898
ZrNiPb0.985Bi0.015,771.0,-158.0,171250.0,7.114,0.004275085,0.4646,https://doi.org/10.1021/acs.chemmater.6b04898
ZrNiPb0.985Bi0.015,871.0,-148.5,161052.0,7.23,0.003551558967,0.4278572420825726,https://doi.org/10.1021/acs.chemmater.6b04898
ZrNiPb0.98Bi0.02,303.0,-89.8,394700.0,10.836,0.0031828765879999997,0.08900070193466222,https://doi.org/10.1021/acs.chemmater.6b04898
ZrNiPb0.98Bi0.02,475.0,-121.22,306000.0,8.59,0.0044964522504,0.24863967624447028,https://doi.org/10.1021/acs.chemmater.6b04898
ZrNiPb0.98Bi0.02,673.0,-146.94,230500.0,7.33,0.0049768093098,0.4569430648697681,https://doi.org/10.1021/acs.chemmater.6b04898
ZrNiPb0.98Bi0.02,771.0,-156.33,204869.0,7.11,0.005006807606474101,0.5429323016303139,https://doi.org/10.1021/acs.chemmater.6b04898
ZrNiPb0.98Bi0.02,871.0,-155.1,186420.0,7.14,0.0044845213842,0.5470613621342018,https://doi.org/10.1021/acs.chemmater.6b04898
ZrNiPb0.993Bi0.007,303.0,-156.4,174500.0,10.377,0.0042684375200000004,0.12463492035848513,https://doi.org/10.1021/acs.chemmater.6b04898
ZrNiPb0.993Bi0.007,475.0,-198.0,137000.0,7.5207,0.0053709479999999995,0.33922378236068457,https://doi.org/10.1021/acs.chemmater.6b04898
ZrNiPb0.993Bi0.007,673.0,-213.47,102872.0,6.215,0.0046878195242648,0.505,https://doi.org/10.1021/acs.chemmater.6b04898
ZrNiPb0.993Bi0.007,771.0,-210.2,96296.0,6.3142,0.004254746315839999,0.5195289046138291,https://doi.org/10.1021/acs.chemmater.6b04898
ZrNiPb0.993Bi0.007,871.0,-180.41,100900.0,6.8264,0.0032840698012899998,0.4190239067332108,https://doi.org/10.1021/acs.chemmater.6b04898
ZrNiPb0.995Bi0.005,303.0,-169.0,130250.0,9.7377,0.00373,0.11575436558427554,https://doi.org/10.1021/acs.chemmater.6b04898
ZrNiPb0.995Bi0.005,475.0,-209.0,101910.0,7.124,0.00445153071,0.2968103715960135,https://doi.org/10.1021/acs.chemmater.6b04898
ZrNiPb0.995Bi0.005,673.0,-225.0,81483.0,6.033,0.004125076875,0.458,https://doi.org/10.1021/acs.chemmater.6b04898
ZrNiPb0.995Bi0.005,771.0,-214.0,78390.0,6.281,0.00358994844,0.4406703147970069,https://doi.org/10.1021/acs.chemmater.6b04898
ZrNiPb0.995Bi0.005,871.0,-180.4,83600.0,7.074,0.0027206917760000003,0.33499046323098675,https://doi.org/10.1021/acs.chemmater.6b04898
ZrNiPb0.99Bi0.01,475.0,-160.3,171240.0,7.7355,0.004400198451600001,0.27019510885010667,https://doi.org/10.1021/acs.chemmater.6b04898
ZrNiPb0.99Bi0.01,673.0,-189.4,129020.0,6.51,0.0046282518872,0.4784659785077726,https://doi.org/10.1021/acs.chemmater.6b04898
ZrNiPb0.99Bi0.01,771.0,-188.57,117401.0,6.463,0.0041746204699049,0.49800903331218904,https://doi.org/10.1021/acs.chemmater.6b04898
ZrNiPb0.9Sn0.8Bi0.02,303.0,-123.5,190000.0,6.439,0.0028979275,0.13636776401615158,https://doi.org/10.1021/acs.chemmater.6b04898
ZrNiPb0.9Sn0.8Bi0.02,475.0,-154.3,161842.0,5.87,0.003853213638580001,0.31180178506396944,https://doi.org/10.1021/acs.chemmater.6b04898
ZrNiPb0.9Sn0.8Bi0.02,673.0,-175.24,141747.0,5.6585,0.0043529167876272,0.5177190064633924,https://doi.org/10.1021/acs.chemmater.6b04898
ZrNiPb0.9Sn0.8Bi0.02,771.0,-181.0,133120.0,5.626,0.0043611443199999995,0.597661263903306,https://doi.org/10.1021/acs.chemmater.6b04898
ZrNiPb0.9Sn0.8Bi0.02,871.0,-183.6,128800.0,5.903,0.004341714048,0.6406289913277994,https://doi.org/10.1021/acs.chemmater.6b04898
ZrNiSn0.98Bi0.02,303.0,-136.0,42687.0,9.72,0.000789538752,0.024612164799999996,https://doi.org/10.1021/acs.chemmater.6b04898
ZrNiSn0.98Bi0.02,475.0,-178.5,45700.0,7.8374,0.001456104825,0.08824990326830327,https://doi.org/10.1021/acs.chemmater.6b04898
ZrNiSn0.98Bi0.02,673.0,-211.0,54100.0,6.8455,0.0024085861,0.23679474768826234,https://doi.org/10.1021/acs.chemmater.6b04898
ZrNiSn0.98Bi0.02,771.0,-210.0,60520.0,6.748,0.002668932,0.30494169709543567,https://doi.org/10.1021/acs.chemmater.6b04898
ZrNiSn0.98Bi0.02,871.0,-197.35,69570.0,7.0,0.002709544355325,0.33714473335543926,https://doi.org/10.1021/acs.chemmater.6b04898
Cu12Sb4S13,322.0,95.52,14111.0,0.4921,0.00012874975741439997,0.0825,https://doi.org/10.1021/acs.chemmater.6b04950
Cu12Sb4S13,422.0,107.2,26850.0,0.6053,0.000308555904,0.2151174483528829,https://doi.org/10.1021/acs.chemmater.6b04950
Cu12Sb4S13,522.0,123.2,30440.0,0.653,0.0004620256256,0.365,https://doi.org/10.1021/acs.chemmater.6b04950
Cu12Sb4S13,622.0,173.4,15500.0,0.514,0.00046604717999999996,0.563,https://doi.org/10.1021/acs.chemmater.6b04950
Cu12Sb4S13,720.0,219.52,8570.0,0.448,0.00041297999052800007,0.6637178419200002,https://doi.org/10.1021/acs.chemmater.6b04950
Cu11ZnSb4S13,322.0,130.6,9622.0,0.43,0.00016411629591999994,0.12289638903776741,https://doi.org/10.1021/acs.chemmater.6b04950
Cu11ZnSb4S13,422.0,147.9,10700.0,0.453,0.00023405618700000002,0.21803909694039736,https://doi.org/10.1021/acs.chemmater.6b04950
Cu11ZnSb4S13,522.0,162.0,12604.0,0.4684,0.000330779376,0.36863115771135785,https://doi.org/10.1021/acs.chemmater.6b04950
Cu11ZnSb4S13,621.0,185.27,10852.0,0.3963,0.00037249460591079996,0.5836970736073852,https://doi.org/10.1021/acs.chemmater.6b04950
Cu11ZnSb4S13,720.0,245.6,7710.0,0.307,0.00046506226560000003,1.090699776,https://doi.org/10.1021/acs.chemmater.6b04950
K0.975Ba0.025GaSb4,324.0,-134.7,23542.0,1.1251707807863411,0.0004271481667799999,0.123,https://doi.org/10.1021/acs.chemmater.7b01217
K0.975Ba0.025GaSb4,416.0,-176.87,24338.0,0.9766514976186101,0.0007613655785522,0.3243,https://doi.org/10.1021/acs.chemmater.7b01217
K0.975Ba0.025GaSb4,509.0,-206.122,20000.0,0.7957871555457591,0.0008497255776800001,0.5435,https://doi.org/10.1021/acs.chemmater.7b01217
K0.985Ba0.015GaSb4,324.0,-145.92,24541.0,1.1798179696026312,0.0005225428353023999,0.1435,https://doi.org/10.1021/acs.chemmater.7b01217
K0.985Ba0.015GaSb4,416.0,-184.0,24338.0,0.9569478739475153,0.000823987328,0.3582,https://doi.org/10.1021/acs.chemmater.7b01217
K0.985Ba0.015GaSb4,509.0,-211.9,20000.0,0.8927702925781249,0.0008980322,0.512,https://doi.org/10.1021/acs.chemmater.7b01217
K0.985Ba0.015GaSb4,602.0,-228.9,15796.0,0.7067178890359149,0.00082763473716,0.705,https://doi.org/10.1021/acs.chemmater.7b01217
K0.985Ba0.015GaSb4,649.0,-233.0,14780.0,0.6490739518633927,0.00080239142,0.8023,https://doi.org/10.1021/acs.chemmater.7b01217
K0.98Ba0.02GaSb4,324.0,-123.13,27342.0,1.2517088595125365,0.0004145319772398,0.1073,https://doi.org/10.1021/acs.chemmater.7b01217
K0.98Ba0.02GaSb4,416.0,-161.9,26668.0,0.9603324492723909,0.00069901121548,0.3028,https://doi.org/10.1021/acs.chemmater.7b01217
K0.98Ba0.02GaSb4,509.0,-192.86,21130.0,0.7815385627799243,0.000785929918948,0.51186,https://doi.org/10.1021/acs.chemmater.7b01217
K0.98Ba0.02GaSb4,602.0,-212.93,17309.0,0.6700257024015434,0.0007847759514341,0.7051,https://doi.org/10.1021/acs.chemmater.7b01217
K0.98Ba0.02GaSb4,649.0,-221.43,16330.0,0.6476897279843363,0.0008006802292170001,0.8023,https://doi.org/10.1021/acs.chemmater.7b01217
K0.995Ba0.005GaSb4,324.0,-183.0,1633.0,0.8728454181280788,5.4687536999999996e-05,0.0203,https://doi.org/10.1021/acs.chemmater.7b01217
K0.995Ba0.005GaSb4,416.0,-231.6,3942.0,0.8025581447474451,0.00021144320351999997,0.1096,https://doi.org/10.1021/acs.chemmater.7b01217
K0.995Ba0.005GaSb4,509.0,-268.37,6822.0,0.6686915382209792,0.0004913372009718,0.374,https://doi.org/10.1021/acs.chemmater.7b01217
K0.995Ba0.005GaSb4,602.0,-292.86,7053.0,0.5556533458741132,0.0006049145071188,0.65537,https://doi.org/10.1021/acs.chemmater.7b01217
K0.995Ba0.005GaSb4,649.0,-303.74,6490.0,0.5202725483345508,0.000598754339524,0.7469,https://doi.org/10.1021/acs.chemmater.7b01217
K0.99Ba0.01GaSb4,324.0,-143.2,11614.0,1.1199371367291726,0.00023815947136,0.0689,https://doi.org/10.1021/acs.chemmater.7b01217
K0.99Ba0.01GaSb4,416.0,-186.4,14178.0,0.8683366179579661,0.00049261404288,0.236,https://doi.org/10.1021/acs.chemmater.7b01217
K0.99Ba0.01GaSb4,509.0,-220.4,13266.0,0.6995209454618043,0.00064441133856,0.4689,https://doi.org/10.1021/acs.chemmater.7b01217
K0.99Ba0.01GaSb4,602.0,-245.92,11141.0,0.6115026853015599,0.0006737703175423999,0.6633,https://doi.org/10.1021/acs.chemmater.7b01217
K0.99Ba0.01GaSb4,649.0,-250.0,10424.0,0.5585515191545574,0.0006515,0.757,https://doi.org/10.1021/acs.chemmater.7b01217
Ag0.01Sn0.99Se,322.0,296.15,1547.0,0.5315,0.00013567936040749997,0.08219897281507994,https://doi.org/10.1021/acs.chemmater.7b01612
Ag0.01Sn0.99Se,418.0,336.75,1147.0,0.4068,0.0001300704451875,0.13365153905696903,https://doi.org/10.1021/acs.chemmater.7b01612
Ag0.01Sn0.99Se,518.0,380.77,698.0,0.2863,0.00010120008344419999,0.18310039547361368,https://doi.org/10.1021/acs.chemmater.7b01612
Ag0.01Sn0.99Se,567.0,401.28,586.0,0.2877,9.436102410239997e-05,0.1859669818076496,https://doi.org/10.1021/acs.chemmater.7b01612
Ag0.01Sn0.99Se,616.0,416.0,653.0,0.2904,0.000113005568,0.2397087806060606,https://doi.org/10.1021/acs.chemmater.7b01612
Ag0.01Sn0.99Se,666.0,405.56,845.0,0.2918,0.00013898468199200002,0.3172165805574777,https://doi.org/10.1021/acs.chemmater.7b01612
Ag0.01Sn0.99Se,763.0,346.58,1802.0,0.2685,0.00021645208891279998,0.6150947629067649,https://doi.org/10.1021/acs.chemmater.7b01612
Ag0.01Sn0.99Se,813.0,301.28,2877.0,0.2315,0.00026114424967679995,0.917107019383319,https://doi.org/10.1021/acs.chemmater.7b01612
Ag0.01Sn0.99Se0.65S0.35,322.0,304.7,550.0,0.2932,5.10631495e-05,0.05607890224761255,https://doi.org/10.1021/acs.chemmater.7b01612
Ag0.01Sn0.99Se0.65S0.35,418.0,359.4,463.0,0.2329,5.980495067999999e-05,0.10733563496882781,https://doi.org/10.1021/acs.chemmater.7b01612
Ag0.01Sn0.99Se0.65S0.35,518.0,401.7,326.0,0.185,5.260430213999999e-05,0.147292045992,https://doi.org/10.1021/acs.chemmater.7b01612
Ag0.01Sn0.99Se0.65S0.35,567.0,443.16,249.63,0.1767,4.9025031809328005e-05,0.15731292040684197,https://doi.org/10.1021/acs.chemmater.7b01612
Ag0.01Sn0.99Se0.65S0.35,616.0,470.94,262.0,0.1836,5.81075347032e-05,0.19495774170572552,https://doi.org/10.1021/acs.chemmater.7b01612
Ag0.01Sn0.99Se0.65S0.35,666.0,443.16,364.0,0.19,7.148624595840001e-05,0.2505781042541811,https://doi.org/10.1021/acs.chemmater.7b01612
Ag0.01Sn0.99Se0.65S0.35,763.0,392.0,877.0,0.205,0.000134763328,0.501582532995122,https://doi.org/10.1021/acs.chemmater.7b01612
Ag0.01Sn0.99Se0.65S0.35,813.0,385.0,910.0,0.1822,0.00013488475,0.6018732258507135,https://doi.org/10.1021/acs.chemmater.7b01612
Ag0.01Sn0.99Se0.85S0.15,322.0,306.0,1116.0,0.2096,0.000104497776,0.1605357054961832,https://doi.org/10.1021/acs.chemmater.7b01612
Ag0.01Sn0.99Se0.85S0.15,418.0,352.56,841.0,0.1918,0.0001045350835776,0.22781889955910742,https://doi.org/10.1021/acs.chemmater.7b01612
Ag0.01Sn0.99Se0.85S0.15,518.0,395.3,571.0,0.1616,8.922565339e-05,0.2860079731189356,https://doi.org/10.1021/acs.chemmater.7b01612
Ag0.01Sn0.99Se0.85S0.15,567.0,426.07,458.0,0.141,8.314332536419999e-05,0.33434230837944257,https://doi.org/10.1021/acs.chemmater.7b01612
Ag0.01Sn0.99Se0.85S0.15,616.0,430.34,488.0,0.13,9.037394761279998e-05,0.42823347484219065,https://doi.org/10.1021/acs.chemmater.7b01612
Ag0.01Sn0.99Se0.85S0.15,666.0,409.83,710.0,0.1356,0.00011925204651899999,0.5857069541419913,https://doi.org/10.1021/acs.chemmater.7b01612
Ag0.01Sn0.99Se0.85S0.15,763.0,362.39,1451.0,0.13,0.0001905547690571,1.1184099137735946,https://doi.org/10.1021/acs.chemmater.7b01612
Ag0.01Sn0.99Se0.85S0.15,813.0,314.96,2247.0,0.1164,0.00022290195419519997,1.5568667419303914,https://doi.org/10.1021/acs.chemmater.7b01612
Ag0.01Sn0.99Se0.8S0.2,322.0,313.68,1031.0,0.1986,0.00010144539181440002,0.16447842982999397,https://doi.org/10.1021/acs.chemmater.7b01612
Ag0.01Sn0.99Se0.8S0.2,418.0,362.82,868.0,0.1699,0.0001142620898832,0.2811156772876845,https://doi.org/10.1021/acs.chemmater.7b01612
Ag0.01Sn0.99Se0.8S0.2,518.0,405.98,558.0,0.1575,9.196942630320002e-05,0.3024772242860801,https://doi.org/10.1021/acs.chemmater.7b01612
Ag0.01Sn0.99Se0.8S0.2,567.0,433.33,432.0,0.1589,8.111875200479999e-05,0.2894545776382731,https://doi.org/10.1021/acs.chemmater.7b01612
Ag0.01Sn0.99Se0.8S0.2,616.0,449.6,452.0,0.1603,9.136735232e-05,0.3511059827144105,https://doi.org/10.1021/acs.chemmater.7b01612
Ag0.01Sn0.99Se0.8S0.2,666.0,424.79,675.0,0.1822,0.00012180141726750001,0.4452236218449781,https://doi.org/10.1021/acs.chemmater.7b01612
Ag0.01Sn0.99Se0.8S0.2,763.0,370.94,1608.0,0.1849,0.0002212551456288,0.9130215041361515,https://doi.org/10.1021/acs.chemmater.7b01612
Ag0.01Sn0.99Se0.8S0.2,813.0,326.92,2400.0,0.1486,0.00025650404736,1.4033498688,https://doi.org/10.1021/acs.chemmater.7b01612
Ag0.01Sn0.99Se0.9S0.1,322.0,300.85,1505.0,0.3315,0.00013621863736250003,0.13231493583929113,https://doi.org/10.1021/acs.chemmater.7b01612
Ag0.01Sn0.99Se0.9S0.1,418.0,347.44,1108.0,0.263,0.00013375172538879999,0.21257878788029805,https://doi.org/10.1021/acs.chemmater.7b01612
Ag0.01Sn0.99Se0.9S0.1,518.0,385.04,698.0,0.197,0.0001034825495168,0.272101323094936,https://doi.org/10.1021/acs.chemmater.7b01612
Ag0.01Sn0.99Se0.9S0.1,567.0,415.8,569.0,0.192,9.837420516000001e-05,0.29051132461312507,https://doi.org/10.1021/acs.chemmater.7b01612
Ag0.01Sn0.99Se0.9S0.1,616.0,432.05,596.0,0.2123,0.00011125365269000002,0.3228085259398964,https://doi.org/10.1021/acs.chemmater.7b01612
Ag0.01Sn0.99Se0.9S0.1,666.0,410.26,837.0,0.237,0.00014087820498119997,0.39588558868134677,https://doi.org/10.1021/acs.chemmater.7b01612
Ag0.01Sn0.99Se0.9S0.1,763.0,362.39,1708.0,0.223,0.0002243056826668,0.7674674254473919,https://doi.org/10.1021/acs.chemmater.7b01612
Ag0.01Sn0.99Se0.9S0.1,813.0,310.68,2689.0,0.1808,0.0002595478257936,1.1671038847909116,https://doi.org/10.1021/acs.chemmater.7b01612
Cu2Se,303.0,72.7,143966.0,1.2,0.00076090206014,0.19212777018535,https://doi.org/10.1021/acs.chemmater.7b01687
Cu2Se,333.0,85.1,122500.0,1.064,0.0008871462249999999,0.27765008733552626,https://doi.org/10.1021/acs.chemmater.7b01687
Cu2Se,353.0,96.05,100000.0,0.908,0.0009225602499999999,0.3586605377202643,https://doi.org/10.1021/acs.chemmater.7b01687
Cu2Se,372.0,99.84,79524.0,0.708,0.0007926972678144001,0.4165019542753628,https://doi.org/10.1021/acs.chemmater.7b01687
Cu2Se,450.0,98.4,84343.0,1.22,0.0008166561580800002,0.3012256320786886,https://doi.org/10.1021/acs.chemmater.7b01687
Cu2Se,550.0,125.66,64231.0,1.13,0.0010142354690236,0.49365443182564606,https://doi.org/10.1021/acs.chemmater.7b01687
Cu2Se,650.0,152.3,49118.0,1.064,0.0011393062542200002,0.6960047605667294,https://doi.org/10.1021/acs.chemmater.7b01687
Cu2Se,750.0,177.7,38500.0,1.0,0.001215725665,0.91179424875,https://doi.org/10.1021/acs.chemmater.7b01687
Cu2Se,850.0,202.3,30812.0,0.938,0.0012609900354800003,1.1426881984626867,https://doi.org/10.1021/acs.chemmater.7b01687
Cu2Se,1000.0,236.84,21802.0,0.868,0.0012229436324512,1.408921235542857,https://doi.org/10.1021/acs.chemmater.7b01687
Cu2Se0.88S0.12,303.0,106.58,69583.0,0.608,0.0007904139214011999,0.3939069378035585,https://doi.org/10.1021/acs.chemmater.7b01687
Cu2Se0.88S0.12,333.0,117.3,62300.0,0.564,0.0008572037669999999,0.501,https://doi.org/10.1021/acs.chemmater.7b01687
Cu2Se0.88S0.12,353.0,127.3,50900.0,0.474,0.0008248492609999999,0.611,https://doi.org/10.1021/acs.chemmater.7b01687
Cu2Se0.88S0.12,372.0,142.3,36100.0,0.29,0.0007309993690000001,0.9376957423034485,https://doi.org/10.1021/acs.chemmater.7b01687
Cu2Se0.88S0.12,450.0,150.66,31629.0,0.694,0.0007179288195924001,0.46551580521121044,https://doi.org/10.1021/acs.chemmater.7b01687
Cu2Se0.88S0.12,550.0,186.0,25303.0,0.678,0.000875382588,0.7101186185840708,https://doi.org/10.1021/acs.chemmater.7b01687
Cu2Se0.88S0.12,650.0,217.33,19622.0,0.644,0.0009267927576758002,0.9354274728094256,https://doi.org/10.1021/acs.chemmater.7b01687
Cu2Se0.88S0.12,750.0,243.05,15931.0,0.622,0.0009410967821275,1.1347630009575964,https://doi.org/10.1021/acs.chemmater.7b01687
Cu2Se0.92S0.08,303.0,97.7,103086.0,0.73,0.00098398576494,0.40842148873536993,https://doi.org/10.1021/acs.chemmater.7b01687
Cu2Se0.92S0.08,333.0,106.91,93820.0,0.684,0.0010723389667419998,0.5220597601243946,https://doi.org/10.1021/acs.chemmater.7b01687
Cu2Se0.92S0.08,353.0,116.12,77315.0,0.586,0.001042504202936,0.6279931461372151,https://doi.org/10.1021/acs.chemmater.7b01687
Cu2Se0.92S0.08,372.0,125.66,59220.0,0.396,0.000935109596232,0.8784362873694544,https://doi.org/10.1021/acs.chemmater.7b01687
Cu2Se0.92S0.08,450.0,138.49,46648.0,0.794,0.0008946843877048002,0.5070629401349622,https://doi.org/10.1021/acs.chemmater.7b01687
Cu2Se0.92S0.08,550.0,170.33,35232.0,0.754,0.0010221616671648001,0.7456086431573477,https://doi.org/10.1021/acs.chemmater.7b01687
Cu2Se0.92S0.08,650.0,201.0,27023.0,0.724,0.001091756223,0.9801678797651934,https://doi.org/10.1021/acs.chemmater.7b01687
Cu2Se0.92S0.08,750.0,231.13,21337.0,0.694,0.0011398455178153,1.2318215250165347,https://doi.org/10.1021/acs.chemmater.7b01687
Cu2Se0.92S0.08,850.0,257.28,17328.0,0.644,0.0011469922762751997,1.5138873211706825,https://doi.org/10.1021/acs.chemmater.7b01687
Cu2Se0.92S0.08,1000.0,279.47,13496.0,0.55,0.0010540845782264002,1.916517414957091,https://doi.org/10.1021/acs.chemmater.7b01687
Cu2Se0.94S0.06,303.0,92.0,117606.0,0.788,0.0009954171839999999,0.37,https://doi.org/10.1021/acs.chemmater.7b01687
Cu2Se0.94S0.06,333.0,102.63,102454.0,0.732,0.0010791394680725998,0.4909200039182729,https://doi.org/10.1021/acs.chemmater.7b01687
Cu2Se0.94S0.06,353.0,111.84,87895.0,0.654,0.001099406973312,0.5934107975216146,https://doi.org/10.1021/acs.chemmater.7b01687
Cu2Se0.94S0.06,372.0,125.0,63740.0,0.468,0.0009959375,0.7916426282051282,https://doi.org/10.1021/acs.chemmater.7b01687
Cu2Se0.94S0.06,450.0,131.9,52188.0,0.86,0.00090794647068,0.47508826954186045,https://doi.org/10.1021/acs.chemmater.7b01687
Cu2Se0.94S0.06,550.0,165.46,39019.0,0.812,0.0010682236156204,0.7235504785606157,https://doi.org/10.1021/acs.chemmater.7b01687
Cu2Se0.94S0.06,650.0,194.08,29298.0,0.77,0.0011035691254272,0.9315843266593247,https://doi.org/10.1021/acs.chemmater.7b01687
Cu2Se0.94S0.06,750.0,223.68,22629.0,0.744,0.0011321909277696002,1.141321499767742,https://doi.org/10.1021/acs.chemmater.7b01687
Cu2Se0.94S0.06,850.0,247.7,18352.0,0.703,0.00112599228208,1.35,https://doi.org/10.1021/acs.chemmater.7b01687
Cu2Se0.94S0.06,1000.0,276.16,14092.0,0.64,0.0010747171581952002,1.6792455596800002,https://doi.org/10.1021/acs.chemmater.7b01687
Cu2Se0.96S0.04,303.0,88.82,121014.0,0.872,0.0009546785262935998,0.3317288915905513,https://doi.org/10.1021/acs.chemmater.7b01687
Cu2Se0.96S0.04,333.0,97.04,112838.0,0.816,0.0010625685454208002,0.4336217225798119,https://doi.org/10.1021/acs.chemmater.7b01687
Cu2Se0.96S0.04,353.0,104.28,91758.0,0.712,0.0009978057077472,0.49469861634095735,https://doi.org/10.1021/acs.chemmater.7b01687
Cu2Se0.96S0.04,372.0,117.76,66800.0,0.532,0.00092634349568,0.6477439481070676,https://doi.org/10.1021/acs.chemmater.7b01687
Cu2Se0.96S0.04,450.0,121.05,57192.0,0.942,0.0008380402381799999,0.40033769339808917,https://doi.org/10.1021/acs.chemmater.7b01687
Cu2Se0.96S0.04,550.0,153.29,43490.0,0.88,0.001021920370109,0.6387002313181248,https://doi.org/10.1021/acs.chemmater.7b01687
Cu2Se0.96S0.04,650.0,182.57,32745.0,0.832,0.0010914499514504997,0.8526952745707029,https://doi.org/10.1021/acs.chemmater.7b01687
Cu2Se0.96S0.04,750.0,210.53,25457.0,0.8,0.0011283275790713,1.0578071053793436,https://doi.org/10.1021/acs.chemmater.7b01687
Cu2Se0.98S0.02,303.0,85.86,124627.0,0.902,0.0009187427165292,0.308624216306372,https://doi.org/10.1021/acs.chemmater.7b01687
Cu2Se0.98S0.02,333.0,94.41,114384.0,0.84,0.0010195329706703998,0.40417199908719426,https://doi.org/10.1021/acs.chemmater.7b01687
Cu2Se0.98S0.02,353.0,102.63,98235.0,0.742,0.0010347010916714999,0.4922499802695949,https://doi.org/10.1021/acs.chemmater.7b01687
Cu2Se0.98S0.02,372.0,113.0,72000.0,0.574,0.0009193679999999999,0.5958273449477353,https://doi.org/10.1021/acs.chemmater.7b01687
Cu2Se0.98S0.02,450.0,120.39,62782.0,0.964,0.0009099467443421999,0.42476767111409747,https://doi.org/10.1021/acs.chemmater.7b01687
Cu2Se0.98S0.02,550.0,150.0,47443.0,0.902,0.0010674675,0.6508948170731708,https://doi.org/10.1021/acs.chemmater.7b01687
Cu2Se0.98S0.02,650.0,179.0,35684.0,0.858,0.001143351044,0.8661750333333333,https://doi.org/10.1021/acs.chemmater.7b01687
Cu2Se0.98S0.02,750.0,205.97,27926.0,0.822,0.0011847225957734,1.0809512735158762,https://doi.org/10.1021/acs.chemmater.7b01687
Mg3.07Sb1.5Bi0.44Se0.06,300.0,-296.45,6769.0,0.825,0.0005948773363225,0.21631903139,https://doi.org/10.1021/acs.chemmater.7b01746
Mg3.07Sb1.5Bi0.44Se0.06,400.0,-304.3,7481.0,0.7931,0.00069272930369,0.3493780374177279,https://doi.org/10.1021/acs.chemmater.7b01746
Mg3.07Sb1.5Bi0.44Se0.06,500.0,-312.69,9022.0,0.7403,0.0008821263756941999,0.5957897985237065,https://doi.org/10.1021/acs.chemmater.7b01746
Mg3.07Sb1.5Bi0.44Se0.06,600.0,-311.83,9923.0,0.7014,0.0009648921669346999,0.8253996295420871,https://doi.org/10.1021/acs.chemmater.7b01746
Mg3.07Sb1.5Bi0.44Se0.06,700.0,-314.09,10117.0,0.6764,0.0009980676267876997,1.0328908024118715,https://doi.org/10.1021/acs.chemmater.7b01746
Mg3.07Sb1.5Bi0.45Se0.05,300.0,-279.24,7900.0,0.8736,0.00061600232304,0.21153925928571424,https://doi.org/10.1021/acs.chemmater.7b01746
Mg3.07Sb1.5Bi0.45Se0.05,400.0,-293.9,8507.0,0.7958,0.0007348109254699999,0.3693445214727318,https://doi.org/10.1021/acs.chemmater.7b01746
Mg3.07Sb1.5Bi0.45Se0.05,500.0,-305.65,9987.0,0.7375,0.0009330047400074998,0.6325455864457625,https://doi.org/10.1021/acs.chemmater.7b01746
Mg3.07Sb1.5Bi0.45Se0.05,600.0,-304.57,10704.0,0.7028,0.0009929339199695997,0.8476954353752987,https://doi.org/10.1021/acs.chemmater.7b01746
Mg3.07Sb1.5Bi0.45Se0.05,700.0,-306.3,10690.0,0.667,0.0010029324861,1.052552833988006,https://doi.org/10.1021/acs.chemmater.7b01746
Mg3.07Sb1.5Bi0.46Se0.04,300.0,-281.52,7346.0,0.7403,0.0005821962873983998,0.23592987467178164,https://doi.org/10.1021/acs.chemmater.7b01746
Mg3.07Sb1.5Bi0.46Se0.04,400.0,-297.93,8149.0,0.7069,0.0007233238596501,0.4092934557363701,https://doi.org/10.1021/acs.chemmater.7b01746
Mg3.07Sb1.5Bi0.46Se0.04,500.0,-306.24,9823.0,0.682,0.0009212297960448,0.6753884135225805,https://doi.org/10.1021/acs.chemmater.7b01746
Mg3.07Sb1.5Bi0.46Se0.04,600.0,-303.87,10749.0,0.657,0.0009925301646981001,0.9064202417334246,https://doi.org/10.1021/acs.chemmater.7b01746
Mg3.07Sb1.5Bi0.46Se0.04,700.0,-304.84,10809.0,0.6264,0.0010044525433103998,1.1224725100850574,https://doi.org/10.1021/acs.chemmater.7b01746
Mg3.07Sb1.5Bi0.47Se0.03,300.0,-280.98,7561.0,0.7764,0.0005969391383844001,0.2306565449707883,https://doi.org/10.1021/acs.chemmater.7b01746
Mg3.07Sb1.5Bi0.47Se0.03,400.0,-293.48,8602.0,0.7347,0.0007408946504608001,0.4033726149235335,https://doi.org/10.1021/acs.chemmater.7b01746
Mg3.07Sb1.5Bi0.47Se0.03,500.0,-301.52,10459.0,0.7056,0.0009508727724735999,0.6738044022630386,https://doi.org/10.1021/acs.chemmater.7b01746
Mg3.07Sb1.5Bi0.47Se0.03,600.0,-299.89,11414.0,0.6819,0.0010265068141093998,0.9032176103030356,https://doi.org/10.1021/acs.chemmater.7b01746
Mg3.07Sb1.5Bi0.47Se0.03,700.0,-301.52,11448.0,0.6556,0.0010407870254592,1.1112735171162902,https://doi.org/10.1021/acs.chemmater.7b01746
Mg3.07Sb1.5Bi0.48Se0.02,300.0,-275.82,11040.0,0.7972,0.000839886463296,0.3160636464987456,https://doi.org/10.1021/acs.chemmater.7b01746
Mg3.07Sb1.5Bi0.48Se0.02,400.0,-285.0,10734.0,0.7486,0.00087186915,0.46586649746192893,https://doi.org/10.1021/acs.chemmater.7b01746
Mg3.07Sb1.5Bi0.48Se0.02,500.0,-298.26,11689.0,0.7069,0.0010398420736164,0.7354944642922621,https://doi.org/10.1021/acs.chemmater.7b01746
Mg3.07Sb1.5Bi0.48Se0.02,600.0,-298.48,12053.0,0.67083,0.0010738055112512002,0.9604270929307276,https://doi.org/10.1021/acs.chemmater.7b01746
Mg3.07Sb1.5Bi0.48Se0.02,700.0,-302.17,11567.0,0.63194,0.0010561447018463,1.1698915898541162,https://doi.org/10.1021/acs.chemmater.7b01746
Cr1.99Fe0.01Ge2Te6,320.0,500.0,109.375,0.8343,2.734375e-05,0.010487834112429581,https://doi.org/10.1021/acs.chemmater.7b02346
Cr1.99Fe0.01Ge2Te6,416.0,468.04,304.69,0.7798,6.674583064110401e-05,0.03560690631790108,https://doi.org/10.1021/acs.chemmater.7b02346
Cr1.99Fe0.01Ge2Te6,515.0,415.3,796.875,0.724,0.00013744029046875,0.09776484750194234,https://doi.org/10.1021/acs.chemmater.7b02346
Cr1.99Fe0.01Ge2Te6,614.0,365.98,1515.625,0.6567,0.00020300487435625,0.18980507515568373,https://doi.org/10.1021/acs.chemmater.7b02346
Cr1.99Fe0.01Ge2Te6,713.0,315.464,2488.37,0.6225,0.0002476364493045075,0.283638214223476,https://doi.org/10.1021/acs.chemmater.7b02346
Cr1.99Fe0.01Ge2Te6,812.0,264.43,3820.3125,0.6416,0.00026712857012578127,0.3380741878773915,https://doi.org/10.1021/acs.chemmater.7b02346
Cr1.99Mn0.01Ge2Te6,320.0,360.3,593.75,0.8202,7.70783034375e-05,0.030072003291880027,https://doi.org/10.1021/acs.chemmater.7b02346
Cr1.99Mn0.01Ge2Te6,416.0,346.9,1609.375,0.763,0.00019367155984374997,0.10559288190694624,https://doi.org/10.1021/acs.chemmater.7b02346
Cr1.99Mn0.01Ge2Te6,515.0,332.0,2734.375,0.7157,0.00030139375,0.21687548029900797,https://doi.org/10.1021/acs.chemmater.7b02346
Cr1.99Mn0.01Ge2Te6,614.0,315.46,3852.0,0.6579,0.0003833318246831999,0.35775306331583023,https://doi.org/10.1021/acs.chemmater.7b02346
Cr1.99Mn0.01Ge2Te6,713.0,292.78,4710.9375,0.6275,0.0004038221673843749,0.45884494875706666,https://doi.org/10.1021/acs.chemmater.7b02346
Cr1.99Mn0.01Ge2Te6,812.0,268.04,5437.5,0.63258,0.00039065958870000006,0.5014631920459073,https://doi.org/10.1021/acs.chemmater.7b02346
Cr2Ge2Te6,320.0,573.71,46.875,0.9157,1.5428585817187503e-05,0.005391664804521132,https://doi.org/10.1021/acs.chemmater.7b02346
Cr2Ge2Te6,416.0,514.43,218.75,0.829,5.788961169687499e-05,0.029049551828588656,https://doi.org/10.1021/acs.chemmater.7b02346
Cr2Ge2Te6,515.0,455.67,609.375,0.7517,0.0001265276688609375,0.08668584470318319,https://doi.org/10.1021/acs.chemmater.7b02346
Cr2Ge2Te6,614.0,401.55,1148.4375,0.6809,0.00018517682162109376,0.1669827705615385,https://doi.org/10.1021/acs.chemmater.7b02346
Cr2Ge2Te6,713.0,336.08,2062.5,0.63,0.00023295889319999998,0.2636503029390476,https://doi.org/10.1021/acs.chemmater.7b02346
Cr2Ge2Te6,812.0,264.95,3257.8,0.63,0.00022869268144449996,0.2947594560840222,https://doi.org/10.1021/acs.chemmater.7b02346
Ti0.925Mn0.075NiSn0.925Sb0.075,297.0,-72.216,300000.0,7.1275,0.0015645451967999998,0.06519395628896527,https://doi.org/10.1021/acs.chemmater.7b02685
Ti0.925Mn0.075NiSn0.925Sb0.075,398.0,-85.19,283444.0,6.7718,0.0020570483735283997,0.12089920739896381,https://doi.org/10.1021/acs.chemmater.7b02685
Ti0.925Mn0.075NiSn0.925Sb0.075,498.0,-97.514,255629.0,6.45,0.0024307710985232833,0.18767814063016977,https://doi.org/10.1021/acs.chemmater.7b02685
Ti0.925Mn0.075NiSn0.925Sb0.075,598.0,-106.16,235762.0,6.221,0.0026570249145471997,0.2554092427100507,https://doi.org/10.1021/acs.chemmater.7b02685
Ti0.925Mn0.075NiSn0.925Sb0.075,697.0,-114.81,215894.0,5.9664,0.0028457713759734,0.33244546947128245,https://doi.org/10.1021/acs.chemmater.7b02685
Ti0.925Mn0.075NiSn0.925Sb0.075,797.0,-120.0,200000.0,5.8993,0.0028799999999999997,0.38909023104436113,https://doi.org/10.1021/acs.chemmater.7b02685
Ti0.925Mn0.075NiSn0.925Sb0.075,871.0,-122.9,188100.0,5.8926,0.0028411395210000004,0.4199559655824255,https://doi.org/10.1021/acs.chemmater.7b02685
Ti0.95Mn0.05NiSn0.95Sb0.05,297.0,-93.19,255629.0,6.7047,0.0022199783780669,0.09833901267556627,https://doi.org/10.1021/acs.chemmater.7b02685
Ti0.95Mn0.05NiSn0.95Sb0.05,398.0,-108.32,237748.0,6.328,0.0027895501591551995,0.17544895122373091,https://doi.org/10.1021/acs.chemmater.7b02685
Ti0.95Mn0.05NiSn0.95Sb0.05,498.0,-126.5,216600.0,6.05,0.00346608735,0.285307686,https://doi.org/10.1021/acs.chemmater.7b02685
Ti0.95Mn0.05NiSn0.95Sb0.05,598.0,-140.865,197351.0,5.855,0.003916025675151975,0.39996299807700786,https://doi.org/10.1021/acs.chemmater.7b02685
Ti0.95Mn0.05NiSn0.95Sb0.05,697.0,-154.2,179500.0,5.644,0.004268086379999999,0.5270829565662649,https://doi.org/10.1021/acs.chemmater.7b02685
Ti0.95Mn0.05NiSn0.95Sb0.05,797.0,-160.0,168874.0,5.5973,0.0043231744,0.6155771526986226,https://doi.org/10.1021/acs.chemmater.7b02685
Ti0.95Mn0.05NiSn0.95Sb0.05,871.0,-155.5,162300.0,5.715,0.003924454575,0.598110224816273,https://doi.org/10.1021/acs.chemmater.7b02685
Ti0.97Mn0.03NiSn0.97Sb0.03,297.0,-95.57,143709.0,5.94,0.0013125841007540998,0.06562920503770499,https://doi.org/10.1021/acs.chemmater.7b02685
Ti0.97Mn0.03NiSn0.97Sb0.03,398.0,-112.2,142384.0,5.631,0.00179244939456,0.12669061606018112,https://doi.org/10.1021/acs.chemmater.7b02685
Ti0.97Mn0.03NiSn0.97Sb0.03,498.0,-128.43,141722.0,5.4564,0.0023376002101578,0.21335036006498506,https://doi.org/10.1021/acs.chemmater.7b02685
Ti0.97Mn0.03NiSn0.97Sb0.03,598.0,-140.76,139735.0,5.396,0.0027686223189359992,0.30682656536762926,https://doi.org/10.1021/acs.chemmater.7b02685
Ti0.97Mn0.03NiSn0.97Sb0.03,697.0,-147.2,138500.0,5.4,0.0030009958399999995,0.38735075934814805,https://doi.org/10.1021/acs.chemmater.7b02685
Ti0.97Mn0.03NiSn0.97Sb0.03,797.0,-146.12,137100.0,5.475,0.00292722955824,0.42611907907164936,https://doi.org/10.1021/acs.chemmater.7b02685
Ti0.97Mn0.03NiSn0.97Sb0.03,871.0,-143.0,139800.0,5.543,0.0028587702,0.44921321381923146,https://doi.org/10.1021/acs.chemmater.7b02685
Ti0.98Mn0.02NiSn0.98Sb0.02,297.0,-107.676,162252.0,6.1275,0.001881169316597952,0.09118029980083096,https://doi.org/10.1021/acs.chemmater.7b02685
Ti0.98Mn0.02NiSn0.98Sb0.02,398.0,-121.3,159603.0,5.7987,0.0023483490650699997,0.16118145927498576,https://doi.org/10.1021/acs.chemmater.7b02685
Ti0.98Mn0.02NiSn0.98Sb0.02,498.0,-143.3,158900.0,5.604,0.0032629940210000003,0.2899662780974305,https://doi.org/10.1021/acs.chemmater.7b02685
Ti0.98Mn0.02NiSn0.98Sb0.02,598.0,-152.43,160927.0,5.577,0.0037391235408423,0.4009316617220182,https://doi.org/10.1021/acs.chemmater.7b02685
Ti0.98Mn0.02NiSn0.98Sb0.02,697.0,-153.7,152318.0,5.56,0.0035983132134199992,0.45108350894851434,https://doi.org/10.1021/acs.chemmater.7b02685
Ti0.98Mn0.02NiSn0.98Sb0.02,797.0,-149.4,150331.0,5.642,0.00335544203916,0.47399633201179014,https://doi.org/10.1021/acs.chemmater.7b02685
Ti0.98Mn0.02NiSn0.98Sb0.02,871.0,-144.3,149670.0,5.852,0.0031165020783000003,0.47,https://doi.org/10.1021/acs.chemmater.7b02685
Ti0.99Mn0.01NiSn0.99Sb0.01,297.0,-127.14,88742.0,6.2349,0.0014344771228632,0.06833144164146505,https://doi.org/10.1021/acs.chemmater.7b02685
Ti0.99Mn0.01NiSn0.99Sb0.01,398.0,-142.92,94400.0,5.8255,0.0019282263321599997,0.13173703204869622,https://doi.org/10.1021/acs.chemmater.7b02685
Ti0.99Mn0.01NiSn0.99Sb0.01,498.0,-158.1,100000.0,5.5235,0.0024995609999999995,0.22536098089979173,https://doi.org/10.1021/acs.chemmater.7b02685
Ti0.99Mn0.01NiSn0.99Sb0.01,598.0,-167.35,105298.0,5.4564,0.002948978157205,0.3231964185192783,https://doi.org/10.1021/acs.chemmater.7b02685
Ti0.99Mn0.01NiSn0.99Sb0.01,697.0,-167.3,106650.0,5.39,0.0029850577785000003,0.38600839918636376,https://doi.org/10.1021/acs.chemmater.7b02685
Ti0.99Mn0.01NiSn0.99Sb0.01,797.0,-164.973,112583.0,5.6,0.0030640691425430073,0.436082697608353,https://doi.org/10.1021/acs.chemmater.7b02685
Ti0.99Mn0.01NiSn0.99Sb0.01,871.0,-154.8,117881.0,5.8926,0.0028247871182400007,0.41753887587602084,https://doi.org/10.1021/acs.chemmater.7b02685
Ti0.9Mn0.1NiSn0.9Sb0.1,297.0,-74.81,347682.0,6.859,0.0019458148643202002,0.0842552871705933,https://doi.org/10.1021/acs.chemmater.7b02685
Ti0.9Mn0.1NiSn0.9Sb0.1,398.0,-87.135,320530.0,6.4027,0.00243362666135925,0.15127733787636174,https://doi.org/10.1021/acs.chemmater.7b02685
Ti0.9Mn0.1NiSn0.9Sb0.1,498.0,-100.97,292053.0,6.0872,0.0029774630746676996,0.24358927112375384,https://doi.org/10.1021/acs.chemmater.7b02685
Ti0.9Mn0.1NiSn0.9Sb0.1,598.0,-113.6,263600.0,5.859,0.003401747456,0.34720003049803716,https://doi.org/10.1021/acs.chemmater.7b02685
Ti0.9Mn0.1NiSn0.9Sb0.1,697.0,-125.84,240397.0,5.651,0.0038068561191232004,0.46954144665172015,https://doi.org/10.1021/acs.chemmater.7b02685
Ti0.9Mn0.1NiSn0.9Sb0.1,797.0,-132.32,217881.0,5.5503,0.0038147874418943996,0.5477876134965383,https://doi.org/10.1021/acs.chemmater.7b02685
Ti0.9Mn0.1NiSn0.9Sb0.1,871.0,-131.89,205960.0,5.547,0.003582668453715999,0.5625570981046756,https://doi.org/10.1021/acs.chemmater.7b02685
TiNiSn,297.0,-165.41,32450.0,4.7047,0.0008878471898449998,0.056048337913993454,https://doi.org/10.1021/acs.chemmater.7b02685
TiNiSn,398.0,-174.92,48344.0,4.691,0.0014791816774015996,0.12549867994155547,https://doi.org/10.1021/acs.chemmater.7b02685
TiNiSn,498.0,-179.24,64238.0,4.7987,0.0020637727870688,0.21417443223378466,https://doi.org/10.1021/acs.chemmater.7b02685
TiNiSn,598.0,-177.08,79470.0,5.0872,0.002491966729008,0.2929305126487624,https://doi.org/10.1021/acs.chemmater.7b02685
TiNiSn,697.0,-172.32,91391.0,5.255,0.0027137810237184,0.3599439340688344,https://doi.org/10.1021/acs.chemmater.7b02685
TiNiSn,797.0,-154.81,103311.0,5.67785,0.0024759654866271,0.34755136061040687,https://doi.org/10.1021/acs.chemmater.7b02685
TiNiSn,871.0,-139.2,120861.0,6.322,0.0023418800870399995,0.3226475096190825,https://doi.org/10.1021/acs.chemmater.7b02685
BaBiTe2.95Se0.05,322.0,-152.0,6210.0,0.437,0.00014347584,0.10571904,https://doi.org/10.1021/acs.chemmater.7b04123
BaBiTe2.95Se0.05,373.0,-165.7,7322.0,0.4315,0.00020103641977999996,0.17378119253288524,https://doi.org/10.1021/acs.chemmater.7b04123
BaBiTe2.95Se0.05,474.0,-185.3,7830.0,0.4142,0.0002688515847,0.30766695110526315,https://doi.org/10.1021/acs.chemmater.7b04123
BaBiTe2.95Se0.05,525.0,-191.8,8000.0,0.4085,0.00029429792000000007,0.365,https://doi.org/10.1021/acs.chemmater.7b04123
BaBiTe2.95Se0.05,575.0,-196.7,7510.0,0.4075,0.0002905685838999999,0.4100047502883435,https://doi.org/10.1021/acs.chemmater.7b04123
BaBiTe2.95Se0.05,597.0,-197.3,7430.0,0.4102,0.0002892297647,0.42094141766431004,https://doi.org/10.1021/acs.chemmater.7b04123
BaBiTe2.9Se0.1,322.0,-154.6,4240.0,0.413,0.0001013409184,0.0790115634983051,https://doi.org/10.1021/acs.chemmater.7b04123
BaBiTe2.9Se0.1,373.0,-171.0,4499.0,0.409,0.000131555259,0.119975823,https://doi.org/10.1021/acs.chemmater.7b04123
BaBiTe2.9Se0.1,474.0,-191.0,4245.0,0.396,0.000154861845,0.18536493568181817,https://doi.org/10.1021/acs.chemmater.7b04123
BaBiTe2.9Se0.1,525.0,-199.2,4050.0,0.391,0.00016070659199999995,0.21578250843989763,https://doi.org/10.1021/acs.chemmater.7b04123
BaBiTe2.9Se0.1,575.0,-204.2,3890.0,0.393,0.00016220381959999996,0.236,https://doi.org/10.1021/acs.chemmater.7b04123
BaBiTe2.9Se0.1,597.0,-204.0,3840.0,0.397,0.00015980544,0.24031195889168766,https://doi.org/10.1021/acs.chemmater.7b04123
BaBiTe3,323.0,-140.0,9749.0,0.461,0.0001910804,0.1338806273318872,https://doi.org/10.1021/acs.chemmater.7b04123
BaBiTe3,372.0,-151.8,10350.0,0.452,0.00023849753400000007,0.19628558107964605,https://doi.org/10.1021/acs.chemmater.7b04123
BaBiTe3,474.0,-170.45,9563.0,0.43425,0.00027783577550749994,0.30326806583892907,https://doi.org/10.1021/acs.chemmater.7b04123
BaBiTe3,524.0,-178.93,9067.0,0.42756,0.00029028857240830005,0.35576576841133223,https://doi.org/10.1021/acs.chemmater.7b04123
BaBiTe3,574.0,-183.0,8685.0,0.4266,0.000290851965,0.391347932278481,https://doi.org/10.1021/acs.chemmater.7b04123
BaBiTe3,598.0,-183.6,8515.0,0.43,0.0002870317944,0.39917444895627907,https://doi.org/10.1021/acs.chemmater.7b04123
CoAsSb,350.0,-118.0,17720.0,2.819,0.00024673328,0.030633787868038314,https://doi.org/10.1021/acs.chemmater.7b05170
CoAsSb,400.0,-128.74,22690.0,2.8173,0.00037606377864400013,0.05339350138700176,https://doi.org/10.1021/acs.chemmater.7b05170
CoAsSb,450.0,-132.3,28361.0,2.8885,0.0004964108076900001,0.07733594026674745,https://doi.org/10.1021/acs.chemmater.7b05170
CoAsSb,500.0,-130.815,34704.0,3.034,0.0005938744288643999,0.09786987950962424,https://doi.org/10.1021/acs.chemmater.7b05170
CoAsSb,600.0,-119.0,49815.0,3.4673,0.000705430215,0.12207138955383151,https://doi.org/10.1021/acs.chemmater.7b05170
CoAsSb,700.0,-104.1,68520.0,4.0,0.0007395,0.12994418871,https://doi.org/10.1021/acs.chemmater.7b05170
CoAsSb,800.0,-91.4,89700.0,4.604,0.000748,0.13,https://doi.org/10.1021/acs.chemmater.7b05170
CoAsSb,900.0,-81.7,112033.0,5.3154,0.00074780795137,0.12661834598205216,https://doi.org/10.1021/acs.chemmater.7b05170
YbCd1.1Zn0.9Sb2,350.0,86.3,135370.0,1.707,0.0010081937953,0.192,https://doi.org/10.1021/acs.chemmater.8b02155
YbCd1.1Zn0.9Sb2,450.0,102.4,108700.0,1.52,0.0011398021120000003,0.31,https://doi.org/10.1021/acs.chemmater.8b02155
YbCd1.1Zn0.9Sb2,550.0,125.05,86111.0,1.4,0.0013465609777775,0.502,https://doi.org/10.1021/acs.chemmater.8b02155
YbCd1.1Zn0.9Sb2,650.0,134.5,79800.0,1.33,0.00144360195,0.67,https://doi.org/10.1021/acs.chemmater.8b02155
YbCd1.2Zn0.8Sb2,350.0,89.28,125000.0,1.67,0.0009963648,0.22,https://doi.org/10.1021/acs.chemmater.8b02155
YbCd1.2Zn0.8Sb2,450.0,110.2,99700.0,1.463,0.001210760788,0.378,https://doi.org/10.1021/acs.chemmater.8b02155
YbCd1.2Zn0.8Sb2,550.0,134.95,80311.0,1.347,0.0014625839772775,0.62,https://doi.org/10.1021/acs.chemmater.8b02155
YbCd1.2Zn0.8Sb2,650.0,141.2,72900.0,1.253,0.0014534393759999995,0.77,https://doi.org/10.1021/acs.chemmater.8b02155
YbCd1.3Zn0.7Sb2,350.0,109.69,98726.0,1.556,0.0011878609743686,0.2671923785533483,https://doi.org/10.1021/acs.chemmater.8b02155
YbCd1.3Zn0.7Sb2,450.0,136.29,79253.0,1.3965,0.0014721216298172997,0.4743678721215788,https://doi.org/10.1021/acs.chemmater.8b02155
YbCd1.3Zn0.7Sb2,550.0,160.4,64200.0,1.242,0.0016517478720000003,0.7314503458937198,https://doi.org/10.1021/acs.chemmater.8b02155
YbCd1.3Zn0.7Sb2,650.0,165.3,61650.0,1.172,0.0016845301485000001,0.9342530687073382,https://doi.org/10.1021/acs.chemmater.8b02155
YbCd1.4Zn0.6Sb2,350.0,125.45,75926.0,1.67,0.001194900800015,0.25042831138038923,https://doi.org/10.1021/acs.chemmater.8b02155
YbCd1.4Zn0.6Sb2,450.0,157.1,63012.0,1.46,0.0015551619949200001,0.498,https://doi.org/10.1021/acs.chemmater.8b02155
YbCd1.4Zn0.6Sb2,550.0,178.78,52926.0,1.305,0.0016916360758584001,0.73,https://doi.org/10.1021/acs.chemmater.8b02155
YbCd1.4Zn0.6Sb2,650.0,178.16,50000.0,1.2439,0.00158704928,0.86,https://doi.org/10.1021/acs.chemmater.8b02155
YbCd1.5Zn0.5Sb2,350.0,121.03,91450.0,1.613,0.001339583459305,0.33,https://doi.org/10.1021/acs.chemmater.8b02155
YbCd1.5Zn0.5Sb2,450.0,149.0,73113.0,1.42,0.001623181713,0.57,https://doi.org/10.1021/acs.chemmater.8b02155
YbCd1.5Zn0.5Sb2,550.0,170.82,60900.0,1.2509,0.00177702986916,0.87,https://doi.org/10.1021/acs.chemmater.8b02155
YbCd1.5Zn0.5Sb2,650.0,175.3,57600.0,1.14,0.0017700531840000003,1.13,https://doi.org/10.1021/acs.chemmater.8b02155
YbCd1.6Zn0.4Sb2,350.0,122.22,84470.0,1.6825,0.0012617899179479999,0.29,https://doi.org/10.1021/acs.chemmater.8b02155
YbCd1.6Zn0.4Sb2,450.0,155.05,67582.0,1.4772,0.001624705239955,0.54,https://doi.org/10.1021/acs.chemmater.8b02155
YbCd1.6Zn0.4Sb2,550.0,175.51,57600.0,1.308,0.0017742965817599996,0.8,https://doi.org/10.1021/acs.chemmater.8b02155
YbCd1.6Zn0.4Sb2,650.0,177.35,54233.0,1.196,0.0017057917692425001,1.0,https://doi.org/10.1021/acs.chemmater.8b02155
YbCd1.7Zn0.3Sb2,350.0,128.6,71800.0,1.76,0.001187425528,0.248,https://doi.org/10.1021/acs.chemmater.8b02155
YbCd1.7Zn0.3Sb2,450.0,160.0,60200.0,1.54,0.00154112,0.462,https://doi.org/10.1021/acs.chemmater.8b02155
YbCd1.7Zn0.3Sb2,550.0,180.4,50995.0,1.375,0.0016595894392000003,0.693,https://doi.org/10.1021/acs.chemmater.8b02155
YbCd1.7Zn0.3Sb2,650.0,179.0,49043.0,1.2877,0.001571386763,0.833,https://doi.org/10.1021/acs.chemmater.8b02155
YbCd1.8Zn0.2Sb2,350.0,133.74,64873.0,1.8435,0.0011603436227748001,0.22029849089838893,https://doi.org/10.1021/acs.chemmater.8b02155
YbCd1.8Zn0.2Sb3,450.0,165.1,54813.0,1.575,0.0014940933021299998,0.4268838006085714,https://doi.org/10.1021/acs.chemmater.8b02155
YbCd1.8Zn0.2Sb4,550.0,182.45,45691.0,1.3737,0.0015209621222274997,0.6089605934520819,https://doi.org/10.1021/acs.chemmater.8b02155
YbCd1.8Zn0.2Sb5,650.0,181.84,43067.0,1.281,0.0014240441884352001,0.722582921532303,https://doi.org/10.1021/acs.chemmater.8b02155
YbCd1.9Zn0.1Sb2,350.0,137.32,61377.0,1.955,0.0011573727333647997,0.2072022796305268,https://doi.org/10.1021/acs.chemmater.8b02155
YbCd1.9Zn0.1Sb2,450.0,166.6,51250.0,1.6452,0.0014224724499999996,0.3890788977024069,https://doi.org/10.1021/acs.chemmater.8b02155
YbCd1.9Zn0.1Sb2,550.0,185.2,43866.0,1.437,0.0015045616886399996,0.5758586838914403,https://doi.org/10.1021/acs.chemmater.8b02155
YbCd1.9Zn0.1Sb2,650.0,182.0,41600.0,1.312,0.0013779584,0.6826775609756097,https://doi.org/10.1021/acs.chemmater.8b02155
YbCd2Sb2,350.0,100.825,111511.0,1.6246,0.001133585212174375,0.2442169298664479,https://doi.org/10.1021/acs.chemmater.8b02155
YbCd2Sb2,450.0,125.5,89080.0,1.448,0.00140303227,0.4360252220303868,https://doi.org/10.1021/acs.chemmater.8b02155
YbCd2Sb2,550.0,148.87,72770.0,1.295,0.001612748890013,0.6849512660286873,https://doi.org/10.1021/acs.chemmater.8b02155
YbCd2Sb2,650.0,154.6,66800.0,1.232,0.001596597488,0.8423606876623376,https://doi.org/10.1021/acs.chemmater.8b02155
Ge12Sb2Te15,373.0,175.7,35960.0,1.49,0.0011101028203999999,0.27789822282496635,https://doi.org/10.1021/acs.chemmater.8b03609
Ge12Sb2Te15,473.0,215.54,30337.0,1.497,0.0014093809226691997,0.4453154151119114,https://doi.org/10.1021/acs.chemmater.8b03609
Ge12Sb2Te15,523.0,233.3,30300.0,1.49,0.0016491953670000003,0.5788786422422819,https://doi.org/10.1021/acs.chemmater.8b03609
Ge12Sb2Te15,573.0,236.0,42150.0,1.504,0.0023475864,0.9,https://doi.org/10.1021/acs.chemmater.8b03609
Ge12Sb2Te15,623.0,238.0,51700.0,1.53,0.0029284948,1.195,https://doi.org/10.1021/acs.chemmater.8b03609
Ge12Sb2Te15,723.0,257.0,42700.0,1.48,0.0028202923,1.384,https://doi.org/10.1021/acs.chemmater.8b03609
Ge4Sb2Te7,373.0,51.33,200000.0,2.0938,0.00052695378,0.0938741808864266,https://doi.org/10.1021/acs.chemmater.8b03609
Ge4Sb2Te7,473.0,71.9,138764.0,1.942,0.00071735576204,0.1747215630509372,https://doi.org/10.1021/acs.chemmater.8b03609
Ge4Sb2Te7,523.0,83.4,117780.0,1.888,0.0008192258568000001,0.2269359762216102,https://doi.org/10.1021/acs.chemmater.8b03609
Ge4Sb2Te7,573.0,95.1,101110.0,1.8214,0.0009144398510999998,0.2876765316132096,https://doi.org/10.1021/acs.chemmater.8b03609
Ge4Sb2Te7,623.0,107.0,88335.0,1.785,0.001011347415,0.357,https://doi.org/10.1021/acs.chemmater.8b03609
Ge4Sb2Te7,673.0,121.0,78090.0,1.7585,0.00114331569,0.4375612507079898,https://doi.org/10.1021/acs.chemmater.8b03609
Ge4Sb2Te7,723.0,132.0,72480.0,1.765,0.00126289152,0.5173204356713881,https://doi.org/10.1021/acs.chemmater.8b03609
Li2Ge11Sb2Te15,373.0,100.0,179400.0,1.8482,0.001794,0.3620614652093929,https://doi.org/10.1021/acs.chemmater.8b03609
Li2Ge11Sb2Te15,473.0,144.0,140000.0,1.9018,0.00290304,0.7220201493322117,https://doi.org/10.1021/acs.chemmater.8b03609
Li2Ge11Sb2Te15,523.0,157.4,128400.0,1.875,0.0031810791840000004,0.8873090203904002,https://doi.org/10.1021/acs.chemmater.8b03609
Li2Ge11Sb2Te15,573.0,170.0,115000.0,1.848,0.0033235,1.036,https://doi.org/10.1021/acs.chemmater.8b03609
Li2Ge11Sb2Te15,623.0,180.67,103889.0,1.7366,0.0033911082625721,1.2165498373732686,https://doi.org/10.1021/acs.chemmater.8b03609
Li2Ge11Sb2Te15,723.0,198.0,86517.0,1.696,0.003391812468,1.445920055639151,https://doi.org/10.1021/acs.chemmater.8b03609
Li2Ge3Sb2Te7,373.0,270.0,16670.0,0.803,0.001215243,0.5644902104607721,https://doi.org/10.1021/acs.chemmater.8b03609
Li2Ge3Sb2Te7,473.0,240.0,27230.0,0.7812,0.001568448,0.9496619354838709,https://doi.org/10.1021/acs.chemmater.8b03609
Li2Ge3Sb2Te7,523.0,246.6,26650.0,0.782,0.001620628074,1.07,https://doi.org/10.1021/acs.chemmater.8b03609
Li2Ge3Sb2Te7,573.0,247.4,26944.0,0.7815,0.00164915494144,1.2091692660846065,https://doi.org/10.1021/acs.chemmater.8b03609
Li2Ge3Sb2Te7,623.0,248.6,26940.0,0.782,0.0016649448024,1.3264202198148338,https://doi.org/10.1021/acs.chemmater.8b03609
Li2Ge3Sb2Te7,673.0,251.33,26111.0,0.7946,0.0016493475027479,1.3969429516100385,https://doi.org/10.1021/acs.chemmater.8b03609
Li2Ge3Sb2Te7,723.0,253.33,25556.0,0.812,0.0016400841279284003,1.469,https://doi.org/10.1021/acs.chemmater.8b03609
LiGe11.5Sb2Te15,373.0,205.4,41580.0,1.352,0.0017542252728000001,0.4839689547,https://doi.org/10.1021/acs.chemmater.8b03609
LiGe11.5Sb2Te15,473.0,242.7,39890.0,1.326,0.0023496522381,0.8381489506947962,https://doi.org/10.1021/acs.chemmater.8b03609
LiGe11.5Sb2Te15,523.0,243.0,46630.0,1.375,0.00275345487,1.06,https://doi.org/10.1021/acs.chemmater.8b03609
LiGe11.5Sb2Te15,573.0,249.5,46070.0,1.366,0.0028678690175,1.2029933726409223,https://doi.org/10.1021/acs.chemmater.8b03609
LiGe11.5Sb2Te15,623.0,256.7,41600.0,1.339,0.0027412274239999998,1.3,https://doi.org/10.1021/acs.chemmater.8b03609
LiGe11.5Sb2Te15,723.0,266.0,37640.0,1.339,0.00266325584,1.45,https://doi.org/10.1021/acs.chemmater.8b03609
LiGe3.5Sb2Te7,373.0,201.8,28890.0,0.933,0.0011764944036000001,0.47034556542636663,https://doi.org/10.1021/acs.chemmater.8b03609
LiGe3.5Sb2Te7,473.0,232.6,29000.0,0.938,0.0015689800399999998,0.75,https://doi.org/10.1021/acs.chemmater.8b03609
LiGe3.5Sb2Te7,523.0,241.0,34400.0,0.947,0.0019979864,1.04,https://doi.org/10.1021/acs.chemmater.8b03609
LiGe3.5Sb2Te7,573.0,252.0,35550.0,0.946,0.0022575672,1.28,https://doi.org/10.1021/acs.chemmater.8b03609
LiGe3.5Sb2Te7,623.0,260.8,33300.0,0.924,0.002264954112,1.362,https://doi.org/10.1021/acs.chemmater.8b03609
LiGe3.5Sb2Te7,673.0,270.0,32200.0,0.889,0.00234738,1.6473,https://doi.org/10.1021/acs.chemmater.8b03609
LiGe3.5Sb2Te7,723.0,275.33,31111.0,0.8973,0.0023584194094879,1.9002978190791835,https://doi.org/10.1021/acs.chemmater.8b03609
Nd2.78Te4,373.0,-58.0,94460.0,1.3869,0.00031776344,0.08546092949744033,https://doi.org/10.1021/acs.chemmater.9b00964
Nd2.78Te4,573.0,-106.0,61350.0,1.234,0.0007,0.31,https://doi.org/10.1021/acs.chemmater.9b00964
Nd2.78Te4,773.0,-147.4,40750.0,1.132,0.0008853654700000001,0.6045826045141344,https://doi.org/10.1021/acs.chemmater.9b00964
Nd2.78Te4,973.0,-190.0,28900.0,0.95,0.00098,1.015,https://doi.org/10.1021/acs.chemmater.9b00964
Nd2.78Te4,1073.0,-204.5,23930.0,0.884,0.00099,1.2,https://doi.org/10.1021/acs.chemmater.9b00964
Nd2.78Te4,1173.0,-213.84,20823.0,0.883,0.00097,1.2649067180291989,https://doi.org/10.1021/acs.chemmater.9b00964
Nd2.84Te4,373.0,-42.2,128600.0,1.9338,0.00022901602400000003,0.04417363582169822,https://doi.org/10.1021/acs.chemmater.9b00964
Nd2.84Te4,573.0,-74.3,92600.0,1.837,0.000511197374,0.1594535086020686,https://doi.org/10.1021/acs.chemmater.9b00964
Nd2.84Te4,773.0,-106.2,65060.0,1.721,0.00073,0.32958065766833233,https://doi.org/10.1021/acs.chemmater.9b00964
Nd2.84Te4,973.0,-135.0,47400.0,1.49,0.000868,0.5641212382550336,https://doi.org/10.1021/acs.chemmater.9b00964
Nd2.84Te4,1073.0,-149.37,41162.0,1.4044,0.0009183817191978001,0.7016687444454851,https://doi.org/10.1021/acs.chemmater.9b00964
Nd2.84Te4,1173.0,-162.8,35950.0,1.419,0.0009528130480000001,0.7876319276279071,https://doi.org/10.1021/acs.chemmater.9b00964
Nd2.86Te4,373.0,-42.0,151400.0,2.066,0.00026,0.048217309196515006,https://doi.org/10.1021/acs.chemmater.9b00964
Nd2.86Te4,573.0,-68.8,114085.0,2.0,0.00052,0.151,https://doi.org/10.1021/acs.chemmater.9b00964
Nd2.86Te4,773.0,-97.17,86170.0,1.9,0.00076,0.311,https://doi.org/10.1021/acs.chemmater.9b00964
Nd2.86Te4,973.0,-122.0,68000.0,1.684,0.00099,0.5847891781472684,https://doi.org/10.1021/acs.chemmater.9b00964
Nd2.86Te4,1073.0,-134.2,61300.0,1.588,0.0011039909319999998,0.7459586083350125,https://doi.org/10.1021/acs.chemmater.9b00964
Nd2.86Te4,1173.0,-145.3,54180.0,1.6,0.0011438530362000003,0.85,https://doi.org/10.1021/acs.chemmater.9b00964
Nd2.92Te4,373.0,-31.13,213158.0,2.6985,0.00020656649385019995,0.028552641173290563,https://doi.org/10.1021/acs.chemmater.9b00964
Nd2.92Te4,573.0,-49.4,163640.0,2.743,0.00039934051039999997,0.08342038368909951,https://doi.org/10.1021/acs.chemmater.9b00964
Nd2.92Te4,773.0,-68.0,129600.0,2.765,0.0005992704,0.16753563081374323,https://doi.org/10.1021/acs.chemmater.9b00964
Nd2.92Te4,973.0,-87.1,104516.0,2.5,0.00079290122756,0.308597157766352,https://doi.org/10.1021/acs.chemmater.9b00964
Nd2.92Te4,1073.0,-96.54,93143.0,2.405,0.0008680901147388,0.3873017434988492,https://doi.org/10.1021/acs.chemmater.9b00964
Nd2.92Te4,1173.0,-104.72,81910.0,2.4,0.000898247863744,0.43901864340488,https://doi.org/10.1021/acs.chemmater.9b00964
Nd2.9Te4,373.0,-35.7,180000.0,2.4485,0.00022940820000000002,0.03494762450479886,https://doi.org/10.1021/acs.chemmater.9b00964
Nd2.9Te4,573.0,-56.9,138400.0,2.471,0.000409,0.094,https://doi.org/10.1021/acs.chemmater.9b00964
Nd2.9Te4,773.0,-77.0,108000.0,2.43,0.00059,0.19,https://doi.org/10.1021/acs.chemmater.9b00964
Nd2.9Te4,973.0,-99.06,87097.0,2.184,0.000786,0.35,https://doi.org/10.1021/acs.chemmater.9b00964
Nd2.9Te4,1073.0,-109.4,77500.0,2.09,0.000866,0.45,https://doi.org/10.1021/acs.chemmater.9b00964
Nd2.9Te4,1173.0,-117.92,69230.0,2.06,0.00091,0.52,https://doi.org/10.1021/acs.chemmater.9b00964
Nd3Te4,373.0,-29.0,324000.0,3.19,0.000272484,0.03186098181818182,https://doi.org/10.1021/acs.chemmater.9b00964
Nd3Te4,573.0,-43.0,245500.0,3.28,0.0004539295,0.075,https://doi.org/10.1021/acs.chemmater.9b00964
Nd3Te4,773.0,-57.0,190000.0,3.3676,0.00061731,0.14,https://doi.org/10.1021/acs.chemmater.9b00964
Nd3Te4,973.0,-71.0,157282.0,3.11,0.0007928585619999999,0.24805510637491962,https://doi.org/10.1021/acs.chemmater.9b00964
Nd3Te4,1073.0,-78.1,144600.0,3.022,0.0008820036059999998,0.3131667336988748,https://doi.org/10.1021/acs.chemmater.9b00964
Nd3Te4,1173.0,-85.0,132787.0,3.12,0.000959386075,0.3606922647355769,https://doi.org/10.1021/acs.chemmater.9b00964
Ca1.14Yb3.86Al1.68In0.32Sb6,330.0,156.9,9024.0,1.133,0.00022214931264,0.06470368329320389,https://doi.org/10.1021/acs.inorgchem.0c01944
Ca1.14Yb3.86Al1.68In0.32Sb6,428.0,174.59,7006.0,0.942,0.00021355456670860002,0.0962,https://doi.org/10.1021/acs.inorgchem.0c01944
Ca1.14Yb3.86Al1.68In0.32Sb6,528.0,187.02,5610.0,0.9083,0.000196218055044,0.1140626809019399,https://doi.org/10.1021/acs.inorgchem.0c01944
Ca1.14Yb3.86Al1.68In0.32Sb6,579.0,185.64,5305.0,0.917,0.00018282202192799996,0.1154350607375267,https://doi.org/10.1021/acs.inorgchem.0c01944
Ca1.14Yb3.86Al1.68In0.32Sb6,627.0,175.41,5427.0,0.933,0.0001669815617787,0.112215904860927,https://doi.org/10.1021/acs.inorgchem.0c01944
Ca1.14Yb3.86Al1.68In0.32Sb6,725.0,143.37,6402.0,1.025,0.0001315928340738,0.09307785824732195,https://doi.org/10.1021/acs.inorgchem.0c01944
Ca1.18Yb3.82Al1.84In0.16Sb6,327.0,24.31,39212.0,3.125,2.31733548332e-05,0.002424859849746048,https://doi.org/10.1021/acs.inorgchem.0c01944
Ca1.18Yb3.82Al1.84In0.16Sb6,423.0,29.01,32909.0,2.933,2.7695559510900005e-05,0.0039942794657724864,https://doi.org/10.1021/acs.inorgchem.0c01944
Ca1.18Yb3.82Al1.84In0.16Sb6,520.0,36.19,28545.0,2.7,3.738584607449999e-05,0.007200237021755554,https://doi.org/10.1021/acs.inorgchem.0c01944
Ca1.18Yb3.82Al1.84In0.16Sb6,569.4,39.5,28970.0,2.6083,4.52004425e-05,0.009867397139707855,https://doi.org/10.1021/acs.inorgchem.0c01944
Ca1.18Yb3.82Al1.84In0.16Sb6,619.0,41.7,32600.0,2.492,5.668781400000001e-05,0.012,https://doi.org/10.1021/acs.inorgchem.0c01944
Ca1.18Yb3.82Al1.84In0.16Sb6,718.0,48.3,27697.0,2.342,6.461405433e-05,0.0164,https://doi.org/10.1021/acs.inorgchem.0c01944
Ca1.55Yb3.45Al2Sb6,327.0,138.67,180.0,1.0333,3.461286402e-06,0.001095364998987709,https://doi.org/10.1021/acs.inorgchem.0c01944
Ca1.55Yb3.45Al2Sb6,420.0,177.07,419.0,0.9083,1.31372358731e-05,0.006074687951890345,https://doi.org/10.1021/acs.inorgchem.0c01944
Ca1.55Yb3.45Al2Sb6,515.0,178.3,900.0,0.866,2.8611801000000002e-05,0.01701510105658199,https://doi.org/10.1021/acs.inorgchem.0c01944
Ca1.55Yb3.45Al2Sb6,563.0,175.0,1317.0,0.87,4.0333125e-05,0.026100631465517242,https://doi.org/10.1021/acs.inorgchem.0c01944
Ca1.55Yb3.45Al2Sb6,610.0,168.78,1796.0,0.8833,5.116209236639999e-05,0.03533213669591758,https://doi.org/10.1021/acs.inorgchem.0c01944
Ca1.55Yb3.45Al2Sb6,702.0,159.12,2994.0,0.9333,7.580560815359999e-05,0.05701868308563934,https://doi.org/10.1021/acs.inorgchem.0c01944
Ca1.58Yb3.42Al2Sb6,327.0,21.0,30357.0,4.0,1.3387437e-05,0.00109442297475,https://doi.org/10.1021/acs.inorgchem.0c01944
Ca1.58Yb3.42Al2Sb6,420.0,29.0,23333.0,3.825,1.9623053e-05,0.00215468817254902,https://doi.org/10.1021/acs.inorgchem.0c01944
Ca1.58Yb3.42Al2Sb6,515.0,37.57,21726.0,3.6,3.06663554574e-05,0.0043869925168225,https://doi.org/10.1021/acs.inorgchem.0c01944
Ca1.58Yb3.42Al2Sb6,563.0,42.54,21845.0,3.5,3.9531839202e-05,0.006358978705921715,https://doi.org/10.1021/acs.inorgchem.0c01944
Ca1.58Yb3.42Al2Sb6,610.0,46.69,21964.0,3.442,4.7880555780399996e-05,0.008485513952947122,https://doi.org/10.1021/acs.inorgchem.0c01944
Ca1.58Yb3.42Al2Sb6,702.0,53.87,21250.0,3.25,6.1667009125e-05,0.013320073970999997,https://doi.org/10.1021/acs.inorgchem.0c01944
Cu2ZnSn0.925Ag0.075Se4,323.0,45.07,79487.0,3.936,0.00016146233258630002,0.013250084711731428,https://doi.org/10.1021/acs.inorgchem.1c00079
Cu2ZnSn0.925Ag0.075Se4,373.0,52.96,71429.0,3.314,0.0002003413163264,0.0225489773656449,https://doi.org/10.1021/acs.inorgchem.1c00079
Cu2ZnSn0.925Ag0.075Se4,473.0,67.89,67686.0,2.8953,0.00031196830044059995,0.05096570514572023,https://doi.org/10.1021/acs.inorgchem.1c00079
Cu2ZnSn0.925Ag0.075Se4,573.0,88.17,56985.0,2.3314,0.0004429984780665,0.10887798229909261,https://doi.org/10.1021/acs.inorgchem.1c00079
Cu2ZnSn0.925Ag0.075Se4,673.0,106.2,43417.0,1.8663,0.00048967602948,0.176580382489439,https://doi.org/10.1021/acs.inorgchem.1c00079
Cu2ZnSn0.95Ag0.05Se4,323.0,34.37,258333.0,4.2105,0.00030516797206769995,0.02341034437189576,https://doi.org/10.1021/acs.inorgchem.1c00079
Cu2ZnSn0.95Ag0.05Se4,373.0,38.87,238462.0,3.5263,0.0003602867273277999,0.0381099025304907,https://doi.org/10.1021/acs.inorgchem.1c00079
Cu2ZnSn0.95Ag0.05Se4,473.0,50.7,198718.0,3.117,0.00051080263182,0.07751352096594803,https://doi.org/10.1021/acs.inorgchem.1c00079
Cu2ZnSn0.95Ag0.05Se4,573.0,65.9,164800.0,2.56,0.0007156950880000001,0.16019268961875002,https://doi.org/10.1021/acs.inorgchem.1c00079
Cu2ZnSn0.95Ag0.05Se4,673.0,77.0,133700.0,2.134,0.0007927073,0.255,https://doi.org/10.1021/acs.inorgchem.1c00079
Cu2ZnSn0.98Ag0.02Se4,323.0,67.61,34910.0,4.3626,0.000159577523411,0.011814867295134325,https://doi.org/10.1021/acs.inorgchem.1c00079
Cu2ZnSn0.98Ag0.02Se4,373.0,78.41,38847.0,3.8363,0.0002388363323007,0.023221841865380993,https://doi.org/10.1021/acs.inorgchem.1c00079
Cu2ZnSn0.98Ag0.02Se4,473.0,95.77,50654.0,3.6433,0.00046459306295659996,0.06031688819983855,https://doi.org/10.1021/acs.inorgchem.1c00079
Cu2ZnSn0.98Ag0.02Se4,573.0,113.52,44034.0,3.1754,0.0005674569284736,0.10239743654826883,https://doi.org/10.1021/acs.inorgchem.1c00079
Cu2ZnSn0.98Ag0.02Se4,673.0,133.7,36730.0,2.907,0.0006565740937,0.13,https://doi.org/10.1021/acs.inorgchem.1c00079
Cu2ZnSnSe4,323.0,105.92,21008.0,4.567,0.00023568972677120002,0.016669100448236832,https://doi.org/10.1021/acs.inorgchem.1c00079
Cu2ZnSnSe4,373.0,116.62,19531.0,3.9883,0.0002656259827564,0.024842286580281623,https://doi.org/10.1021/acs.inorgchem.1c00079
Cu2ZnSnSe4,473.0,144.8,16500.0,3.7602,0.00034595616000000003,0.04351823405138025,https://doi.org/10.1021/acs.inorgchem.1c00079
Cu2ZnSnSe4,573.0,165.43,15060.0,3.298,0.00041214829859400004,0.07160733022873318,https://doi.org/10.1021/acs.inorgchem.1c00079
Cu2ZnSnSe4,673.0,192.0,12300.0,3.0175,0.00045342719999999997,0.10112891652029825,https://doi.org/10.1021/acs.inorgchem.1c00079
(Cu3SnS4)0.85(Ga2Te3)0.15,331.0,78.79,58519.0,1.7802,0.00036327799926790005,0.06754579134798051,https://doi.org/10.1021/acs.inorgchem.1c01028
(Cu3SnS4)0.85(Ga2Te3)0.15,429.0,102.02,50000.0,1.632,0.00052040402,0.13679738025735294,https://doi.org/10.1021/acs.inorgchem.1c01028
(Cu3SnS4)0.85(Ga2Te3)0.15,527.0,123.23,41941.0,1.434,0.0006369006294589,0.23406320203963757,https://doi.org/10.1021/acs.inorgchem.1c01028
(Cu3SnS4)0.85(Ga2Te3)0.15,624.0,149.75,31853.0,1.236,0.0007143055158125,0.3606202604101942,https://doi.org/10.1021/acs.inorgchem.1c01028
(Cu3SnS4)0.85(Ga2Te3)0.15,674.0,160.6,28782.0,1.203,0.0007423557055199998,0.41591666294304225,https://doi.org/10.1021/acs.inorgchem.1c01028
(Cu3SnS4)0.85(Ga2Te3)0.15,741.0,183.33,19467.0,1.0385,0.0006542837072163001,0.4668504834350297,https://doi.org/10.1021/acs.inorgchem.1c01028
(Cu3SnS4)0.85(Ga2Te3)0.15,800.0,225.25,9856.0,0.7174,0.000500069416,0.5576464075829384,https://doi.org/10.1021/acs.inorgchem.1c01028
(Cu3SnS4)0.875(Ga2Te3)0.125,331.0,75.0,93015.0,2.4066,0.000523209375,0.0719613991211668,https://doi.org/10.1021/acs.inorgchem.1c01028
(Cu3SnS4)0.875(Ga2Te3)0.125,429.0,96.0,80475.0,2.1923,0.0007416575999999999,0.14513119116909182,https://doi.org/10.1021/acs.inorgchem.1c01028
(Cu3SnS4)0.875(Ga2Te3)0.125,527.0,116.67,68624.0,1.9286,0.0009341022638736,0.25524831124203423,https://doi.org/10.1021/acs.inorgchem.1c01028
(Cu3SnS4)0.875(Ga2Te3)0.125,624.0,140.4,52117.0,1.6813,0.00102733864272,0.3812878802458098,https://doi.org/10.1021/acs.inorgchem.1c01028
(Cu3SnS4)0.875(Ga2Te3)0.125,674.0,146.46,48829.0,1.533,0.0010474080074964,0.46050423812953273,https://doi.org/10.1021/acs.inorgchem.1c01028
(Cu3SnS4)0.875(Ga2Te3)0.125,741.0,170.2,34493.0,1.3846,0.00099919460372,0.5347415869973422,https://doi.org/10.1021/acs.inorgchem.1c01028
(Cu3SnS4)0.895(Ga2Te3)0.105,331.0,52.02,178473.0,2.9505,0.00048296228722920003,0.054180822597141236,https://doi.org/10.1021/acs.inorgchem.1c01028
(Cu3SnS4)0.895(Ga2Te3)0.105,405.0,62.63,161268.0,2.886,0.0006325764554292,0.08877112420264241,https://doi.org/10.1021/acs.inorgchem.1c01028
(Cu3SnS4)0.895(Ga2Te3)0.105,479.0,75.25,141561.0,2.6374,0.0008015980100625,0.14558483613404777,https://doi.org/10.1021/acs.inorgchem.1c01028
(Cu3SnS4)0.895(Ga2Te3)0.105,554.0,88.89,122476.0,2.357,0.0009677357978796,0.22746102334548085,https://doi.org/10.1021/acs.inorgchem.1c01028
(Cu3SnS4)0.895(Ga2Te3)0.105,627.0,102.02,104440.0,2.2747,0.0010870199169759997,0.2996269784780199,https://doi.org/10.1021/acs.inorgchem.1c01028
(Cu3SnS4)0.895(Ga2Te3)0.105,700.0,116.16,86518.0,2.1758,0.0011673999710207997,0.3755767900149645,https://doi.org/10.1021/acs.inorgchem.1c01028
(Cu3SnS4)0.895(Ga2Te3)0.105,746.0,138.3,63800.0,1.48,0.0012202955820000002,0.6150949352513514,https://doi.org/10.1021/acs.inorgchem.1c01028
(Cu3SnS4)0.895(Ga2Te3)0.105,798.0,180.8,29628.0,0.8315,0.00096849902592,0.9294795221697655,https://doi.org/10.1021/acs.inorgchem.1c01028
(Cu3SnS4)0.915(Ga2Te3)0.085,331.0,47.47,186400.0,3.841,0.00042003392776,0.036196623298245245,https://doi.org/10.1021/acs.inorgchem.1c01028
(Cu3SnS4)0.915(Ga2Te3)0.085,405.0,58.08,168430.0,3.742,0.000568162628352,0.06149274839191876,https://doi.org/10.1021/acs.inorgchem.1c01028
(Cu3SnS4)0.915(Ga2Te3)0.085,479.0,71.72,150000.0,3.429,0.00077156376,0.10778041441819772,https://doi.org/10.1021/acs.inorgchem.1c01028
(Cu3SnS4)0.915(Ga2Te3)0.085,554.0,84.85,131670.0,3.181,0.0009479611275749999,0.1650960278769412,https://doi.org/10.1021/acs.inorgchem.1c01028
(Cu3SnS4)0.915(Ga2Te3)0.085,627.0,96.97,113920.0,3.1484,0.0010712103681279998,0.21333023148782107,https://doi.org/10.1021/acs.inorgchem.1c01028
(Cu3SnS4)0.915(Ga2Te3)0.085,700.0,111.62,94370.0,2.7692,0.001175758132628,0.29720883029019207,https://doi.org/10.1021/acs.inorgchem.1c01028
(Cu3SnS4)0.915(Ga2Te3)0.085,741.0,120.0,84000.0,1.98,0.0012096,0.45268363636363634,https://doi.org/10.1021/acs.inorgchem.1c01028
(Cu3SnS4)0.915(Ga2Te3)0.085,798.0,183.0,27960.0,0.93,0.00093635244,0.8034508033548388,https://doi.org/10.1021/acs.inorgchem.1c01028
Cu26V2Ge3Sb3S32,309.0,116.2,57368.0,1.6923,0.00077460797792,0.14143701777301898,https://doi.org/10.1021/acs.inorgchem.1c01321
Cu26V2Ge3Sb3S32,400.0,138.89,48018.0,1.4045,0.0009262879685777998,0.26380575822792446,https://doi.org/10.1021/acs.inorgchem.1c01321
Cu26V2Ge3Sb3S32,497.0,162.04,37544.0,1.2022,0.0009857913663104,0.4075347771221667,https://doi.org/10.1021/acs.inorgchem.1c01321
Cu26V2Ge3Sb3S32,594.0,185.65,29781.0,1.045,0.0010264296379724998,0.5834442152685789,https://doi.org/10.1021/acs.inorgchem.1c01321
Cu26V2Ge3Sb3S32,674.0,206.02,24605.0,0.955,0.001044340535042,0.7370529011710032,https://doi.org/10.1021/acs.inorgchem.1c01321
Cu26V2Ge4Sb2S32,309.0,66.51,175410.0,2.5714,0.0007759401853410002,0.09324318164049508,https://doi.org/10.1021/acs.inorgchem.1c01321
Cu26V2Ge4Sb2S32,400.0,84.0,140800.0,2.263,0.0009934848,0.1756049138311975,https://doi.org/10.1021/acs.inorgchem.1c01321
Cu26V2Ge4Sb2S32,497.0,104.2,111500.0,2.042,0.0012106268600000003,0.29465306044074446,https://doi.org/10.1021/acs.inorgchem.1c01321
Cu26V2Ge4Sb2S32,594.0,123.15,86508.0,1.824,0.00131197362363,0.42725456822161184,https://doi.org/10.1021/acs.inorgchem.1c01321
Cu26V2Ge4Sb2S32,674.0,141.0,70500.0,1.67,0.0014016105,0.57,https://doi.org/10.1021/acs.inorgchem.1c01321
Cu26V2Ge5SbS32,309.0,39.9,334375.0,3.648,0.00053232834375,0.04509031201171875,https://doi.org/10.1021/acs.inorgchem.1c01321
Cu26V2Ge5SbS32,400.0,54.7,260976.0,3.12,0.00078086367984,0.10011072818461539,https://doi.org/10.1021/acs.inorgchem.1c01321
Cu26V2Ge5SbS32,497.0,71.1,201887.0,2.78,0.0010205811812699999,0.18245641981697483,https://doi.org/10.1021/acs.inorgchem.1c01321
Cu26V2Ge5SbS32,594.0,89.0,155100.0,2.4835,0.0012285471,0.2938421491443527,https://doi.org/10.1021/acs.inorgchem.1c01321
Cu26V2Ge5SbS32,674.0,104.6,125900.0,2.2967,0.0013774920439999997,0.4042450636373927,https://doi.org/10.1021/acs.inorgchem.1c01321
Cu26V2Ge6S32,309.0,18.81,545000.0,5.3146,0.00019282977449999996,0.01121145529682384,https://doi.org/10.1021/acs.inorgchem.1c01321
Cu26V2Ge6S32,400.0,32.57,389286.0,4.427,0.0004129564963014,0.03731253637238763,https://doi.org/10.1021/acs.inorgchem.1c01321
Cu26V2Ge6S32,497.0,49.08,302778.0,3.865,0.0007293456952991999,0.0937864969116953,https://doi.org/10.1021/acs.inorgchem.1c01321
Cu26V2Ge6S32,594.0,65.7,232000.0,3.337,0.0010014256800000001,0.17825797240635302,https://doi.org/10.1021/acs.inorgchem.1c01321
Cu26V2Ge6S32,674.0,79.0,191500.0,3.0112,0.0011951515,0.2675119922290117,https://doi.org/10.1021/acs.inorgchem.1c01321
Co0.95Ni0.05GeTe,327.0,-44.26,171693.0,6.25,0.00033633759028679994,0.017597182723805373,https://doi.org/10.1021/acs.inorgchem.1c01538
Co0.95Ni0.05GeTe,394.0,-54.89,158995.0,5.6489,0.0004790379593395,0.03341198392249164,https://doi.org/10.1021/acs.inorgchem.1c01538
Co0.95Ni0.05GeTe,478.0,-66.38,144444.0,5.2519,0.0006364642327535999,0.0579275887309775,https://doi.org/10.1021/acs.inorgchem.1c01538
Co0.95Ni0.05GeTe,551.0,-75.74,133862.0,4.969,0.0007679057348311998,0.0851511491028358,https://doi.org/10.1021/acs.inorgchem.1c01538
Co0.95Ni0.05GeTe,626.0,-87.87,125397.0,4.9084,0.0009682074038493,0.12348175267086256,https://doi.org/10.1021/acs.inorgchem.1c01538
Co0.95Ni0.05GeTe,701.0,-94.04,120899.0,4.893,0.0010691729179184,0.153176009699734,https://doi.org/10.1021/acs.inorgchem.1c01538
Co0.95Ni0.05GeTe,776.0,-96.38,120370.0,5.038,0.0011181294966279998,0.17222478947664308,https://doi.org/10.1021/acs.inorgchem.1c01538
Co0.95Ni0.05GeTe,825.0,-96.17,121693.0,5.229,0.0011254982644477,0.17757431022554074,https://doi.org/10.1021/acs.inorgchem.1c01538
Co0.97Ni0.03GeTe,327.0,-81.28,90957.0,6.333,0.0006009018175488,0.0310271426398954,https://doi.org/10.1021/acs.inorgchem.1c01538
Co0.97Ni0.03GeTe,394.0,-94.89,84574.0,5.84,0.0007615137767454001,0.05137610069138487,https://doi.org/10.1021/acs.inorgchem.1c01538
Co0.97Ni0.03GeTe,478.0,-109.15,76064.0,4.9466,0.0009062053882400001,0.08756846633621478,https://doi.org/10.1021/acs.inorgchem.1c01538
Co0.97Ni0.03GeTe,551.0,-117.02,72074.0,4.4885,0.0009869583211496,0.1211571872459462,https://doi.org/10.1021/acs.inorgchem.1c01538
Co0.97Ni0.03GeTe,626.0,-118.09,71542.0,4.313,0.0009976709395702,0.14480454629514147,https://doi.org/10.1021/acs.inorgchem.1c01538
Co0.97Ni0.03GeTe,701.0,-112.34,74468.0,4.2977,0.0009398066833808,0.15329233893709213,https://doi.org/10.1021/acs.inorgchem.1c01538
Co0.97Ni0.03GeTe,776.0,-104.26,80585.0,4.4733,0.000875970844346,0.15195792261026447,https://doi.org/10.1021/acs.inorgchem.1c01538
Co0.97Ni0.03GeTe,825.0,-97.87,86436.0,4.679,0.0008279304154884001,0.14598046436801243,https://doi.org/10.1021/acs.inorgchem.1c01538
Co0.99Ni0.01GeTe,327.0,-115.11,57181.0,6.9545,0.0007576660961901,0.03562539556462185,https://doi.org/10.1021/acs.inorgchem.1c01538
Co0.99Ni0.01GeTe,394.0,-131.49,52128.0,6.1136,0.0009012733165728002,0.058083892752172746,https://doi.org/10.1021/acs.inorgchem.1c01538
Co0.99Ni0.01GeTe,478.0,-142.34,48138.0,5.1136,0.0009753084020328001,0.09116814302481195,https://doi.org/10.1021/acs.inorgchem.1c01538
Co0.99Ni0.01GeTe,551.0,-139.57,48404.0,4.7576,0.0009428995082995999,0.10920162037016133,https://doi.org/10.1021/acs.inorgchem.1c01538
Co0.99Ni0.01GeTe,626.0,-125.32,52926.0,4.5954,0.0008312082496224,0.11322983075763204,https://doi.org/10.1021/acs.inorgchem.1c01538
Co0.99Ni0.01GeTe,701.0,-107.66,61170.0,4.6641,0.0007090016264519999,0.10656078131747859,https://doi.org/10.1021/acs.inorgchem.1c01538
Co0.99Ni0.01GeTe,776.0,-93.83,72340.0,4.8397,0.000636886344226,0.10211868568700046,https://doi.org/10.1021/acs.inorgchem.1c01538
Co0.99Ni0.01GeTe,825.0,-87.23,80319.0,5.0458,0.0006111531262551001,0.09992495326022782,https://doi.org/10.1021/acs.inorgchem.1c01538
CoGeTe,327.0,-176.0,5850.0,8.295,0.0001812096,0.007143524918625678,https://doi.org/10.1021/acs.inorgchem.1c01538
CoGeTe,394.0,-184.6,5320.0,7.341,0.0001812904912,0.009730071316278434,https://doi.org/10.1021/acs.inorgchem.1c01538
CoGeTe,478.0,-171.1,6120.0,6.4545,0.00017916428519999998,0.013268344306390888,https://doi.org/10.1021/acs.inorgchem.1c01538
CoGeTe,551.0,-140.0,7181.0,5.97,0.0001407476,0.012990272629815745,https://doi.org/10.1021/acs.inorgchem.1c01538
CoGeTe,626.0,-111.49,9043.0,5.826,0.0001124046717643,0.01207781059465359,https://doi.org/10.1021/acs.inorgchem.1c01538
CoGeTe,701.0,-91.91,11702.0,5.886,9.88520376662e-05,0.011772898131839312,https://doi.org/10.1021/acs.inorgchem.1c01538
CoGeTe,776.0,-79.15,14894.0,6.0379,9.3306776915e-05,0.011991927472472219,https://doi.org/10.1021/acs.inorgchem.1c01538
CoGeTe,825.0,-73.7,18600.0,6.1894,0.00010102943400000001,0.013466456045820276,https://doi.org/10.1021/acs.inorgchem.1c01538
Ag2.0Se0.5Te0.5,300.0,-90.7,61743.0,0.61,0.00050792817207,0.24980074036229508,https://doi.org/10.1021/acs.inorgchem.1c01563
Ag2.0Se0.5Te0.5,315.0,-92.76,63400.0,0.632,0.00054552007584,0.27189687324303796,https://doi.org/10.1021/acs.inorgchem.1c01563
Ag2.0Se0.5Te0.5,330.0,-95.0,64495.0,0.648,0.000582067375,0.29642320023148144,https://doi.org/10.1021/acs.inorgchem.1c01563
Ag2.0Se0.5Te0.5,345.0,-97.84,65000.0,0.66,0.000622223264,0.3252530698181818,https://doi.org/10.1021/acs.inorgchem.1c01563
Ag2.0Se0.5Te0.5,360.0,-101.0,64587.0,0.667,0.000658851987,0.35560227184407794,https://doi.org/10.1021/acs.inorgchem.1c01563
Ag2.0Se0.5Te0.5,375.0,-104.0,64000.0,0.67,0.000692224,0.38743880597014924,https://doi.org/10.1021/acs.inorgchem.1c01563
Ag2.0Se0.5Te0.5,390.0,-108.0,61927.0,0.666,0.000722316528,0.42297814702702696,https://doi.org/10.1021/acs.inorgchem.1c01563
Ag2.0Se0.6Te0.4,300.0,-107.0,75500.0,0.67,0.0008643995,0.38704455223880596,https://doi.org/10.1021/acs.inorgchem.1c01563
Ag2.0Se0.6Te0.4,315.0,-108.0,77156.0,0.688,0.000899947584,0.4120399548837209,https://doi.org/10.1021/acs.inorgchem.1c01563
Ag2.0Se0.6Te0.4,330.0,-109.0,78350.0,0.706,0.00093087635,0.4351121749291785,https://doi.org/10.1021/acs.inorgchem.1c01563
Ag2.0Se0.6Te0.4,345.0,-111.0,78990.0,0.72,0.00097323579,0.466342149375,https://doi.org/10.1021/acs.inorgchem.1c01563
Ag2.0Se0.6Te0.4,360.0,-113.0,79266.0,0.737,0.001012147554,0.4944004334328358,https://doi.org/10.1021/acs.inorgchem.1c01563
Ag2.0Se0.6Te0.4,375.0,-115.0,78990.0,0.752,0.00104464275,0.520932222406915,https://doi.org/10.1021/acs.inorgchem.1c01563
Ag2.0Se0.6Te0.4,390.0,-117.5,78350.0,0.767,0.0010817196875,0.5500269597457627,https://doi.org/10.1021/acs.inorgchem.1c01563
Ag2.0Se0.8Te0.2,300.0,-126.55,90640.0,0.75,0.0014515907625999999,0.58063630504,https://doi.org/10.1021/acs.inorgchem.1c01563
Ag2.0Se0.8Te0.2,315.0,-126.5,93850.0,0.765,0.0015018111625,0.6183928316176471,https://doi.org/10.1021/acs.inorgchem.1c01563
Ag2.0Se0.8Te0.2,330.0,-126.5,96800.0,0.782,0.0015490178,0.6536775882352941,https://doi.org/10.1021/acs.inorgchem.1c01563
Ag2.0Se0.8Te0.2,345.0,-126.64,99080.0,0.8,0.001589014285568,0.6852624106512,https://doi.org/10.1021/acs.inorgchem.1c01563
Ag2.0Se0.8Te0.2,360.0,-127.0,100825.0,0.818,0.0016262064249999999,0.715689869193154,https://doi.org/10.1021/acs.inorgchem.1c01563
Ag2.0Se0.8Te0.2,375.0,-127.6,101835.0,0.837,0.0016580530295999998,0.7428553,https://doi.org/10.1021/acs.inorgchem.1c01563
Ag2.0Se0.8Te0.2,390.0,-128.0,102110.0,0.857,0.0016729702399999999,0.7613283472578763,https://doi.org/10.1021/acs.inorgchem.1c01563
Ag2.0Se0.9Te0.1,300.0,-137.8,90000.0,0.79,0.0017089956000000002,0.6489856708860761,https://doi.org/10.1021/acs.inorgchem.1c01563
Ag2.0Se0.9Te0.1,315.0,-136.6,94128.0,0.818,0.0017563870636799997,0.6763593215882641,https://doi.org/10.1021/acs.inorgchem.1c01563
Ag2.0Se0.9Te0.1,330.0,-135.6,97980.0,0.845,0.0018015935327999996,0.7035809063005916,https://doi.org/10.1021/acs.inorgchem.1c01563
Ag2.0Se0.9Te0.1,345.0,-134.66,101743.0,0.87,0.0018449379290907998,0.7316133167084207,https://doi.org/10.1021/acs.inorgchem.1c01563
Ag2.0Se0.9Te0.1,360.0,-133.8,105413.0,0.896,0.0018871499077200002,0.7582298736375,https://doi.org/10.1021/acs.inorgchem.1c01563
Ag2.0Se0.9Te0.1,375.0,-133.0,108624.0,0.92,0.001921449936,0.783199702173913,https://doi.org/10.1021/acs.inorgchem.1c01563
Ag2.0Se0.9Te0.1,390.0,-132.0,111376.0,0.944,0.001940615424,0.8017373044067796,https://doi.org/10.1021/acs.inorgchem.1c01563
Cu2Se0.5S0.5,333.0,46.04,131429.0,1.1893,0.00027858763300639996,0.07800360026160867,https://doi.org/10.1021/acs.inorgchem.1c01631
Cu2Se0.5S0.5,426.0,52.97,148286.0,1.616,0.0004160639579773999,0.10968022654602251,https://doi.org/10.1021/acs.inorgchem.1c01631
Cu2Se0.5S0.5,520.0,67.82,117429.0,1.39,0.0005401208387795998,0.186,https://doi.org/10.1021/acs.inorgchem.1c01631
Cu2Se0.5S0.5,613.0,97.52,79143.0,1.005,0.0007526618331071999,0.45908627233304833,https://doi.org/10.1021/acs.inorgchem.1c01631
Cu2Se0.5S0.5,707.0,119.3,58000.0,0.8373,0.00082548442,0.6970231517257851,https://doi.org/10.1021/acs.inorgchem.1c01631
Cu2Se0.5S0.5,769.0,131.19,53429.0,0.773,0.0009195566934069,0.9147983146570583,https://doi.org/10.1021/acs.inorgchem.1c01631
Cu2Se0.7S0.3,333.0,53.47,126000.0,0.87467,0.00036023915339999994,0.13714845379651755,https://doi.org/10.1021/acs.inorgchem.1c01631
Cu2Se0.7S0.3,426.0,51.0,140857.0,1.38933,0.000366369057,0.11233703891947917,https://doi.org/10.1021/acs.inorgchem.1c01631
Cu2Se0.7S0.3,520.0,69.8,107429.0,1.28533,0.0005233983851599999,0.21174885849019315,https://doi.org/10.1021/acs.inorgchem.1c01631
Cu2Se0.7S0.3,613.0,101.98,69143.0,0.9413,0.0007190816962172,0.4682854348041471,https://doi.org/10.1021/acs.inorgchem.1c01631
Cu2Se0.7S0.3,707.0,131.68,48571.0,0.7813,0.0008422027995904,0.7621110704088222,https://doi.org/10.1021/acs.inorgchem.1c01631
Cu2Se0.7S0.3,769.0,145.54,42000.0,0.744,0.0008896394471999999,0.9195332458290321,https://doi.org/10.1021/acs.inorgchem.1c01631
Cu2Se0.9S0.1,333.0,45.54,63429.0,0.4267,0.00013154487029639998,0.10265864028287133,https://doi.org/10.1021/acs.inorgchem.1c01631
Cu2Se0.9S0.1,426.0,57.92,66000.0,0.63467,0.0002214119424,0.1486150085278964,https://doi.org/10.1021/acs.inorgchem.1c01631
Cu2Se0.9S0.1,520.0,86.14,65143.0,0.696,0.00048336754824280007,0.3611366739745058,https://doi.org/10.1021/acs.inorgchem.1c01631
Cu2Se0.9S0.1,613.0,144.0,42170.0,0.5547,0.00087443712,0.9663420850189292,https://doi.org/10.1021/acs.inorgchem.1c01631
Cu2Se0.9S0.1,707.0,186.63,22925.0,0.456,0.0007984951019325,1.2380176251453452,https://doi.org/10.1021/acs.inorgchem.1c01631
Cu2Se0.9S0.1,769.0,202.97,19811.0,0.4373,0.0008161502188499,1.435214997245765,https://doi.org/10.1021/acs.inorgchem.1c01631
Cu2.075Sn0.925S3,300.0,35.04,356436.0,4.33,0.00043763269109759996,0.03032097166957967,https://doi.org/10.1021/acs.inorgchem.1c02105
Cu2.075Sn0.925S3,400.0,47.11,281250.0,3.767,0.000624192778125,0.06628009324396071,https://doi.org/10.1021/acs.inorgchem.1c02105
Cu2.075Sn0.925S3,500.0,61.15,225000.0,3.2709,0.0008413475625,0.1286110187563056,https://doi.org/10.1021/acs.inorgchem.1c02105
Cu2.075Sn0.925S3,600.0,75.21,179104.0,2.86,0.0010131096744863998,0.212540491150993,https://doi.org/10.1021/acs.inorgchem.1c02105
Cu2.075Sn0.925S3,700.0,85.95,140625.0,2.505,0.0010388534765625,0.2902983766841317,https://doi.org/10.1021/acs.inorgchem.1c02105
Cu22Sn10S32,300.0,44.628,246575.0,3.514,0.0004910931660348,0.041925995961992035,https://doi.org/10.1021/acs.inorgchem.1c02105
Cu22Sn10S32,400.0,57.025,195652.0,3.03,0.0006362310784824999,0.08399090144983497,https://doi.org/10.1021/acs.inorgchem.1c02105
Cu22Sn10S32,500.0,71.967,157205.0,2.64,0.0008142038530362449,0.1542052751962585,https://doi.org/10.1021/acs.inorgchem.1c02105
Cu22Sn10S32,600.0,86.56,127208.0,2.34,0.0009531229349888001,0.24439049615097438,https://doi.org/10.1021/acs.inorgchem.1c02105
Cu22Sn10S32,700.0,97.049,100840.0,2.035,0.00094976238715684,0.3266995926338025,https://doi.org/10.1021/acs.inorgchem.1c02105
Cu22Sn9.25Sb0.75S32,300.0,62.79,171429.0,2.86,0.0006758732496789,0.07089579542086365,https://doi.org/10.1021/acs.inorgchem.1c02105
Cu22Sn9.25Sb0.75S32,400.0,79.016,138462.0,2.45,0.0008644914093822721,0.14114145459302402,https://doi.org/10.1021/acs.inorgchem.1c02105
Cu22Sn9.25Sb0.75S32,500.0,96.36,111801.0,2.15,0.0010381001905295998,0.2414186489603721,https://doi.org/10.1021/acs.inorgchem.1c02105
Cu22Sn9.25Sb0.75S32,600.0,112.62,91139.0,1.885,0.0011559400341516,0.36793847240899735,https://doi.org/10.1021/acs.inorgchem.1c02105
Cu22Sn9.25Sb0.75S32,700.0,127.7,73171.0,1.655,0.00119322071659,0.5046854994640484,https://doi.org/10.1021/acs.inorgchem.1c02105
Cu22Sn9SbS32,300.0,72.46,103152.0,2.8,0.0005415945834432,0.0580279910832,https://doi.org/10.1021/acs.inorgchem.1c02105
Cu22Sn9SbS32,400.0,90.58,87805.0,2.2937,0.0007204168796019999,0.12563402007272093,https://doi.org/10.1021/acs.inorgchem.1c02105
Cu22Sn9SbS32,500.0,109.51,73711.0,1.929,0.0008839747522111001,0.22912772219053915,https://doi.org/10.1021/acs.inorgchem.1c02105
Cu22Sn9SbS32,600.0,126.45,62830.0,1.681,0.001004626725075,0.35858181739738254,https://doi.org/10.1021/acs.inorgchem.1c02105
Cu22Sn9SbS32,700.0,147.6,52326.0,1.4734,0.00113996167776,0.5415862457119587,https://doi.org/10.1021/acs.inorgchem.1c02105
Ba1.4Bi0.6CoRuO6,318.0,301.0,7310.0,1.2,0.00066229331,0.17550772715000001,https://doi.org/10.1021/acs.inorgchem.1c02442
Ba1.4Bi0.6CoRuO6,418.0,143.3,21940.0,1.1677,0.00045053548660000005,0.16127758276851933,https://doi.org/10.1021/acs.inorgchem.1c02442
Ba1.4Bi0.6CoRuO6,518.0,92.7,50000.0,1.135,0.0004296645000000001,0.196,https://doi.org/10.1021/acs.inorgchem.1c02442
Ba1.4Bi0.6CoRuO6,618.0,66.5,93800.0,1.094,0.00041480705,0.23432427504570383,https://doi.org/10.1021/acs.inorgchem.1c02442
Ba1.6Bi0.4CoRuO6,318.0,157.2,12500.0,1.324,0.00030889799999999994,0.07419151359516615,https://doi.org/10.1021/acs.inorgchem.1c02442
Ba1.6Bi0.4CoRuO6,418.0,74.0,37870.0,1.279,0.00020737611999999998,0.06777421279124317,https://doi.org/10.1021/acs.inorgchem.1c02442
Ba1.6Bi0.4CoRuO6,518.0,48.0,84920.0,1.254,0.00019565568,0.08082108631578948,https://doi.org/10.1021/acs.inorgchem.1c02442
Ba1.6Bi0.4CoRuO6,618.0,34.0,165635.0,1.2,0.00019147406,0.09860914090000002,https://doi.org/10.1021/acs.inorgchem.1c02442
Ba1.7Bi0.3CoRuO6,518.0,29.4,123000.0,1.3,0.00010631627999999998,0.04236294849230768,https://doi.org/10.1021/acs.inorgchem.1c02442
Ba1.8Bi0.2CoRuO6,318.0,78.8,21850.0,1.415,0.000135676264,0.03049120279293286,https://doi.org/10.1021/acs.inorgchem.1c02442
Ba1.8Bi0.2CoRuO6,418.0,37.4,66050.0,1.362,9.2388098e-05,0.028354056508076354,https://doi.org/10.1021/acs.inorgchem.1c02442
Ba1.8Bi0.2CoRuO6,518.0,24.4,137180.0,1.3195,8.5e-05,0.033368700265251995,https://doi.org/10.1021/acs.inorgchem.1c02442
Ba1.8Bi0.2CoRuO6,318.0,97.5,17800.0,1.394,0.00016921125,0.0374,https://doi.org/10.1021/acs.inorgchem.1c02442
Ba1.8Bi0.2CoRuO6,418.0,45.56,54592.0,1.328,0.0001133173568512,0.03566766202093494,https://doi.org/10.1021/acs.inorgchem.1c02442
Ba1.9Bi0.1CoRuO6,318.0,65.4,28500.0,1.444,0.000122,0.026844806842105266,https://doi.org/10.1021/acs.inorgchem.1c02442
Ba1.9Bi0.1CoRuO6,418.0,30.87,86290.0,1.4325,8.2230650901e-05,0.0239947030203267,https://doi.org/10.1021/acs.inorgchem.1c02442
Ba1.9Bi0.1CoRuO6,518.0,20.33,184500.0,1.367,7.625549204999998e-05,0.029,https://doi.org/10.1021/acs.inorgchem.1c02442
Ba1.9Bi0.1CoRuO6,618.0,15.0,334375.0,1.31,7.8e-05,0.03549224713740458,https://doi.org/10.1021/acs.inorgchem.1c02442
Ba2CoRuO6,318.0,54.8,33800.0,1.4848,0.00010150275199999998,0.0216,https://doi.org/10.1021/acs.inorgchem.1c02442
Ba2CoRuO6,418.0,26.0,102900.0,1.4623,6.956039999999999e-05,0.019883913834370513,https://doi.org/10.1021/acs.inorgchem.1c02442
Ba2CoRuO6,518.0,17.0,223000.0,1.455,6.4447e-05,0.022944017869415804,https://doi.org/10.1021/acs.inorgchem.1c02442
Pb6Bi2Se9,323.0,-75.0,33154.0,1.125,0.00018649125,0.05354371,https://doi.org/10.1021/acs.inorgchem.6b02118
Pb6Bi2Se9,423.0,-112.8,23423.0,1.123,0.00029803050432,0.11225904125321459,https://doi.org/10.1021/acs.inorgchem.6b02118
Pb6Bi2Se9,523.0,-157.0,15615.0,1.1217,0.000384894135,0.17945942106178125,https://doi.org/10.1021/acs.inorgchem.6b02118
Pb6Bi2Se9,623.0,-189.8,11769.0,1.12,0.00042396692675999997,0.23583160301024997,https://doi.org/10.1021/acs.inorgchem.6b02118
Pb6Bi2Se9,673.0,-193.2,10962.0,1.1183,0.00040917024288,0.24624123531989622,https://doi.org/10.1021/acs.inorgchem.6b02118
As2Te1.5Se1.5,298.0,529.29,5.4,0.3703,1.51279868214e-06,0.001217429131184769,https://doi.org/10.1021/acs.inorgchem.6b02930
As2Te1.5Se1.5,323.0,575.51,7.8,0.3472,2.5834517287799997e-06,0.0024033839527532836,https://doi.org/10.1021/acs.inorgchem.6b02930
As2Te1.5Se1.5,373.0,587.76,13.89,0.3412,4.798464646464e-06,0.005245683801673716,https://doi.org/10.1021/acs.inorgchem.6b02930
As2Te1.5Se1.5,423.0,589.8,21.84,0.3275,7.597350633599999e-06,0.009812761276374959,https://doi.org/10.1021/acs.inorgchem.6b02930
As2Te1.5Se1.5,473.0,543.8,32.95,0.324,9.743922598e-06,0.014224924039672838,https://doi.org/10.1021/acs.inorgchem.6b02930
As2Te1.5Se1.5,523.0,527.0,50.74,0.3353,1.409196946e-05,0.0146,https://doi.org/10.1021/acs.inorgchem.6b02930
As2Te2.3Se0.7,298.0,326.53,28.53,0.532,3.0419211208769997e-06,0.0043,https://doi.org/10.1021/acs.inorgchem.6b02930
As2Te2.3Se0.7,323.0,339.8,86.6,0.5167,9.999185864e-06,0.006250700665902845,https://doi.org/10.1021/acs.inorgchem.6b02930
As2Te2.3Se0.7,373.0,347.96,160.46,0.4873,1.9427880890336e-05,0.014870920525539356,https://doi.org/10.1021/acs.inorgchem.6b02930
As2Te2.3Se0.7,423.0,338.8,257.5,0.465,2.95572508e-05,0.028,https://doi.org/10.1021/acs.inorgchem.6b02930
As2Te2.3Se0.7,473.0,297.96,421.7,0.4664,3.743859414671999e-05,0.03796838557332451,https://doi.org/10.1021/acs.inorgchem.6b02930
As2Te2.3Se0.7,523.0,206.12,585.95,0.4789,2.4894352005680002e-05,0.027186774063417504,https://doi.org/10.1021/acs.inorgchem.6b02930
As2Te2.6Se0.4,298.0,203.96,623.22,0.6193,2.5925753566752e-05,0.012475172877268039,https://doi.org/10.1021/acs.inorgchem.6b02930
As2Te2.6Se0.4,323.0,210.0,940.0,0.59,4.1454e-05,0.02,https://doi.org/10.1021/acs.inorgchem.6b02930
As2Te2.6Se0.4,373.0,228.0,1418.0,0.537,7.3713312e-05,0.049,https://doi.org/10.1021/acs.inorgchem.6b02930
As2Te2.6Se0.4,423.0,249.2,1852.5,0.534,0.00011504143559999997,0.088,https://doi.org/10.1021/acs.inorgchem.6b02930
As2Te2.6Se0.4,473.0,263.5,2184.0,0.51,0.000151640034,0.1406386982,https://doi.org/10.1021/acs.inorgchem.6b02930
As2Te2.6Se0.4,523.0,265.5,2420.5,0.5,0.000170621650125,0.17847024603074998,https://doi.org/10.1021/acs.inorgchem.6b02930
As2Te2.8Se0.2,298.0,181.19,649.4,0.6565,2.1319682575339993e-05,0.009677479676239631,https://doi.org/10.1021/acs.inorgchem.6b02930
As2Te2.8Se0.2,323.0,192.08,921.06,0.6193,3.3982256697984e-05,0.0177236701331323,https://doi.org/10.1021/acs.inorgchem.6b02930
As2Te2.8Se0.2,373.0,206.93,1279.8,0.605,5.480106786702e-05,0.03378644349487349,https://doi.org/10.1021/acs.inorgchem.6b02930
As2Te2.8Se0.2,423.0,221.21,1671.9,0.5706,8.181252738879001e-05,0.060649665414402684,https://doi.org/10.1021/acs.inorgchem.6b02930
As2Te2.8Se0.2,473.0,226.26,2011.7,0.551,0.00010298614017492,0.08840733993237233,https://doi.org/10.1021/acs.inorgchem.6b02930
As2Te2.8Se0.2,523.0,217.17,2275.8,0.532,0.00010733312049461999,0.1055173346215907,https://doi.org/10.1021/acs.inorgchem.6b02930
As2Te2.9Se0.1,298.0,161.39,507.41,0.7209,1.3216372334860997e-05,0.0176,https://doi.org/10.1021/acs.inorgchem.6b02930
As2Te2.9Se0.1,323.0,160.89,690.69,0.68,1.7878919607548996e-05,0.0196,https://doi.org/10.1021/acs.inorgchem.6b02930
As2Te2.9Se0.1,373.0,159.41,1063.62,0.6339,2.7028230790121998e-05,0.0226,https://doi.org/10.1021/acs.inorgchem.6b02930
As2Te2.9Se0.1,423.0,158.42,1508.59,0.6,3.786092694007599e-05,0.02613,https://doi.org/10.1021/acs.inorgchem.6b02930
As2Te2.9Se0.1,473.0,155.45,1930.7,0.6193,4.6654791116749995e-05,0.02663,https://doi.org/10.1021/acs.inorgchem.6b02930
As2Te2.9Se0.1,523.0,143.56,2230.0,0.6014,4.5959126128000003e-05,0.02889,https://doi.org/10.1021/acs.inorgchem.6b02930
As2Te2Se,298.0,224.24,6.23,0.4733,3.1326668844800007e-07,0.00019723953762413695,https://doi.org/10.1021/acs.inorgchem.6b02930
As2Te2Se,323.0,242.42,9.21,0.4597,5.41248273444e-07,0.00038029843881316516,https://doi.org/10.1021/acs.inorgchem.6b02930
As2Te2Se,373.0,248.48,20.54,0.449,1.2681870556159998e-06,0.0010535273312801067,https://doi.org/10.1021/acs.inorgchem.6b02930
As2Te2Se,423.0,246.46,44.85,0.4126,2.72430254226e-06,0.0027929713411923894,https://doi.org/10.1021/acs.inorgchem.6b02930
As2Te2Se,473.0,228.28,86.6,0.4114,4.512878277439999e-06,0.00518860336711016,https://doi.org/10.1021/acs.inorgchem.6b02930
As2Te2Se,523.0,171.29,153.99,0.4138,4.518107268759e-06,0.005710415905173893,https://doi.org/10.1021/acs.inorgchem.6b02930
As2Te3,298.0,118.81,185.29,0.854,2.615519565169e-06,0.0009126754454570983,https://doi.org/10.1021/acs.inorgchem.6b02930
As2Te3,323.0,79.21,309.79,0.7962,1.943691883939e-06,0.000788511025511551,https://doi.org/10.1021/acs.inorgchem.6b02930
As2Te3,373.0,47.52,585.95,0.7251,1.3231632268800004e-06,0.0006806507842038893,https://doi.org/10.1021/acs.inorgchem.6b02930
As2Te3,423.0,40.59,865.96,0.684,1.4267107526760003e-06,0.0008823079654706842,https://doi.org/10.1021/acs.inorgchem.6b02930
As2Te3,473.0,36.63,1154.78,0.6721,1.5494340329820002e-06,0.0010904363898236662,https://doi.org/10.1021/acs.inorgchem.6b02930
As2Te3,523.0,5.94,1637.89,0.684,5.7790655604000014e-08,4.418788432878948e-05,https://doi.org/10.1021/acs.inorgchem.6b02930
BaGd2NiO5,426.0,525.0,4.669387755102041,2.382,1.287e-06,0.00023016876574307303,https://doi.org/10.1021/acs.inorgchem.7b00049
BaGd2NiO5,532.0,463.97,10.076269481428918,2.03125,2.1691e-06,0.0005681039753846154,https://doi.org/10.1021/acs.inorgchem.7b00049
BaGd2NiO5,638.0,453.68,15.896957986104645,1.8015,3.272e-06,0.0011587765750763254,https://doi.org/10.1021/acs.inorgchem.7b00049
BaGd2NiO5,750.0,427.2,20.95,1.656,4.2647e-06,0.0019314764492753623,https://doi.org/10.1021/acs.inorgchem.7b00049
BaGd2NiO5,862.0,433.82,25.395352136424567,1.564,4.7794e-06,0.002634170588235294,https://doi.org/10.1021/acs.inorgchem.7b00049
BaGd2NiO5,975.0,453.68,29.116891568070027,1.498,5.993e-06,0.003900650867823765,https://doi.org/10.1021/acs.inorgchem.7b00049
BaGd2NiO5,1074.0,484.56,32.09987889797897,1.4357,7.537e-06,0.005638182071463398,https://doi.org/10.1021/acs.inorgchem.7b00049
BaGd2NiO5,1179.0,519.85,34.690869064458205,1.4173,9.375e-06,0.007798719396034713,https://doi.org/10.1021/acs.inorgchem.7b00049
BaGd2NiO5,1272.0,527.94,37.85510776568829,1.3842,1.0551e-05,0.009695760728218464,https://doi.org/10.1021/acs.inorgchem.7b00049
Ca0.05BaGd1.95NiO5,526.0,259.56,30.012738225441723,1.8585,2.022e-06,0.000572274414850686,https://doi.org/10.1021/acs.inorgchem.7b00049
Ca0.05BaGd1.95NiO5,632.0,234.56,48.11118294809683,1.6838,2.647e-06,0.0009935289226749018,https://doi.org/10.1021/acs.inorgchem.7b00049
Ca0.05BaGd1.95NiO5,736.0,226.47,65.90150611633534,1.568,3.38e-06,0.0015865306122448976,https://doi.org/10.1021/acs.inorgchem.7b00049
Ca0.05BaGd1.95NiO5,839.0,230.88,82.07396785879114,1.4963,4.375e-06,0.0024531343981821826,https://doi.org/10.1021/acs.inorgchem.7b00049
Ca0.05BaGd1.95NiO5,939.0,244.85,95.06013796396914,1.4393,5.699e-06,0.0037180302925033004,https://doi.org/10.1021/acs.inorgchem.7b00049
Ca0.05BaGd1.95NiO5,1037.0,256.62,107.19195224142517,1.3842,7.059e-06,0.005288385348938014,https://doi.org/10.1021/acs.inorgchem.7b00049
Ca0.05BaGd1.95NiO5,1134.0,260.29,118.83239764246852,1.3015,8.051e-06,0.007014855167114867,https://doi.org/10.1021/acs.inorgchem.7b00049
Ca0.05BaGd1.95NiO5,1230.0,285.29,130.5436768420411,1.2813,1.0625e-05,0.010199601966752516,https://doi.org/10.1021/acs.inorgchem.7b00049
Ca0.15BaGd1.85NiO5,392.0,285.29,45.16504057142052,2.296,3.676e-06,0.000627609756097561,https://doi.org/10.1021/acs.inorgchem.7b00049
Ca0.15BaGd1.85NiO5,513.0,224.26,123.53718983207764,2.0404,6.213e-06,0.0015620804744167808,https://doi.org/10.1021/acs.inorgchem.7b00049
Ca0.15BaGd1.85NiO5,611.0,192.65,202.07995508975077,1.9522,7.5e-06,0.002347351705767852,https://doi.org/10.1021/acs.inorgchem.7b00049
Ca0.15BaGd1.85NiO5,716.0,175.74,271.3330986269651,1.855,8.38e-06,0.0032345444743935308,https://doi.org/10.1021/acs.inorgchem.7b00049
Ca0.15BaGd1.85NiO5,811.0,167.65,332.2360494792623,1.7794,9.338e-06,0.004255995279307631,https://doi.org/10.1021/acs.inorgchem.7b00049
Ca0.15BaGd1.85NiO5,907.0,171.32,380.77660874846384,1.7169,1.1176e-05,0.005904031685013687,https://doi.org/10.1021/acs.inorgchem.7b00049
Ca0.15BaGd1.85NiO5,1000.0,173.53,425.07037297391406,1.6636,1.28e-05,0.007694157249338784,https://doi.org/10.1021/acs.inorgchem.7b00049
Ca0.15BaGd1.85NiO5,1084.0,194.12,456.70977299257976,1.6213,1.721e-05,0.011506593474372417,https://doi.org/10.1021/acs.inorgchem.7b00049
Ca0.15BaGd1.85NiO5,1179.0,205.88,500.4650717893353,1.6011,2.1213e-05,0.015620590219224283,https://doi.org/10.1021/acs.inorgchem.7b00049
Ca0.15BaGd1.85NiO5,1275.0,221.32,546.5212438625889,1.57,2.677e-05,0.02173996815286624,https://doi.org/10.1021/acs.inorgchem.7b00049
Ca0.1BaGd1.9NiO5,421.0,230.88,27.595612964635837,2.4228,1.471e-06,0.00025560962522701004,https://doi.org/10.1021/acs.inorgchem.7b00049
Ca0.1BaGd1.9NiO5,532.0,204.41,65.12148048403886,2.2004,2.721e-06,0.0006578676604253772,https://doi.org/10.1021/acs.inorgchem.7b00049
Ca0.1BaGd1.9NiO5,636.0,175.0,104.45714285714287,2.0607,3.199e-06,0.000987316931139904,https://doi.org/10.1021/acs.inorgchem.7b00049
Ca0.1BaGd1.9NiO5,736.0,168.38,140.06153339465519,1.98,3.971e-06,0.001476088888888889,https://doi.org/10.1021/acs.inorgchem.7b00049
Ca0.1BaGd1.9NiO5,839.0,167.65,168.75086556865935,1.919,4.743e-06,0.0020736722251172486,https://doi.org/10.1021/acs.inorgchem.7b00049
Ca0.1BaGd1.9NiO5,939.0,163.97,192.8129501002875,1.875,5.184e-06,0.0025961471999999997,https://doi.org/10.1021/acs.inorgchem.7b00049
Ca0.1BaGd1.9NiO5,1037.0,180.15,217.50770647921993,1.8346,7.059e-06,0.0039900703150550524,https://doi.org/10.1021/acs.inorgchem.7b00049
Ca0.1BaGd1.9NiO5,1134.0,185.29,238.81242782670608,1.7574,8.199e-06,0.005290580402867873,https://doi.org/10.1021/acs.inorgchem.7b00049
Ca0.25BaGd1.75NiO5,486.0,212.5,72.46173010380622,1.2739,3.2721e-06,0.0012483245152680744,https://doi.org/10.1021/acs.inorgchem.7b00049
Ca0.25BaGd1.75NiO5,579.0,163.97,131.2719957723678,1.2996,3.5294e-06,0.0015724242843951986,https://doi.org/10.1021/acs.inorgchem.7b00049
Ca0.25BaGd1.75NiO5,687.0,155.15,212.2965009795288,1.3272,5.1103e-06,0.002645250226039783,https://doi.org/10.1021/acs.inorgchem.7b00049
Ca0.25BaGd1.75NiO5,791.0,146.32,295.35895171678214,1.3511,6.3235e-06,0.0037020860780105098,https://doi.org/10.1021/acs.inorgchem.7b00049
Ca0.25BaGd1.75NiO5,891.0,141.91,345.03651748617114,1.3143,6.9485e-06,0.004710578635014837,https://doi.org/10.1021/acs.inorgchem.7b00049
Ca0.25BaGd1.75NiO5,987.0,151.47,394.19590175127087,1.2849,9.0441e-06,0.006947254027550783,https://doi.org/10.1021/acs.inorgchem.7b00049
Ca0.25BaGd1.75NiO5,1087.0,162.5,442.7360946745563,1.2629,1.1691e-05,0.010062647082112599,https://doi.org/10.1021/acs.inorgchem.7b00049
Ca0.25BaGd1.75NiO5,1179.0,175.74,480.92010905803255,1.2776,1.4853e-05,0.013706705541640574,https://doi.org/10.1021/acs.inorgchem.7b00049
Ca0.25BaGd1.75NiO5,1275.0,181.62,512.705087946809,1.2482,1.6912e-05,0.017275116167280884,https://doi.org/10.1021/acs.inorgchem.7b00049
Ca0.2BaGd1.8NiO5,489.0,211.03,73.47251346228309,1.6544,3.272e-06,0.0009671228239845262,https://doi.org/10.1021/acs.inorgchem.7b00049
Ca0.2BaGd1.8NiO5,587.0,166.91,129.33008048498428,1.6526,3.603e-06,0.0012797779256928476,https://doi.org/10.1021/acs.inorgchem.7b00049
Ca0.2BaGd1.8NiO5,693.0,158.82,206.97125623345994,1.6599,5.2206e-06,0.0021795745526838966,https://doi.org/10.1021/acs.inorgchem.7b00049
Ca0.2BaGd1.8NiO5,796.0,150.0,272.87555555555554,1.6287,6.1397e-06,0.003000676122060539,https://doi.org/10.1021/acs.inorgchem.7b00049
Ca0.2BaGd1.8NiO5,897.0,149.26,323.4456809922385,1.579,7.2059e-06,0.004093535338822039,https://doi.org/10.1021/acs.inorgchem.7b00049
Ca0.2BaGd1.8NiO5,999.0,156.62,374.69489589986625,1.5349,9.1912e-06,0.005982154407453254,https://doi.org/10.1021/acs.inorgchem.7b00049
Ca0.2BaGd1.8NiO5,1095.0,170.59,418.16507002395565,1.511,1.2169e-05,0.008818699536730642,https://doi.org/10.1021/acs.inorgchem.7b00049
Ca0.2BaGd1.8NiO5,1188.0,188.24,457.5510479428834,1.5386,1.6213e-05,0.01251855193032627,https://doi.org/10.1021/acs.inorgchem.7b00049
Ca0.2BaGd1.8NiO5,1275.0,205.88,483.12467543968353,1.6342,2.0478e-05,0.015976900012238403,https://doi.org/10.1021/acs.inorgchem.7b00049
Ba0.95K0.05Zn2As2,323.0,31.0,213333.0,3.733,0.00020501301299999999,0.017738870398874895,https://doi.org/10.1021/acs.inorgchem.7b00232
Ba0.95K0.05Zn2As2,423.0,39.51,160000.0,3.3357,0.00024976641599999997,0.031672870452378814,https://doi.org/10.1021/acs.inorgchem.7b00232
Ba0.95K0.05Zn2As2,523.0,52.47,114286.0,2.9574,0.00031464088945739997,0.05564251882945161,https://doi.org/10.1021/acs.inorgchem.7b00232
Ba0.95K0.05Zn2As2,623.0,70.0,90141.0,2.6596,0.0004416909,0.1034642166867198,https://doi.org/10.1021/acs.inorgchem.7b00232
Ba0.95K0.05Zn2As2,723.0,86.0,72700.0,2.4036,0.0005376892,0.161736267099351,https://doi.org/10.1021/acs.inorgchem.7b00232
Ba0.96K0.04Zn2As2,323.0,45.06,145455.0,2.95,0.000295332355638,0.032336390125787796,https://doi.org/10.1021/acs.inorgchem.7b00232
Ba0.96K0.04Zn2As2,423.0,55.56,100000.0,2.4071,0.00030869136000000007,0.054246373345519516,https://doi.org/10.1021/acs.inorgchem.7b00232
Ba0.96K0.04Zn2As2,523.0,72.22,72727.0,2.0714,0.0003793242793468,0.09577416148420217,https://doi.org/10.1021/acs.inorgchem.7b00232
Ba0.96K0.04Zn2As2,623.0,90.74,54237.0,1.8014,0.00044657376858119995,0.15444402010996314,https://doi.org/10.1021/acs.inorgchem.7b00232
Ba0.96K0.04Zn2As2,723.0,113.7,40506.0,1.602,0.00052364901114,0.23632848630101125,https://doi.org/10.1021/acs.inorgchem.7b00232
Ba0.97K0.03Zn2As2,323.0,47.53,164103.0,3.3714,0.00037072523499269997,0.03551766355301717,https://doi.org/10.1021/acs.inorgchem.7b00232
Ba0.97K0.03Zn2As2,423.0,59.88,118519.0,2.9078,0.00042496343307360003,0.061819771714056275,https://doi.org/10.1021/acs.inorgchem.7b00232
Ba0.97K0.03Zn2As2,523.0,71.6,94118.0,2.5789,0.00048250157407999993,0.09785114709521112,https://doi.org/10.1021/acs.inorgchem.7b00232
Ba0.97K0.03Zn2As2,623.0,86.0,72727.0,2.3,0.0005378888919999999,0.14569773031130434,https://doi.org/10.1021/acs.inorgchem.7b00232
Ba0.97K0.03Zn2As2,723.0,101.85,58182.0,2.0929,0.0006035464678949999,0.20849734640359546,https://doi.org/10.1021/acs.inorgchem.7b00232
Ba0.98K0.02Zn2As2,323.0,76.54,139130.0,2.844,0.0008150752407080001,0.0925700783223221,https://doi.org/10.1021/acs.inorgchem.7b00232
Ba0.98K0.02Zn2As2,423.0,94.4,103226.0,2.383,0.00091988404736,0.16328617374455728,https://doi.org/10.1021/acs.inorgchem.7b00232
Ba0.98K0.02Zn2As2,523.0,113.58,80000.0,2.078,0.001032033312,0.2597465939249278,https://doi.org/10.1021/acs.inorgchem.7b00232
Ba0.98K0.02Zn2As2,623.0,130.0,62745.0,1.8511,0.0010603905,0.35688146588514935,https://doi.org/10.1021/acs.inorgchem.7b00232
Ba0.98K0.02Zn2As2,723.0,148.0,50000.0,1.666,0.0010952,0.47528787515006,https://doi.org/10.1021/acs.inorgchem.7b00232
Ba0.98K0.02Zn2As2,823.0,166.2,39530.0,1.521,0.0010919150531999997,0.5908258308899408,https://doi.org/10.1021/acs.inorgchem.7b00232
Ba0.99K0.01Zn2As2,323.0,108.7,47761.0,2.3972,0.00056432917009,0.07603801182173785,https://doi.org/10.1021/acs.inorgchem.7b00232
Ba0.99K0.01Zn2As2,423.0,134.6,37209.0,1.9362,0.0006741214064399999,0.14727474172302446,https://doi.org/10.1021/acs.inorgchem.7b00232
Ba0.99K0.01Zn2As2,523.0,158.64,29358.0,1.6809,0.0007388424989567999,0.22988555354536636,https://doi.org/10.1021/acs.inorgchem.7b00232
Ba0.99K0.01Zn2As2,623.0,191.36,23358.0,1.4752,0.0008553384173568,0.3612227725144295,https://doi.org/10.1021/acs.inorgchem.7b00232
Ba0.99K0.01Zn2As2,723.0,210.49,19048.0,1.3262,0.0008439414518248001,0.46008872694113295,https://doi.org/10.1021/acs.inorgchem.7b00232
Ba0.9K0.1Zn2As2,323.0,27.16,213333.0,3.9248,0.00015736841544480002,0.012950977932294742,https://doi.org/10.1021/acs.inorgchem.7b00232
Ba0.9K0.1Zn2As2,423.0,37.04,168421.0,3.4638,0.00023106714463359997,0.028217969334260865,https://doi.org/10.1021/acs.inorgchem.7b00232
Ba0.9K0.1Zn2As2,523.0,51.85,128000.0,3.1801,0.00034411808,0.056593741027011736,https://doi.org/10.1021/acs.inorgchem.7b00232
Ba0.9K0.1Zn2As2,623.0,71.0,106670.0,2.9007,0.00053772347,0.11548995822042955,https://doi.org/10.1021/acs.inorgchem.7b00232
Ba0.9K0.1Zn2As2,723.0,87.7,92754.0,2.6809,0.00071339791266,0.1923931108408296,https://doi.org/10.1021/acs.inorgchem.7b00232
BaZn2As2,323.0,203.0,6942.0,1.8794,0.000274,0.04916544620304353,https://doi.org/10.1021/acs.inorgchem.7b00232
BaZn2As2,423.0,230.0,5677.0,1.4823,0.000289,0.0856996059502125,https://doi.org/10.1021/acs.inorgchem.7b00232
BaZn2As2,523.0,250.0,4557.0,1.2553,0.000276,0.11866242133354576,https://doi.org/10.1021/acs.inorgchem.7b00232
BaZn2As2,623.0,267.9,3636.0,1.078,0.00026095721076,0.15081293349116878,https://doi.org/10.1021/acs.inorgchem.7b00232
BaZn2As2,723.0,283.9,3003.0,0.922,0.00024203942762999995,0.18979881364044468,https://doi.org/10.1021/acs.inorgchem.7b00232
Li1.01Co0.85Ni0.15O2,323.0,244.5,0.03836,0.3158,2.2931703899999997e-09,2.345452932140595e-06,https://doi.org/10.1021/acs.inorgchem.7b00476
Li1.01Co0.85Ni0.15O2,423.0,269.5,0.2607,0.9798,1.8934706174999997e-08,8.174505727725046e-06,https://doi.org/10.1021/acs.inorgchem.7b00476
Li1.01Co0.85Ni0.15O2,523.0,291.0,1.799,1.2915,1.52341119e-07,6.169137068292682e-05,https://doi.org/10.1021/acs.inorgchem.7b00476
Li1.01Co0.85Ni0.15O2,623.0,306.0,7.4556,1.17,6.981125616e-07,0.00037173002211692306,https://doi.org/10.1021/acs.inorgchem.7b00476
Li1.01Co0.85Ni0.15O2,723.0,321.0,20.3575,0.996,2.0976571575000003e-06,0.0015226969125225903,https://doi.org/10.1021/acs.inorgchem.7b00476
Li1.01Co0.85Ni0.15O2,823.0,303.0,67.954,0.915,6.238788785999999e-06,0.0056115007332,https://doi.org/10.1021/acs.inorgchem.7b00476
Li1.01Co0.85Ni0.15O2,923.0,269.0,154.14,0.9555,1.115372454e-05,0.010774346154285713,https://doi.org/10.1021/acs.inorgchem.7b00476
Li1.01Co0.85Ni0.15O2,1023.0,255.0,371.94,0.8623,2.41853985e-05,0.02869263906471066,https://doi.org/10.1021/acs.inorgchem.7b00476
Li1.04Co0.85Ni0.15O2,323.0,218.0,0.09114,1.915,4.331337359999999e-09,7.305597740365534e-07,https://doi.org/10.1021/acs.inorgchem.7b00476
Li1.04Co0.85Ni0.15O2,423.0,249.0,0.4763,2.0081,2.95310763e-08,6.220629089636969e-06,https://doi.org/10.1021/acs.inorgchem.7b00476
Li1.04Co0.85Ni0.15O2,523.0,282.0,2.6886,1.9109,2.138082264e-07,5.851782008854466e-05,https://doi.org/10.1021/acs.inorgchem.7b00476
Li1.04Co0.85Ni0.15O2,623.0,308.0,9.1145,1.6883,8.646379279999999e-07,0.00031906025537167565,https://doi.org/10.1021/acs.inorgchem.7b00476
Li1.04Co0.85Ni0.15O2,723.0,319.5,30.9,1.421,3.1542797249999996e-06,0.001604886869229416,https://doi.org/10.1021/acs.inorgchem.7b00476
Li1.04Co0.85Ni0.15O2,823.0,297.0,87.016,1.332,7.675594344e-06,0.004742503111945946,https://doi.org/10.1021/acs.inorgchem.7b00476
Li1.04Co0.85Ni0.15O2,923.0,280.5,200.0,1.1903,1.573605e-05,0.012202280223473076,https://doi.org/10.1021/acs.inorgchem.7b00476
Li1.04Co0.85Ni0.15O2,1023.0,246.0,506.64,0.8745,3.065982624e-05,0.03586621182792453,https://doi.org/10.1021/acs.inorgchem.7b00476
Li1.1Co0.85Ni0.15O2,323.0,146.0,0.7809,1.9393,1.66456644e-08,2.772417677099985e-06,https://doi.org/10.1021/acs.inorgchem.7b00476
Li1.1Co0.85Ni0.15O2,423.0,183.0,2.0675,2.8,6.923850749999999e-08,1.0459960240178571e-05,https://doi.org/10.1021/acs.inorgchem.7b00476
Li1.1Co0.85Ni0.15O2,523.0,228.5,9.4,2.7206,4.9079515e-07,9.434899046166287e-05,https://doi.org/10.1021/acs.inorgchem.7b00476
Li1.1Co0.85Ni0.15O2,623.0,269.0,34.428,2.4453,2.491244508e-06,0.0006347054874592074,https://doi.org/10.1021/acs.inorgchem.7b00476
Li1.1Co0.85Ni0.15O2,723.0,293.0,100.0,2.1862,8.5849e-06,0.0028391193394931846,https://doi.org/10.1021/acs.inorgchem.7b00476
Li1.1Co0.85Ni0.15O2,823.0,304.5,223.35,1.9109,2.07090678375e-05,0.008919128593993667,https://doi.org/10.1021/acs.inorgchem.7b00476
Li1.1Co0.85Ni0.15O2,923.0,298.0,483.69,1.6073,4.295360676e-05,0.024666321806433147,https://doi.org/10.1021/acs.inorgchem.7b00476
Li1.1Co0.85Ni0.15O2,1023.0,284.5,1114.24,1.3158,9.018686416e-05,0.07011792220373916,https://doi.org/10.1021/acs.inorgchem.7b00476
LiCo0.85Ni0.15O2,323.0,200.0,0.03162,1.6932,1.2648000000000002e-09,2.4127710843373497e-07,https://doi.org/10.1021/acs.inorgchem.7b00476
LiCo0.85Ni0.15O2,423.0,211.03,0.2126,2.0341,9.467856307340002e-09,1.9688821680373732e-06,https://doi.org/10.1021/acs.inorgchem.7b00476
LiCo0.85Ni0.15O2,523.0,308.97,1.2944,2.045,1.2356660938896004e-07,3.1601631643240145e-05,https://doi.org/10.1021/acs.inorgchem.7b00476
LiCo0.85Ni0.15O2,623.0,398.62,5.4045,1.9432,8.587637243298e-07,0.00027532410470227736,https://doi.org/10.1021/acs.inorgchem.7b00476
LiCo0.85Ni0.15O2,723.0,432.88,24.43,1.6705,4.577817856192e-06,0.0019813003951073428,https://doi.org/10.1021/acs.inorgchem.7b00476
LiCo0.85Ni0.15O2,823.0,406.85,96.11,1.4773,1.5908792521475e-05,0.008862747069094921,https://doi.org/10.1021/acs.inorgchem.7b00476
LiCo0.85Ni0.15O2,923.0,389.04,188.74,1.4545,2.8566199430784004e-05,0.01812760541396606,https://doi.org/10.1021/acs.inorgchem.7b00476
LiCo0.85Ni0.15O2,1023.0,343.8,401.0,1.3977,4.7397574439999996e-05,0.03469107723554411,https://doi.org/10.1021/acs.inorgchem.7b00476
LiCo0.92Ni0.08O2,423.0,302.07,0.008703,1.4091,7.941164174847e-10,2.383870872159734e-07,https://doi.org/10.1021/acs.inorgchem.7b00476
LiCo0.92Ni0.08O2,523.0,554.79,0.09611,1.5682,2.9581883747450995e-08,9.86565820680836e-06,https://doi.org/10.1021/acs.inorgchem.7b00476
LiCo0.92Ni0.08O2,623.0,804.11,0.6591,1.4773,4.2616937518311007e-07,0.0001797221422453649,https://doi.org/10.1021/acs.inorgchem.7b00476
LiCo0.92Ni0.08O2,723.0,776.71,3.333,1.4091,2.0107269875253004e-06,0.0010316908750129814,https://doi.org/10.1021/acs.inorgchem.7b00476
LiCo0.92Ni0.08O2,823.0,619.18,12.69,1.2,4.865141340755999e-06,0.003336676102868489,https://doi.org/10.1021/acs.inorgchem.7b00476
LiCo0.92Ni0.08O2,923.0,561.6,40.0,1.2273,1.2615782400000001e-05,0.009487792027377168,https://doi.org/10.1021/acs.inorgchem.7b00476
LiCo0.92Ni0.08O2,1023.0,509.5,119.5,1.4,3.1021034874999996e-05,0.022667513340803573,https://doi.org/10.1021/acs.inorgchem.7b00476
LiCo0.96Ni0.04O2,323.0,390.34,0.0004259,2.0341,6.489238791403999e-11,1.0304430114662462e-08,https://doi.org/10.1021/acs.inorgchem.7b00476
LiCo0.96Ni0.04O2,423.0,571.23,0.007726,2.2273,2.5210224858654003e-09,4.787826119162503e-07,https://doi.org/10.1021/acs.inorgchem.7b00476
LiCo0.96Ni0.04O2,523.0,884.14,0.06462,1.9773,5.0513682728952e-08,1.3360975101017498e-05,https://doi.org/10.1021/acs.inorgchem.7b00476
LiCo0.96Ni0.04O2,623.0,926.9,0.6462,1.7727,5.55178600782e-07,0.00019511269153674396,https://doi.org/10.1021/acs.inorgchem.7b00476
LiCo0.96Ni0.04O2,723.0,816.55,4.3444,1.7614,2.896645654021e-06,0.0011889830861003651,https://doi.org/10.1021/acs.inorgchem.7b00476
LiCo0.96Ni0.04O2,823.0,718.62,17.783,1.579,9.183402688345202e-06,0.004786536043387018,https://doi.org/10.1021/acs.inorgchem.7b00476
LiCo0.96Ni0.04O2,923.0,652.4,47.0,1.4659,2.000441072e-05,0.012595723510853401,https://doi.org/10.1021/acs.inorgchem.7b00476
LiCo0.96Ni0.04O2,1023.0,544.83,96.11,1.6136,2.8529266344579002e-05,0.018087158819102826,https://doi.org/10.1021/acs.inorgchem.7b00476
LiCo0.98Ni0.02O2,323.0,342.07,0.0009055,2.25,1.0595426177694998e-10,1.521032291286882e-08,https://doi.org/10.1021/acs.inorgchem.7b00476
LiCo0.98Ni0.02O2,423.0,546.58,0.0009237,2.4886,2.7595509456468004e-10,4.6905491039483915e-08,https://doi.org/10.1021/acs.inorgchem.7b00476
LiCo0.98Ni0.02O2,523.0,995.86,0.104,2.4091,1.031406625184e-07,2.239116952269445e-05,https://doi.org/10.1021/acs.inorgchem.7b00476
LiCo0.98Ni0.02O2,623.0,944.83,1.1265,2.2955,1.0056307506058502e-06,0.0002729287552286842,https://doi.org/10.1021/acs.inorgchem.7b00476
LiCo0.98Ni0.02O2,723.0,800.0,6.7234,2.0682,4.302976e-06,0.0015042315288656802,https://doi.org/10.1021/acs.inorgchem.7b00476
LiCo0.98Ni0.02O2,823.0,713.7,24.4304,1.9659,1.2444056413776001e-05,0.005209552077184825,https://doi.org/10.1021/acs.inorgchem.7b00476
LiCo0.98Ni0.02O2,923.0,641.1,59.6846,1.5795,2.4530920295166e-05,0.01433494107783363,https://doi.org/10.1021/acs.inorgchem.7b00476
LiCo0.98Ni0.02O2,1023.0,527.4,157.8614,1.4091,4.390926838466399e-05,0.03187792318324552,https://doi.org/10.1021/acs.inorgchem.7b00476
LiCoO2,423.0,1052.4,0.1925,7.5909,2.1320255880000006e-07,1.1880631067778525e-05,https://doi.org/10.1021/acs.inorgchem.7b00476
LiCoO2,523.0,962.76,0.4013,5.8977,3.7196770590288e-07,3.2985589329265005e-05,https://doi.org/10.1021/acs.inorgchem.7b00476
LiCoO2,623.0,851.03,1.458,4.5455,1.0559595047921998e-06,0.00014472836244319452,https://doi.org/10.1021/acs.inorgchem.7b00476
LiCoO2,723.0,768.28,4.344,4.0057,2.5640640640896e-06,0.0004627950965715807,https://doi.org/10.1021/acs.inorgchem.7b00476
LiCoO2,823.0,788.97,13.738,3.3182,8.551543153444201e-06,0.0021210053689604534,https://doi.org/10.1021/acs.inorgchem.7b00476
LiCoO2,923.0,742.07,27.52,2.6705,1.5154380192448e-05,0.005237780534592587,https://doi.org/10.1021/acs.inorgchem.7b00476
LiCoO2,1023.0,653.79,57.36,2.7159,2.4518036644775997e-05,0.009235226439709062,https://doi.org/10.1021/acs.inorgchem.7b00476
Ca11Sb10,327.0,19.56,824.7,0.7813,3.1552494191999995e-07,0.00013205766799928323,https://doi.org/10.1021/acs.inorgchem.7b00617
Ca11Sb10,419.0,15.85,2165.0,0.8313,5.438967125e-07,0.0002741401690575003,https://doi.org/10.1021/acs.inorgchem.7b00617
Ca11Sb10,513.0,16.0,2060.0,0.9219,5.2736e-07,0.00029345447445493,https://doi.org/10.1021/acs.inorgchem.7b00617
Ca11Sb10,608.0,15.1,2268.0,1.0094,5.1712668e-07,0.0003114850618585298,https://doi.org/10.1021/acs.inorgchem.7b00617
Ca11Sb10,701.0,14.96,2100.0,1.0594,4.699833600000001e-07,0.0003109857800264301,https://doi.org/10.1021/acs.inorgchem.7b00617
Ca2Yb9Sb10,327.0,1.63,150204.0,1.7795,3.9907700759999996e-07,7.333418459409946e-05,https://doi.org/10.1021/acs.inorgchem.7b00617
Ca2Yb9Sb10,419.0,4.89,132653.0,1.9441,3.1720118012999994e-06,0.0006836443314359858,https://doi.org/10.1021/acs.inorgchem.7b00617
Ca2Yb9Sb10,513.0,8.0,125510.0,2.146,8.03264e-06,0.0019201977260018639,https://doi.org/10.1021/acs.inorgchem.7b00617
Ca2Yb9Sb10,608.0,10.67,117917.0,2.2733,1.34247207413e-05,0.0035904764926364316,https://doi.org/10.1021/acs.inorgchem.7b00617
Ca2Yb9Sb10,701.0,13.48,107292.0,2.3478,1.9496072236800005e-05,0.005821086394921545,https://doi.org/10.1021/acs.inorgchem.7b00617
Ca2Yb9Sb9Ge,327.0,17.04,889.8,1.6366,2.5836375167999995e-07,5.1622233165929355e-05,https://doi.org/10.1021/acs.inorgchem.7b00617
Ca2Yb9Sb9Ge,419.0,19.56,873.47,1.8447,3.3418403179199995e-07,7.590562656304438e-05,https://doi.org/10.1021/acs.inorgchem.7b00617
Ca2Yb9Sb9Ge,513.0,20.44,877.55,2.034,3.6663477367999995e-07,9.246983229982301e-05,https://doi.org/10.1021/acs.inorgchem.7b00617
Ca2Yb9Sb9Ge,608.0,21.48,842.86,2.2236,3.88887512544e-07,0.00010633369654018348,https://doi.org/10.1021/acs.inorgchem.7b00617
Ca2Yb9Sb9Ge,701.0,21.1,885.6,2.3323,3.94277976e-07,0.00011850484979462333,https://doi.org/10.1021/acs.inorgchem.7b00617
Ca6Yb5Sb10,327.0,6.22,50612.0,1.0625,1.9580973007999996e-06,0.000602633239869741,https://doi.org/10.1021/acs.inorgchem.7b00617
Ca6Yb5Sb10,419.0,8.296,51429.0,1.2219,3.539529747263999e-06,0.0012137351371663931,https://doi.org/10.1021/acs.inorgchem.7b00617
Ca6Yb5Sb10,513.0,11.26,51224.0,1.3969,6.4945680224e-06,0.0023850765233668835,https://doi.org/10.1021/acs.inorgchem.7b00617
Ca6Yb5Sb10,608.0,14.22,48571.0,1.55,9.8214641964e-06,0.0038525485363943225,https://doi.org/10.1021/acs.inorgchem.7b00617
Ca6Yb5Sb10,701.0,16.74,45918.0,1.703,1.2867490936799997e-05,0.005296600790779094,https://doi.org/10.1021/acs.inorgchem.7b00617
Ca9Yb2Sb10,327.0,14.81,42490.0,0.6438,9.319590889e-06,0.0047336225857455725,https://doi.org/10.1021/acs.inorgchem.7b00617
Ca9Yb2Sb10,419.0,14.96,52245.0,0.75,1.1692514592000002e-05,0.006532218152064001,https://doi.org/10.1021/acs.inorgchem.7b00617
Ca9Yb2Sb10,513.0,14.37,56327.0,0.8469,1.1631350886299999e-05,0.00704555792262593,https://doi.org/10.1021/acs.inorgchem.7b00617
Ca9Yb2Sb10,608.0,15.3,50612.0,0.953,1.1847763080000001e-05,0.007558698796054565,https://doi.org/10.1021/acs.inorgchem.7b00617
Ca9Yb2Sb10,701.0,15.1,50204.0,1.055,1.1447014039999998e-05,0.007606025442691942,https://doi.org/10.1021/acs.inorgchem.7b00617
Ca9Yb2Sb7Ge3,327.0,20.74,309.0,1.0188,1.3291560839999998e-07,4.2661370187279157e-05,https://doi.org/10.1021/acs.inorgchem.7b00617
Ca9Yb2Sb7Ge3,419.0,52.0,206.0,0.9969,5.570239999999999e-07,0.00023411882435550206,https://doi.org/10.1021/acs.inorgchem.7b00617
Ca9Yb2Sb7Ge3,513.0,64.4,206.0,1.0,8.543561600000001e-07,0.0004382847100800001,https://doi.org/10.1021/acs.inorgchem.7b00617
Ca9Yb2Sb7Ge3,608.0,75.56,619.0,1.0219,3.5340651184e-06,0.0021026632664519034,https://doi.org/10.1021/acs.inorgchem.7b00617
Ca9Yb2Sb7Ge3,701.0,78.07,825.0,1.1156,5.0283130425e-06,0.004,https://doi.org/10.1021/acs.inorgchem.7b00617
Ca9Yb2Sb9Ge,327.0,-5.48,10000.0,0.7094,3.0030400000000007e-07,0.00013842600507471103,https://doi.org/10.1021/acs.inorgchem.7b00617
Ca9Yb2Sb9Ge,419.0,-3.56,12371.0,0.7875,1.5678510560000002e-07,8.341963078907937e-05,https://doi.org/10.1021/acs.inorgchem.7b00617
Ca9Yb2Sb9Ge,513.0,-1.33,14639.0,0.8844,2.58949271e-08,1.5020463141451832e-05,https://doi.org/10.1021/acs.inorgchem.7b00617
Ca9Yb2Sb9Ge,608.0,7.11,16907.0,0.9875,8.546843547e-07,0.000526225911552,https://doi.org/10.1021/acs.inorgchem.7b00617
Ca9Yb2Sb9Ge,701.0,15.11,18763.0,1.1125,4.283819932299999e-06,0.0026992878854312807,https://doi.org/10.1021/acs.inorgchem.7b00617
Ag3RbMo9Se11,324.0,71.15,4267.0,0.6805,2.1600930107500005e-05,0.010284645635312274,https://doi.org/10.1021/acs.inorgchem.7b01200
Ag3RbMo9Se11,421.0,96.04,5926.0,0.7136,5.465953716160001e-05,0.03224728860010315,https://doi.org/10.1021/acs.inorgchem.7b01200
Ag3RbMo9Se11,520.0,128.54,8050.0,0.7666,0.00013300637937999998,0.09022086782885468,https://doi.org/10.1021/acs.inorgchem.7b01200
Ag3RbMo9Se11,618.0,142.7,10667.0,0.8394,0.00021721521442999997,0.15992256673545385,https://doi.org/10.1021/acs.inorgchem.7b01200
Ag3RbMo9Se11,717.0,146.02,16623.0,0.8891,0.0003544329529692001,0.28582659687202394,https://doi.org/10.1021/acs.inorgchem.7b01200
Ca14MgBi11,326.0,56.42,19835.0,0.7527,6.313909729400001e-05,0.027346015302037997,https://doi.org/10.1021/acs.inorgchem.7b01548
Ca14MgBi11,424.0,61.57,22052.0,0.8387,8.35961527748e-05,0.04226155809766925,https://doi.org/10.1021/acs.inorgchem.7b01548
Ca14MgBi11,521.0,66.94,24828.0,0.9538,0.0001112533642608,0.06077060471784106,https://doi.org/10.1021/acs.inorgchem.7b01548
Ca14MgBi11,621.0,69.85,27652.0,1.046,0.00013491473017,0.08009755968983746,https://doi.org/10.1021/acs.inorgchem.7b01548
Ca14MgBi11,717.0,74.55,30041.0,1.112,0.0001669589408025,0.10765248251384214,https://doi.org/10.1021/acs.inorgchem.7b01548
Ca14MgBi11,817.0,79.25,32088.0,1.3275,0.00020153068949999999,0.12403056370734465,https://doi.org/10.1021/acs.inorgchem.7b01548
Ca14MgBi11,914.0,85.97,33333.0,1.4,0.0002463588997197,0.16083716738843273,https://doi.org/10.1021/acs.inorgchem.7b01548
Ca14MgBi11,1013.0,91.79,33641.0,1.4945,0.0002834390193281,0.19212025866802634,https://doi.org/10.1021/acs.inorgchem.7b01548
Eu14MgBi11,326.0,27.95,57031.0,1.512,4.45527597775e-05,0.009605952174249338,https://doi.org/10.1021/acs.inorgchem.7b01548
Eu14MgBi11,424.0,34.77,54887.0,1.543,6.63557978223e-05,0.0182338679693164,https://doi.org/10.1021/acs.inorgchem.7b01548
Eu14MgBi11,521.0,42.5,52143.0,1.626,9.418329375e-05,0.03017804184732472,https://doi.org/10.1021/acs.inorgchem.7b01548
Eu14MgBi11,621.0,57.5,49660.0,1.633,0.000164188375,0.06243783274647887,https://doi.org/10.1021/acs.inorgchem.7b01548
Eu14MgBi11,717.0,70.3,48993.0,1.631,0.00024212781536999997,0.10644122846124462,https://doi.org/10.1021/acs.inorgchem.7b01548
Eu14MgBi11,817.0,84.85,48344.0,1.629,0.00034805371573999995,0.17456101028826268,https://doi.org/10.1021/acs.inorgchem.7b01548
Eu14MgBi11,914.0,99.32,47700.0,1.63,0.00047053485647999987,0.267,https://doi.org/10.1021/acs.inorgchem.7b01548
Sr14MgBi11,326.0,32.5,63203.0,1.2527,6.675816875e-05,0.01737300471980522,https://doi.org/10.1021/acs.inorgchem.7b01548
Sr14MgBi11,424.0,41.59,59592.0,1.266,0.00010307795693520001,0.03452215935270522,https://doi.org/10.1021/acs.inorgchem.7b01548
Sr14MgBi11,521.0,56.82,55725.0,1.3275,0.00017990885349,0.07060829579532203,https://doi.org/10.1021/acs.inorgchem.7b01548
Sr14MgBi11,621.0,72.99,53480.0,1.3407,0.00028491684454799997,0.13197088122943834,https://doi.org/10.1021/acs.inorgchem.7b01548
Sr14MgBi11,717.0,87.54,52518.0,1.3363,0.00040245864752880007,0.21594166749842825,https://doi.org/10.1021/acs.inorgchem.7b01548
Sr14MgBi11,817.0,106.59,51773.0,1.3319,0.0005882152170213,0.36081675223845794,https://doi.org/10.1021/acs.inorgchem.7b01548
Sr14MgBi11,914.0,127.84,50694.0,1.3495,0.0008284953675264001,0.5611298747085066,https://doi.org/10.1021/acs.inorgchem.7b01548
Sr14MgBi11,1013.0,138.0,50350.0,1.4,0.0009588654,0.6938076072857143,https://doi.org/10.1021/acs.inorgchem.7b01548
Yb14MgBi11,326.0,24.32,74112.0,1.5385,4.3834461388800003e-05,0.009288290161032695,https://doi.org/10.1021/acs.inorgchem.7b01548
Yb14MgBi11,424.0,36.14,70192.0,1.679,9.16777431232e-05,0.023151496774411435,https://doi.org/10.1021/acs.inorgchem.7b01548
Yb14MgBi11,521.0,47.95,68224.0,1.82,0.00015686079136,0.044903556207999996,https://doi.org/10.1021/acs.inorgchem.7b01548
Yb14MgBi11,621.0,61.59,66063.0,1.8857,0.0002505986342703,0.08252731181092238,https://doi.org/10.1021/acs.inorgchem.7b01548
Yb14MgBi11,717.0,78.64,62393.0,1.833,0.0003858538852928,0.1509313888461198,https://doi.org/10.1021/acs.inorgchem.7b01548
Yb14MgBi11,817.0,88.64,59592.0,1.7275,0.00046821729976320004,0.2214376462555916,https://doi.org/10.1021/acs.inorgchem.7b01548
Yb14MgBi11,914.0,97.95,57031.0,1.6,0.0005471669627775001,0.31256912748664684,https://doi.org/10.1021/acs.inorgchem.7b01548
Yb14MgBi11,1013.0,108.0,54670.0,1.626,0.00063767088,0.3972697425830259,https://doi.org/10.1021/acs.inorgchem.7b01548
Ag0.01Cr1.99Se3,300.0,88.86,39607.0,1.635,0.0003127408168572,0.057383636120587146,https://doi.org/10.1021/acs.inorgchem.8b01704
Ag0.01Cr1.99Se3,405.0,119.58,34000.0,1.6183,0.00048617879759999997,0.12167238029289994,https://doi.org/10.1021/acs.inorgchem.8b01704
Ag0.01Cr1.99Se3,512.0,143.2,28600.0,1.6067,0.000586478464,0.18689050449243794,https://doi.org/10.1021/acs.inorgchem.8b01704
Ag0.01Cr1.99Se3,566.0,152.4,26500.0,1.6142,0.0006217,0.21581165545781192,https://doi.org/10.1021/acs.inorgchem.8b01704
Ag0.01Cr1.99Se3,619.0,161.14,24464.0,1.6383,0.0006352346606143999,0.24001114259922696,https://doi.org/10.1021/acs.inorgchem.8b01704
Ag0.01Cr1.99Se3,671.0,162.0,23290.0,1.68,0.00061122276,0.24412528092857144,https://doi.org/10.1021/acs.inorgchem.8b01704
Ag0.01Cr1.99Se3,725.0,159.29,22786.0,1.75,0.0005781561072226,0.23952181584936286,https://doi.org/10.1021/acs.inorgchem.8b01704
Ag0.02Cr1.98Se3,300.0,85.43,37643.0,1.558,0.0002747293384907001,0.05290038610218871,https://doi.org/10.1021/acs.inorgchem.8b01704
Ag0.02Cr1.98Se3,405.0,118.14,32979.0,1.5408,0.00046028986854840004,0.12098740703667059,https://doi.org/10.1021/acs.inorgchem.8b01704
Ag0.02Cr1.98Se3,512.0,142.8,28571.0,1.525,0.0005826152606400001,0.2,https://doi.org/10.1021/acs.inorgchem.8b01704
Ag0.02Cr1.98Se3,566.0,152.43,26750.0,1.53,0.000634,0.234,https://doi.org/10.1021/acs.inorgchem.8b01704
Ag0.02Cr1.98Se3,619.0,161.87,24800.0,1.5508,0.0006498070431199999,0.2593697186557132,https://doi.org/10.1021/acs.inorgchem.8b01704
Ag0.02Cr1.98Se3,671.0,163.4,23723.0,1.5883,0.00063339366188,0.2675861909724107,https://doi.org/10.1021/acs.inorgchem.8b01704
Ag0.02Cr1.98Se3,725.0,157.2,23300.0,1.6492,0.0005757858719999999,0.25311954717438756,https://doi.org/10.1021/acs.inorgchem.8b01704
Ag0.03Cr1.97Se3,300.0,82.0,39393.0,1.534,0.000264878532,0.05180153820078227,https://doi.org/10.1021/acs.inorgchem.8b01704
Ag0.03Cr1.97Se3,405.0,114.0,34821.0,1.514,0.000452533716,0.124,https://doi.org/10.1021/acs.inorgchem.8b01704
Ag0.03Cr1.97Se3,512.0,139.44,30319.0,1.5017,0.0005895078888384,0.20099090303340267,https://doi.org/10.1021/acs.inorgchem.8b01704
Ag0.03Cr1.97Se3,566.0,148.4,28400.0,1.506,0.000625440704,0.23505938809030544,https://doi.org/10.1021/acs.inorgchem.8b01704
Ag0.03Cr1.97Se3,619.0,154.3,26700.0,1.528,0.0006356866830000001,0.25751967066557596,https://doi.org/10.1021/acs.inorgchem.8b01704
Ag0.03Cr1.97Se3,671.0,155.3,25536.0,1.564,0.00062,0.264229651871509,https://doi.org/10.1021/acs.inorgchem.8b01704
Ag0.03Cr1.97Se3,725.0,152.11,25000.0,1.6233,0.0005784363025000001,0.25834184643165164,https://doi.org/10.1021/acs.inorgchem.8b01704
Ag0.04Cr1.96Se3,300.0,80.0,38107.0,1.5175,0.00024388479999999999,0.04821445799011532,https://doi.org/10.1021/acs.inorgchem.8b01704
Ag0.04Cr1.96Se3,405.0,110.39,34110.0,1.499,0.00041566282613100005,0.11230383227688792,https://doi.org/10.1021/acs.inorgchem.8b01704
Ag0.04Cr1.96Se3,512.0,135.1,30200.0,1.4867,0.000551210702,0.18982974334028388,https://doi.org/10.1021/acs.inorgchem.8b01704
Ag0.04Cr1.96Se3,566.0,145.0,28286.0,1.4917,0.00059471315,0.22565371247569885,https://doi.org/10.1021/acs.inorgchem.8b01704
Ag0.04Cr1.96Se3,619.0,152.11,26738.0,1.5092,0.0006186491942498001,0.2537396310897338,https://doi.org/10.1021/acs.inorgchem.8b01704
Ag0.04Cr1.96Se3,671.0,154.12,25914.0,1.5442,0.0006155345786016001,0.2674677517430861,https://doi.org/10.1021/acs.inorgchem.8b01704
Ag0.04Cr1.96Se3,725.0,151.4,25412.0,1.6,0.0005824928475200001,0.26394207153250004,https://doi.org/10.1021/acs.inorgchem.8b01704
CrSe3,300.0,89.43,40679.0,1.8033,0.0003253394512071,0.05412401450791882,https://doi.org/10.1021/acs.inorgchem.8b01704
CrSe3,405.0,124.7,32900.0,1.7708,0.000511597961,0.11700766557770498,https://doi.org/10.1021/acs.inorgchem.8b01704
CrSe3,512.0,149.0,27350.0,1.7517,0.00060719735,0.1774761906719187,https://doi.org/10.1021/acs.inorgchem.8b01704
CrSe3,566.0,159.86,24786.0,1.7583,0.0006334116730056001,0.2038963811187907,https://doi.org/10.1021/acs.inorgchem.8b01704
CrSe3,619.0,165.6,23036.0,1.781,0.0006317245209599999,0.2176,https://doi.org/10.1021/acs.inorgchem.8b01704
CrSe3,671.0,164.3,22000.0,1.8258,0.0005938787800000001,0.21825646915324792,https://doi.org/10.1021/acs.inorgchem.8b01704
CrSe3,725.0,159.15,21464.0,1.8975,0.0005436556997400001,0.20772088659367596,https://doi.org/10.1021/acs.inorgchem.8b01704
K8Al8Ge38,50.0,-2.8,49139.0,0.7077,3.8524975999999996e-07,2.72184371909001e-05,https://doi.org/10.1021/acs.inorgchem.8b02977
K8Al8Ge38,100.0,-7.424,47863.0,0.8845,2.638006386688e-06,0.00029824831958032795,https://doi.org/10.1021/acs.inorgchem.8b02977
K8Al8Ge38,150.0,-12.8,46000.0,0.937,7.536640000000002e-06,0.0012065058697972254,https://doi.org/10.1021/acs.inorgchem.8b02977
K8Al8Ge38,200.0,-19.8,43650.0,1.035,1.7112546e-05,0.003306772173913044,https://doi.org/10.1021/acs.inorgchem.8b02977
K8Al8Ge38,250.0,-27.0,41400.0,1.191,3.01806e-05,0.0063351385390428205,https://doi.org/10.1021/acs.inorgchem.8b02977
K8Ga8Ge38,50.0,0.3,231.01,1.0058,2.0790899999999996e-11,1.0335504076357126e-09,https://doi.org/10.1021/acs.inorgchem.8b02977
K8Ga8Ge38,100.0,0.68,170.98,1.183,7.9061152e-11,6.683106677937447e-09,https://doi.org/10.1021/acs.inorgchem.8b02977
K8Ga8Ge38,150.0,1.06,136.89,1.173,1.5380960400000001e-10,1.9668747314578002e-08,https://doi.org/10.1021/acs.inorgchem.8b02977
K8Ga8Ge38,200.0,1.59,117.0,1.1442,2.957877e-10,5.1702097535395904e-08,https://doi.org/10.1021/acs.inorgchem.8b02977
K8Ga8Ge38,250.0,2.5,94.9,1.1135,5.93125e-10,1.3316681634485857e-07,https://doi.org/10.1021/acs.inorgchem.8b02977
Ca0.99Yb4.01Al2Sb5.84Ge0.16,304.0,180.3,607.0,1.25,1.973241063e-05,0.004798922265216001,https://doi.org/10.1021/acs.inorgchem.9b00181
Ca0.99Yb4.01Al2Sb5.84Ge0.16,373.0,218.87,1075.0,1.096,5.149688266749999e-05,0.017525855141402827,https://doi.org/10.1021/acs.inorgchem.9b00181
Ca0.99Yb4.01Al2Sb5.84Ge0.16,421.0,242.92,1308.0,1.037,7.718524533119999e-05,0.031335572116138084,https://doi.org/10.1021/acs.inorgchem.9b00181
Ca0.99Yb4.01Al2Sb5.84Ge0.16,517.0,212.74,2056.0,0.9704,9.305108042560002e-05,0.049574823351231666,https://doi.org/10.1021/acs.inorgchem.9b00181
Ca0.99Yb4.01Al2Sb5.84Ge0.16,565.0,198.58,2570.0,0.978,0.00010134542214800001,0.05854822445155421,https://doi.org/10.1021/acs.inorgchem.9b00181
Ca0.99Yb4.01Al2Sb5.84Ge0.16,613.0,183.64,3084.0,1.0,0.00010400373536639999,0.0637542897796032,https://doi.org/10.1021/acs.inorgchem.9b00181
Ca0.99Yb4.01Al2Sb5.84Ge0.16,661.0,159.35,3785.0,1.02,9.611031916249999e-05,0.0897,https://doi.org/10.1021/acs.inorgchem.9b00181
Ca1.11Yb3.89Al2Sb5.77Ge0.23,304.0,33.02,21308.0,2.3407,2.3232547083200008e-05,0.003017342809113856,https://doi.org/10.1021/acs.inorgchem.9b00181
Ca1.11Yb3.89Al2Sb5.77Ge0.23,373.0,39.0,19346.0,2.274,2.9425265999999998e-05,0.004826571775725593,https://doi.org/10.1021/acs.inorgchem.9b00181
Ca1.11Yb3.89Al2Sb5.77Ge0.23,422.0,44.81,17944.0,2.193,3.60304053784e-05,0.006933347500996261,https://doi.org/10.1021/acs.inorgchem.9b00181
Ca1.11Yb3.89Al2Sb5.77Ge0.23,520.0,54.3,16500.0,2.037,4.8650084999999996e-05,0.012419265684830634,https://doi.org/10.1021/acs.inorgchem.9b00181
Ca1.11Yb3.89Al2Sb5.77Ge0.23,567.0,56.13,21402.0,1.963,6.742864681380001e-05,0.01947633354224381,https://doi.org/10.1021/acs.inorgchem.9b00181
Ca1.11Yb3.89Al2Sb5.77Ge0.23,614.0,59.9,23692.0,1.896,8.500713292e-05,0.027528681230421945,https://doi.org/10.1021/acs.inorgchem.9b00181
Ca1.11Yb3.89Al2Sb5.77Ge0.23,661.0,63.3,22600.0,1.835,9.055571399999998e-05,0.03261979670517711,https://doi.org/10.1021/acs.inorgchem.9b00181
AgSb0.93Mn0.07Te2,302.0,58.43,121745.0,1.15,0.0004156453312505,0.10915207829360957,https://doi.org/10.1021/acs.inorgchem.9b00852
AgSb0.93Mn0.07Te2,344.0,71.3,111141.0,1.1253,0.0005650063902899999,0.17272033969586775,https://doi.org/10.1021/acs.inorgchem.9b00852
AgSb0.93Mn0.07Te2,394.0,88.35,99865.0,1.1553,0.0007795184774624999,0.2658446118932095,https://doi.org/10.1021/acs.inorgchem.9b00852
AgSb0.93Mn0.07Te2,442.0,103.83,91351.0,1.184,0.0009848248846839,0.3676457762080099,https://doi.org/10.1021/acs.inorgchem.9b00852
AgSb0.93Mn0.07Te2,491.0,119.47,84324.0,1.2067,0.0012035632738115999,0.48972368230835794,https://doi.org/10.1021/acs.inorgchem.9b00852
AgSb0.93Mn0.07Te2,541.0,133.51,77973.0,1.1967,0.0013898624949573,0.6283242331176563,https://doi.org/10.1021/acs.inorgchem.9b00852
AgSb0.95Mn0.05Te2,297.0,56.7,87973.0,1.036,0.00028282351797000003,0.08107971509371621,https://doi.org/10.1021/acs.inorgchem.9b00852
AgSb0.95Mn0.05Te2,342.0,73.91,79733.0,1.05,0.00043555651027729994,0.14186697763317768,https://doi.org/10.1021/acs.inorgchem.9b00852
AgSb0.95Mn0.05Te2,394.0,92.17,72400.0,1.071,0.00061506036436,0.22626870546950514,https://doi.org/10.1021/acs.inorgchem.9b00852
AgSb0.95Mn0.05Te2,444.0,108.42,66133.0,1.082,0.0007773865636212,0.31900151039539076,https://doi.org/10.1021/acs.inorgchem.9b00852
AgSb0.95Mn0.05Te2,494.0,123.51,62000.0,1.0733,0.0009457926462000001,0.435313115832293,https://doi.org/10.1021/acs.inorgchem.9b00852
AgSb0.95Mn0.05Te2,545.0,137.6,58400.0,1.095,0.001105731584,0.5503412906666667,https://doi.org/10.1021/acs.inorgchem.9b00852
AgSb0.99Mn0.01Te2,301.0,76.7,51733.0,0.9973,0.00030433954837,0.0918542104275243,https://doi.org/10.1021/acs.inorgchem.9b00852
AgSb0.99Mn0.01Te2,341.0,85.57,49067.0,0.9633,0.00035927960916829995,0.12718192331193842,https://doi.org/10.1021/acs.inorgchem.9b00852
AgSb0.99Mn0.01Te2,394.0,106.67,44933.0,0.936,0.0005112696417437,0.21521393039211303,https://doi.org/10.1021/acs.inorgchem.9b00852
AgSb0.99Mn0.01Te2,444.0,123.86,40933.0,0.952,0.0006279654165268,0.29287462703560846,https://doi.org/10.1021/acs.inorgchem.9b00852
AgSb0.99Mn0.01Te2,493.0,140.0,38667.0,0.92,0.0007578732,0.406121182173913,https://doi.org/10.1021/acs.inorgchem.9b00852
AgSb0.99Mn0.01Te2,544.0,150.96,35333.0,0.9113,0.0008052009668928,0.4806642444745783,https://doi.org/10.1021/acs.inorgchem.9b00852
AgSbTe2,303.0,82.09,38533.0,0.976,0.0002596649511973,0.08061319693932573,https://doi.org/10.1021/acs.inorgchem.9b00852
AgSbTe2,341.0,96.52,35733.0,0.9407,0.0003328925729232,0.12067223064400044,https://doi.org/10.1021/acs.inorgchem.9b00852
AgSbTe2,391.0,117.37,33600.0,0.9613,0.00046286408784000004,0.18826574258341827,https://doi.org/10.1021/acs.inorgchem.9b00852
AgSbTe2,439.0,137.02,33533.0,1.0393,0.0006295646512532001,0.2659279148466804,https://doi.org/10.1021/acs.inorgchem.9b00852
AgSbTe2,488.0,152.7,35200.0,1.0533,0.0008207686079999999,0.38026685721446873,https://doi.org/10.1021/acs.inorgchem.9b00852
AgSbTe2,537.0,165.04,35467.0,1.0633,0.0009660572961471998,0.4878893708558698,https://doi.org/10.1021/acs.inorgchem.9b00852
AgBi0.85Sb0.15Se2,300.0,555.85,2.16,0.4212,6.673735206000002e-07,0.0004753372653846154,https://doi.org/10.1021/acs.inorgchem.9b00874
AgBi0.85Sb0.15Se2,400.0,561.0,25.9,0.388,8.1512739e-06,0.008403375154639174,https://doi.org/10.1021/acs.inorgchem.9b00874
AgBi0.85Sb0.15Se2,500.0,510.64,239.6,0.3974,6.247646902015999e-05,0.07860652871182686,https://doi.org/10.1021/acs.inorgchem.9b00874
AgBi0.85Sb0.15Se2,525.0,526.6,238.8,0.418,6.6221045328e-05,0.08317236554354068,https://doi.org/10.1021/acs.inorgchem.9b00874
AgBi0.85Sb0.15Se2,550.0,354.17,127.5,0.372,1.599313958475e-05,0.02364577089143145,https://doi.org/10.1021/acs.inorgchem.9b00874
AgBi0.85Sb0.15Se2,575.0,194.15,165.9,0.327,6.253471512750001e-06,0.010996165504071101,https://doi.org/10.1021/acs.inorgchem.9b00874
AgBi0.95Sb0.05Se2,300.0,-666.67,2.88,0.4878,1.2800128000319997e-06,0.0007872157441771216,https://doi.org/10.1021/acs.inorgchem.9b00874
AgBi0.95Sb0.05Se2,400.0,-377.66,20.9,0.4376,2.98090588004e-06,0.002724776855612432,https://doi.org/10.1021/acs.inorgchem.9b00874
AgBi0.95Sb0.05Se2,500.0,175.53,141.0,0.4455,4.3443201068999996e-06,0.004875780142424243,https://doi.org/10.1021/acs.inorgchem.9b00874
AgBi0.95Sb0.05Se2,525.0,341.15,241.0,0.4582,2.8048380722499994e-05,0.0321374942804725,https://doi.org/10.1021/acs.inorgchem.9b00874
AgBi0.95Sb0.05Se2,550.0,161.4,214.0,0.4,5.5746914400000005e-06,0.00766520073,https://doi.org/10.1021/acs.inorgchem.9b00874
AgBi0.95Sb0.05Se2,575.0,-13.02,147.0,0.333,2.4919498799999997e-08,4.302916459459459e-05,https://doi.org/10.1021/acs.inorgchem.9b00874
AgBi0.95Sb0.05Se2,600.0,-112.0,209.4,0.334,2.6267136e-06,0.004718647185628742,https://doi.org/10.1021/acs.inorgchem.9b00874
AgBi0.9Sb0.1Se2,300.0,133.0,2.2,0.4635,3.8915800000000005e-08,2.5188220064724917e-05,https://doi.org/10.1021/acs.inorgchem.9b00874
AgBi0.9Sb0.1Se2,400.0,460.94,26.6,0.3989,5.65158718376e-06,0.0056671719065028835,https://doi.org/10.1021/acs.inorgchem.9b00874
AgBi0.9Sb0.1Se2,500.0,453.13,179.0,0.402,3.67534966451e-05,0.04,https://doi.org/10.1021/acs.inorgchem.9b00874
AgBi0.9Sb0.1Se2,525.0,429.69,362.6,0.4185,6.694810568586e-05,0.071,https://doi.org/10.1021/acs.inorgchem.9b00874
AgBi0.9Sb0.1Se2,550.0,250.0,237.3,0.374,1.483125e-05,0.0194,https://doi.org/10.1021/acs.inorgchem.9b00874
AgBi0.9Sb0.1Se2,575.0,75.52,174.6,0.3312,9.957910118399998e-07,0.0017288038399999998,https://doi.org/10.1021/acs.inorgchem.9b00874
AgBi0.9Sb0.1Se2,600.0,-59.9,236.0,0.335,8.467703599999999e-07,0.002,https://doi.org/10.1021/acs.inorgchem.9b00874
AgBiSe2,300.0,-526.04,6.47,0.5295,1.7903659879519998e-06,0.0010143716645620395,https://doi.org/10.1021/acs.inorgchem.9b00874
AgBiSe2,400.0,-83.33,36.0,0.476,2.499800004e-07,0.00021006722722689077,https://doi.org/10.1021/acs.inorgchem.9b00874
AgBiSe2,500.0,421.88,240.0,0.518,4.2715856255999996e-05,0.04123152148262548,https://doi.org/10.1021/acs.inorgchem.9b00874
AgBiSe2,525.0,484.3,447.0,0.537,0.00010484228103000001,0.10249943676117318,https://doi.org/10.1021/acs.inorgchem.9b00874
AgBiSe2,550.0,460.94,405.0,0.483,8.604860185799999e-05,0.1074,https://doi.org/10.1021/acs.inorgchem.9b00874
AgBiSe2,575.0,375.0,314.0,0.435,4.415625e-05,0.06,https://doi.org/10.1021/acs.inorgchem.9b00874
AgBiSe2,600.0,55.8,237.0,0.41,7.379326799999999e-07,0.0010799014829268292,https://doi.org/10.1021/acs.inorgchem.9b00874
Ag(Bi0.85Nb0.15)0.7Sb0.3Se2,326.0,-153.0,9120.0,0.7419804486140725,0.00021349008,0.0938,https://doi.org/10.1021/acs.inorgchem.9b01038
Ag(Bi0.85Nb0.15)0.7Sb0.3Se2,378.0,-163.0,8913.0,0.69069436625,0.000236809497,0.1296,https://doi.org/10.1021/acs.inorgchem.9b01038
Ag(Bi0.85Nb0.15)0.7Sb0.3Se2,478.0,-276.0,2239.0,0.6319903456744186,0.000170558064,0.129,https://doi.org/10.1021/acs.inorgchem.9b01038
Ag(Bi0.85Nb0.15)0.7Sb0.3Se2,526.0,-231.0,4467.0,0.6509825896261682,0.000238363587,0.1926,https://doi.org/10.1021/acs.inorgchem.9b01038
Ag(Bi0.85Nb0.15)0.7Sb0.3Se2,576.0,-214.0,6761.0,0.748405419454469,0.000309626756,0.2383,https://doi.org/10.1021/acs.inorgchem.9b01038
Ag(Bi0.85Nb0.15)0.7Sb0.3Se2,676.0,-228.0,7079.0,0.9373189206330066,0.000367994736,0.2654,https://doi.org/10.1021/acs.inorgchem.9b01038
Ag(Bi0.85Nb0.15)0.9Sb0.1Se2,326.0,-71.0,47661.0,0.6609659656202532,0.000240259101,0.1185,https://doi.org/10.1021/acs.inorgchem.9b01038
Ag(Bi0.85Nb0.15)0.9Sb0.1Se2,478.0,-141.0,19638.0,0.643524935462069,0.000390423078,0.29,https://doi.org/10.1021/acs.inorgchem.9b01038
Ag(Bi0.85Nb0.15)0.9Sb0.1Se2,526.0,-175.0,12523.0,0.6357701741254334,0.000383516875,0.3173,https://doi.org/10.1021/acs.inorgchem.9b01038
Ag(Bi0.85Nb0.15)0.9Sb0.1Se2,576.0,-152.0,17433.0,0.5278650521774744,0.000402772032,0.4395,https://doi.org/10.1021/acs.inorgchem.9b01038
Ag(Bi0.85Nb0.15)0.9Sb0.1Se2,676.0,-167.0,17666.0,0.6517738982857143,0.000492687074,0.511,https://doi.org/10.1021/acs.inorgchem.9b01038
Ag(Bi0.85Pb0.15)0.7Sb0.3Se2,326.0,389.19,605.0,0.5636641978981699,9.163865794050001e-05,0.053,https://doi.org/10.1021/acs.inorgchem.9b01038
Ag(Bi0.85Pb0.15)0.7Sb0.3Se2,378.0,397.3,681.0,0.5311468457152941,0.00010749400449,0.0765,https://doi.org/10.1021/acs.inorgchem.9b01038
Ag(Bi0.85Pb0.15)0.7Sb0.3Se2,478.0,421.62,766.0,0.4750928636292789,0.00013616678309040002,0.137,https://doi.org/10.1021/acs.inorgchem.9b01038
Ag(Bi0.85Pb0.15)0.7Sb0.3Se2,576.0,424.32,767.0,0.5236571988717629,0.00013809640366079998,0.1519,https://doi.org/10.1021/acs.inorgchem.9b01038
Ag(Bi0.85Pb0.15)0.9Sb0.1Se2,326.0,430.56,197.18,0.507084062379117,3.6553605723648005e-05,0.0235,https://doi.org/10.1021/acs.inorgchem.9b01038
Ag(Bi0.85Pb0.15)0.9Sb0.1Se2,378.0,436.11,289.43,0.5812251632154116,5.5047250907703004e-05,0.0358,https://doi.org/10.1021/acs.inorgchem.9b01038
Ag(Bi0.85Pb0.15)0.9Sb0.1Se2,478.0,437.5,500.0,0.5076131130714603,9.5703125e-05,0.09012,https://doi.org/10.1021/acs.inorgchem.9b01038
Ag(Bi0.85Pb0.15)0.9Sb0.1Se2,526.0,400.0,464.0,0.4274325744308231,7.424e-05,0.09136,https://doi.org/10.1021/acs.inorgchem.9b01038
Ag(Bi0.85Pb0.15)0.9Sb0.1Se2,576.0,313.89,522.0,0.46143753470983184,5.14310585562e-05,0.0642,https://doi.org/10.1021/acs.inorgchem.9b01038
Ag(Bi0.8Nb0.2)0.7Sb0.3Se2,326.0,-149.0,12303.0,0.8102209497543221,0.000273138903,0.1099,https://doi.org/10.1021/acs.inorgchem.9b01038
Ag(Bi0.8Nb0.2)0.7Sb0.3Se2,378.0,-184.0,10000.0,0.8862581717451524,0.00033856,0.1444,https://doi.org/10.1021/acs.inorgchem.9b01038
Ag(Bi0.8Nb0.2)0.7Sb0.3Se2,478.0,-225.0,2818.0,0.4930735900216919,0.00014266124999999999,0.1383,https://doi.org/10.1021/acs.inorgchem.9b01038
Ag(Bi0.8Nb0.2)0.7Sb0.3Se2,526.0,-222.0,4898.0,0.5980816525294395,0.000241393032,0.2123,https://doi.org/10.1021/acs.inorgchem.9b01038
Ag(Bi0.8Nb0.2)0.7Sb0.3Se2,576.0,-229.0,5754.0,0.57935138688,0.00030174551399999997,0.3,https://doi.org/10.1021/acs.inorgchem.9b01038
Ag(Bi0.8Nb0.2)0.9Sb0.1Se2,326.0,-70.0,50250.0,0.7740535197685632,0.000246225,0.1037,https://doi.org/10.1021/acs.inorgchem.9b01038
Ag(Bi0.8Nb0.2)0.9Sb0.1Se2,378.0,-77.0,46416.0,0.7139723774330817,0.000275200464,0.1457,https://doi.org/10.1021/acs.inorgchem.9b01038
Ag(Bi0.8Nb0.2)0.9Sb0.1Se2,478.0,-142.0,20706.0,0.6289711463977308,0.000417515784,0.3173,https://doi.org/10.1021/acs.inorgchem.9b01038
Ag(Bi0.8Nb0.2)0.9Sb0.1Se2,526.0,-170.0,14107.0,0.5294966661728394,0.00040769229999999997,0.405,https://doi.org/10.1021/acs.inorgchem.9b01038
Ag(Bi0.8Nb0.2)0.9Sb0.1Se2,576.0,-147.0,20710.0,0.41758123544467846,0.00044752239,0.6173,https://doi.org/10.1021/acs.inorgchem.9b01038
Ag(Bi0.8Nb0.2)0.9Sb0.1Se2,676.0,-156.0,23635.0,0.6091533751527495,0.00057518136,0.6383,https://doi.org/10.1021/acs.inorgchem.9b01038
Ag(Bi0.8Pb0.2)0.7Sb0.3Se2,478.0,291.8,1778.0,2.3419183469307447,0.00015139179272,0.0309,https://doi.org/10.1021/acs.inorgchem.9b01038
Ag(Bi0.8Pb0.2)0.7Sb0.3Se2,526.0,281.1,1728.0,3.264588847767273,0.00013654173888000002,0.022,https://doi.org/10.1021/acs.inorgchem.9b01038
Ag(Bi0.8Pb0.2)0.7Sb0.3Se2,576.0,251.35,1631.0,4.010259794497296,0.00010304139749749998,0.0148,https://doi.org/10.1021/acs.inorgchem.9b01038
Ag(Bi0.8Pb0.2)0.9Sb0.1Se2,326.0,130.56,412.46,0.4677606025809502,7.030757523456e-06,0.0049,https://doi.org/10.1021/acs.inorgchem.9b01038
Ag(Bi0.8Pb0.2)0.9Sb0.1Se2,378.0,152.78,538.0,0.5519613086439069,1.25578498792e-05,0.0086,https://doi.org/10.1021/acs.inorgchem.9b01038
Ag(Bi0.8Pb0.2)0.9Sb0.1Se2,478.0,219.44,681.0,0.5072804416584077,3.27928151616e-05,0.0309,https://doi.org/10.1021/acs.inorgchem.9b01038
Ag(Bi0.8Pb0.2)0.9Sb0.1Se2,526.0,183.33,709.0,0.5074603363171094,2.3829411230100003e-05,0.0247,https://doi.org/10.1021/acs.inorgchem.9b01038
Ag(Bi0.8Pb0.2)0.9Sb0.1Se2,576.0,136.11,838.0,0.6042057509111352,1.5524731099800002e-05,0.0148,https://doi.org/10.1021/acs.inorgchem.9b01038
Ag(Bi0.9Nb0.1)0.7Sb0.3Se2,326.0,-168.0,5623.0,0.5515709802985075,0.000158703552,0.0938,https://doi.org/10.1021/acs.inorgchem.9b01038
Ag(Bi0.9Nb0.1)0.7Sb0.3Se2,378.0,-179.0,6607.0,0.6232139196728972,0.000211694887,0.1284,https://doi.org/10.1021/acs.inorgchem.9b01038
Ag(Bi0.9Nb0.1)0.7Sb0.3Se2,478.0,-263.0,2089.0,0.539594934359375,0.000144494041,0.128,https://doi.org/10.1021/acs.inorgchem.9b01038
Ag(Bi0.9Nb0.1)0.7Sb0.3Se2,526.0,-274.0,2754.0,0.5611733431578948,0.000206759304,0.1938,https://doi.org/10.1021/acs.inorgchem.9b01038
Ag(Bi0.9Nb0.1)0.7Sb0.3Se2,576.0,-270.0,3090.0,0.5444831556861099,0.00022526099999999998,0.2383,https://doi.org/10.1021/acs.inorgchem.9b01038
Ag(Bi0.9Nb0.1)0.7Sb0.3Se2,676.0,-278.0,2818.0,0.5576649504242424,0.000217786312,0.264,https://doi.org/10.1021/acs.inorgchem.9b01038
Ag(Bi0.9Nb0.1)0.9Sb0.1Se2,326.0,-88.0,33333.0,0.7024259194657764,0.000258130752,0.1198,https://doi.org/10.1021/acs.inorgchem.9b01038
Ag(Bi0.9Nb0.1)0.9Sb0.1Se2,526.0,-181.0,11567.0,0.628193672114718,0.000378946487,0.3173,https://doi.org/10.1021/acs.inorgchem.9b01038
Ag(Bi0.9Nb0.1)0.9Sb0.1Se2,676.0,-154.0,21831.0,0.6849216072328768,0.000517743996,0.511,https://doi.org/10.1021/acs.inorgchem.9b01038
Ag(Bi0.9Pb0.1)0.7Sb0.3Se2,326.0,413.5,702.0,0.634191732204214,0.0001200295395,0.0617,https://doi.org/10.1021/acs.inorgchem.9b01038
Ag(Bi0.9Pb0.1)0.7Sb0.3Se2,378.0,402.7,813.0,0.6725543665190282,0.00013184200676999997,0.0741,https://doi.org/10.1021/acs.inorgchem.9b01038
Ag(Bi0.9Pb0.1)0.7Sb0.3Se2,478.0,413.5,1059.0,0.6373457799300442,0.00018107020275,0.1358,https://doi.org/10.1021/acs.inorgchem.9b01038
Ag(Bi0.9Pb0.1)0.7Sb0.3Se2,526.0,408.1,915.0,0.6184933382476852,0.00015238923315,0.1296,https://doi.org/10.1021/acs.inorgchem.9b01038
Ag(Bi0.9Pb0.1)0.7Sb0.3Se2,576.0,370.27,702.0,0.5910086120134413,9.624411077579999e-05,0.0938,https://doi.org/10.1021/acs.inorgchem.9b01038
Ag(Bi0.9Pb0.1)0.9Sb0.1Se2,326.0,561.11,197.18,0.565318832111783,6.208102512147801e-05,0.0358,https://doi.org/10.1021/acs.inorgchem.9b01038
Ag(Bi0.9Pb0.1)0.9Sb0.1Se2,378.0,538.89,272.83,0.5272733682718423,7.923049554984298e-05,0.0568,https://doi.org/10.1021/acs.inorgchem.9b01038
Ag(Bi0.9Pb0.1)0.9Sb0.1Se2,478.0,444.44,1000.0,0.5349454090696885,0.0001975269136,0.1765,https://doi.org/10.1021/acs.inorgchem.9b01038
Ag(Bi0.9Pb0.1)0.9Sb0.1Se2,526.0,483.33,316.23,0.443074466862047,7.3873822706847e-05,0.0877,https://doi.org/10.1021/acs.inorgchem.9b01038
Ag(Bi0.9Pb0.1)0.9Sb0.1Se2,576.0,366.67,355.86,0.4292570008279986,4.784426988395401e-05,0.0642,https://doi.org/10.1021/acs.inorgchem.9b01038
AgBi0.7Sb0.3Se2,326.0,-383.33,298.0,0.48226725077220267,4.37886828922e-05,0.0296,https://doi.org/10.1021/acs.inorgchem.9b01038
AgBi0.7Sb0.3Se2,378.0,-361.11,400.0,0.46944155556,5.2160172840000005e-05,0.042,https://doi.org/10.1021/acs.inorgchem.9b01038
AgBi0.7Sb0.3Se2,478.0,-327.78,1125.0,0.45492688147322824,0.00012086969444999997,0.127,https://doi.org/10.1021/acs.inorgchem.9b01038
AgBi0.7Sb0.3Se2,576.0,-275.0,2371.0,0.3946532670997326,0.000179306875,0.2617,https://doi.org/10.1021/acs.inorgchem.9b01038
AgBi0.7Sb0.3Se2,676.0,-305.56,1231.0,0.32949888614809836,0.0001149346706416,0.2358,https://doi.org/10.1021/acs.inorgchem.9b01038
AgBi0.9Sb0.1Se2,326.0,-127.78,14962.0,0.49620139549271525,0.0002442954723208,0.1605,https://doi.org/10.1021/acs.inorgchem.9b01038
AgBi0.9Sb0.1Se2,378.0,-130.56,16312.0,0.4810252280051698,0.0002780529426432,0.2185,https://doi.org/10.1021/acs.inorgchem.9b01038
AgBi0.9Sb0.1Se2,478.0,-152.78,20535.0,0.4746552801071722,0.000479322392694,0.4827,https://doi.org/10.1021/acs.inorgchem.9b01038
AgBi0.9Sb0.1Se2,526.0,-211.11,7943.0,0.49130219928120805,0.0003539991131703001,0.379,https://doi.org/10.1021/acs.inorgchem.9b01038
AgBi0.9Sb0.1Se2,576.0,-216.67,7286.0,0.38086120626064257,0.0003420477465254,0.5173,https://doi.org/10.1021/acs.inorgchem.9b01038
AgBi0.9Sb0.1Se2,676.0,-247.22,5464.0,0.4009739842857151,0.0003339472679776,0.563,https://doi.org/10.1021/acs.inorgchem.9b01038
Cu0.98Pd0.02FeS2,10.0,-18.3,3652.0,10.9,1.2230182800000002e-06,1.1220351192660552e-06,https://doi.org/10.1021/acs.jpcc.0c06490
Cu0.98Pd0.02FeS2,30.0,-47.3,5829.0,22.5,1.3041163409999996e-05,1.7388217879999995e-05,https://doi.org/10.1021/acs.jpcc.0c06490
Cu0.98Pd0.02FeS2,50.0,-62.75,7134.0,20.68,2.8090570875e-05,6.791724099371373e-05,https://doi.org/10.1021/acs.jpcc.0c06490
Cu0.98Pd0.02FeS2,70.0,-76.33,7880.0,17.16,4.5910998932000004e-05,0.00018728262967599067,https://doi.org/10.1021/acs.jpcc.0c06490
Cu0.98Pd0.02FeS2,100.0,-116.0,9306.0,13.98,0.00012522153599999999,0.0008957191416309012,https://doi.org/10.1021/acs.jpcc.0c06490
Cu0.98Pd0.02FeS2,200.0,-223.0,10746.0,9.545,0.000534387834,0.011197230675746463,https://doi.org/10.1021/acs.jpcc.0c06490
Cu0.98Pd0.02FeS2,300.0,-306.87,9305.0,7.386,0.0008762443771545001,0.035590754555422426,https://doi.org/10.1021/acs.jpcc.0c06490
Cu0.995Pd0.005FeS2,10.0,-149.6,0.054,26.25,1.20852864e-09,4.6039186285714285e-10,https://doi.org/10.1021/acs.jpcc.0c06490
Cu0.995Pd0.005FeS2,30.0,-419.85,7.27,50.0,1.281512143575e-06,7.68907286145e-07,https://doi.org/10.1021/acs.jpcc.0c06490
Cu0.995Pd0.005FeS2,50.0,-488.55,62.64,37.84,1.49509842606e-05,1.9755528885570823e-05,https://doi.org/10.1021/acs.jpcc.0c06490
Cu0.995Pd0.005FeS2,70.0,-487.0,264.2,29.43,6.26600498e-05,0.00014903851464492018,https://doi.org/10.1021/acs.jpcc.0c06490
Cu0.995Pd0.005FeS2,100.0,-450.38,1000.0,21.36,0.00020284214439999997,0.0009496355074906365,https://doi.org/10.1021/acs.jpcc.0c06490
Cu0.995Pd0.005FeS2,200.0,-395.4,3652.0,12.16,0.0005709579163199999,0.009390755202631579,https://doi.org/10.1021/acs.jpcc.0c06490
Cu0.995Pd0.005FeS2,300.0,-404.5,4217.0,7.84,0.00068998659425,0.026402548249362244,https://doi.org/10.1021/acs.jpcc.0c06490
Cu0.99Pd0.01FeS2,10.0,-61.0,20.0,20.9,7.442e-08,3.560765550239234e-08,https://doi.org/10.1021/acs.jpcc.0c06490
Cu0.99Pd0.01FeS2,30.0,-123.66,220.7,34.43,3.37489928892e-06,2.9406615935986054e-06,https://doi.org/10.1021/acs.jpcc.0c06490
Cu0.99Pd0.01FeS2,50.0,-140.46,723.4,32.5,1.427196699144e-05,2.195687229452308e-05,https://doi.org/10.1021/acs.jpcc.0c06490
Cu0.99Pd0.01FeS2,70.0,-172.5,1382.0,29.2,4.11231375e-05,9.858286386986301e-05,https://doi.org/10.1021/acs.jpcc.0c06490
Cu0.99Pd0.01FeS2,100.0,-248.85,2642.0,23.18,0.00016360934404499998,0.0007058211563632442,https://doi.org/10.1021/acs.jpcc.0c06490
Cu0.99Pd0.01FeS2,200.0,-345.0,5425.0,12.84,0.000645710625,0.010057797897196262,https://doi.org/10.1021/acs.jpcc.0c06490
Cu0.99Pd0.01FeS2,300.0,-396.0,5233.0,9.2,0.000820618128,0.026759286782608697,https://doi.org/10.1021/acs.jpcc.0c06490
Cu0.9Pd0.1FeS2,10.0,-13.0,55804.0,5.47,9.430875999999999e-06,1.7241089579524682e-05,https://doi.org/10.1021/acs.jpcc.0c06490
Cu0.9Pd0.1FeS2,30.0,-30.53,57255.0,13.4,5.336629192950001e-05,0.00011947677297649255,https://doi.org/10.1021/acs.jpcc.0c06490
Cu0.9Pd0.1FeS2,50.0,-45.8,58294.0,13.75,0.00012227982616,0.00044465391330909083,https://doi.org/10.1021/acs.jpcc.0c06490
Cu0.9Pd0.1FeS2,70.0,-56.49,56200.0,12.61,0.00017934094962,0.000995548491149881,https://doi.org/10.1021/acs.jpcc.0c06490
Cu0.9Pd0.1FeS2,100.0,-73.28,52330.0,10.68,0.000281009923072,0.0026311790549812734,https://doi.org/10.1021/acs.jpcc.0c06490
Cu0.9Pd0.1FeS2,200.0,-123.66,37855.0,7.16,0.000578870922438,0.016169578839050278,https://doi.org/10.1021/acs.jpcc.0c06490
Cu0.9Pd0.1FeS2,300.0,-168.0,27384.0,5.227,0.000772886016,0.04435925096613736,https://doi.org/10.1021/acs.jpcc.0c06490
Cu1.02Fe0.98S2,30.0,-1174.0,0.0034,77.16,4.6861384e-09,1.8219822706065318e-09,https://doi.org/10.1021/acs.jpcc.0c06490
Cu1.02Fe0.98S2,50.0,-972.73,0.165,54.25,1.561236027285e-07,1.4389272140875576e-07,https://doi.org/10.1021/acs.jpcc.0c06490
Cu1.02Fe0.98S2,70.0,-798.5,1.48,40.8,9.436513299999999e-07,1.6190096348039216e-06,https://doi.org/10.1021/acs.jpcc.0c06490
Cu1.02Fe0.98S2,100.0,-671.2,10.75,31.02,4.84297648e-06,1.561243223726628e-05,https://doi.org/10.1021/acs.jpcc.0c06490
Cu1.02Fe0.98S2,200.0,-557.25,107.46,18.07,3.336929186625e-05,0.0003693336122440509,https://doi.org/10.1021/acs.jpcc.0c06490
Cu1.02Fe0.98S2,300.0,-534.4,115.48,11.02,3.29791664128e-05,0.0008977994486243195,https://doi.org/10.1021/acs.jpcc.0c06490
CuFeS2,10.0,-97.7,1.075,11.7,1.0261186750000001e-08,8.770245085470085e-09,https://doi.org/10.1021/acs.jpcc.0c06490
CuFeS2,30.0,-306.87,26.4,29.77,2.48606679816e-06,2.5052738980450117e-06,https://doi.org/10.1021/acs.jpcc.0c06490
CuFeS2,50.0,-486.0,132.0,30.45,3.1177872e-05,5.11951921182266e-05,https://doi.org/10.1021/acs.jpcc.0c06490
CuFeS2,70.0,-508.4,407.0,27.95,0.00010519751791999998,0.00026346426670483,https://doi.org/10.1021/acs.jpcc.0c06490
CuFeS2,100.0,-473.3,1241.0,23.86,0.00027799999649,0.0011651299098491199,https://doi.org/10.1021/acs.jpcc.0c06490
CuFeS2,200.0,-375.57,5830.0,16.14,0.000822337969167,0.010190061575799257,https://doi.org/10.1021/acs.jpcc.0c06490
Co9S8,18.0,-2.5,94644551.0,27.77,0.00059152844375,0.0003834177885307886,https://doi.org/10.1021/acs.jpcc.0c11601
Co9S8,41.0,-2.2,41450510.0,33.17,0.00066,0.00024797826965330125,https://doi.org/10.1021/acs.jpcc.0c11601
Co9S8,66.0,-1.5,17339800.0,29.05,5.6e-05,8.863890877796902e-05,https://doi.org/10.1021/acs.jpcc.0c11601
Co9S8,89.0,-4.5,9728543.0,24.05,0.000204,0.0007290339551663202,https://doi.org/10.1021/acs.jpcc.0c11601
Co9S8,107.0,-4.7,6740000.0,20.27,0.00014888660000000003,0.000785933211642822,https://doi.org/10.1021/acs.jpcc.0c11601
Co9S8,150.0,-7.2,3679062.0,15.74,0.00019072257408,0.0018175594734434562,https://doi.org/10.1021/acs.jpcc.0c11601
Co9S8,250.0,-15.0,1666700.0,11.28,0.0003750075,0.008311336436170212,https://doi.org/10.1021/acs.jpcc.0c11601
Co9S8,300.0,-19.2,1269362.0,10.0,0.00046793760768,0.0140381282304,https://doi.org/10.1021/acs.jpcc.0c11601
CoS2,41.0,-28.8,5214000.0,10.8,0.00508,0.0164178432,https://doi.org/10.1021/acs.jpcc.0c11601
CoS2,66.0,-32.6,2500000.0,14.17,0.00333,0.012375116443189838,https://doi.org/10.1021/acs.jpcc.0c11601
CoS2,89.0,-30.0,1539044.0,14.75,0.00194,0.008357791484745762,https://doi.org/10.1021/acs.jpcc.0c11601
CoS2,107.0,-27.4,1190412.0,14.12,0.00131,0.006772476437949008,https://doi.org/10.1021/acs.jpcc.0c11601
CoS2,150.0,-32.05,1000000.0,12.95,0.00124,0.011898098455598456,https://doi.org/10.1021/acs.jpcc.0c11601
CoS2,250.0,-36.97,759413.0,11.94,0.00134,0.021732646223025547,https://doi.org/10.1021/acs.jpcc.0c11601
CoS2,300.0,-40.2,667884.0,11.2,0.00133,0.028910551590000003,https://doi.org/10.1021/acs.jpcc.0c11601
SnAgSbSe2,600.0,60.0,285000.0,5.145,0.001026,0.11965014577259475,https://doi.org/10.1021/acs.jpcc.9b03329
SnAgSbSe2,650.0,71.3,236200.0,4.662,0.001200767578,0.16741718697983698,https://doi.org/10.1021/acs.jpcc.9b03329
SnAgSbSe2,700.0,86.7,190140.0,4.18,0.0014292614646000002,0.23935000603349288,https://doi.org/10.1021/acs.jpcc.9b03329
SnAgSbSe2,750.0,102.56,153061.0,3.77,0.0016099803325696001,0.3226,https://doi.org/10.1021/acs.jpcc.9b03329
SnAgSbSe2,800.0,118.2,115800.0,3.37,0.0016178695919999999,0.41,https://doi.org/10.1021/acs.jpcc.9b03329
SnTe0.15AgSbSe2,300.0,60.9,161200.0,2.19,0.0005978601719999999,0.08189865369863014,https://doi.org/10.1021/acs.jpcc.9b03329
SnTe0.15AgSbSe2,400.0,80.9,136577.0,2.163,0.0008938705153700001,0.1653019908220065,https://doi.org/10.1021/acs.jpcc.9b03329
SnTe0.15AgSbSe2,500.0,101.0,112400.0,2.01,0.0011465924,0.2852219900497513,https://doi.org/10.1021/acs.jpcc.9b03329
SnTe0.15AgSbSe2,600.0,123.3,89000.0,1.8,0.00135305721,0.45101906999999997,https://doi.org/10.1021/acs.jpcc.9b03329
SnTe0.15AgSbSe2,650.0,133.3,81500.0,1.762,0.0014481645350000003,0.5342264175652668,https://doi.org/10.1021/acs.jpcc.9b03329
SnTe0.15AgSbSe2,700.0,140.4,76870.0,1.71,0.0015152737392,0.626,https://doi.org/10.1021/acs.jpcc.9b03329
SnTe0.15AgSbSe2,800.0,146.1,76600.0,1.716,0.001635043086,0.762257848951049,https://doi.org/10.1021/acs.jpcc.9b03329
SnTe0.1AgSbSe2,300.0,53.2,206711.0,2.445,0.0005850417406400001,0.07178426265521473,https://doi.org/10.1021/acs.jpcc.9b03329
SnTe0.1AgSbSe2,400.0,70.8,170400.0,2.443,0.0008541538559999999,0.13985327155137126,https://doi.org/10.1021/acs.jpcc.9b03329
SnTe0.1AgSbSe2,500.0,90.38,138255.0,2.29,0.0011293421060219997,0.248,https://doi.org/10.1021/acs.jpcc.9b03329
SnTe0.1AgSbSe2,600.0,113.1,109350.0,2.06,0.0013987625534999997,0.41,https://doi.org/10.1021/acs.jpcc.9b03329
SnTe0.1AgSbSe2,650.0,124.85,96644.0,1.973,0.00150644052449,0.49629312768297007,https://doi.org/10.1021/acs.jpcc.9b03329
SnTe0.1AgSbSe2,700.0,134.0,89000.0,1.903,0.001598084,0.5878396216500262,https://doi.org/10.1021/acs.jpcc.9b03329
SnTe0.1AgSbSe2,750.0,140.3,84900.0,1.881,0.0016711792410000002,0.6686,https://doi.org/10.1021/acs.jpcc.9b03329
SnTe0.1AgSbSe2,800.0,143.25,83893.0,1.912,0.0017215315498124999,0.7203060877876569,https://doi.org/10.1021/acs.jpcc.9b03329
SnTe0.25AgSbSe2,300.0,65.8,133500.0,1.854,0.0005780069399999999,0.094,https://doi.org/10.1021/acs.jpcc.9b03329
SnTe0.25AgSbSe2,400.0,85.6,113800.0,1.832,0.000865,0.19,https://doi.org/10.1021/acs.jpcc.9b03329
SnTe0.25AgSbSe2,500.0,109.2,94295.0,1.71,0.0011244339288000002,0.32878185052631587,https://doi.org/10.1021/acs.jpcc.9b03329
SnTe0.25AgSbSe2,600.0,132.2,77181.0,1.608,0.0013488799880399997,0.5033134283731342,https://doi.org/10.1021/acs.jpcc.9b03329
SnTe0.25AgSbSe2,650.0,139.2,73100.0,1.59,0.00141,0.5790446852830187,https://doi.org/10.1021/acs.jpcc.9b03329
SnTe0.25AgSbSe2,700.0,142.2,71800.0,1.62,0.0014518563119999997,0.6273453199999999,https://doi.org/10.1021/acs.jpcc.9b03329
SnTe0.25AgSbSe2,750.0,143.0,71500.0,1.6595,0.0014621035,0.6607879632419404,https://doi.org/10.1021/acs.jpcc.9b03329
SnTe0.25AgSbSe2,800.0,139.5,73450.0,1.74,0.0014293553625,0.6571748793103448,https://doi.org/10.1021/acs.jpcc.9b03329
SnTe0.2AgSbSe2,300.0,64.0,125000.0,1.285,0.00056,0.131,https://doi.org/10.1021/acs.jpcc.9b03329
SnTe0.2AgSbSe2,400.0,83.585,106711.0,1.27,0.000892,0.284,https://doi.org/10.1021/acs.jpcc.9b03329
SnTe0.2AgSbSe2,500.0,104.25,89262.0,1.2,0.001108,0.466,https://doi.org/10.1021/acs.jpcc.9b03329
SnTe0.2AgSbSe2,600.0,127.925,72819.0,1.086,0.001292,0.717,https://doi.org/10.1021/acs.jpcc.9b03329
SnTe0.2AgSbSe2,650.0,137.55,68456.0,1.08,0.00137,0.83,https://doi.org/10.1021/acs.jpcc.9b03329
SnTe0.2AgSbSe2,800.0,140.377,69799.0,1.21,0.00142,0.934,https://doi.org/10.1021/acs.jpcc.9b03329
Mg0.95Li0.05Ge0.9Si0.1,300.0,239.0,13615.0,4.943,0.000777702415,0.047200227493425055,https://doi.org/10.1021/acsaem.1c00172
Mg0.95Li0.05Ge0.9Si0.1,400.0,277.2,10320.0,3.6855,0.0007929871488,0.0860656246153846,https://doi.org/10.1021/acsaem.1c00172
Mg0.95Li0.05Ge0.9Si0.1,500.0,293.3,11700.0,3.0314,0.001006491213,0.16601095417958697,https://doi.org/10.1021/acsaem.1c00172
Mg0.95Li0.05Ge0.9Si0.1,600.0,294.3,14308.0,2.6329,0.0012392515069200001,0.2824075749751225,https://doi.org/10.1021/acsaem.1c00172
Mg0.95Li0.05Ge0.9Si0.1,675.0,286.3,17240.0,2.4304,0.0014131229756,0.39246955584677423,https://doi.org/10.1021/acsaem.1c00172
Mg0.97Li0.03Ge0.8Si0.2,400.0,315.44,7308.0,3.3396,0.0007271634924288,0.08709587883923824,https://doi.org/10.1021/acsaem.1c00172
Mg0.97Li0.03Ge0.8Si0.2,500.0,325.5,8923.0,2.7658,0.00094539408075,0.17090788935389398,https://doi.org/10.1021/acsaem.1c00172
Mg0.97Li0.03Ge0.8Si0.2,600.0,319.46,12077.0,2.462,0.0012325145104531998,0.3003690927180828,https://doi.org/10.1021/acsaem.1c00172
Mg0.97Li0.03Ge0.9Si0.1,300.0,173.49,44769.0,4.918,0.0013474922862969003,0.08219757744796057,https://doi.org/10.1021/acsaem.1c00172
Mg0.97Li0.03Ge0.9Si0.1,400.0,216.78,33154.0,3.805,0.0015580247667336,0.16378709768552957,https://doi.org/10.1021/acsaem.1c00172
Mg0.97Li0.03Ge0.9Si0.1,500.0,248.99,26000.0,3.1698,0.0016118965226000002,0.2542583952615307,https://doi.org/10.1021/acsaem.1c00172
Mg0.97Li0.03Ge0.9Si0.1,600.0,253.36,28615.0,2.81,0.001836833751904,0.3922064950684698,https://doi.org/10.1021/acsaem.1c00172
Mg0.98Li0.02Ge0.8Si0.2,300.0,326.5,2308.0,4.3019,0.000246037993,0.017157859992096517,https://doi.org/10.1021/acsaem.1c00172
Mg0.98Li0.02Ge0.8Si0.2,400.0,361.07,2538.0,3.3585,0.0003308829809562,0.039408424112693165,https://doi.org/10.1021/acsaem.1c00172
Mg0.98Li0.02Ge0.8Si0.2,500.0,360.4,3846.0,2.7484,0.00049954986336,0.090880123591908,https://doi.org/10.1021/acsaem.1c00172
Mg0.98Li0.02Ge0.8Si0.2,600.0,337.5,6300.0,2.3987,0.000696,0.1794995726852045,https://doi.org/10.1021/acsaem.1c00172
Mg0.98Li0.02Ge0.8Si0.2,675.0,312.75,8692.0,2.272,0.00085018679325,0.25258630521291814,https://doi.org/10.1021/acsaem.1c00172
Mg0.98Li0.02Ge0.9Si0.1,300.0,229.0,13400.0,5.292,0.0007027094,0.039836133786848076,https://doi.org/10.1021/acsaem.1c00172
Mg0.98Li0.02Ge0.9Si0.1,400.0,272.8,11050.0,4.032,0.0008223392320000001,0.08158127301587303,https://doi.org/10.1021/acsaem.1c00172
Mg0.98Li0.02Ge0.9Si0.1,500.0,290.94,13000.0,3.3019,0.0011003990867999999,0.16663119519064779,https://doi.org/10.1021/acsaem.1c00172
Mg0.98Li0.02Ge0.9Si0.1,600.0,288.59,16538.0,2.8354,0.0013773539027977998,0.291462348056246,https://doi.org/10.1021/acsaem.1c00172
Mg0.98Li0.02Ge0.9Si0.1,675.0,281.2,19385.0,2.6835,0.0015328386343999999,0.38556589462269414,https://doi.org/10.1021/acsaem.1c00172
Mg0.99Li0.01Ge0.9Si0.1,400.0,292.28,10692.0,4.3522,0.0009133918820927999,0.08394760186506134,https://doi.org/10.1021/acsaem.1c00172
Mg0.99Li0.01Ge0.9Si0.1,500.0,317.45,10846.0,3.5,0.0010930002541149997,0.15614289344499996,https://doi.org/10.1021/acsaem.1c00172
Mg0.99Li0.01Ge0.9Si0.1,600.0,318.12,12692.0,2.9748,0.0012844346442048,0.2590630585326341,https://doi.org/10.1021/acsaem.1c00172
Mg0.99Li0.01Ge0.9Si0.1,675.0,309.06,14769.0,2.6604,0.0014107065766884,0.3579262288620771,https://doi.org/10.1021/acsaem.1c00172
(Bi0.23Sb0.77)2Te3,300.0,229.0,54942.0,0.885,0.002881213422,0.9766825159322035,https://doi.org/10.1021/acsaem.1c01830
(Bi0.23Sb0.77)2Te3,350.0,244.0,44766.0,0.88037,0.002665188576,1.0595726814861934,https://doi.org/10.1021/acsaem.1c01830
(Bi0.23Sb0.77)2Te3,400.0,241.93,37164.0,0.9346,0.0021752135617836,0.9309709230830729,https://doi.org/10.1021/acsaem.1c01830
(Bi0.23Sb0.77)2Te3,450.0,220.32,32706.0,1.0523,0.0015875787538944,0.6789037719780291,https://doi.org/10.1021/acsaem.1c01830
(Bi0.23Sb0.77)2Te3,500.0,186.74,30882.0,1.19,0.0010769117799432001,0.4524839411526051,https://doi.org/10.1021/acsaem.1c01830
Cu2.2Sn0.8Sb0.2Se3.2,300.0,46.86,217574.0,3.4865,0.00047776195661039994,0.04110959041535064,https://doi.org/10.1021/acsaem.1c01155
Cu2.2Sn0.8Sb0.2Se3.2,372.0,56.0,191450.0,3.27,0.0006003872,0.06830092917431192,https://doi.org/10.1021/acsaem.1c01155
Cu2.2Sn0.8Sb0.2Se3.2,473.0,68.57,160372.0,2.973,0.0007540442703027998,0.11996735279287735,https://doi.org/10.1021/acsaem.1c01155
Cu2.2Sn0.8Sb0.2Se3.2,523.0,75.0,146800.0,2.8,0.00082575,0.1542383035714286,https://doi.org/10.1021/acsaem.1c01155
Cu2.2Sn0.8Sb0.2Se3.2,622.0,87.43,129155.0,2.573,0.0009872614528595,0.23866172704182242,https://doi.org/10.1021/acsaem.1c01155
Cu2.2Sn0.8Sb0.2Se3.2,723.0,111.0,96140.0,2.2,0.00118454094,0.3892832271,https://doi.org/10.1021/acsaem.1c01155
Cu2.5Sn0.5Sb0.5Se3.5,300.0,28.0,532716.0,5.31,0.000417649344,0.02359600813559322,https://doi.org/10.1021/acsaem.1c01155
Cu2.5Sn0.5Sb0.5Se3.5,372.0,34.29,455113.0,5.0263,0.0005351237313632999,0.03960488392398933,https://doi.org/10.1021/acsaem.1c01155
Cu2.5Sn0.5Sb0.5Se3.5,473.0,42.86,370149.0,4.6447,0.0006799561619604,0.06924435692450948,https://doi.org/10.1021/acsaem.1c01155
Cu2.5Sn0.5Sb0.5Se3.5,523.0,46.86,335460.0,4.4803,0.0007366230614159998,0.08598840727642523,https://doi.org/10.1021/acsaem.1c01155
Cu2.5Sn0.5Sb0.5Se3.5,622.0,56.6,275600.0,4.06,0.000882901136,0.14,https://doi.org/10.1021/acsaem.1c01155
Cu2.5Sn0.5Sb0.5Se3.5,723.0,74.29,211300.0,3.486,0.00116616556633,0.24186394275863168,https://doi.org/10.1021/acsaem.1c01155
Cu2.8Sn0.2Sb0.8Se3.8,300.0,36.0,429021.0,5.74,0.000556011216,0.029059819651567943,https://doi.org/10.1021/acsaem.1c01155
Cu2.8Sn0.2Sb0.8Se3.8,372.0,44.57,370149.0,5.24,0.0007352953992501,0.05220036040477809,https://doi.org/10.1021/acsaem.1c01155
Cu2.8Sn0.2Sb0.8Se3.8,473.0,54.29,300000.0,4.5526,0.0008842212299999999,0.0918676452554584,https://doi.org/10.1021/acsaem.1c01155
Cu2.8Sn0.2Sb0.8Se3.8,523.0,58.86,267516.0,4.25,0.0009268090749936,0.11405203440509477,https://doi.org/10.1021/acsaem.1c01155
Cu2.8Sn0.2Sb0.8Se3.8,622.0,72.57,219725.0,3.743,0.0011571608166524997,0.19229335505152415,https://doi.org/10.1021/acsaem.1c01155
Cu2.8Sn0.2Sb0.8Se3.8,723.0,88.57,171808.0,3.0338,0.0013477727509791995,0.32119444226974797,https://doi.org/10.1021/acsaem.1c01155
Cu2SnSe3,300.0,181.14,1718.0,2.9054,5.637049991279998e-05,0.005820592680470845,https://doi.org/10.1021/acsaem.1c01155
Cu2SnSe3,372.0,192.57,1735.0,2.2027,6.43393605015e-05,0.010865865577045442,https://doi.org/10.1021/acsaem.1c01155
Cu2SnSe3,473.0,200.0,2133.0,1.68,8.532e-05,0.02402164285714286,https://doi.org/10.1021/acsaem.1c01155
Cu2SnSe3,523.0,204.0,2649.0,1.5033,0.000110240784,0.038352910285372174,https://doi.org/10.1021/acsaem.1c01155
Cu2SnSe3,622.0,212.57,4084.0,1.28,0.0001845396440116,0.08967473326188687,https://doi.org/10.1021/acsaem.1c01155
Cu2SnSe3,723.0,217.71,5327.0,1.1,0.0002524872501207,0.16595298348842374,https://doi.org/10.1021/acsaem.1c01155
Cu3SbSe4,300.0,380.0,4462.0,3.385,0.0006443128,0.05710305465288036,https://doi.org/10.1021/acsaem.1c01155
Cu3SbSe4,372.0,391.3,3590.0,2.35,0.0005496853271,0.0971,https://doi.org/10.1021/acsaem.1c01155
Cu3SbSe4,473.0,297.71,2623.0,1.753,0.00023247975327429993,0.057,https://doi.org/10.1021/acsaem.1c01155
Cu3SbSe4,523.0,295.4,3040.0,1.58,0.00026527392639999996,0.087,https://doi.org/10.1021/acsaem.1c01155
Cu3SbSe4,622.0,275.43,5847.0,1.36,0.00044356327161030007,0.182,https://doi.org/10.1021/acsaem.1c01155
Cu3SbSe4,723.0,244.6,7760.0,1.113,0.00046427428159999997,0.36,https://doi.org/10.1021/acsaem.1c01155
Cu5SnSbSe6.3,300.0,37.47,185345.0,2.7414,0.0002602245468105,0.02847718831369008,https://doi.org/10.1021/acsaem.1c01155
Cu5SnSbSe6.3,373.0,41.95,175862.0,2.6724,0.00030948238725500007,0.04319597756552725,https://doi.org/10.1021/acsaem.1c01155
Cu5SnSbSe6.3,473.0,51.95,148276.0,2.3793,0.00040016763949,0.0795525127049006,https://doi.org/10.1021/acsaem.1c01155
Cu5SnSbSe6.3,573.0,65.17,124138.0,2.2845,0.0005272300873882001,0.13224024516237193,https://doi.org/10.1021/acsaem.1c01155
Cu5SnSbSe6.3,673.0,83.12,101724.0,2.0603,0.0007028044429056,0.22957209633328587,https://doi.org/10.1021/acsaem.1c01155
Cu5SnSbSe6.3,723.0,93.87,80769.0,1.86,0.0007117022546361,0.298,https://doi.org/10.1021/acsaem.1c01155
Cu5SnSbSe6.58,300.0,30.34,336207.0,4.1709,0.0003094837883292,0.022260216379860462,https://doi.org/10.1021/acsaem.1c01155
Cu5SnSbSe6.58,373.0,35.52,296552.0,3.9573,0.00037415088046080004,0.035266034521486474,https://doi.org/10.1021/acsaem.1c01155
Cu5SnSbSe6.58,473.0,45.52,246552.0,3.6239,0.0005108731012608,0.06668036559959116,https://doi.org/10.1021/acsaem.1c01155
Cu5SnSbSe6.58,573.0,55.86,204310.0,3.3846,0.000637516583676,0.10792915040074101,https://doi.org/10.1021/acsaem.1c01155
Cu5SnSbSe6.58,673.0,71.49,164655.0,2.9487,0.0008415220835654997,0.1920657788990339,https://doi.org/10.1021/acsaem.1c01155
Cu5SnSbSe6.58,723.0,78.62,141379.0,2.5983,0.0008738783589676001,0.2431643973111553,https://doi.org/10.1021/acsaem.1c01155
Cu5SnSbSe6.79,300.0,30.34,443478.0,4.724,0.0004082284172568,0.025924751307586792,https://doi.org/10.1021/acsaem.1c01155
Cu5SnSbSe6.79,373.0,37.59,385345.0,4.517,0.0005444956062945,0.04496277643299724,https://doi.org/10.1021/acsaem.1c01155
Cu5SnSbSe6.79,473.0,47.47,316379.0,4.172,0.0007129287233411,0.08082820856671627,https://doi.org/10.1021/acsaem.1c01155
Cu5SnSbSe6.79,573.0,56.44,260345.0,3.819,0.0008293221243919999,0.12443089219078711,https://doi.org/10.1021/acsaem.1c01155
Cu5SnSbSe6.79,673.0,66.67,210345.0,3.44,0.0009349601556705,0.18291516999018792,https://doi.org/10.1021/acsaem.1c01155
Cu5SnSbSe6.79,723.0,76.9,175862.0,3.164,0.00103997928182,0.23764381186974085,https://doi.org/10.1021/acsaem.1c01155
Cu5SnSbSe7,300.0,28.62,527826.0,5.267,0.0004323445990344,0.02462566540921208,https://doi.org/10.1021/acsaem.1c01155
Cu5SnSbSe7,373.0,34.25,457391.0,5.034,0.0005365482299375,0.0397561560919125,https://doi.org/10.1021/acsaem.1c01155
Cu5SnSbSe7,473.0,43.79,370500.0,4.629,0.00071045749905,0.07259589480463384,https://doi.org/10.1021/acsaem.1c01155
Cu5SnSbSe7,573.0,52.53,303478.0,4.2845,0.0008374174663302001,0.11199444700833343,https://doi.org/10.1021/acsaem.1c01155
Cu5SnSbSe7,673.0,64.83,242609.0,3.802,0.0010196683775001,0.1804936396784764,https://doi.org/10.1021/acsaem.1c01155
Cu5SnSbSe7,723.0,74.71,206957.0,3.474,0.0011551479005836997,0.24040642835982004,https://doi.org/10.1021/acsaem.1c01155
Er0.01(Bi0.23Sb0.77)1.99Te3,300.0,241.24,57647.0,0.862,0.0033548673324272004,1.1675872386637587,https://doi.org/10.1021/acsaem.1c01830
Er0.01(Bi0.23Sb0.77)1.99Te3,350.0,241.79,46228.0,0.8607,0.0027026000167347996,1.0990008200966421,https://doi.org/10.1021/acsaem.1c01830
Er0.01(Bi0.23Sb0.77)1.99Te3,400.0,242.89,38353.0,0.928,0.0022626564096913,0.9752829352117672,https://doi.org/10.1021/acsaem.1c01830
Er0.01(Bi0.23Sb0.77)1.99Te3,450.0,222.11,33471.0,1.0726,0.0016512198926391,0.6927549428375863,https://doi.org/10.1021/acsaem.1c01830
Er0.01(Bi0.23Sb0.77)1.99Te3,500.0,195.83,31000.0,1.2604,0.0011888310559000001,0.4716086384877817,https://doi.org/10.1021/acsaem.1c01830
Er0.02(Bi0.23Sb0.77)1.98Te3,300.0,225.0,60650.0,0.813,0.00307040625,1.1329912361623615,https://doi.org/10.1021/acsaem.1c01830
Er0.02(Bi0.23Sb0.77)1.98Te3,350.0,236.15,49561.0,0.8009,0.0027638594899225,1.207829718407885,https://doi.org/10.1021/acsaem.1c01830
Er0.02(Bi0.23Sb0.77)1.98Te3,400.0,237.52,40731.0,0.8449,0.0022978699295424,1.0878778220108418,https://doi.org/10.1021/acsaem.1c01830
Er0.02(Bi0.23Sb0.77)1.98Te3,450.0,222.11,35000.0,0.9486,0.0017266498235000002,0.8190938441650855,https://doi.org/10.1021/acsaem.1c01830
Er0.02(Bi0.23Sb0.77)1.98Te3,500.0,192.39,31784.0,1.0794,0.0011764501821863998,0.5449556152429127,https://doi.org/10.1021/acsaem.1c01830
Er0.03(Bi0.23Sb0.77)1.97Te3,300.0,216.5,62300.0,0.84,0.002920141175,1.05,https://doi.org/10.1021/acsaem.1c01830
Er0.03(Bi0.23Sb0.77)1.97Te3,350.0,235.73,50322.0,0.8243,0.0027963247447937998,1.1873270176851023,https://doi.org/10.1021/acsaem.1c01830
Er0.03(Bi0.23Sb0.77)1.97Te3,400.0,234.63,41140.0,0.8682,0.002264807886066,1.043449843845197,https://doi.org/10.1021/acsaem.1c01830
Er0.03(Bi0.23Sb0.77)1.97Te3,450.0,221.42,35526.0,0.985,0.0017417266794264,0.7957126961846497,https://doi.org/10.1021/acsaem.1c01830
Er0.03(Bi0.23Sb0.77)1.97Te3,500.0,196.9,31600.0,1.122,0.001225119676,0.5459535098039214,https://doi.org/10.1021/acsaem.1c01830
Nb0.75Ta0.25CoSn0.9Sb0.1,338.0,-105.0,121986.0,4.603,0.00134489565,0.09875618720399738,https://doi.org/10.1021/acsaem.1c02293
Nb0.75Ta0.25CoSn0.9Sb0.1,430.0,-120.0,116028.0,4.49,0.0016708032,0.160010106013363,https://doi.org/10.1021/acsaem.1c02293
Nb0.75Ta0.25CoSn0.9Sb0.1,530.0,-134.04,105957.0,4.3454,0.0019036999205711996,0.23219058266275505,https://doi.org/10.1021/acsaem.1c02293
Nb0.75Ta0.25CoSn0.9Sb0.1,628.0,-149.23,96028.0,4.1856,0.0021385044670011997,0.3208574171628329,https://doi.org/10.1021/acsaem.1c02293
Nb0.75Ta0.25CoSn0.9Sb0.1,728.0,-160.95,87234.0,3.9063,0.0022597882646849996,0.42114682863340747,https://doi.org/10.1021/acsaem.1c02293
Nb0.75Ta0.25CoSn0.9Sb0.1,826.0,-172.76,80426.0,3.7216,0.0024003958114975996,0.5327619680505743,https://doi.org/10.1021/acsaem.1c02293
Nb0.75Ta0.25CoSn0.9Sb0.1,924.0,-181.9,73475.0,3.5567,0.0024311121447499998,0.6315819781676835,https://doi.org/10.1021/acsaem.1c02293
Nb0.85Ta0.15CoSn0.9Sb0.1,338.0,-103.27,125957.0,4.9794,0.0013432927236052999,0.09118225902289259,https://doi.org/10.1021/acsaem.1c02293
Nb0.85Ta0.15CoSn0.9Sb0.1,430.0,-114.42,121135.0,4.804,0.0015858917158140002,0.14195117356370107,https://doi.org/10.1021/acsaem.1c02293
Nb0.85Ta0.15CoSn0.9Sb0.1,530.0,-130.29,111915.0,4.696,0.0018998113030514999,0.21441652270385328,https://doi.org/10.1021/acsaem.1c02293
Nb0.85Ta0.15CoSn0.9Sb0.1,628.0,-143.24,102837.0,4.428,0.0021099784680912,0.29924717207797513,https://doi.org/10.1021/acsaem.1c02293
Nb0.85Ta0.15CoSn0.9Sb0.1,728.0,-154.1,93617.0,4.263,0.00222310511177,0.3796435658851888,https://doi.org/10.1021/acsaem.1c02293
Nb0.85Ta0.15CoSn0.9Sb0.1,826.0,-163.24,85957.0,4.124,0.0022905217598032,0.4587708471380804,https://doi.org/10.1021/acsaem.1c02293
Nb0.85Ta0.15CoSn0.9Sb0.1,924.0,-171.24,78865.0,3.964,0.0023125692468240005,0.5390549909347568,https://doi.org/10.1021/acsaem.1c02293
Nb0.8Ta0.2CoSn0.9Sb0.1,338.0,-104.23,122979.0,4.9175,0.0013360306849491,0.09183088388668953,https://doi.org/10.1021/acsaem.1c02293
Nb0.8Ta0.2CoSn0.9Sb0.1,430.0,-116.15,118156.0,4.7268,0.0015940216233100001,0.14500916011324788,https://doi.org/10.1021/acsaem.1c02293
Nb0.8Ta0.2CoSn0.9Sb0.1,530.0,-131.15,109078.0,4.49,0.001876176777655,0.22146407397709356,https://doi.org/10.1021/acsaem.1c02293
Nb0.8Ta0.2CoSn0.9Sb0.1,628.0,-145.19,99574.0,4.3454,0.0020990334720214,0.3033536660444238,https://doi.org/10.1021/acsaem.1c02293
Nb0.8Ta0.2CoSn0.9Sb0.1,728.0,-156.19,90364.0,4.1856,0.0022044583440604,0.38342069822151453,https://doi.org/10.1021/acsaem.1c02293
Nb0.8Ta0.2CoSn0.9Sb0.1,826.0,-165.14,82411.0,4.0,0.0022474484784555998,0.4640981108010814,https://doi.org/10.1021/acsaem.1c02293
Nb0.8Ta0.2CoSn0.9Sb0.1,924.0,-173.9,74894.0,3.8557,0.00226488518174,0.5427688637414114,https://doi.org/10.1021/acsaem.1c02293
Nb0.95Ta0.05CoSn0.9Sb0.1,338.0,-89.3,140000.0,5.562,0.0011164286,0.06784481603739662,https://doi.org/10.1021/acsaem.1c02293
Nb0.95Ta0.05CoSn0.9Sb0.1,430.0,-102.885,135035.0,5.245,0.0014293891216878751,0.117185380805679,https://doi.org/10.1021/acsaem.1c02293
Nb0.95Ta0.05CoSn0.9Sb0.1,530.0,-119.04,127092.0,4.9583,0.0018009599311872002,0.19250726328161188,https://doi.org/10.1021/acsaem.1c02293
Nb0.95Ta0.05CoSn0.9Sb0.1,628.0,-133.27,117021.0,4.766,0.0020783974480509003,0.2738635328107355,https://doi.org/10.1021/acsaem.1c02293
Nb0.95Ta0.05CoSn0.9Sb0.1,728.0,-145.14,106099.0,4.552,0.0022350411739403995,0.3574494671855472,https://doi.org/10.1021/acsaem.1c02293
Nb0.95Ta0.05CoSn0.9Sb0.1,826.0,-157.0,97440.0,4.344,0.00240179856,0.45669558254143644,https://doi.org/10.1021/acsaem.1c02293
Nb0.95Ta0.05CoSn0.9Sb0.1,924.0,-167.05,88227.0,4.237,0.0024620364144675,0.5369180191097404,https://doi.org/10.1021/acsaem.1c02293
Nb0.9Ta0.1CoSn0.9Sb0.1,338.0,-100.96,134326.0,5.32,0.0013691743868415997,0.08698889901362042,https://doi.org/10.1021/acsaem.1c02293
Nb0.9Ta0.1CoSn0.9Sb0.1,430.0,-111.1,129362.0,5.015,0.00159674233202,0.13690911321407775,https://doi.org/10.1021/acsaem.1c02293
Nb0.9Ta0.1CoSn0.9Sb0.1,530.0,-125.77,121135.0,4.8093,0.0019161246834415,0.2111629722046857,https://doi.org/10.1021/acsaem.1c02293
Nb0.9Ta0.1CoSn0.9Sb0.1,628.0,-139.05,112199.0,4.536,0.0021693567255975004,0.30034303872910717,https://doi.org/10.1021/acsaem.1c02293
Nb0.9Ta0.1CoSn0.9Sb0.1,728.0,-150.86,101135.0,4.3505,0.0023017051294460006,0.385160633085091,https://doi.org/10.1021/acsaem.1c02293
Nb0.9Ta0.1CoSn0.9Sb0.1,826.0,-163.05,90496.0,4.206,0.0024058635350400004,0.47247819304399435,https://doi.org/10.1021/acsaem.1c02293
Nb0.9Ta0.1CoSn0.9Sb0.1,924.0,-173.9,83900.0,4.09,0.002537237519,0.573204759793643,https://doi.org/10.1021/acsaem.1c02293
NbCoSn0.9Sb0.1,338.0,-85.7,149078.0,6.708,0.00109490188022,0.05516947458472867,https://doi.org/10.1021/acsaem.1c02293
NbCoSn0.9Sb0.1,430.0,-99.62,140000.0,6.177,0.0013893802160000002,0.09671903721547678,https://doi.org/10.1021/acsaem.1c02293
NbCoSn0.9Sb0.1,530.0,-115.05,130000.0,5.792,0.0017207453249999997,0.1574577041177486,https://doi.org/10.1021/acsaem.1c02293
NbCoSn0.9Sb0.1,628.0,-129.23,120993.0,5.3958,0.0020206306381497,0.2351747731120522,https://doi.org/10.1021/acsaem.1c02293
NbCoSn0.9Sb0.1,728.0,-140.0,110000.0,5.0625,0.002156,0.3100381234567901,https://doi.org/10.1021/acsaem.1c02293
NbCoSn0.9Sb0.1,826.0,-153.27,99858.0,4.7708,0.0023458334696082,0.40614958621119585,https://doi.org/10.1021/acsaem.1c02293
NbCoSn0.9Sb0.1,924.0,-160.0,90780.0,4.526,0.002323968,0.4744468475475033,https://doi.org/10.1021/acsaem.1c02293
Sn1.03Se0.08Te0.92,323.0,12.63,557018.0,6.308,8.885378460420001e-05,0.004549741982745181,https://doi.org/10.1021/acsaem.1c02442
Sn1.03Se0.08Te0.92,423.0,26.17,387719.0,5.4277,0.0002655366850391,0.02069421997743783,https://doi.org/10.1021/acsaem.1c02442
Sn1.03Se0.08Te0.92,523.0,49.17,258772.0,4.3836,0.0006256301920308,0.07464289406700163,https://doi.org/10.1021/acsaem.1c02442
Sn1.03Se0.08Te0.92,623.0,91.57,154386.0,3.4403,0.0012945366296513998,0.23442616058855975,https://doi.org/10.1021/acsaem.1c02442
Sn1.03Se0.08Te0.92,723.0,129.7,89474.0,2.695,0.0015051396806599997,0.4037907195239999,https://doi.org/10.1021/acsaem.1c02442
Sn1.03Se0.08Te0.92,823.0,157.2,65800.0,2.52,0.0016260390719999996,0.54,https://doi.org/10.1021/acsaem.1c02442
Sn1.03Se0.12Te0.865Br0.015,323.0,18.27,492105.0,4.5849,0.000176,0.011571976069838707,https://doi.org/10.1021/acsaem.1c02442
Sn1.03Se0.12Te0.865Br0.015,423.0,31.8,355263.0,3.8805,0.00035925615612,0.03916128180357171,https://doi.org/10.1021/acsaem.1c02442
Sn1.03Se0.12Te0.865Br0.015,523.0,56.0,243860.0,3.1,0.00076474496,0.142,https://doi.org/10.1021/acsaem.1c02442
Sn1.03Se0.12Te0.865Br0.015,623.0,103.31,140351.0,2.434,0.001478,0.413,https://doi.org/10.1021/acsaem.1c02442
Sn1.03Se0.12Te0.865Br0.015,723.0,144.2,80702.0,2.0818,0.001684,0.572,https://doi.org/10.1021/acsaem.1c02442
Sn1.03Se0.12Te0.865Br0.015,823.0,164.5,63158.0,2.107,0.0017090712695,0.6675679424767441,https://doi.org/10.1021/acsaem.1c02442
Sn1.03Se0.12Te0.875Br0.005,323.0,21.2,561404.0,4.962,0.00025231741376,0.016424531367287384,https://doi.org/10.1021/acsaem.1c02442
Sn1.03Se0.12Te0.875Br0.005,423.0,34.74,390351.0,4.195,0.0004711019745276,0.04750325035165072,https://doi.org/10.1021/acsaem.1c02442
Sn1.03Se0.12Te0.875Br0.005,523.0,62.93,256140.0,3.34,0.000853,0.148,https://doi.org/10.1021/acsaem.1c02442
Sn1.03Se0.12Te0.875Br0.005,623.0,120.0,145614.0,2.597,0.0017,0.458,https://doi.org/10.1021/acsaem.1c02442
Sn1.03Se0.12Te0.875Br0.005,723.0,151.13,84211.0,2.182,0.001842,0.6103418881759854,https://doi.org/10.1021/acsaem.1c02442
Sn1.03Se0.12Te0.875Br0.005,823.0,163.0,66667.0,2.2,0.001771275523,0.6626180706495454,https://doi.org/10.1021/acsaem.1c02442
Sn1.03Se0.12Te0.87Br0.01,323.0,20.75,609649.0,4.61,0.0002624919975625,0.018391521738110084,https://doi.org/10.1021/acsaem.1c02442
Sn1.03Se0.12Te0.87Br0.01,423.0,33.2,450000.0,3.9182,0.0004960080000000001,0.053547900566586704,https://doi.org/10.1021/acsaem.1c02442
Sn1.03Se0.12Te0.87Br0.01,523.0,56.17,324561.0,3.201,0.000798,0.143,https://doi.org/10.1021/acsaem.1c02442
Sn1.03Se0.12Te0.87Br0.01,623.0,103.08,200000.0,2.5094,0.00164,0.453,https://doi.org/10.1021/acsaem.1c02442
Sn1.03Se0.12Te0.87Br0.01,723.0,144.14,110526.0,2.107,0.002004,0.676,https://doi.org/10.1021/acsaem.1c02442
Sn1.03Se0.12Te0.87Br0.01,823.0,164.66,80802.0,2.17,0.001908,0.75,https://doi.org/10.1021/acsaem.1c02442
Sn1.03Se0.12Te0.88,323.0,13.53,528947.0,5.1635,9.682951387229998e-05,0.0060571188110299014,https://doi.org/10.1021/acsaem.1c02442
Sn1.03Se0.12Te0.88,423.0,26.62,369298.0,4.459,0.0002616935736712,0.024825382745664412,https://doi.org/10.1021/acsaem.1c02442
Sn1.03Se0.12Te0.88,523.0,49.62,247500.0,3.654,0.0006093807389999998,0.08722116215024629,https://doi.org/10.1021/acsaem.1c02442
Sn1.03Se0.12Te0.88,623.0,88.2,150000.0,2.887,0.001166886,0.2518080976792518,https://doi.org/10.1021/acsaem.1c02442
Sn1.03Se0.12Te0.88,723.0,135.0,85088.0,2.296,0.0015507288,0.48831747491289207,https://doi.org/10.1021/acsaem.1c02442
Sn1.03Se0.12Te0.88,823.0,152.5,64050.0,2.23,0.0014895628125,0.5497355133127803,https://doi.org/10.1021/acsaem.1c02442
Sn1.03Se0.15Te0.85,323.0,10.83,517391.0,4.874,6.068422125989999e-05,0.00402154359190556,https://doi.org/10.1021/acsaem.1c02442
Sn1.03Se0.15Te0.85,423.0,25.7,361739.0,4.283,0.00023892499211,0.02359684138746906,https://doi.org/10.1021/acsaem.1c02442
Sn1.03Se0.15Te0.85,523.0,48.72,242609.0,3.5283,0.0005758660385855998,0.08536063775196802,https://doi.org/10.1021/acsaem.1c02442
Sn1.03Se0.15Te0.85,623.0,88.88,144737.0,2.786,0.0011433722788927998,0.25567872568205824,https://doi.org/10.1021/acsaem.1c02442
Sn1.03Se0.15Te0.85,723.0,129.85,85088.0,2.245,0.00143467068248,0.4620342554267438,https://doi.org/10.1021/acsaem.1c02442
Sn1.03Se0.15Te0.85,823.0,149.33,63158.0,2.172,0.0014083885936262,0.528,https://doi.org/10.1021/acsaem.1c02442
Sn1.03Te,323.0,14.2,634211.0,9.176,0.00012788230604,0.0045015240683217075,https://doi.org/10.1021/acsaem.1c02442
Sn1.03Te,423.0,27.07,434211.0,7.855,0.0003181832642139,0.01713450296148691,https://doi.org/10.1021/acsaem.1c02442
Sn1.03Te,523.0,48.72,286957.0,6.283,0.0006811321543487999,0.05669777442693336,https://doi.org/10.1021/acsaem.1c02442
Sn1.03Te,623.0,85.9,173900.0,4.9497,0.0012831750590000003,0.16150838672182155,https://doi.org/10.1021/acsaem.1c02442
Sn1.03Te,723.0,126.9,98200.0,3.704,0.001581374502,0.3086754225016198,https://doi.org/10.1021/acsaem.1c02442
Sn1.03Te,823.0,149.0,70200.0,2.86,0.0015585102,0.44848038272727275,https://doi.org/10.1021/acsaem.1c02442
(Ag0.05Sb0.05Sn0.9)(S0.05Se0.05Te0.9),303.0,49.31,273832.0,3.392,0.0006658159634152001,0.05947589531686487,https://doi.org/10.1021/acsaem.1c02448
(Ag0.05Sb0.05Sn0.9)(S0.05Se0.05Te0.9),434.0,68.32,201869.0,3.176,0.0009422482662655999,0.12875810691412792,https://doi.org/10.1021/acsaem.1c02448
(Ag0.05Sb0.05Sn0.9)(S0.05Se0.05Te0.9),594.0,106.93,137383.0,2.5,0.0015708406428367,0.3732317367379999,https://doi.org/10.1021/acsaem.1c02448
(Ag0.05Sb0.05Sn0.9)(S0.05Se0.05Te0.9),755.0,140.0,101800.0,2.15,0.00199528,0.7006680930232558,https://doi.org/10.1021/acsaem.1c02448
(Ag0.05Sb0.05Sn0.9)(S0.05Se0.05Te0.9),823.0,146.53,95413.0,2.07,0.0020486164253917,0.8,https://doi.org/10.1021/acsaem.1c02448
(Ag0.15Sb0.15Sn0.7)(S0.15Se0.15Te0.7),303.0,77.03,81308.0,1.2703,0.0004824508481372,0.11507723135131198,https://doi.org/10.1021/acsaem.1c02448
(Ag0.15Sb0.15Sn0.7)(S0.15Se0.15Te0.7),432.0,113.1,64206.0,1.189,0.00082129811166,0.29840267807999993,https://doi.org/10.1021/acsaem.1c02448
(Ag0.15Sb0.15Sn0.7)(S0.15Se0.15Te0.7),593.0,138.02,53271.0,1.0676,0.0010147870012284,0.5636649416714512,https://doi.org/10.1021/acsaem.1c02448
(Ag0.15Sb0.15Sn0.7)(S0.15Se0.15Te0.7),753.0,143.6,55140.0,1.189,0.0011370397343999999,0.7200932884804035,https://doi.org/10.1021/acsaem.1c02448
(Ag0.15Sb0.15Sn0.7)(S0.15Se0.15Te0.7),823.0,140.8,61700.0,1.2703,0.0012231802880000003,0.792472153840825,https://doi.org/10.1021/acsaem.1c02448
(Ag0.1Sb0.1Sn0.8)(S0.1Se0.1Te0.8),303.0,60.79,145794.0,1.811,0.0005387706612353999,0.09014219235468039,https://doi.org/10.1021/acsaem.1c02448
(Ag0.1Sb0.1Sn0.8)(S0.1Se0.1Te0.8),434.0,98.02,112150.0,1.7027,0.00107752827286,0.27465042016869673,https://doi.org/10.1021/acsaem.1c02448
(Ag0.1Sb0.1Sn0.8)(S0.1Se0.1Te0.8),593.0,129.9,82710.0,1.392,0.0013956493671,0.5945546513579743,https://doi.org/10.1021/acsaem.1c02448
(Ag0.1Sb0.1Sn0.8)(S0.1Se0.1Te0.8),755.0,146.14,71963.0,1.4324,0.0015369065659147996,0.810084094712143,https://doi.org/10.1021/acsaem.1c02448
(Ag0.1Sb0.1Sn0.8)(S0.1Se0.1Te0.8),825.0,148.5,79907.0,1.5,0.00176212914075,0.9691710274124999,https://doi.org/10.1021/acsaem.1c02448
Bi0.825Ba0.175CuSeO,319.0,151.28,24279.0,0.7669,0.000768,0.3194575563958795,https://doi.org/10.1021/acsaem.1c02720
Bi0.825Ba0.175CuSeO,420.0,162.82,19519.0,0.6819,0.0007102,0.43743070831500225,https://doi.org/10.1021/acsaem.1c02720
Bi0.825Ba0.175CuSeO,522.0,176.92,16058.0,0.63,0.0007074,0.539,https://doi.org/10.1021/acsaem.1c02720
Bi0.825Ba0.175CuSeO,623.0,191.67,13413.0,0.6047,0.0006947,0.6314,https://doi.org/10.1021/acsaem.1c02720
Bi0.825Ba0.175CuSeO,725.0,201.28,11635.0,0.5858,0.000672,0.6863,https://doi.org/10.1021/acsaem.1c02720
Bi0.825Ba0.175CuSeO,825.0,208.97,10577.0,0.5528,0.000661,0.7824,https://doi.org/10.1021/acsaem.1c02720
Bi0.875Ba0.125CuSeO,319.0,175.0,18942.0,0.9559,0.00058009875,0.1935887658227848,https://doi.org/10.1021/acsaem.1c02720
Bi0.875Ba0.125CuSeO,420.0,178.2,15000.0,0.859,0.000527,0.25767171129220023,https://doi.org/10.1021/acsaem.1c02720
Bi0.875Ba0.125CuSeO,522.0,192.95,12452.0,0.7827,0.0004903,0.32699195093905714,https://doi.org/10.1021/acsaem.1c02720
Bi0.875Ba0.125CuSeO,623.0,207.1,10770.0,0.7433,0.00048,0.4023140051123369,https://doi.org/10.1021/acsaem.1c02720
Bi0.875Ba0.125CuSeO,725.0,212.82,9471.0,0.718,0.000475,0.47963091922005574,https://doi.org/10.1021/acsaem.1c02720
Bi0.875Ba0.125CuSeO,825.0,200.64,8702.0,0.6913,0.0004645,0.5543360335599595,https://doi.org/10.1021/acsaem.1c02720
Bi0.8Ba0.2CuSeO,319.0,178.4,22596.0,0.8866,0.0007495,0.26967121588089327,https://doi.org/10.1021/acsaem.1c02720
Bi0.8Ba0.2CuSeO,420.0,180.25,17500.0,0.8047,0.0007,0.36535354790605196,https://doi.org/10.1021/acsaem.1c02720
Bi0.8Ba0.2CuSeO,522.0,189.5,13510.0,0.743,0.00065,0.45666218034993267,https://doi.org/10.1021/acsaem.1c02720
Bi0.8Ba0.2CuSeO,623.0,202.47,11731.0,0.7087,0.000613,0.5388725836037815,https://doi.org/10.1021/acsaem.1c02720
Bi0.8Ba0.2CuSeO,725.0,211.11,10673.0,0.6945,0.000581,0.6065154787616991,https://doi.org/10.1021/acsaem.1c02720
Bi0.8Ba0.2CuSeO,825.0,219.14,10000.0,0.6882,0.000566,0.6785091543156059,https://doi.org/10.1021/acsaem.1c02720
Bi0.95Ba0.05CuSeO,319.0,232.1,6796.0,0.93,0.0003661033063599999,0.125577370676172,https://doi.org/10.1021/acsaem.1c02720
Bi0.95Ba0.05CuSeO,420.0,252.0,5000.0,0.767,0.00031752,0.17387014341590612,https://doi.org/10.1021/acsaem.1c02720
Bi0.95Ba0.05CuSeO,522.0,264.0,4275.0,0.695,0.0002979504,0.22378432920863311,https://doi.org/10.1021/acsaem.1c02720
Bi0.95Ba0.05CuSeO,623.0,273.0,4130.0,0.65,0.00030780476999999997,0.302,https://doi.org/10.1021/acsaem.1c02720
Bi0.95Ba0.05CuSeO,725.0,281.0,4175.0,0.625,0.000329662175,0.382408123,https://doi.org/10.1021/acsaem.1c02720
Bi0.95Ba0.05CuSeO,825.0,289.5,3930.0,0.6,0.0003293742825,0.45288963843749996,https://doi.org/10.1021/acsaem.1c02720
BiCuSeO,319.0,427.56,777.0,0.7843,0.00014204146914720002,0.05777282756337729,https://doi.org/10.1021/acsaem.1c02720
BiCuSeO,420.0,421.15,874.0,0.6898,0.00015501903986499997,0.09438677405523338,https://doi.org/10.1021/acsaem.1c02720
BiCuSeO,522.0,398.1,971.0,0.578,0.00015388758531,0.14,https://doi.org/10.1021/acsaem.1c02720
BiCuSeO,623.0,358.97,1699.0,0.5496,0.00021893222406910002,0.24817098907396162,https://doi.org/10.1021/acsaem.1c02720
BiCuSeO,725.0,318.59,2864.0,0.5402,0.00029069482031839994,0.363,https://doi.org/10.1021/acsaem.1c02720
BiCuSeO,825.0,320.5,2816.0,0.532,0.000289260224,0.4,https://doi.org/10.1021/acsaem.1c02720
Ag0.01Cu1.965S0.5Se0.5,300.0,120.0,5147.0,0.4522,7.41168e-05,0.04917080937638213,https://doi.org/10.1021/acsaem.1c03064
Ag0.01Cu1.965S0.5Se0.5,375.0,136.0,7059.0,0.622,0.000130563264,0.07871579421221864,https://doi.org/10.1021/acsaem.1c03064
Ag0.01Cu1.965S0.5Se0.5,475.0,120.74,10221.0,0.726,0.0001490032466196,0.09748835006103307,https://doi.org/10.1021/acsaem.1c03064
Ag0.01Cu1.965S0.5Se0.5,578.0,112.44,37426.0,0.92,0.0004731676962336,0.306,https://doi.org/10.1021/acsaem.1c03064
Ag0.01Cu1.965S0.5Se0.5,673.0,168.93,38529.0,0.9065,0.0010995153616521,0.8162976705922376,https://doi.org/10.1021/acsaem.1c03064
Ag0.01Cu1.965S0.5Se0.5,772.0,192.05,32500.0,0.8957,0.0011987040812500003,1.033157921988389,https://doi.org/10.1021/acsaem.1c03064
Ag0.02Cu1.955S0.5Se0.5,300.0,141.15,4191.0,0.4457,8.34986445975e-05,0.05620281215896344,https://doi.org/10.1021/acsaem.1c03064
Ag0.02Cu1.955S0.5Se0.5,375.0,151.0,5809.0,0.6326,0.000142,0.07851585263199493,https://doi.org/10.1021/acsaem.1c03064
Ag0.02Cu1.955S0.5Se0.5,475.0,135.74,7279.0,0.6913,0.000187,0.12848980182265296,https://doi.org/10.1021/acsaem.1c03064
Ag0.02Cu1.955S0.5Se0.5,578.0,149.5,24853.0,0.8413,0.000755,0.5187091406157138,https://doi.org/10.1021/acsaem.1c03064
Ag0.02Cu1.955S0.5Se0.5,673.0,180.98,27574.0,0.8283,0.001125,0.914070988772184,https://doi.org/10.1021/acsaem.1c03064
Ag0.02Cu1.955S0.5Se0.5,772.0,206.3,23088.0,0.7609,0.0011935,1.2109107635694571,https://doi.org/10.1021/acsaem.1c03064
Ag0.03Cu1.945S0.5Se0.5,300.0,144.59,3235.0,0.313,6.76317773035e-05,0.06482278974776358,https://doi.org/10.1021/acsaem.1c03064
Ag0.03Cu1.945S0.5Se0.5,375.0,155.16,4706.0,0.6,0.0001132951880736,0.070809492546,https://doi.org/10.1021/acsaem.1c03064
Ag0.03Cu1.945S0.5Se0.5,475.0,166.23,6176.0,0.6717,0.00017065778207039998,0.0826,https://doi.org/10.1021/acsaem.1c03064
Ag0.03Cu1.945S0.5Se0.5,578.0,168.44,26397.0,0.9022,0.000613,0.4,https://doi.org/10.1021/acsaem.1c03064
Ag0.03Cu1.945S0.5Se0.5,673.0,202.13,26176.0,0.8174,0.0008538,0.7,https://doi.org/10.1021/acsaem.1c03064
Ag0.03Cu1.945S0.5Se0.5,772.0,228.0,22426.0,0.7609,0.0009548,0.9,https://doi.org/10.1021/acsaem.1c03064
Cu1.95S0.5Se0.5,300.0,62.63,33861.0,0.613,0.00013282034475090002,0.0650018000412235,https://doi.org/10.1021/acsaem.1c03064
Cu1.95S0.5Se0.5,375.0,71.92,31634.0,1.0087,0.0001636264347776,0.06083068607276693,https://doi.org/10.1021/acsaem.1c03064
Cu1.95S0.5Se0.5,475.0,73.54,49010.0,1.2674,0.000265052529716,0.09933718764012939,https://doi.org/10.1021/acsaem.1c03064
Cu1.95S0.5Se0.5,578.0,100.8,76634.0,1.3957,0.00077865048576,0.32246183332326434,https://doi.org/10.1021/acsaem.1c03064
Cu1.95S0.5Se0.5,673.0,124.85,66980.0,1.304,0.00104405225705,0.5388398535235046,https://doi.org/10.1021/acsaem.1c03064
Cu1.95S0.5Se0.5,772.0,146.67,55990.0,1.265,0.0012044618575109997,0.7350549833980173,https://doi.org/10.1021/acsaem.1c03064
Cu1.975S0.5Se0.5,300.0,99.39,15891.0,0.5022,0.0001569772110411,0.0937737222467742,https://doi.org/10.1021/acsaem.1c03064
Cu1.975S0.5Se0.5,375.0,108.38,15000.0,0.6696,0.000176193366,0.09867460013440861,https://doi.org/10.1021/acsaem.1c03064
Cu1.975S0.5Se0.5,475.0,103.03,14926.0,0.7326,0.00015844219011339997,0.10273005774483346,https://doi.org/10.1021/acsaem.1c03064
Cu1.975S0.5Se0.5,578.0,133.33,39208.0,0.8978,0.0006969962599912001,0.44872336631200005,https://doi.org/10.1021/acsaem.1c03064
Cu1.975S0.5Se0.5,673.0,160.0,38020.0,0.9,0.0009733119999999999,0.7278210844444443,https://doi.org/10.1021/acsaem.1c03064
Cu1.975S0.5Se0.5,772.0,186.0,31800.0,0.8739,0.0011001528,0.9718708795056643,https://doi.org/10.1021/acsaem.1c03064
Cu1.99S0.5Se0.5,300.0,153.94,3564.0,0.413,8.44579741104e-05,0.06134961799786926,https://doi.org/10.1021/acsaem.1c03064
Cu1.99S0.5Se0.5,375.0,167.68,3861.0,0.5174,0.0001085581246464,0.07868051167839196,https://doi.org/10.1021/acsaem.1c03064
Cu1.99S0.5Se0.5,475.0,159.2,3564.0,0.552,9.032829695999997e-05,0.07772815408695649,https://doi.org/10.1021/acsaem.1c03064
Cu1.99S0.5Se0.5,578.0,153.13,10396.0,0.6478,0.00024377369257239998,0.21750724653727566,https://doi.org/10.1021/acsaem.1c03064
Cu1.99S0.5Se0.5,673.0,220.0,15000.0,0.678,0.000726,0.720646017699115,https://doi.org/10.1021/acsaem.1c03064
Cu1.99S0.5Se0.5,772.0,243.23,12772.0,0.652,0.0007556021577987998,0.8946700396022599,https://doi.org/10.1021/acsaem.1c03064
Cu2S0.5Se0.5,300.0,172.12,1485.0,0.4478,4.3993562184e-05,0.029473132325145153,https://doi.org/10.1021/acsaem.1c03064
Cu2S0.5Se0.5,375.0,215.7,1490.0,0.5435,6.932447009999999e-05,0.04783197109015638,https://doi.org/10.1021/acsaem.1c03064
Cu2S0.5Se0.5,475.0,214.14,1634.0,0.5478,7.492860530639999e-05,0.06497095202727272,https://doi.org/10.1021/acsaem.1c03064
Cu2S0.5Se0.5,578.0,186.26,4158.0,0.639,0.0001442526108408,0.13048201731765632,https://doi.org/10.1021/acsaem.1c03064
Cu2S0.5Se0.5,673.0,260.2,8168.0,0.7413,0.0005530065987199999,0.502055093671334,https://doi.org/10.1021/acsaem.1c03064
Cu2S0.5Se0.5,772.0,287.27,6980.0,0.6848,0.000576017889242,0.6493659615870677,https://doi.org/10.1021/acsaem.1c03064
(SnTe)10Sb2Te3,323.0,74.75,192500.0,2.37,0.00107560578125,0.14659099887921942,https://doi.org/10.1021/acsaem.1c03231
(SnTe)10Sb2Te3,423.0,102.93,153125.0,2.19,0.0016222958128125002,0.31334754740625004,https://doi.org/10.1021/acsaem.1c03231
(SnTe)10Sb2Te3,523.0,135.54,117848.0,1.9,0.0021649964028767994,0.5959437466866139,https://doi.org/10.1021/acsaem.1c03231
(SnTe)10Sb2Te3,623.0,167.69,87722.0,1.67,0.0024667370345641997,0.9202258518164651,https://doi.org/10.1021/acsaem.1c03231
(SnTe)10Sb2Te3,673.0,178.5,78800.0,1.62,0.0025107453,1.0430441894444442,https://doi.org/10.1021/acsaem.1c03231
(SnTe)10Sb2Te3,723.0,177.9,77080.0,1.66,0.0024394594428,1.0624874561110844,https://doi.org/10.1021/acsaem.1c03231
(SnTe)10Sb2Te3,773.0,177.44,77100.0,1.76,0.00242748992256,1.0661646080334544,https://doi.org/10.1021/acsaem.1c03231
(SnTe)12Sb2Te3,323.0,64.14,224000.0,2.91,0.0009215224703999999,0.10228582747051546,https://doi.org/10.1021/acsaem.1c03231
(SnTe)12Sb2Te3,423.0,84.83,181125.0,2.7,0.0013033988470125,0.20419915269862499,https://doi.org/10.1021/acsaem.1c03231
(SnTe)12Sb2Te3,523.0,113.28,140000.0,2.33,0.0017965301760000001,0.40325548585751075,https://doi.org/10.1021/acsaem.1c03231
(SnTe)12Sb2Te3,623.0,143.53,105000.0,2.0,0.0021630903945,0.67380265788675,https://doi.org/10.1021/acsaem.1c03231
(SnTe)12Sb2Te3,673.0,156.7,93000.0,1.9,0.0022836047699999994,0.8088768474789473,https://doi.org/10.1021/acsaem.1c03231
(SnTe)12Sb2Te3,723.0,162.5,87700.0,1.88,0.0023158281249999997,0.878,https://doi.org/10.1021/acsaem.1c03231
(SnTe)12Sb2Te3,773.0,164.0,85900.0,1.95,0.0023103664,0.9158529370256411,https://doi.org/10.1021/acsaem.1c03231
(SnTe)15Sb2Te3,323.0,55.34,293376.0,3.54,0.0008984685766656001,0.08197891250366916,https://doi.org/10.1021/acsaem.1c03231
(SnTe)15Sb2Te3,423.0,74.2,228000.0,3.3,0.0012552859199999999,0.16090483156363639,https://doi.org/10.1021/acsaem.1c03231
(SnTe)15Sb2Te3,523.0,100.34,170625.0,2.88,0.0017178722242500001,0.31196082405651043,https://doi.org/10.1021/acsaem.1c03231
(SnTe)15Sb2Te3,623.0,131.03,124937.0,2.39,0.0021450259742633,0.5591427539606845,https://doi.org/10.1021/acsaem.1c03231
(SnTe)15Sb2Te3,673.0,146.92,105443.0,2.18,0.0022760384424751995,0.702648565039362,https://doi.org/10.1021/acsaem.1c03231
(SnTe)15Sb2Te3,723.0,156.92,93924.0,2.11,0.0023127739062335996,0.7924812958326505,https://doi.org/10.1021/acsaem.1c03231
(SnTe)15Sb2Te3,773.0,161.54,90380.0,2.13,0.0023584816092079995,0.855918443153889,https://doi.org/10.1021/acsaem.1c03231
(SnTe)20Sb2Te3,323.0,47.33,296943.0,4.24,0.0006651905959526999,0.05067371756903822,https://doi.org/10.1021/acsaem.1c03231
(SnTe)20Sb2Te3,423.0,63.62,237197.0,3.98,0.0009600559011667998,0.10203609200843124,https://doi.org/10.1021/acsaem.1c03231
(SnTe)20Sb2Te3,523.0,87.41,186370.0,3.42,0.001423961494597,0.2177578542907108,https://doi.org/10.1021/acsaem.1c03231
(SnTe)20Sb2Te3,623.0,117.5,136400.0,2.81,0.0018831725,0.4175147571174377,https://doi.org/10.1021/acsaem.1c03231
(SnTe)20Sb2Te3,673.0,135.64,114304.0,2.51,0.0021029889501183994,0.5638691487767661,https://doi.org/10.1021/acsaem.1c03231
(SnTe)20Sb2Te3,723.0,149.49,100127.0,2.37,0.0022375641120327004,0.682598672151748,https://doi.org/10.1021/acsaem.1c03231
(SnTe)20Sb2Te3,773.0,156.5,93900.0,2.31,0.0022998222749999997,0.7695942071753246,https://doi.org/10.1021/acsaem.1c03231
(SnTe)25Sb2Te3,323.0,44.48,352625.0,4.28,0.0006976581248,0.0526503678295327,https://doi.org/10.1021/acsaem.1c03231
(SnTe)25Sb2Te3,423.0,60.52,278250.0,4.0,0.0010191380388,0.1077738476031,https://doi.org/10.1021/acsaem.1c03231
(SnTe)25Sb2Te3,523.0,83.79,213500.0,3.46,0.0014989331353500003,0.22657284097920527,https://doi.org/10.1021/acsaem.1c03231
(SnTe)25Sb2Te3,623.0,114.57,159250.0,2.81,0.002090360870325,0.46345011466636116,https://doi.org/10.1021/acsaem.1c03231
(SnTe)25Sb2Te3,673.0,131.79,133797.0,2.54,0.002199,0.5826484251968503,https://doi.org/10.1021/acsaem.1c03231
(SnTe)25Sb2Te3,723.0,150.0,115190.0,2.31,0.00224,0.68,https://doi.org/10.1021/acsaem.1c03231
(SnTe)25Sb2Te3,773.0,161.9,105000.0,2.17,0.00227,0.78,https://doi.org/10.1021/acsaem.1c03231
(SnTe)40Sb2Te3,323.0,35.43,392357.0,5.5347,0.0004925198175092999,0.028743003424847577,https://doi.org/10.1021/acsaem.1c03231
(SnTe)40Sb2Te3,423.0,47.07,312102.0,5.089,0.0006914884784598,0.05747683756897138,https://doi.org/10.1021/acsaem.1c03231
(SnTe)40Sb2Te3,523.0,66.47,235414.0,4.386,0.0010401204715126,0.12402713328798218,https://doi.org/10.1021/acsaem.1c03231
(SnTe)40Sb2Te3,623.0,93.2,172994.0,3.5644,0.00150266740256,0.26264218151578944,https://doi.org/10.1021/acsaem.1c03231
(SnTe)40Sb2Te3,673.0,110.43,143567.0,3.1584,0.0017507686837383003,0.3730582966552293,https://doi.org/10.1021/acsaem.1c03231
(SnTe)40Sb2Te3,723.0,129.4,119500.0,2.802,0.00200095102,0.5163053488436831,https://doi.org/10.1021/acsaem.1c03231
(SnTe)40Sb2Te3,773.0,143.53,105875.0,2.594,0.0021811161477875,0.6499625220662056,https://doi.org/10.1021/acsaem.1c03231
(SnTe)8Sb2Te3,323.0,89.5,147875.0,2.05,0.00118451571875,0.18663345227134145,https://doi.org/10.1021/acsaem.1c03231
(SnTe)8Sb2Te3,423.0,120.26,117848.0,1.89,0.0017043728817248002,0.38145488305269337,https://doi.org/10.1021/acsaem.1c03231
(SnTe)8Sb2Te3,523.0,148.46,93924.0,1.71,0.0020701198621584003,0.6331419227537096,https://doi.org/10.1021/acsaem.1c03231
(SnTe)8Sb2Te3,623.0,170.9,77100.0,1.65,0.002251845051,0.8502421010745456,https://doi.org/10.1021/acsaem.1c03231
(SnTe)8Sb2Te3,673.0,175.7,72700.0,1.66,0.0022442846229999993,0.9098816573969878,https://doi.org/10.1021/acsaem.1c03231
(SnTe)8Sb2Te3,723.0,178.46,70886.0,1.73,0.0022575753148376004,0.9434837876460029,https://doi.org/10.1021/acsaem.1c03231
(SnTe)8Sb2Te3,773.0,176.5,71800.0,1.83,0.00223673155,0.9448051847814206,https://doi.org/10.1021/acsaem.1c03231
SnTe,323.0,7.7586,716051.0,8.592,4.310331574493197e-05,0.0016203876845452773,https://doi.org/10.1021/acsaem.1c03231
SnTe,423.0,19.138,505605.0,7.265,0.00018518442636162,0.01078224533392502,https://doi.org/10.1021/acsaem.1c03231
SnTe,523.0,39.828,320000.0,5.891,0.00050760626688,0.04506502759773214,https://doi.org/10.1021/acsaem.1c03231
SnTe,623.0,69.8,232739.0,4.564,0.00113391371756,0.1547827007098773,https://doi.org/10.1021/acsaem.1c03231
SnTe,673.0,88.45,186369.0,3.9604,0.0014580397005225,0.2477680836409561,https://doi.org/10.1021/acsaem.1c03231
SnTe,723.0,109.66,148025.0,3.4356,0.00178004734169,0.3745995540929882,https://doi.org/10.1021/acsaem.1c03231
SnTe,773.0,131.9,116815.0,3.0297,0.00203230181215,0.5185230553493579,https://doi.org/10.1021/acsaem.1c03231
Cd2Cu3In3Te8,335.0,148.4,18310.0,1.923,0.00040323307360000003,0.07024601126157046,https://doi.org/10.1021/acsaem.9b02004
Cd2Cu3In3Te8,377.0,159.46,17034.0,1.685,0.00043313189191440004,0.09690844109894885,https://doi.org/10.1021/acsaem.9b02004
Cd2Cu3In3Te8,427.0,171.0,15000.0,1.476,0.000438615,0.1268892987804878,https://doi.org/10.1021/acsaem.9b02004
Cd2Cu3In3Te8,477.0,184.2,13000.0,1.29,0.00044108532,0.16309899041860465,https://doi.org/10.1021/acsaem.9b02004
Cd2Cu3In3Te8,527.0,200.0,11000.0,1.14,0.00044,0.20340350877192984,https://doi.org/10.1021/acsaem.9b02004
Cd2Cu3In3Te8,575.0,216.0,9100.0,0.98,0.0004245696,0.2491097142857143,https://doi.org/10.1021/acsaem.9b02004
Cd2Cu3In3Te8,625.0,219.0,8330.0,0.827,0.00039951513,0.30193102327690446,https://doi.org/10.1021/acsaem.9b02004
Cd2Cu3In3Te8,675.0,216.2,8200.0,0.714,0.00038328800799999993,0.3623521084033613,https://doi.org/10.1021/acsaem.9b02004
Mn2Cu3In3Te8,575.0,447.0,170.0,1.206,3.396753e-05,0.016195132462686567,https://doi.org/10.1021/acsaem.9b02004
Mn2Cu3In3Te8,625.0,432.4,320.0,1.048,5.9830323199999995e-05,0.03568125190839694,https://doi.org/10.1021/acsaem.9b02004
Mn2Cu3In3Te8,675.0,415.0,565.0,0.895,9.7307125e-05,0.07338805516759776,https://doi.org/10.1021/acsaem.9b02004
Mn2Cu3In3Te8,720.0,370.0,1000.0,0.74,0.0001369,0.139,https://doi.org/10.1021/acsaem.9b02004
Mn2Cu3In3Te8,770.0,340.0,1600.0,0.65,0.00018496,0.2191064615384615,https://doi.org/10.1021/acsaem.9b02004
Mn2Cu3In3Te8,866.0,300.0,2600.0,0.485,0.000234,0.41782268041237114,https://doi.org/10.1021/acsaem.9b02004
Zn2Cu3In3Te8,330.0,132.4,20300.0,3.25,0.00035585412800000004,0.037,https://doi.org/10.1021/acsaem.9b02004
Zn2Cu3In3Te8,373.0,142.3,19207.0,2.81,0.0003889281130300001,0.0516264007687509,https://doi.org/10.1021/acsaem.9b02004
Zn2Cu3In3Te8,424.0,159.0,17900.0,2.452,0.0004525299,0.07825149983686785,https://doi.org/10.1021/acsaem.9b02004
Zn2Cu3In3Te8,473.0,169.0,16275.0,2.15,0.000464830275,0.10226266049999999,https://doi.org/10.1021/acsaem.9b02004
Zn2Cu3In3Te8,572.0,190.0,13482.0,1.613,0.00048670019999999997,0.17259300334779912,https://doi.org/10.1021/acsaem.9b02004
Zn2Cu3In3Te8,620.0,187.0,13830.0,1.314,0.00048362127,0.22819268447488583,https://doi.org/10.1021/acsaem.9b02004
Zn2Cu3In3Te8,668.0,191.4,12965.0,1.18,0.00047495929139999995,0.26887525987728816,https://doi.org/10.1021/acsaem.9b02004
Al0.005Sb0.1Ge0.895Te,323.0,137.1,60964.0,1.5269,0.00114590433924,0.24240428421934637,https://doi.org/10.1021/acsami.1c12282
Al0.005Sb0.1Ge0.895Te,373.0,159.3,55261.0,1.515,0.0014023302138900004,0.349,https://doi.org/10.1021/acsami.1c12282
Al0.005Sb0.1Ge0.895Te,473.0,204.01,44578.0,1.4372,0.0018553399306978,0.6106149368355548,https://doi.org/10.1021/acsami.1c12282
Al0.005Sb0.1Ge0.895Te,573.0,223.0,54699.0,1.4244,0.002720126571,1.0942379424199662,https://doi.org/10.1021/acsami.1c12282
Al0.005Sb0.1Ge0.895Te,673.0,247.6,57030.0,1.47,0.0034962674927999995,1.6006721242546937,https://doi.org/10.1021/acsami.1c12282
Al0.005Sb0.1Ge0.895Te,773.0,253.21,54378.0,1.4667,0.0034864620063498,1.793,https://doi.org/10.1021/acsami.1c12282
Al0.005Sb0.1Ge0.895Te,823.0,234.76,58795.0,1.5218,0.0032403251855919997,1.64,https://doi.org/10.1021/acsami.1c12282
Al0.0075Sb0.1Ge0.8925Te,323.0,142.74,58474.0,1.4282,0.0011913906522024002,0.2694434817682224,https://doi.org/10.1021/acsami.1c12282
Al0.0075Sb0.1Ge0.8925Te,373.0,167.2,53333.0,1.491,0.0014909688147199999,0.3729921984510797,https://doi.org/10.1021/acsami.1c12282
Al0.0075Sb0.1Ge0.8925Te,473.0,205.7,43534.0,1.42,0.0018420319396599998,0.638,https://doi.org/10.1021/acsami.1c12282
Al0.0075Sb0.1Ge0.8925Te,573.0,214.6,52450.0,1.428,0.002415488242,1.0,https://doi.org/10.1021/acsami.1c12282
Al0.0075Sb0.1Ge0.8925Te,673.0,244.35,54699.0,1.46,0.0032659089538274997,1.573,https://doi.org/10.1021/acsami.1c12282
Al0.0075Sb0.1Ge0.8925Te,773.0,260.5,52048.0,1.457,0.0035319902919999997,1.908,https://doi.org/10.1021/acsami.1c12282
Al0.0075Sb0.1Ge0.8925Te,823.0,259.9,56305.0,1.511,0.0038032907030499997,1.984,https://doi.org/10.1021/acsami.1c12282
Al0.01Ge0.99Te,323.0,34.29,639286.0,6.7778,0.0007516750998725998,0.03582151395125996,https://doi.org/10.1021/acsami.1c12282
Al0.01Ge0.99Te,373.0,43.93,539286.0,6.2727,0.0010407383367414,0.061886492197067,https://doi.org/10.1021/acsami.1c12282
Al0.01Ge0.99Te,473.0,65.5,400000.0,5.243,0.0017161,0.15481886324623306,https://doi.org/10.1021/acsami.1c12282
Al0.01Ge0.99Te,573.0,94.2,287500.0,4.263,0.0025511715000000003,0.3429090475017594,https://doi.org/10.1021/acsami.1c12282
Al0.01Ge0.99Te,673.0,116.3,250000.0,3.695,0.0033814224999999996,0.6158856136671177,https://doi.org/10.1021/acsami.1c12282
Al0.01Ge0.99Te,773.0,144.6,191071.0,3.06,0.00399513411036,0.962,https://doi.org/10.1021/acsami.1c12282
Al0.01Ge0.99Te,823.0,156.43,171429.0,2.96,0.0041949267558621,1.052,https://doi.org/10.1021/acsami.1c12282
Al0.01Sb0.1Ge0.89Te,323.0,151.34,54779.0,1.3795,0.0012546470191724,0.2372,https://doi.org/10.1021/acsami.1c12282
Al0.01Sb0.1Ge0.89Te,373.0,181.99,48755.0,1.4244,0.0016147831566755,0.3654,https://doi.org/10.1021/acsami.1c12282
Al0.01Sb0.1Ge0.89Te,473.0,231.99,37590.0,1.3551,0.002023069746159,0.6186,https://doi.org/10.1021/acsami.1c12282
Al0.01Sb0.1Ge0.89Te,573.0,241.13,46104.0,1.3795,0.0026806560797975995,1.0669,https://doi.org/10.1021/acsami.1c12282
Al0.01Sb0.1Ge0.89Te,673.0,268.01,54165.0,1.3962,0.0038906372898164995,1.7739,https://doi.org/10.1021/acsami.1c12282
Al0.01Sb0.1Ge0.89Te,773.0,262.1,51647.0,1.3795,0.0035479634872700007,1.9618,https://doi.org/10.1021/acsami.1c12282
Al0.01Sb0.1Ge0.89Te,823.0,245.97,59277.0,1.4333,0.0035863320568292997,1.8185,https://doi.org/10.1021/acsami.1c12282
Al0.02Ge0.98Te,323.0,35.89,583929.0,6.6263,0.0007521543318609,0.03666387715483312,https://doi.org/10.1021/acsami.1c12282
Al0.02Ge0.98Te,373.0,47.68,503571.0,6.1414,0.0011448094485504,0.06953038790980871,https://doi.org/10.1021/acsami.1c12282
Al0.02Ge0.98Te,473.0,64.82,380357.0,5.253,0.0015981202947668,0.14390079943359915,https://doi.org/10.1021/acsami.1c12282
Al0.02Ge0.98Te,573.0,93.75,287500.0,4.333,0.00252685546875,0.33415374650213475,https://doi.org/10.1021/acsami.1c12282
Al0.02Ge0.98Te,673.0,118.39,258929.0,3.838,0.0036291986042609,0.6363863107523673,https://doi.org/10.1021/acsami.1c12282
Al0.02Ge0.98Te,773.0,137.14,203571.0,3.232,0.0038286370725515995,0.875,https://doi.org/10.1021/acsami.1c12282
Al0.02Ge0.98Te,823.0,142.5,178571.0,3.182,0.00362610736875,0.928,https://doi.org/10.1021/acsami.1c12282
Al0.03Ge0.97Te,323.0,37.5,555357.0,6.051,0.00078097078125,0.04168791312902826,https://doi.org/10.1021/acsami.1c12282
Al0.03Ge0.97Te,373.0,47.68,483929.0,5.626,0.0011001556714496,0.07293957793293651,https://doi.org/10.1021/acsami.1c12282
Al0.03Ge0.97Te,473.0,69.11,375000.0,4.949,0.0017910720375,0.1711814656976157,https://doi.org/10.1021/acsami.1c12282
Al0.03Ge0.97Te,573.0,88.39,287500.0,4.313,0.00224617772875,0.29841405948846517,https://doi.org/10.1021/acsami.1c12282
Al0.03Ge0.97Te,673.0,111.96,262500.0,3.919,0.0032904484199999993,0.5650604201735135,https://doi.org/10.1021/acsami.1c12282
Al0.03Ge0.97Te,773.0,129.11,205357.0,3.35,0.003423176353479701,0.768,https://doi.org/10.1021/acsami.1c12282
Al0.03Ge0.97Te,823.0,140.3,178571.0,3.198,0.0035150076353900007,0.889,https://doi.org/10.1021/acsami.1c12282
GeTe,323.0,31.07,712500.0,6.515,0.0006878082412499999,0.03410008625076746,https://doi.org/10.1021/acsami.1c12282
GeTe,373.0,42.86,591071.0,6.101,0.0010857853691515998,0.0663822230279539,https://doi.org/10.1021/acsami.1c12282
GeTe,473.0,61.61,425000.0,5.091,0.0016132116425,0.14988196953496366,https://doi.org/10.1021/acsami.1c12282
GeTe,573.0,95.89,294600.0,4.131,0.00270881521266,0.375732538575207,https://doi.org/10.1021/acsami.1c12282
GeTe,673.0,134.5,227300.0,3.27,0.004111913825,0.846274619029052,https://doi.org/10.1021/acsami.1c12282
GeTe,773.0,159.0,185500.0,3.0303,0.0046896255,1.172,https://doi.org/10.1021/acsami.1c12282
GeTe,823.0,159.0,169643.0,2.96,0.004288744683,1.161,https://doi.org/10.1021/acsami.1c12282
Sb0.05Ge0.95Te,323.0,66.67,319444.0,3.691,0.0014198930897716,0.12425507125338034,https://doi.org/10.1021/acsami.1c12282
Sb0.05Ge0.95Te,373.0,81.48,269725.0,3.491,0.00179070168564,0.1913296272540017,https://doi.org/10.1021/acsami.1c12282
Sb0.05Ge0.95Te,473.0,121.48,189908.0,2.836,0.0028025464960832,0.4674204840082347,https://doi.org/10.1021/acsami.1c12282
Sb0.05Ge0.95Te,573.0,156.3,136488.0,2.382,0.0033343595287200004,0.802094042802922,https://doi.org/10.1021/acsami.1c12282
Sb0.05Ge0.95Te,673.0,189.63,118349.0,2.218,0.0042557752325781,1.2913150277389818,https://doi.org/10.1021/acsami.1c12282
Sb0.05Ge0.95Te,773.0,208.9,90826.0,1.945,0.00396357488746,1.61,https://doi.org/10.1021/acsami.1c12282
Sb0.05Ge0.95Te,823.0,207.41,93578.0,1.982,0.0040256233821818,1.6715883166173668,https://doi.org/10.1021/acsami.1c12282
Sb0.15Ge0.85Te,323.0,159.26,22018.0,1.2,0.0005584589946568,0.15031854606178865,https://doi.org/10.1021/acsami.1c12282
Sb0.15Ge0.85Te,373.0,185.93,20642.0,1.255,0.0007135932154657999,0.21208786403883936,https://doi.org/10.1021/acsami.1c12282
Sb0.15Ge0.85Te,473.0,222.9,19266.0,1.22,0.00095721984306,0.353,https://doi.org/10.1021/acsami.1c12282
Sb0.15Ge0.85Te,573.0,237.8,28349.0,1.309,0.00160310306516,0.7017403027782124,https://doi.org/10.1021/acsami.1c12282
Sb0.15Ge0.85Te,673.0,246.6,40750.0,1.51,0.00247807107,1.1044647881523177,https://doi.org/10.1021/acsami.1c12282
Sb0.15Ge0.85Te,773.0,265.19,42110.0,1.473,0.002961416747171,1.5540903907421473,https://doi.org/10.1021/acsami.1c12282
Sb0.15Ge0.85Te,823.0,257.04,46300.0,1.582,0.003059020702080001,1.5913868759872571,https://doi.org/10.1021/acsami.1c12282
Sb0.1Ge0.9Te,323.0,138.5,63300.0,1.564,0.0012142364249999999,0.24,https://doi.org/10.1021/acsami.1c12282
Sb0.1Ge0.9Te,373.0,171.2,55050.0,1.581,0.0016134846719999998,0.384,https://doi.org/10.1021/acsami.1c12282
Sb0.1Ge0.9Te,473.0,214.07,46789.0,1.473,0.0021441510717060998,0.658,https://doi.org/10.1021/acsami.1c12282
Sb0.1Ge0.9Te,573.0,221.4,55046.0,1.455,0.0026982426261599997,1.039,https://doi.org/10.1021/acsami.1c12282
Sb0.1Ge0.9Te,673.0,240.0,60550.0,1.454,0.00348768,1.592,https://doi.org/10.1021/acsami.1c12282
Sb0.1Ge0.9Te,773.0,240.74,57798.0,1.55,0.0033497262997848,1.626,https://doi.org/10.1021/acsami.1c12282
Sb0.1Ge0.9Te,823.0,236.3,60550.0,1.653,0.0033809721295,1.697,https://doi.org/10.1021/acsami.1c12282
Bi0.42Sb1.58Te3,323.0,224.5,51064.0,0.934,0.002573638366,0.8900269723961455,https://doi.org/10.1021/acsami.1c13372
Bi0.42Sb1.58Te3,373.0,240.0,38600.0,0.92,0.0022233599999999997,0.9014274782608694,https://doi.org/10.1021/acsami.1c13372
Bi0.42Sb1.58Te3,423.0,236.19,31915.0,0.971,0.0017804011293314998,0.7756021397602724,https://doi.org/10.1021/acsami.1c13372
Bi0.42Sb1.58Te3,473.0,217.8,27930.0,1.115,0.0013249109412,0.5620474216929149,https://doi.org/10.1021/acsami.1c13372
Bi0.42Sb1.58Te3,523.0,189.21,26064.0,1.32,0.0009331022537424,0.3697064232630873,https://doi.org/10.1021/acsami.1c13372
Bi0.42Sb1.58Te3,573.0,155.2,26064.0,1.551,0.00062780461056,0.2319355524505996,https://doi.org/10.1021/acsami.1c13372
Pb0.96Tl0.02Na0.02Te,301.0,120.13,102249.0,2.1611,0.0014755774968081,0.20551979387313782,https://doi.org/10.1021/acsami.1c14236
Pb0.96Tl0.02Na0.02Te,397.0,150.65,79763.0,1.7955,0.0018102549848675001,0.4002624500096895,https://doi.org/10.1021/acsami.1c14236
Pb0.96Tl0.02Na0.02Te,497.0,189.87,58640.0,1.4611,0.002114008175016,0.7190897700246061,https://doi.org/10.1021/acsami.1c14236
Pb0.96Tl0.02Na0.02Te,597.0,220.59,45914.0,1.15,0.0022341728570634003,1.159827126666826,https://doi.org/10.1021/acsami.1c14236
Pb0.96Tl0.02Na0.02Te,696.0,236.6,38860.0,0.9438,0.0021753657015999997,1.6042111976198346,https://doi.org/10.1021/acsami.1c14236
Pb0.96Tl0.02Na0.02Te,798.0,245.1,34006.0,0.8034,0.0020428767840599995,2.029145722778043,https://doi.org/10.1021/acsami.1c14236
Pb0.97Tl0.015Na0.015Te,301.0,119.16,95296.0,2.1389,0.0013531179672575998,0.19041961201764343,https://doi.org/10.1021/acsami.1c14236
Pb0.97Tl0.015Na0.015Te,397.0,152.27,74339.0,1.767,0.0017236354204331003,0.3872570808782913,https://doi.org/10.1021/acsami.1c14236
Pb0.97Tl0.015Na0.015Te,497.0,192.86,54450.0,1.4111,0.0020252666392200002,0.7133140951685494,https://doi.org/10.1021/acsami.1c14236
Pb0.97Tl0.015Na0.015Te,597.0,223.2,42792.0,1.1444,0.00213182212608,1.1121092356429219,https://doi.org/10.1021/acsami.1c14236
Pb0.97Tl0.015Na0.015Te,696.0,239.22,35684.0,0.9333,0.0020420600205456,1.5228477170253267,https://doi.org/10.1021/acsami.1c14236
Pb0.97Tl0.015Na0.015Te,798.0,247.06,31811.0,0.809,0.0019417002915596,1.915298927891917,https://doi.org/10.1021/acsami.1c14236
Pb0.9825Tl0.0075Na0.01Te,301.0,105.84,108496.0,2.5222,0.0012153836491776001,0.14504419887497327,https://doi.org/10.1021/acsami.1c14236
Pb0.9825Tl0.0075Na0.01Te,397.0,146.75,85267.0,2.0556,0.0018362728076875,0.3546411289413978,https://doi.org/10.1021/acsami.1c14236
Pb0.9825Tl0.0075Na0.01Te,497.0,195.1,60854.0,1.6136,0.0023163472645399996,0.7134510352481283,https://doi.org/10.1021/acsami.1c14236
Pb0.9825Tl0.0075Na0.01Te,597.0,229.74,45238.0,1.2944,0.0023876827932888,1.1012412141481873,https://doi.org/10.1021/acsami.1c14236
Pb0.9825Tl0.0075Na0.01Te,696.0,248.04,37308.0,1.0667,0.0022953314824127997,1.497656990493399,https://doi.org/10.1021/acsami.1c14236
Pb0.9825Tl0.0075Na0.01Te,798.0,258.82,30881.0,0.882,0.0020686500171043995,1.8716357297611235,https://doi.org/10.1021/acsami.1c14236
Pb0.98Tl0.01Na0.01Te,301.0,125.2,91454.0,2.2944,0.00143354510816,0.18806532320264996,https://doi.org/10.1021/acsami.1c14236
Pb0.98Tl0.01Na0.01Te,397.0,155.52,73245.0,1.9205,0.001771538024448,0.366207027183471,https://doi.org/10.1021/acsami.1c14236
Pb0.98Tl0.01Na0.01Te,497.0,193.14,55674.0,1.5625,0.0020768105401703994,0.6605918966174007,https://doi.org/10.1021/acsami.1c14236
Pb0.98Tl0.01Na0.01Te,597.0,223.2,43754.0,1.2389,0.00217974727296,1.0503746242288483,https://doi.org/10.1021/acsami.1c14236
Pb0.98Tl0.01Na0.01Te,696.0,237.91,37585.0,1.028,0.0021273549030384996,1.4403103234579726,https://doi.org/10.1021/acsami.1c14236
Pb0.98Tl0.01Na0.01Te,798.0,246.41,33233.0,0.8539,0.0020178375752273,1.885741169962976,https://doi.org/10.1021/acsami.1c14236
Pb0.99Na0.01Te,301.0,58.75,235400.0,3.8944,0.0008124978125,0.06279833647352609,https://doi.org/10.1021/acsami.1c14236
Pb0.99Na0.01Te,397.0,99.68,157763.0,2.6944,0.0015675493229312003,0.23096685020920668,https://doi.org/10.1021/acsami.1c14236
Pb0.99Na0.01Te,497.0,164.05,88159.0,1.8722,0.0023725704919975005,0.629829897726075,https://doi.org/10.1021/acsami.1c14236
Pb0.99Na0.01Te,597.0,222.88,50935.0,1.3556,0.002530221307264,1.1142978167871114,https://doi.org/10.1021/acsami.1c14236
Pb0.99Na0.01Te,696.0,261.76,33630.0,1.0389,0.0023042703482879998,1.543721399950378,https://doi.org/10.1021/acsami.1c14236
Pb0.99Na0.01Te,798.0,279.41,24450.0,0.8989,0.0019088102310450003,1.6945495209410502,https://doi.org/10.1021/acsami.1c14236
Pb0.99Tl0.005Na0.005Te,301.0,115.3,81560.0,2.4722,0.0010842659804000002,0.13201361544389614,https://doi.org/10.1021/acsami.1c14236
Pb0.99Tl0.005Na0.005Te,397.0,159.3,63900.0,1.9489,0.0016215577110000002,0.3303188523100211,https://doi.org/10.1021/acsami.1c14236
Pb0.99Tl0.005Na0.005Te,497.0,212.42,44080.0,1.5111,0.0019889890621119996,0.654177462689209,https://doi.org/10.1021/acsami.1c14236
Pb0.99Tl0.005Na0.005Te,597.0,253.92,31576.0,1.1944,0.0020358741694463996,1.017596181479823,https://doi.org/10.1021/acsami.1c14236
Pb0.99Tl0.005Na0.005Te,696.0,273.2,25373.0,0.9831,0.0018937960635199997,1.3407405759433628,https://doi.org/10.1021/acsami.1c14236
Pb0.99Tl0.005Na0.005Te,798.0,278.1,21238.0,0.9382,0.0016425386371800002,1.397085730622085,https://doi.org/10.1021/acsami.1c14236
Pb0.99Tl0.01Te,301.0,119.81,59076.0,2.2556,0.0008480026670436001,0.11316226404509827,https://doi.org/10.1021/acsami.1c14236
Pb0.99Tl0.01Te,397.0,167.53,47296.0,1.8182,0.0013274237673664,0.2898400812036414,https://doi.org/10.1021/acsami.1c14236
Pb0.99Tl0.01Te,497.0,217.53,36622.0,1.4611,0.0017329274375598,0.5894633744899189,https://doi.org/10.1021/acsami.1c14236
Pb0.99Tl0.01Te,597.0,258.17,28888.0,1.1556,0.0019254357222232,0.9947084857798983,https://doi.org/10.1021/acsami.1c14236
Pb0.99Tl0.01Te,696.0,273.53,23824.0,0.9607,0.0017824797772815998,1.2913562246153778,https://doi.org/10.1021/acsami.1c14236
Pb0.99Tl0.01Te,798.0,276.8,20541.0,0.8708,0.00157381526784,1.4422422872488747,https://doi.org/10.1021/acsami.1c14236
TiNiSn,323.0,-82.8,60470.0,4.3804,0.00041457264479999995,0.03056957452981463,https://doi.org/10.1021/acsami.1c14723
TiNiSn,424.0,-114.42,69767.0,4.1033,0.0009133851268188001,0.1054,https://doi.org/10.1021/acsami.1c14723
TiNiSn,526.0,-145.12,71938.0,4.0543,0.0015150009283072,0.2173,https://doi.org/10.1021/acsami.1c14723
TiNiSn,630.0,-151.0,80620.0,4.0163,0.00183821662,0.3227,https://doi.org/10.1021/acsami.1c14723
TiNiSn,735.0,-148.53,89147.0,4.1413,0.0019666863107523,0.3973,https://doi.org/10.1021/acsami.1c14723
TiZr0.005NiSn,323.0,-137.05,39385.0,2.9344,0.0007397567379625001,0.08142769437087226,https://doi.org/10.1021/acsami.1c14723
TiZr0.005NiSn,423.0,-160.0,51077.0,2.67,0.0013075712,0.2189,https://doi.org/10.1021/acsami.1c14723
TiZr0.005NiSn,522.0,-183.0,60000.0,2.584,0.00200934,0.4314,https://doi.org/10.1021/acsami.1c14723
TiZr0.005NiSn,626.0,-189.0,71800.0,2.677,0.0025647677999999998,0.6178,https://doi.org/10.1021/acsami.1c14723
TiZr0.005NiSn,729.0,-181.8,83721.0,3.015,0.0027670828640400003,0.6690558566783283,https://doi.org/10.1021/acsami.1c14723
TiZr0.015NiSn,323.0,-140.0,34615.0,2.568,0.000678454,0.08533514096573208,https://doi.org/10.1021/acsami.1c14723
TiZr0.015NiSn,423.0,-176.49,47231.0,2.38,0.0014711851990431,0.2773,https://doi.org/10.1021/acsami.1c14723
TiZr0.015NiSn,522.0,-203.05,57077.0,2.3661,0.0023532448987925005,0.5546,https://doi.org/10.1021/acsami.1c14723
TiZr0.015NiSn,626.0,-207.94,69147.0,2.4645,0.0029898501478092,0.7784,https://doi.org/10.1021/acsami.1c14723
TiZr0.015NiSn,729.0,-200.92,81085.0,2.7432,0.0032733079103439994,0.8854,https://doi.org/10.1021/acsami.1c14723
TiZr0.025NiSn,323.0,-155.66,27385.0,3.082,0.0006635395249060001,0.06954032009884427,https://doi.org/10.1021/acsami.1c14723
TiZr0.025NiSn,424.0,-180.0,40630.0,2.7814,0.0013164119999999999,0.2108,https://doi.org/10.1021/acsami.1c14723
TiZr0.025NiSn,526.0,-191.2,54620.0,2.6776,0.0019967673727999996,0.4086,https://doi.org/10.1021/acsami.1c14723
TiZr0.025NiSn,630.0,-193.28,65846.0,2.6885,0.0024598194520064,0.587,https://doi.org/10.1021/acsami.1c14723
TiZr0.025NiSn,736.0,-186.56,74462.0,2.9891,0.0025916226271231997,0.6454,https://doi.org/10.1021/acsami.1c14723
(GeTe)0.7(AgSnSe2)0.3,323.0,29.81,68387.0,1.2308,6.077115697069999e-05,0.015948231801703038,https://doi.org/10.1021/acsami.1c14801
(GeTe)0.7(AgSnSe2)0.3,423.0,36.02,67097.0,1.375,8.70543585188e-05,0.02678108629341993,https://doi.org/10.1021/acsami.1c14801
(GeTe)0.7(AgSnSe2)0.3,523.0,44.1,61935.0,1.3846,0.00012045180735000001,0.04549782987436805,https://doi.org/10.1021/acsami.1c14801
(GeTe)0.7(AgSnSe2)0.3,623.0,54.0,65800.0,1.337,0.0001918728,0.08940669738219896,https://doi.org/10.1021/acsami.1c14801
(GeTe)0.8(AgSnSe2)0.2,323.0,30.43,223226.0,2.0288,0.0002067039052874,0.03290879406931694,https://doi.org/10.1021/acsami.1c14801
(GeTe)0.8(AgSnSe2)0.2,423.0,37.27,223220.0,2.3077,0.000310064388338,0.056834612933645626,https://doi.org/10.1021/acsami.1c14801
(GeTe)0.8(AgSnSe2)0.2,523.0,44.7,216700.0,2.6,0.000432986103,0.0870968199496154,https://doi.org/10.1021/acsami.1c14801
(GeTe)0.8(AgSnSe2)0.2,623.0,55.9,185806.0,2.5096,0.00058060844686,0.1441341498221948,https://doi.org/10.1021/acsami.1c14801
(GeTe)0.9(AgSnSe2)0.1,323.0,34.7,301935.0,2.7115,0.00036355691415,0.043307720180877744,https://doi.org/10.1021/acsami.1c14801
(GeTe)0.9(AgSnSe2)0.1,423.0,46.58,276129.0,2.9904,0.0005991160972356,0.08474655869805336,https://doi.org/10.1021/acsami.1c14801
(GeTe)0.9(AgSnSe2)0.1,523.0,53.4,291613.0,3.515,0.00083155196628,0.12372736226584352,https://doi.org/10.1021/acsami.1c14801
(GeTe)0.9(AgSnSe2)0.1,623.0,63.35,236129.0,3.1923,0.0009476382157025001,0.18493832295920104,https://doi.org/10.1021/acsami.1c14801
Ge0.55Sb0.25Te0.8(AgSnSe2)0.2,323.0,167.7,34839.0,0.757,0.001,0.42668428005284015,https://doi.org/10.1021/acsami.1c14801
Ge0.55Sb0.25Te0.8(AgSnSe2)0.2,423.0,189.0,33548.0,0.757,0.001198368108,0.6696297353817702,https://doi.org/10.1021/acsami.1c14801
Ge0.55Sb0.25Te0.8(AgSnSe2)0.2,523.0,215.53,27750.0,0.72,0.001289075769975,0.966,https://doi.org/10.1021/acsami.1c14801
Ge0.55Sb0.25Te0.8(AgSnSe2)0.2,623.0,209.94,25806.0,0.7404,0.00128,1.09,https://doi.org/10.1021/acsami.1c14801
Ge0.55Sb0.25Te0.8(AgSnSe2)0.2,723.0,191.3,37419.0,0.875,0.00142,1.19,https://doi.org/10.1021/acsami.1c14801
Ge0.58Sb0.22Te0.8(AgSnSe2)0.2,323.0,151.6,43900.0,0.74,0.001008934384,0.4403862243675676,https://doi.org/10.1021/acsami.1c14801
Ge0.58Sb0.22Te0.8(AgSnSe2)0.2,423.0,178.88,41290.0,0.74,0.001321199666176,0.774,https://doi.org/10.1021/acsami.1c14801
Ge0.58Sb0.22Te0.8(AgSnSe2)0.2,523.0,206.21,34800.0,0.69,0.00147978523068,1.134,https://doi.org/10.1021/acsami.1c14801
Ge0.58Sb0.22Te0.8(AgSnSe2)0.2,623.0,208.1,35500.0,0.71,0.001537349155,1.366,https://doi.org/10.1021/acsami.1c14801
Ge0.58Sb0.22Te0.8(AgSnSe2)0.2,723.0,181.4,51620.0,0.86,0.0016986056552,1.4280138240809304,https://doi.org/10.1021/acsami.1c14801
Ge0.6Sb0.2Te0.8(AgSnSe2)0.2,323.0,137.27,56774.0,0.8269,0.0010697954853446001,0.41787875410122843,https://doi.org/10.1021/acsami.1c14801
Ge0.6Sb0.2Te0.8(AgSnSe2)0.2,423.0,159.0,54194.0,0.8365,0.001370078514,0.6928191409707113,https://doi.org/10.1021/acsami.1c14801
Ge0.6Sb0.2Te0.8(AgSnSe2)0.2,523.0,187.0,42600.0,0.805,0.0015283,1.011,https://doi.org/10.1021/acsami.1c14801
Ge0.6Sb0.2Te0.8(AgSnSe2)0.2,623.0,197.52,38710.0,0.786,0.001579,1.282,https://doi.org/10.1021/acsami.1c14801
Ge0.6Sb0.2Te0.8(AgSnSe2)0.2,723.0,175.78,55484.0,0.93,0.0017143783884655999,1.3687,https://doi.org/10.1021/acsami.1c14801
GeTe,323.0,39.75,681529.0,5.8846,0.0010768584155625,0.059107716450852645,https://doi.org/10.1021/acsami.1c14801
GeTe,423.0,53.42,512821.0,5.057,0.0014634354415444001,0.12241115123062708,https://doi.org/10.1021/acsami.1c14801
GeTe,523.0,80.0,371613.0,4.106,0.0023783232,0.30293790394544573,https://doi.org/10.1021/acsami.1c14801
GeTe,623.0,102.4,320000.0,3.933,0.0033554432000000006,0.5315131232138318,https://doi.org/10.1021/acsami.1c14801
Sn0.91Mn0.09Te,331.0,58.98,300000.0,3.9342,0.0010435921199999998,0.08780158398657922,https://doi.org/10.1021/acsami.1c15595
Sn0.91Mn0.09Te,424.0,75.0,235503.0,3.6711,0.001324704375,0.1529990071095857,https://doi.org/10.1021/acsami.1c15595
Sn0.91Mn0.09Te,524.0,94.53,175148.0,3.2895,0.0015651086737932002,0.2493135567921073,https://doi.org/10.1021/acsami.1c15595
Sn0.91Mn0.09Te,622.0,112.5,134911.0,3.0,0.0017074673437499999,0.3540148959375,https://doi.org/10.1021/acsami.1c15595
Sn0.91Mn0.09Te,720.0,139.84,106509.0,2.5789,0.0020828075234304,0.5814965360695987,https://doi.org/10.1021/acsami.1c15595
Sn0.91Mn0.09Te,769.0,158.98,94675.0,2.3816,0.00239287657987,0.7726411193819407,https://doi.org/10.1021/acsami.1c15595
Sn0.91Mn0.09Te0.97I0.03,331.0,56.7,233846.0,3.5267,0.00075178916694,0.07055950726093517,https://doi.org/10.1021/acsami.1c15595
Sn0.91Mn0.09Te0.97I0.03,424.0,78.35,186667.0,3.1832,0.0011458969129074998,0.15263266243804346,https://doi.org/10.1021/acsami.1c15595
Sn0.91Mn0.09Te0.97I0.03,524.0,106.19,137949.0,2.75,0.0015555565296789,0.29640422601881583,https://doi.org/10.1021/acsami.1c15595
Sn0.91Mn0.09Te0.97I0.03,622.0,138.66,104615.0,2.4091,0.002011390298694,0.5193162449826358,https://doi.org/10.1021/acsami.1c15595
Sn0.91Mn0.09Te0.97I0.03,720.0,174.23,76410.0,1.92,0.0023195090584889996,0.869815896933375,https://doi.org/10.1021/acsami.1c15595
Sn0.91Mn0.09Te0.97I0.03,818.0,202.06,53333.0,1.5649,0.0021774927159188,1.1382126919429858,https://doi.org/10.1021/acsami.1c15595
Sn0.91Mn0.09Te0.97I0.03,867.0,213.92,47179.0,1.5344,0.0021589943769855994,1.2199218748999705,https://doi.org/10.1021/acsami.1c15595
Sn0.91Mn0.09Te0.97I0.03,891.0,215.46,44615.0,1.553,0.002071162662534,1.1882845668498352,https://doi.org/10.1021/acsami.1c15595
Sn0.91Mn0.09Te0.98I0.02,331.0,59.28,223590.0,3.374,0.0007857217330560001,0.07708177049245288,https://doi.org/10.1021/acsami.1c15595
Sn0.91Mn0.09Te0.98I0.02,424.0,80.93,178974.0,3.0229,0.0011722197258126,0.1644186588191943,https://doi.org/10.1021/acsami.1c15595
Sn0.91Mn0.09Te0.98I0.02,524.0,107.2,130256.0,2.5682,0.00149688111104,0.3054145713670897,https://doi.org/10.1021/acsami.1c15595
Sn0.91Mn0.09Te0.98I0.02,622.0,133.51,103077.0,2.2803,0.0018373392891476998,0.5011731078585577,https://doi.org/10.1021/acsami.1c15595
Sn0.91Mn0.09Te0.98I0.02,720.0,164.95,78974.0,1.8015,0.0021487642764349995,0.8587900521971686,https://doi.org/10.1021/acsami.1c15595
Sn0.91Mn0.09Te0.98I0.02,818.0,202.06,54872.0,1.4885,0.0022403273828192,1.2311641243843505,https://doi.org/10.1021/acsami.1c15595
Sn0.91Mn0.09Te0.98I0.02,867.0,211.86,46154.0,1.4733,0.0020716065791784003,1.2190883758553404,https://doi.org/10.1021/acsami.1c15595
Sn0.91Mn0.09Te0.98I0.02,891.0,213.92,43077.0,1.4809,0.0019712796112128,1.1860423618006648,https://doi.org/10.1021/acsami.1c15595
Sn0.91Mn0.09Te0.99I0.01,331.0,61.86,241538.0,3.7557,0.0009242837064648,0.08145962319670069,https://doi.org/10.1021/acsami.1c15595
Sn0.91Mn0.09Te0.99I0.01,424.0,81.96,194872.0,3.458,0.0013090412794751999,0.1605070857424768,https://doi.org/10.1021/acsami.1c15595
Sn0.91Mn0.09Te0.99I0.01,524.0,106.7,154872.0,3.0458,0.00176320068408,0.3033413745019109,https://doi.org/10.1021/acsami.1c15595
Sn0.91Mn0.09Te0.99I0.01,622.0,132.47,122564.0,2.8702,0.0021507899515076,0.46609690956648564,https://doi.org/10.1021/acsami.1c15595
Sn0.91Mn0.09Te0.99I0.01,720.0,161.86,91795.0,2.2748,0.0024049059579820003,0.7611800113183753,https://doi.org/10.1021/acsami.1c15595
Sn0.91Mn0.09Te0.99I0.01,818.0,198.45,66154.0,1.7955,0.0026053034549849995,1.1869330137442102,https://doi.org/10.1021/acsami.1c15595
Sn0.91Mn0.09Te0.99I0.01,867.0,214.43,56410.0,1.6412,0.0025937444866090003,1.3702025773153808,https://doi.org/10.1021/acsami.1c15595
Sn0.91Mn0.09Te0.99I0.01,891.0,219.07,51282.0,1.5954,0.0024611085594017997,1.3744814632236453,https://doi.org/10.1021/acsami.1c15595
Sn0.95Mn0.05Te,332.0,43.75,471006.0,5.6579,0.000901534921875,0.052901181368087094,https://doi.org/10.1021/acsami.1c15595
Sn0.95Mn0.05Te,424.0,55.47,375148.0,5.3158,0.0011543007217932,0.09206958614701771,https://doi.org/10.1021/acsami.1c15595
Sn0.95Mn0.05Te,524.0,69.92,289941.0,4.75,0.0014174654164224,0.1563688164642816,https://doi.org/10.1021/acsami.1c15595
Sn0.95Mn0.05Te,622.0,89.06,224852.0,4.1053,0.0017834549208272002,0.2702138603158158,https://doi.org/10.1021/acsami.1c15595
Sn0.95Mn0.05Te,720.0,112.7,169231.0,3.4605,0.00214945200799,0.44722018371703515,https://doi.org/10.1021/acsami.1c15595
Sn0.95Mn0.05Te,769.0,126.2,144400.0,3.17,0.002299777936,0.557895657029653,https://doi.org/10.1021/acsami.1c15595
Sn0.97Mn0.03Te,331.0,41.8,265089.0,6.3421,0.0004631741043599999,0.024173480163220382,https://doi.org/10.1021/acsami.1c15595
Sn0.97Mn0.03Te,426.0,53.13,357396.0,5.8026,0.0010088563208724,0.07406555555985979,https://doi.org/10.1021/acsami.1c15595
Sn0.97Mn0.03Te,527.0,69.92,268639.0,5.0263,0.0013133240624896001,0.13770005390287476,https://doi.org/10.1021/acsami.1c15595
Sn0.97Mn0.03Te,625.0,92.97,202367.0,4.2237,0.0017491431572703,0.2588286273395216,https://doi.org/10.1021/acsami.1c15595
Sn0.97Mn0.03Te,723.0,120.24,146746.0,3.4211,0.0021216034221695997,0.4483701950333579,https://doi.org/10.1021/acsami.1c15595
Sn0.97Mn0.03Te,772.0,138.1,121893.0,3.0526,0.0023246957577299993,0.5879136228027124,https://doi.org/10.1021/acsami.1c15595
Sn0.99Mn0.01Te,332.0,30.08,701775.0,8.4605,0.00063497051136,0.024916991876546307,https://doi.org/10.1021/acsami.1c15595
Sn0.99Mn0.01Te,424.0,36.33,521893.0,7.5132,0.0006888303398277,0.038873457925643506,https://doi.org/10.1021/acsami.1c15595
Sn0.99Mn0.01Te,524.0,48.44,383432.0,6.3421,0.0008996977281151999,0.07433525323352906,https://doi.org/10.1021/acsami.1c15595
Sn0.99Mn0.01Te,621.0,69.14,279290.0,5.1842,0.001335101046884,0.1599278095202662,https://doi.org/10.1021/acsami.1c15595
Sn0.99Mn0.01Te,719.0,96.48,191716.0,4.1053,0.0017845673739264,0.31254815527563923,https://doi.org/10.1021/acsami.1c15595
Sn0.99Mn0.01Te,768.0,112.7,159763.0,3.6184,0.0020291961942700003,0.4306938639175769,https://doi.org/10.1021/acsami.1c15595
SnTe,330.0,11.33,742012.0,8.0658,9.52512642268e-05,0.0038970613199985123,https://doi.org/10.1021/acsami.1c15595
SnTe,421.0,20.7,553846.0,6.9474,0.00023731747253999996,0.014381013895750925,https://doi.org/10.1021/acsami.1c15595
SnTe,519.0,37.5,397633.0,5.6711,0.00055917140625,0.051173486597617744,https://doi.org/10.1021/acsami.1c15595
SnTe,616.0,63.28,269822.0,4.4342,0.0010804639922048001,0.15009828586851223,https://doi.org/10.1021/acsami.1c15595
SnTe,714.0,99.0,177515.0,3.328,0.001739824515,0.379,https://doi.org/10.1021/acsami.1c15595
SnTe,763.0,120.24,140828.0,2.934,0.0020360430044927998,0.533,https://doi.org/10.1021/acsami.1c15595
(SnTe)0.84(CuSbTe2)0.16,325.0,35.99,347593.0,3.9379,0.00045023029579930007,0.03715809089483545,https://doi.org/10.1021/acsami.1c15614
(SnTe)0.84(CuSbTe2)0.16,432.0,51.92,259589.0,3.7888,0.0006997705368896,0.07978802574332432,https://doi.org/10.1021/acsami.1c15614
(SnTe)0.84(CuSbTe2)0.16,529.0,73.9,196271.0,3.0559,0.0010718771479100002,0.1855502507426258,https://doi.org/10.1021/acsami.1c15614
(SnTe)0.84(CuSbTe2)0.16,625.0,105.4,141200.0,2.46,0.0015686133920000001,0.3985298252032521,https://doi.org/10.1021/acsami.1c15614
(SnTe)0.84(CuSbTe2)0.16,719.0,139.29,107240.0,2.087,0.002080638747684,0.7168084617080956,https://doi.org/10.1021/acsami.1c15614
(SnTe)0.84(CuSbTe2)0.16,818.0,157.14,91351.0,1.7143,0.0022557283794395993,1.0763494221440777,https://doi.org/10.1021/acsami.1c15614
(SnTe)0.86(CuSbTe2)0.14,324.0,42.58,278383.0,3.3913,0.0005047240798012,0.04822062390693504,https://doi.org/10.1021/acsami.1c15614
(SnTe)0.86(CuSbTe2)0.14,432.0,61.2,210400.0,3.16,0.0007880405760000001,0.10773212937721521,https://doi.org/10.1021/acsami.1c15614
(SnTe)0.86(CuSbTe2)0.14,524.0,84.3,161100.0,2.81,0.001144855539,0.2134890756,https://doi.org/10.1021/acsami.1c15614
(SnTe)0.86(CuSbTe2)0.14,625.0,118.6,116900.0,2.29,0.0016443107239999999,0.44877476091703056,https://doi.org/10.1021/acsami.1c15614
(SnTe)0.86(CuSbTe2)0.14,723.0,145.5,95550.0,2.112,0.0020228173875,0.6924701568004261,https://doi.org/10.1021/acsami.1c15614
(SnTe)0.86(CuSbTe2)0.14,818.0,148.0,91300.0,1.83,0.0019998352,0.8939154063387978,https://doi.org/10.1021/acsami.1c15614
(SnTe)0.88(CuSbTe2)0.12,323.0,40.11,299153.0,3.5155,0.00048128096615129997,0.04421952839336364,https://doi.org/10.1021/acsami.1c15614
(SnTe)0.88(CuSbTe2)0.12,427.0,58.24,226651.0,3.205,0.0007687769829376,0.10242364172054763,https://doi.org/10.1021/acsami.1c15614
(SnTe)0.88(CuSbTe2)0.12,525.0,83.52,169964.0,2.7702,0.0011855992467455997,0.22469121527017538,https://doi.org/10.1021/acsami.1c15614
(SnTe)0.88(CuSbTe2)0.12,622.0,117.31,123839.0,2.236,0.0017042272529879,0.4740739496236466,https://doi.org/10.1021/acsami.1c15614
(SnTe)0.88(CuSbTe2)0.12,726.0,148.9,96764.0,2.0497,0.0021453749644400003,0.7598878978306289,https://doi.org/10.1021/acsami.1c15614
(SnTe)0.88(CuSbTe2)0.12,818.0,151.1,92485.0,1.7764,0.00211154445685,0.9723279473673158,https://doi.org/10.1021/acsami.1c15614
(SnTe)0.9(CuSbTe2)0.1,321.0,39.01,329501.0,3.7267,0.0005014280647300999,0.043190599935160355,https://doi.org/10.1021/acsami.1c15614
(SnTe)0.9(CuSbTe2)0.1,427.0,55.7,250100.0,3.615,0.0007759327489999999,0.09165236067026279,https://doi.org/10.1021/acsami.1c15614
(SnTe)0.9(CuSbTe2)0.1,525.0,79.67,186056.0,3.105,0.0011809549046984,0.19967836552871496,https://doi.org/10.1021/acsami.1c15614
(SnTe)0.9(CuSbTe2)0.1,622.0,112.3,134400.0,2.348,0.0016949573759999998,0.44900489262010224,https://doi.org/10.1021/acsami.1c15614
(SnTe)0.9(CuSbTe2)0.1,723.0,146.7,102498.0,2.0248,0.0022058481832199998,0.7876472918155174,https://doi.org/10.1021/acsami.1c15614
(SnTe)0.9(CuSbTe2)0.1,824.0,155.0,98350.0,1.553,0.00236285875,1.2536996844816484,https://doi.org/10.1021/acsami.1c15614
(SnTe)0.92(CuSbTe2)0.08,323.0,36.0,347600.0,3.925,0.0004504896,0.03707213778343949,https://doi.org/10.1021/acsami.1c15614
(SnTe)0.92(CuSbTe2)0.08,430.0,51.37,259589.0,3.788,0.0006850234155940998,0.07776136977440944,https://doi.org/10.1021/acsami.1c15614
(SnTe)0.92(CuSbTe2)0.08,526.0,74.0,195470.0,3.0435,0.00107039372,0.18499329611302776,https://doi.org/10.1021/acsami.1c15614
(SnTe)0.92(CuSbTe2)0.08,620.0,105.49,141254.0,2.4472,0.0015718943016853996,0.3982406289003546,https://doi.org/10.1021/acsami.1c15614
(SnTe)0.92(CuSbTe2)0.08,719.0,139.29,106800.0,2.087,0.00207210199788,0.713867434823057,https://doi.org/10.1021/acsami.1c15614
(SnTe)0.92(CuSbTe2)0.08,818.0,157.0,92500.0,1.7391,0.0022800325,1.072432053935944,https://doi.org/10.1021/acsami.1c15614
(SnTe)0.94(CuSbTe2)0.06,320.0,30.2,406300.0,4.4348,0.000370561852,0.026738475836565346,https://doi.org/10.1021/acsami.1c15614
(SnTe)0.94(CuSbTe2)0.06,427.0,44.2,297300.0,4.236,0.0005808171720000001,0.05854790662039661,https://doi.org/10.1021/acsami.1c15614
(SnTe)0.94(CuSbTe2)0.06,525.0,64.5,222000.0,3.814,0.0009235755,0.12713086982170949,https://doi.org/10.1021/acsami.1c15614
(SnTe)0.94(CuSbTe2)0.06,621.0,95.0,159750.0,3.056,0.00144174375,0.29297214291557594,https://doi.org/10.1021/acsami.1c15614
(SnTe)0.94(CuSbTe2)0.06,722.0,134.6,113100.0,2.435,0.002049050796,0.6075624947482546,https://doi.org/10.1021/acsami.1c15614
(SnTe)0.94(CuSbTe2)0.06,818.0,158.4,91700.0,1.95,0.002300804352,0.96,https://doi.org/10.1021/acsami.1c15614
(SnTe)0.96(CuSbTe2)0.04,321.0,28.57,441207.0,5.6273,0.00036013296359430004,0.02054318790783685,https://doi.org/10.1021/acsami.1c15614
(SnTe)0.96(CuSbTe2)0.04,430.0,40.66,326803.0,5.0311,0.0005402823537867999,0.04617706110558803,https://doi.org/10.1021/acsami.1c15614
(SnTe)0.96(CuSbTe2)0.04,525.0,59.34,246077.0,4.3851,0.0008664950927412,0.103739920113368,https://doi.org/10.1021/acsami.1c15614
(SnTe)0.96(CuSbTe2)0.04,620.0,88.19,177828.0,3.4534,0.0013830530199108,0.2483039533053501,https://doi.org/10.1021/acsami.1c15614
(SnTe)0.96(CuSbTe2)0.04,722.0,129.67,122800.0,2.7702,0.0020647971329199994,0.5381501443824416,https://doi.org/10.1021/acsami.1c15614
(SnTe)0.96(CuSbTe2)0.04,818.0,164.2,93249.0,2.1366,0.0025141459683599996,0.9625439493206401,https://doi.org/10.1021/acsami.1c15614
(SnTe)0.98(CuSbTe2)0.02,320.0,25.55,513706.0,6.9877,0.000335348561065,0.015357204737009316,https://doi.org/10.1021/acsami.1c15614
(SnTe)0.98(CuSbTe2)0.02,427.0,35.16,375837.0,6.2346,0.0004646193208271999,0.03182119943432046,https://doi.org/10.1021/acsami.1c15614
(SnTe)0.98(CuSbTe2)0.02,524.0,52.47,278383.0,5.1975,0.0007664164878447,0.07726834817328,https://doi.org/10.1021/acsami.1c15614
(SnTe)0.98(CuSbTe2)0.02,625.0,79.95,198708.0,4.0247,0.0012701420327700002,0.1972417249686312,https://doi.org/10.1021/acsami.1c15614
(SnTe)0.98(CuSbTe2)0.02,722.0,120.33,135007.0,3.0932,0.0019548080566623,0.45628197882780963,https://doi.org/10.1021/acsami.1c15614
(SnTe)0.98(CuSbTe2)0.02,818.0,158.52,98369.0,2.6087,0.0024718743090576005,0.7750960956833356,https://doi.org/10.1021/acsami.1c15614
Ce0.75Fe3CoSb12,333.0,65.05,154146.0,7.961,0.0006522691843649999,0.027283712899578566,https://doi.org/10.1021/acsami.1c16622
Ce0.75Fe3CoSb12,423.0,79.3,132190.0,7.025,0.0008312754931,0.05005402613256939,https://doi.org/10.1021/acsami.1c16622
Ce0.75Fe3CoSb12,513.0,88.6,110244.0,6.4585,0.0008654109902399999,0.06873977517893008,https://doi.org/10.1021/acsami.1c16622
Ce0.75Fe3CoSb12,603.0,95.4,97073.0,6.0488,0.0008834769046800002,0.08807310103194685,https://doi.org/10.1021/acsami.1c16622
Ce0.75Fe3CoSb12,693.0,95.6,91707.0,6.3024,0.0008381432875199998,0.09216065280708301,https://doi.org/10.1021/acsami.1c16622
Ce0.75Fe3CoSb12,783.0,90.2,96585.0,7.278,0.0007858194234000001,0.08454199072852432,https://doi.org/10.1021/acsami.1c16622
(Cu0.001Pb0.999Te)(MnTe)0.03,323.0,-227.02,46069.0,1.8133,0.0023743078259476002,0.4229313559703717,https://doi.org/10.1021/acsami.1c17254
(Cu0.001Pb0.999Te)(MnTe)0.03,423.0,-208.0,55724.0,1.594,0.002410843136,0.6397657757390213,https://doi.org/10.1021/acsami.1c17254
(Cu0.001Pb0.999Te)(MnTe)0.03,523.0,-217.02,51103.0,1.5147,0.0024068327614812004,0.8310381819863126,https://doi.org/10.1021/acsami.1c17254
(Cu0.001Pb0.999Te)(MnTe)0.03,623.0,-228.25,37397.0,1.2507,0.0019483112433125,0.9704948465528803,https://doi.org/10.1021/acsami.1c17254
(Cu0.001Pb0.999Te)(MnTe)0.03,723.0,-237.19,31507.0,1.1493,0.0017725553408227,1.1150765782779188,https://doi.org/10.1021/acsami.1c17254
(Cu0.001Pb0.999Te)(MnTe)0.03,773.0,-241.58,28082.0,1.136,0.0016388906927048,1.115195867483108,https://doi.org/10.1021/acsami.1c17254
(Cu0.001Pb0.999Te)(MnTe)0.03,823.0,-247.36,26200.0,1.15,0.00160309860352,1.1472610006060522,https://doi.org/10.1021/acsami.1c17254
(Cu0.002Pb0.998Te)(MnTe)0.03,323.0,-218.95,49517.0,1.7893,0.0023738005384925,0.42851258812556725,https://doi.org/10.1021/acsami.1c17254
(Cu0.002Pb0.998Te)(MnTe)0.03,423.0,-207.72,62069.0,1.608,0.0026781282850896,0.704507627234391,https://doi.org/10.1021/acsami.1c17254
(Cu0.002Pb0.998Te)(MnTe)0.03,523.0,-168.95,84247.0,1.6453,0.0024047550033174997,0.764411880347081,https://doi.org/10.1021/acsami.1c17254
(Cu0.002Pb0.998Te)(MnTe)0.03,623.0,-169.3,73931.0,1.464,0.00211904654819,0.9017527319141873,https://doi.org/10.1021/acsami.1c17254
(Cu0.002Pb0.998Te)(MnTe)0.03,723.0,-198.07,51172.0,1.28,0.0020075658265828,1.1339610098588782,https://doi.org/10.1021/acsami.1c17254
(Cu0.002Pb0.998Te)(MnTe)0.03,773.0,-206.14,43586.0,1.24,0.0018521303907655998,1.1545941871466199,https://doi.org/10.1021/acsami.1c17254
(Cu0.002Pb0.998Te)(MnTe)0.03,823.0,-206.84,37655.0,1.2133,0.001610985791768,1.0927563723935252,https://doi.org/10.1021/acsami.1c17254
(Cu0.003Pb0.997Te)(MnTe)0.03,323.0,-225.44,56000.0,1.7707,0.0028460988416,0.5191675189680918,https://doi.org/10.1021/acsami.1c17254
(Cu0.003Pb0.997Te)(MnTe)0.03,423.0,-202.81,59586.0,1.568,0.0024508851610146,0.6611762902481988,https://doi.org/10.1021/acsami.1c17254
(Cu0.003Pb0.997Te)(MnTe)0.03,523.0,-173.16,83699.0,1.584,0.0025096630903343998,0.8286324471242998,https://doi.org/10.1021/acsami.1c17254
(Cu0.003Pb0.997Te)(MnTe)0.03,623.0,-151.4,90822.0,1.6693,0.0020818182511200003,0.776956071675409,https://doi.org/10.1021/acsami.1c17254
(Cu0.003Pb0.997Te)(MnTe)0.03,723.0,-171.05,65655.0,1.3707,0.0019209407196375003,1.01323421631131,https://doi.org/10.1021/acsami.1c17254
(Cu0.003Pb0.997Te)(MnTe)0.03,773.0,-182.98,53517.0,1.3307,0.0017918390899668,1.040874439426119,https://doi.org/10.1021/acsami.1c17254
(Cu0.003Pb0.997Te)(MnTe)0.03,823.0,-201.4,45379.0,1.2747,0.0018406611828399998,1.1884083733249549,https://doi.org/10.1021/acsami.1c17254
(Cu0.004Pb0.996Te)(MnTe)0.03,323.0,-203.51,58483.0,1.7947,0.0024221506484083,0.4359250345104368,https://doi.org/10.1021/acsami.1c17254
(Cu0.004Pb0.996Te)(MnTe)0.03,423.0,-204.56,57655.0,1.56,0.002412561575008,0.6541753501464,https://doi.org/10.1021/acsami.1c17254
(Cu0.004Pb0.996Te)(MnTe)0.03,523.0,-173.33,78759.0,1.5627,0.0023661793904751,0.7919062015860224,https://doi.org/10.1021/acsami.1c17254
(Cu0.004Pb0.996Te)(MnTe)0.03,623.0,-146.14,90959.0,1.6747,0.0019426022307163996,0.722661485481768,https://doi.org/10.1021/acsami.1c17254
(Cu0.004Pb0.996Te)(MnTe)0.03,723.0,-158.77,74897.0,1.5573,0.0018879970524713,0.8765310915923394,https://doi.org/10.1021/acsami.1c17254
(Cu0.004Pb0.996Te)(MnTe)0.03,773.0,-173.68,60276.0,1.4427,0.0018182100129024003,0.9741986136920741,https://doi.org/10.1021/acsami.1c17254
(Cu0.004Pb0.996Te)(MnTe)0.03,823.0,-184.39,51034.0,1.3787,0.0017351392659513997,1.0357725508653095,https://doi.org/10.1021/acsami.1c17254
(Cu0.005Pb0.995Te)(MnTe)0.03,323.0,-177.02,97810.0,1.93,0.0030649820239240003,0.5129477687707006,https://doi.org/10.1021/acsami.1c17254
(Cu0.005Pb0.995Te)(MnTe)0.03,423.0,-197.02,74110.0,1.6213,0.002876719006444,0.7505410101312601,https://doi.org/10.1021/acsami.1c17254
(Cu0.005Pb0.995Te)(MnTe)0.03,523.0,-172.63,88082.0,1.598,0.0026249419787858,0.8591017865487943,https://doi.org/10.1021/acsami.1c17254
(Cu0.005Pb0.995Te)(MnTe)0.03,623.0,-145.09,107671.0,1.703,0.0022665938602351,0.8291767321940501,https://doi.org/10.1021/acsami.1c17254
(Cu0.005Pb0.995Te)(MnTe)0.03,723.0,-147.02,89178.0,1.6427,0.0019275718043112002,0.8483803582620062,https://doi.org/10.1021/acsami.1c17254
(Cu0.005Pb0.995Te)(MnTe)0.03,773.0,-168.42,70000.0,1.5573,0.001985570748,0.9855815759352725,https://doi.org/10.1021/acsami.1c17254
(Cu0.005Pb0.995Te)(MnTe)0.03,823.0,-172.81,61918.0,1.4747,0.0018490755679198,1.03,https://doi.org/10.1021/acsami.1c17254
(PbTe)(MnTe)0.03,323.0,-165.09,103699.0,2.0853,0.0028262859752619,0.4377741188364233,https://doi.org/10.1021/acsami.1c17254
(PbTe)(MnTe)0.03,423.0,-212.3,58483.0,1.632,0.0026359042530700004,0.6832031244170407,https://doi.org/10.1021/acsami.1c17254
(PbTe)(MnTe)0.03,523.0,-246.14,31862.0,1.3227,0.0019303560710551995,0.7632692410689268,https://doi.org/10.1021/acsami.1c17254
(PbTe)(MnTe)0.03,623.0,-255.26,25379.0,1.16,0.0016536364460203999,0.8881168154057837,https://doi.org/10.1021/acsami.1c17254
(PbTe)(MnTe)0.03,723.0,-262.28,22897.0,1.1093,0.0015751029109647996,1.0265928104458217,https://doi.org/10.1021/acsami.1c17254
(PbTe)(MnTe)0.03,773.0,-252.98,22069.0,1.1253,0.0014123912915475997,0.9702110267184704,https://doi.org/10.1021/acsami.1c17254
(PbTe)(MnTe)0.03,823.0,-237.19,20966.0,1.1707,0.0011795282088326,0.8292062149732893,https://doi.org/10.1021/acsami.1c17254
Cu1.85Ag0.15SnSe3,300.0,249.0,1070.0,0.9841,6.634107e-05,0.02022388070318057,https://doi.org/10.1021/acsami.1c17460
Cu1.85Ag0.15SnSe3,400.0,288.78,980.0,0.6952,8.172601063199998e-05,0.0470230210771001,https://doi.org/10.1021/acsami.1c17460
Cu1.85Ag0.15SnSe3,500.0,316.16,1010.0,0.5365,0.00010095671705600003,0.09408827311835975,https://doi.org/10.1021/acsami.1c17460
Cu1.85Ag0.15SnSe3,600.0,342.42,1316.0,0.4095,0.0001543029166224,0.22608485952000001,https://doi.org/10.1021/acsami.1c17460
Cu1.85Ag0.15SnSe3,700.0,369.7,1867.0,0.3492,0.00025517799403,0.5115251884908361,https://doi.org/10.1021/acsami.1c17460
Cu1.85Ag0.15SnSe3,800.0,401.01,2541.0,0.3143,0.00040861572007409993,1.040065466303786,https://doi.org/10.1021/acsami.1c17460
Cu1.875Ag0.125SnSe3,300.0,173.74,3184.0,1.1016,9.611091091840001e-05,0.02617399534814815,https://doi.org/10.1021/acsami.1c17460
Cu1.875Ag0.125SnSe3,400.0,196.43,2571.0,0.7778,9.92013791379e-05,0.05101639451679094,https://doi.org/10.1021/acsami.1c17460
Cu1.875Ag0.125SnSe3,500.0,229.29,2510.0,0.6349,0.000131960499291,0.10392227066545912,https://doi.org/10.1021/acsami.1c17460
Cu1.875Ag0.125SnSe3,600.0,268.69,2724.0,0.511,0.0001966573170564,0.23090878715037183,https://doi.org/10.1021/acsami.1c17460
Cu1.875Ag0.125SnSe3,700.0,312.24,2847.0,0.4191,0.0002775648987072,0.46360159650450977,https://doi.org/10.1021/acsami.1c17460
Cu1.875Ag0.125SnSe3,800.0,370.71,2694.0,0.3238,0.00037022538564539996,0.9147013851646696,https://doi.org/10.1021/acsami.1c17460
Cu1.925Ag0.075SnSe3,300.0,100.0,13364.0,1.6095,0.00013364,0.02490959925442684,https://doi.org/10.1021/acsami.1c17460
Cu1.925Ag0.075SnSe3,400.0,113.13,10727.0,1.092,0.0001372884035463,0.050288792507802195,https://doi.org/10.1021/acsami.1c17460
Cu1.925Ag0.075SnSe3,500.0,126.77,9152.0,0.8254,0.0001470784323008,0.08909524612357644,https://doi.org/10.1021/acsami.1c17460
Cu1.925Ag0.075SnSe3,600.0,142.42,8576.0,0.6762,0.00017395092208639996,0.1543486442647737,https://doi.org/10.1021/acsami.1c17460
Cu1.925Ag0.075SnSe3,700.0,165.15,8667.0,0.5714,0.00023638828650750002,0.2895901304782114,https://doi.org/10.1021/acsami.1c17460
Cu1.925Ag0.075SnSe3,800.0,209.09,8788.0,0.5492,0.0003841993037428,0.5596493863697014,https://doi.org/10.1021/acsami.1c17460
Cu1.9Ag0.1SnSe3,300.0,116.67,5143.0,1.1873,7.00059446127e-05,0.01768869147124568,https://doi.org/10.1021/acsami.1c17460
Cu1.9Ag0.1SnSe3,400.0,141.41,4439.0,0.9683,8.876574237589998e-05,0.03666869456817101,https://doi.org/10.1021/acsami.1c17460
Cu1.9Ag0.1SnSe3,500.0,163.64,4071.0,0.727,0.00010901343992159998,0.07497485551691883,https://doi.org/10.1021/acsami.1c17460
Cu1.9Ag0.1SnSe3,600.0,194.44,4133.0,0.6286,0.00015625597390880002,0.14914665024702514,https://doi.org/10.1021/acsami.1c17460
Cu1.9Ag0.1SnSe3,700.0,236.87,3980.0,0.5206,0.00022330743966199998,0.3002597152581637,https://doi.org/10.1021/acsami.1c17460
Cu1.9Ag0.1SnSe3,800.0,287.88,3612.0,0.4127,0.00029934411857279996,0.5802648288302399,https://doi.org/10.1021/acsami.1c17460
Cu2SnSe3,300.0,96.4,19970.0,2.327,0.00018558041120000002,0.023925278624838852,https://doi.org/10.1021/acsami.1c17460
Cu2SnSe3,400.0,107.58,17545.0,1.3841,0.00020305629253799997,0.05868254968224839,https://doi.org/10.1021/acsami.1c17460
Cu2SnSe3,500.0,125.0,15909.0,1.0603,0.000248578125,0.11722065688955956,https://doi.org/10.1021/acsami.1c17460
Cu2SnSe3,600.0,148.48,13697.0,0.8984,0.0003019683135488,0.20167073478325914,https://doi.org/10.1021/acsami.1c17460
Cu2SnSe3,700.0,178.28,12121.0,0.8,0.00038525093556639997,0.33709456862059994,https://doi.org/10.1021/acsami.1c17460
Cu2SnSe3,800.0,214.65,10333.0,0.7365,0.00047608907429250006,0.5171368084643585,https://doi.org/10.1021/acsami.1c17460
Ag8Sn0.4Ga0.6Se6,328.0,-552.34,33.0,0.2108,1.0067622694800002e-05,0.015664991669328276,https://doi.org/10.1021/acsami.1c17548
Ag8Sn0.4Ga0.6Se6,376.0,-530.0,132.0,0.225,3.70788e-05,0.067,https://doi.org/10.1021/acsami.1c17548
Ag8Sn0.4Ga0.6Se6,474.0,-442.9,295.0,0.274,5.7867320949999996e-05,0.10010624135145983,https://doi.org/10.1021/acsami.1c17548
Ag8Sn0.4Ga0.6Se6,573.0,-323.83,660.0,0.283,6.9211473474e-05,0.12,https://doi.org/10.1021/acsami.1c17548
Ag8Sn0.4Ga0.6Se6,671.0,-178.74,12046.0,0.304,0.00038484545862960004,0.84944507480415,https://doi.org/10.1021/acsami.1c17548
Ag8Sn0.4Ga0.6Se6,710.0,-151.4,18020.0,0.2888,0.00041305371920000004,1.0154714010803325,https://doi.org/10.1021/acsami.1c17548
Ag8Sn0.4Ga0.6Se6,720.0,-143.0,19670.0,0.305,0.00040223183,0.9495308773770492,https://doi.org/10.1021/acsami.1c17548
Ag8Sn0.5Ga0.5Se6,313.0,-566.36,17.0,0.21,5.4529820432e-06,0.005,https://doi.org/10.1021/acsami.1c17548
Ag8Sn0.5Ga0.5Se6,388.0,-520.79,66.0,0.22,1.7900666790599994e-05,0.0459,https://doi.org/10.1021/acsami.1c17548
Ag8Sn0.5Ga0.5Se6,477.0,-435.28,298.0,0.24776646513198153,5.646166616319999e-05,0.1087,https://doi.org/10.1021/acsami.1c17548
Ag8Sn0.5Ga0.5Se6,576.0,-363.7,2000.0,0.27,0.00026455538,0.54,https://doi.org/10.1021/acsami.1c17548
Ag8Sn0.5Ga0.5Se6,673.0,-175.93,13168.0,0.304,0.0004075675730032,0.9022795283919527,https://doi.org/10.1021/acsami.1c17548
Ag8Sn0.5Ga0.5Se6,702.0,-160.51,16667.0,0.286,0.0004293995894866999,1.136,https://doi.org/10.1021/acsami.1c17548
Ag8Sn0.5Ga0.5Se6,732.0,-130.37,23531.0,0.3,0.0003999408035939,0.91,https://doi.org/10.1021/acsami.1c17548
Ag8Sn0.6Ga0.4Se6,330.0,-559.35,70.0,0.21,2.1901069575000003e-05,0.052,https://doi.org/10.1021/acsami.1c17548
Ag8Sn0.6Ga0.4Se6,426.0,-510.98,396.0,0.24899163446714756,0.00010339582191840001,0.1769,https://doi.org/10.1021/acsami.1c17548
Ag8Sn0.6Ga0.4Se6,523.0,-417.76,792.0,0.2624923454778562,0.0001382225467392,0.2754,https://doi.org/10.1021/acsami.1c17548
Ag8Sn0.6Ga0.4Se6,601.0,-303.5,2343.0,0.29579753717616875,0.00021581900175,0.4385,https://doi.org/10.1021/acsami.1c17548
Ag8Sn0.6Ga0.4Se6,640.0,-213.79,7459.0,0.29795201138060357,0.00034092227802189995,0.7323,https://doi.org/10.1021/acsami.1c17548
Ag8Sn0.6Ga0.4Se6,691.0,-159.11,16568.0,0.2976276768997175,0.00041943535711280006,0.9738,https://doi.org/10.1021/acsami.1c17548
Ag8Sn0.7Ga0.3Se6,313.0,-549.53,33.0,0.2161,9.965446289699998e-06,0.014433987453383154,https://doi.org/10.1021/acsami.1c17548
Ag8Sn0.7Ga0.3Se6,426.0,-442.99,132.0,0.243,2.5903698493200002e-05,0.069,https://doi.org/10.1021/acsami.1c17548
Ag8Sn0.7Ga0.3Se6,474.0,-421.9,430.0,0.255,7.653983229999999e-05,0.14227404121647058,https://doi.org/10.1021/acsami.1c17548
Ag8Sn0.7Ga0.3Se6,572.0,-296.6,1424.0,0.278,0.00012527150144,0.2577528734664748,https://doi.org/10.1021/acsami.1c17548
Ag8Sn0.7Ga0.3Se6,640.0,-192.0,7980.0,0.322,0.00029417472,0.5846950956521739,https://doi.org/10.1021/acsami.1c17548
Ag8Sn0.7Ga0.3Se6,673.0,-158.41,16304.0,0.358,0.00040912814294239997,0.78,https://doi.org/10.1021/acsami.1c17548
Ag8Sn0.7Ga0.3Se6,694.0,-139.5,19210.0,0.3845,0.0003738314025,0.6747438058127438,https://doi.org/10.1021/acsami.1c17548
Ag8SnSe6,330.0,-543.0,99.0,0.213,2.9190051e-05,0.04522402267605633,https://doi.org/10.1021/acsami.1c17548
Ag8SnSe6,426.0,-440.8,495.0,0.262,9.618079680000001e-05,0.14,https://doi.org/10.1021/acsami.1c17548
Ag8SnSe6,523.0,-342.7,1254.0,0.3121,0.00014727388566,0.2467934706830503,https://doi.org/10.1021/acsami.1c17548
Ag8SnSe6,601.0,-181.54,10693.0,0.3632,0.0003524067587188,0.5831400385187191,https://doi.org/10.1021/acsami.1c17548
Ag8SnSe6,640.0,-145.1,19440.0,0.405,0.00040928995439999997,0.6467791871999998,https://doi.org/10.1021/acsami.1c17548
Ag8SnSe6,650.0,-136.7,21890.0,0.427,0.00040905602209999987,0.6226848111592505,https://doi.org/10.1021/acsami.1c17548
Ag2Se,309.0,-129.15,135738.0,1.041,0.002264072172705,0.69,https://doi.org/10.1021/acsami.1c18483
Ag2Se,334.0,-117.04,172131.0,1.137,0.0023579126805696004,0.7,https://doi.org/10.1021/acsami.1c18483
Ag2Se,362.0,-98.24,233115.0,1.3072,0.0022498156170239997,0.62303645453082,https://doi.org/10.1021/acsami.1c18483
Ag2Se,377.0,-90.0,267541.0,1.3333,0.0021670821,0.6127577827195679,https://doi.org/10.1021/acsami.1c18483
Ag2Se0.98,307.0,-131.0,143400.0,1.074,0.0024608874,0.711,https://doi.org/10.1021/acsami.1c18483
Ag2Se0.98,332.0,-115.6,184930.0,1.192,0.0024712861647999997,0.688311247242953,https://doi.org/10.1021/acsami.1c18483
Ag2Se0.98,361.0,-97.82,253770.0,1.466,0.0024282622965479997,0.5979554495592277,https://doi.org/10.1021/acsami.1c18483
Ag2Se0.98,376.0,-92.5,293100.0,1.626,0.002507836875,0.5799179981549816,https://doi.org/10.1021/acsami.1c18483
Ag2Se1.0025,305.0,-139.79,118033.0,0.9124,0.0023065116648552995,0.7710281211977931,https://doi.org/10.1021/acsami.1c18483
Ag2Se1.0025,332.0,-127.3,146560.0,1.0,0.0023750473024,0.7885157043968001,https://doi.org/10.1021/acsami.1c18483
Ag2Se1.0025,361.0,-126.0,162800.0,1.048,0.0025846128,0.894,https://doi.org/10.1021/acsami.1c18483
Ag2Se1.0025,376.0,-124.26,167213.0,1.0902,0.0025818602858388,0.8904599775044844,https://doi.org/10.1021/acsami.1c18483
Ag2Se1.01,312.0,-142.0,118525.0,1.02,0.0023899381,0.7310398894117647,https://doi.org/10.1021/acsami.1c18483
Ag2Se1.01,334.0,-138.72,125902.0,1.066,0.0024227622010368,0.759101852857684,https://doi.org/10.1021/acsami.1c18483
Ag2Se1.01,362.0,-137.23,135738.0,1.1243,0.0025562279113001993,0.8230494564535018,https://doi.org/10.1021/acsami.1c18483
Ag2Se1.01,377.0,-134.47,141200.0,1.14,0.00255320394308,0.84,https://doi.org/10.1021/acsami.1c18483
Ag2Se1.02,308.0,-141.0,125410.0,0.975,0.00249327621,0.8,https://doi.org/10.1021/acsami.1c18483
Ag2Se1.02,334.0,-139.0,134200.0,1.064,0.0025928782,0.82,https://doi.org/10.1021/acsami.1c18483
Ag2Se1.02,362.0,-135.53,144590.0,1.147,0.002655884194331,0.8382127971646223,https://doi.org/10.1021/acsami.1c18483
Ag2Se1.02,377.0,-132.98,148033.0,1.182,0.0026177682606531995,0.834939622898694,https://doi.org/10.1021/acsami.1c18483
Ag2Se1.03,310.0,-143.2,108700.0,0.988,0.002229028288,0.699391466882591,https://doi.org/10.1021/acsami.1c18483
Ag2Se1.03,332.0,-140.43,118530.0,1.066,0.002337480928197,0.7279959363615421,https://doi.org/10.1021/acsami.1c18483
Ag2Se1.03,362.0,-137.23,131311.0,1.166,0.0024728583245718994,0.7677313151758385,https://doi.org/10.1021/acsami.1c18483
Ag2Se1.03,377.0,-135.32,136800.0,1.174,0.0025050135283199997,0.8044208689749914,https://doi.org/10.1021/acsami.1c18483
Ag2Se1.04,311.0,-145.32,106721.0,0.9438,0.0022537236620303997,0.767,https://doi.org/10.1021/acsami.1c18483
Ag2Se1.04,334.0,-141.91,116066.0,1.02,0.0023373891171745995,0.7653803579767806,https://doi.org/10.1021/acsami.1c18483
Ag2Se1.04,362.0,-141.4,126300.0,1.0797,0.0025252371480000003,0.8466572636621283,https://doi.org/10.1021/acsami.1c18483
Ag2Se1.04,377.0,-137.02,131311.0,1.114,0.0024652957958044004,0.8343056687776114,https://doi.org/10.1021/acsami.1c18483
Ag2Se1.06,309.0,-142.98,110600.0,0.9072,0.00226102681224,0.793,https://doi.org/10.1021/acsami.1c18483
Ag2Se1.06,334.0,-141.2,119016.0,0.996,0.0023728743590399996,0.7957229276298793,https://doi.org/10.1021/acsami.1c18483
Ag2Se1.06,362.0,-137.8,129800.0,1.064,0.0024647514320000003,0.8385714458496243,https://doi.org/10.1021/acsami.1c18483
Ag2Se1.06,377.0,-135.96,134300.0,1.0954,0.00248255183088,0.8544112107374111,https://doi.org/10.1021/acsami.1c18483
Cu1.7Se,295.0,15.35,979730.0,7.35,0.00023084643192500002,0.009265264954812927,https://doi.org/10.1021/acsami.1c18818
Cu1.7Se,374.0,20.3,763514.0,5.9625,0.00031463648426,0.019735688907880924,https://doi.org/10.1021/acsami.1c18818
Cu1.7Se,473.0,29.7,547297.0,5.4161,0.00048276521072999993,0.042160954316812826,https://doi.org/10.1021/acsami.1c18818
Cu1.7Se,572.0,40.59,424324.0,5.0062,0.0006990941999844001,0.07987732859076281,https://doi.org/10.1021/acsami.1c18818
Cu1.7Se,672.0,60.4,287838.0,4.4099,0.00105007907808,0.16001567846657744,https://doi.org/10.1021/acsami.1c18818
Cu1.8Se,295.0,16.8,882432.0,7.0625,0.00024905760768,0.010403114232297346,https://doi.org/10.1021/acsami.1c18818
Cu1.8Se,374.0,22.28,691892.0,5.9503,0.00034345408177280005,0.02158745383981097,https://doi.org/10.1021/acsami.1c18818
Cu1.8Se,473.0,33.66,493243.0,4.9875,0.0005588421487307999,0.05299896468163777,https://doi.org/10.1021/acsami.1c18818
Cu1.8Se,572.0,45.05,383784.0,4.5839,0.0007788905874599999,0.09719352866055542,https://doi.org/10.1021/acsami.1c18818
Cu1.8Se,672.0,60.89,258110.0,4.0248,0.0009569665969309999,0.15977975381078116,https://doi.org/10.1021/acsami.1c18818
Cu1.95In0.05Se,295.0,194.55,14865.0,1.25,0.0006172,0.155,https://doi.org/10.1021/acsami.1c18818
Cu1.95In0.05Se,374.0,218.91,12162.0,1.2,0.0006302,0.2,https://doi.org/10.1021/acsami.1c18818
Cu1.95In0.05Se,473.0,177.72,21622.0,1.9875,0.0007005,0.16671018867924525,https://doi.org/10.1021/acsami.1c18818
Cu1.95In0.05Se,572.0,271.64,6757.0,1.7,0.0005781,0.198,https://doi.org/10.1021/acsami.1c18818
Cu1.95In0.05Se,672.0,325.25,2703.0,1.6375,0.0004661,0.194,https://doi.org/10.1021/acsami.1c18818
Cu1.95In0.05Se,770.0,336.63,1351.0,1.6625,0.0003906,0.1809094736842105,https://doi.org/10.1021/acsami.1c18818
Cu1.95In0.05Se,870.0,328.71,2023.0,1.9375,0.0004323,0.19411664516129032,https://doi.org/10.1021/acsami.1c18818
Cu1.97In0.03Se,295.0,95.6,107383.0,0.862,0.00098141189488,0.33586601970951274,https://doi.org/10.1021/acsami.1c18818
Cu1.97In0.03Se,374.0,120.3,71141.0,0.613,0.00102955895469,0.6281485302676346,https://doi.org/10.1021/acsami.1c18818
Cu1.97In0.03Se,473.0,139.11,47651.0,0.9,0.0009221227151571001,0.49,https://doi.org/10.1021/acsami.1c18818
Cu1.97In0.03Se,572.0,174.3,34899.0,0.85,0.0010602487205100002,0.73,https://doi.org/10.1021/acsami.1c18818
Cu1.97In0.03Se,672.0,205.97,26174.0,0.8125,0.0011103963769166,0.927,https://doi.org/10.1021/acsami.1c18818
Cu1.97In0.03Se,770.0,237.31,20270.0,0.775,0.001141526051747,1.141,https://doi.org/10.1021/acsami.1c18818
Cu1.97In0.03Se,870.0,255.72,17450.0,0.725,0.00114110293608,1.384,https://doi.org/10.1021/acsami.1c18818
Cu1.99In0.01Se,295.0,89.11,125700.0,0.825,0.00099813242697,0.3569079587347273,https://doi.org/10.1021/acsami.1c18818
Cu1.99In0.01Se,374.0,117.33,74324.0,0.585,0.0010231686291636,0.666,https://doi.org/10.1021/acsami.1c18818
Cu1.99In0.01Se,473.0,130.0,55405.0,0.9,0.0009363444999999999,0.5,https://doi.org/10.1021/acsami.1c18818
Cu1.99In0.01Se,572.0,164.85,41892.0,0.8875,0.00113843698857,0.7,https://doi.org/10.1021/acsami.1c18818
Cu1.99In0.01Se,672.0,193.5,31757.0,0.8375,0.00118905353325,0.966,https://doi.org/10.1021/acsami.1c18818
Cu1.99In0.01Se,770.0,224.26,25000.0,0.8,0.00125731369,1.210164426625,https://doi.org/10.1021/acsami.1c18818
Cu1.99In0.01Se,870.0,245.5,20970.0,0.775,0.0012638671425,1.445,https://doi.org/10.1021/acsami.1c18818
Cu2.1Se,295.0,51.0,260830.0,1.6875,0.00067841883,0.11859766213333332,https://doi.org/10.1021/acsami.1c18818
Cu2.1Se,374.0,50.0,246000.0,1.6125,0.000615,0.14264186046511626,https://doi.org/10.1021/acsami.1c18818
Cu2.1Se,473.0,65.9,212200.0,2.4375,0.0009215442820000001,0.17882684938912824,https://doi.org/10.1021/acsami.1c18818
Cu2.1Se,572.0,84.3,162200.0,2.2625,0.0011526726779999999,0.2914160317418784,https://doi.org/10.1021/acsami.1c18818
Cu2.1Se,672.0,104.5,131081.0,2.1,0.00143143729025,0.45805993287999996,https://doi.org/10.1021/acsami.1c18818
Cu2.1Se,770.0,126.73,104054.0,2.025,0.0016711585282166,0.6354528724576702,https://doi.org/10.1021/acsami.1c18818
Cu2.1Se,870.0,147.52,81081.0,1.775,0.0017644969165824,0.8648520098178524,https://doi.org/10.1021/acsami.1c18818
Cu2.2Se,295.0,77.23,145946.0,1.2125,0.0008704909618634,0.2117895536080025,https://doi.org/10.1021/acsami.1c18818
Cu2.2Se,374.0,105.9,85140.0,0.672,0.0009548289234,0.5314077639160715,https://doi.org/10.1021/acsami.1c18818
Cu2.2Se,473.0,113.37,74324.0,1.161,0.0009552683038356,0.3891833830441333,https://doi.org/10.1021/acsami.1c18818
Cu2.2Se,572.0,141.7,55410.0,1.11,0.0011125712948999997,0.5733250276421621,https://doi.org/10.1021/acsami.1c18818
Cu2.2Se,672.0,170.0,43300.0,1.05,0.00125137,0.8008767999999999,https://doi.org/10.1021/acsami.1c18818
Cu2.2Se,770.0,196.53,35135.0,1.0375,0.0013570556770215,1.007164213307523,https://doi.org/10.1021/acsami.1c18818
Cu2.2Se,870.0,215.35,29730.0,0.962,0.001378747256925,1.26,https://doi.org/10.1021/acsami.1c18818
Cu2Se,295.0,46.53,282432.0,2.323,0.0006114768314688,0.07765202982492295,https://doi.org/10.1021/acsami.1c18818
Cu2Se,374.0,42.57,320270.0,2.0,0.0005803948633229999,0.10853383944140098,https://doi.org/10.1021/acsami.1c18818
Cu2Se,473.0,58.7,241800.0,2.7329,0.0008331678420000001,0.14420154021954704,https://doi.org/10.1021/acsami.1c18818
Cu2Se,572.0,76.2,189189.0,2.5093,0.00109851457716,0.250408615205643,https://doi.org/10.1021/acsami.1c18818
Cu2Se,672.0,94.0,151351.0,2.472,0.001337337436,0.3635480408543689,https://doi.org/10.1021/acsami.1c18818
Bi0.84Pb0.08Yb0.08CuSeO,347.0,89.14,27429.0,0.7277,0.0002179491772884,0.10392794354689404,https://doi.org/10.1021/acsami.1c19266
Bi0.84Pb0.08Yb0.08CuSeO,446.0,107.89,22326.0,0.6554,0.00025988026838459996,0.17684864159220565,https://doi.org/10.1021/acsami.1c19266
Bi0.84Pb0.08Yb0.08CuSeO,543.0,121.38,20000.0,0.583,0.0002946620879999999,0.274445135135506,https://doi.org/10.1021/acsami.1c19266
Bi0.84Pb0.08Yb0.08CuSeO,640.0,135.2,17297.0,0.52,0.00031617255487999995,0.38913545215999995,https://doi.org/10.1021/acsami.1c19266
Bi0.84Pb0.08Yb0.08CuSeO,741.0,148.03,14120.0,0.467,0.000309409878308,0.4909480081932078,https://doi.org/10.1021/acsami.1c19266
Bi0.84Pb0.08Yb0.08CuSeO,847.0,156.74,11566.0,0.446,0.00028414686762160004,0.5396242082410206,https://doi.org/10.1021/acsami.1c19266
Bi0.88Pb0.06Yb0.06CuSeO,347.0,117.0,38400.0,0.65,0.0005256576,0.280620288,https://doi.org/10.1021/acsami.1c19266
Bi0.88Pb0.06Yb0.06CuSeO,446.0,132.57,30968.0,0.5732,0.0005442565581431999,0.42347945731309694,https://doi.org/10.1021/acsami.1c19266
Bi0.88Pb0.06Yb0.06CuSeO,543.0,148.68,25600.0,0.523,0.0005659070054400001,0.5875478087073039,https://doi.org/10.1021/acsami.1c19266
Bi0.88Pb0.06Yb0.06CuSeO,640.0,167.11,18641.0,0.4839,0.0005205639448961001,0.6884912683064768,https://doi.org/10.1021/acsami.1c19266
Bi0.88Pb0.06Yb0.06CuSeO,741.0,192.0,15865.0,0.427,0.00058484736,1.0149224678220141,https://doi.org/10.1021/acsami.1c19266
Bi0.88Pb0.06Yb0.06CuSeO,850.0,212.0,12800.0,0.408,0.0005752832,1.1985066666666668,https://doi.org/10.1021/acsami.1c19266
Bi0.8Pb0.1Yb0.1CuSeO,347.0,81.25,30000.0,0.7759,0.000198046875,0.08857103444387163,https://doi.org/10.1021/acsami.1c19266
Bi0.8Pb0.1Yb0.1CuSeO,446.0,102.96,24000.0,0.6973,0.00025441827839999996,0.1627284557097375,https://doi.org/10.1021/acsami.1c19266
Bi0.8Pb0.1Yb0.1CuSeO,543.0,121.71,20000.0,0.6286,0.0002962664819999999,0.2559222076455615,https://doi.org/10.1021/acsami.1c19266
Bi0.8Pb0.1Yb0.1CuSeO,640.0,137.17,12308.0,0.5625,0.00023158251434119993,0.26348943853932083,https://doi.org/10.1021/acsami.1c19266
Bi0.8Pb0.1Yb0.1CuSeO,744.0,158.5,10213.0,0.51,0.00025657353924999997,0.37429551608235295,https://doi.org/10.1021/acsami.1c19266
Bi0.8Pb0.1Yb0.1CuSeO,847.0,173.68,8520.0,0.4777,0.000257003605248,0.4556877823844589,https://doi.org/10.1021/acsami.1c19266
Bi0.92Pb0.04Yb0.04CuSeO,350.0,149.0,16410.0,0.7098,0.00036431841,0.17964418639053256,https://doi.org/10.1021/acsami.1c19266
Bi0.92Pb0.04Yb0.04CuSeO,450.0,161.84,13617.0,0.6446,0.0003566589913152,0.24898626449246047,https://doi.org/10.1021/acsami.1c19266
Bi0.92Pb0.04Yb0.04CuSeO,548.0,182.57,11034.0,0.5661,0.00036778313526659995,0.3560239500549316,https://doi.org/10.1021/acsami.1c19266
Bi0.92Pb0.04Yb0.04CuSeO,645.0,207.89,8225.0,0.5071,0.0003554701235225,0.45213612634985706,https://doi.org/10.1021/acsami.1c19266
Bi0.92Pb0.04Yb0.04CuSeO,747.0,223.36,7336.0,0.4536,0.0003659907629056,0.6027228833564444,https://doi.org/10.1021/acsami.1c19266
Bi0.92Pb0.04Yb0.04CuSeO,847.0,232.0,6400.0,0.425,0.00034447359999999997,0.6865156216470588,https://doi.org/10.1021/acsami.1c19266
Bi0.96Pb0.02Yb0.02CuSeO,343.0,138.0,27050.0,0.8,0.0005151401999999999,0.22086636075,https://doi.org/10.1021/acsami.1c19266
Bi0.96Pb0.02Yb0.02CuSeO,446.0,157.0,21600.0,0.7438,0.0005324184,0.31925061360580803,https://doi.org/10.1021/acsami.1c19266
Bi0.96Pb0.02Yb0.02CuSeO,543.0,172.0,18300.0,0.66,0.0005413872,0.44541401454545454,https://doi.org/10.1021/acsami.1c19266
Bi0.96Pb0.02Yb0.02CuSeO,640.0,189.47,13061.0,0.5839,0.0004688752834348999,0.5139239277245007,https://doi.org/10.1021/acsami.1c19266
Bi0.96Pb0.02Yb0.02CuSeO,747.0,207.89,11098.0,0.517,0.00047963616180579996,0.6930139513905852,https://doi.org/10.1021/acsami.1c19266
Bi0.96Pb0.02Yb0.02CuSeO,847.0,221.05,9360.0,0.4938,0.00045735863940000006,0.7844932514617254,https://doi.org/10.1021/acsami.1c19266
BiCuSeO,347.0,127.63,6575.0,0.6018,0.0001071029161175,0.06175591873175889,https://doi.org/10.1021/acsami.1c19266
BiCuSeO,446.0,140.13,5598.0,0.5446,0.0001099246618062,0.09002276747257656,https://doi.org/10.1021/acsami.1c19266
BiCuSeO,542.0,155.59,4776.0,0.5027,0.0001156185929256,0.1246574047457235,https://doi.org/10.1021/acsami.1c19266
BiCuSeO,639.0,177.63,3871.0,0.4554,0.00012213940581990001,0.1713813797077648,https://doi.org/10.1021/acsami.1c19266
BiCuSeO,737.0,213.16,3238.0,0.383,0.0001471256069728,0.2831111549319937,https://doi.org/10.1021/acsami.1c19266
BiCuSeO,839.0,256.91,2783.0,0.3795,0.00018368564796230003,0.4060929081432667,https://doi.org/10.1021/acsami.1c19266
CuAgTe0.5Se0.5,303.0,147.87,10703.0,0.4669,0.00023402684144070002,0.15187434773298802,https://doi.org/10.1021/acsami.1c20333
CuAgTe0.5Se0.5,349.0,143.09,9689.0,0.4627,0.0001983798343409,0.14963164509395743,https://doi.org/10.1021/acsami.1c20333
CuAgTe0.5Se0.5,363.0,137.5,9413.0,0.4446,0.00017796453124999998,0.14530167531207827,https://doi.org/10.1021/acsami.1c20333
CuAgTe0.5Se0.5,383.0,129.79,8910.0,0.391,0.00015009290693099997,0.1470219523134859,https://doi.org/10.1021/acsami.1c20333
CuAgTe0.5Se0.5,393.0,129.25,8527.0,0.3138,0.0001424483314375,0.178400873980043,https://doi.org/10.1021/acsami.1c20333
CuAgTe0.5Se0.5,397.0,129.52,8395.0,0.2988,0.000140829738208,0.1871131394530656,https://doi.org/10.1021/acsami.1c20333
CuAgTe0.5Se0.5,403.0,161.17,8216.0,0.3,0.00021341691728239996,0.2866900588826906,https://doi.org/10.1021/acsami.1c20333
CuAgTe0.5Se0.5,408.0,225.0,7361.0,0.3024,0.000372650625,0.5027825892857143,https://doi.org/10.1021/acsami.1c20333
CuAgTe0.5Se0.5,422.0,211.41,5482.0,0.306,0.00024501353916420003,0.33789448865128235,https://doi.org/10.1021/acsami.1c20333
CuAgTe0.5Se0.5,443.0,203.8,4807.0,0.3246,0.00019965605308000002,0.2724819208701171,https://doi.org/10.1021/acsami.1c20333
CuAgTe0.6Se0.4,303.0,198.37,10945.0,0.4518,0.0004306929397705,0.28884453464024235,https://doi.org/10.1021/acsami.1c20333
CuAgTe0.6Se0.4,330.0,209.51,9916.0,0.4331,0.0004352572680316,0.3316437276620365,https://doi.org/10.1021/acsami.1c20333
CuAgTe0.6Se0.4,349.0,216.3,9186.0,0.4127,0.00042977334834,0.36343808715934095,https://doi.org/10.1021/acsami.1c20333
CuAgTe0.6Se0.4,363.0,222.28,8671.0,0.388,0.00042842022252639997,0.40081582674505983,https://doi.org/10.1021/acsami.1c20333
CuAgTe0.6Se0.4,383.0,220.92,8060.0,0.3198,0.00039337350998399994,0.47111336561560974,https://doi.org/10.1021/acsami.1c20333
CuAgTe0.6Se0.4,393.0,228.53,7771.0,0.2373,0.00040584794215389996,0.6721375527453969,https://doi.org/10.1021/acsami.1c20333
CuAgTe0.6Se0.4,397.0,227.17,7651.0,0.2602,0.0003948391042939,0.6024255357597168,https://doi.org/10.1021/acsami.1c20333
CuAgTe0.6Se0.4,403.0,239.13,7398.0,0.362,0.0004230409947462,0.47095447757657066,https://doi.org/10.1021/acsami.1c20333
CuAgTe0.6Se0.4,408.0,237.77,7229.0,0.3398,0.0004086884274941,0.4907147687392373,https://doi.org/10.1021/acsami.1c20333
CuAgTe0.6Se0.4,422.0,231.52,6783.0,0.3476,0.0003635790450432,0.4413991858694775,https://doi.org/10.1021/acsami.1c20333
CuAgTe0.6Se0.4,443.0,232.07,6386.0,0.3596,0.0003439275125714,0.42369268094863793,https://doi.org/10.1021/acsami.1c20333
CuAgTe0.7Se0.3,303.0,215.49,11867.0,0.3928,0.0005510553011667001,0.4250757542095472,https://doi.org/10.1021/acsami.1c20333
CuAgTe0.7Se0.3,330.0,232.34,10303.0,0.3754,0.0005561752643068,0.4889127256825892,https://doi.org/10.1021/acsami.1c20333
CuAgTe0.7Se0.3,349.0,248.64,9234.0,0.3539,0.0005708629592063999,0.56295895101168,https://doi.org/10.1021/acsami.1c20333
CuAgTe0.7Se0.3,363.0,254.08,8503.0,0.3317,0.0005489251643392,0.6007230468951752,https://doi.org/10.1021/acsami.1c20333
CuAgTe0.7Se0.3,383.0,263.32,7566.0,0.2777,0.0005246069378784,0.7235306345244048,https://doi.org/10.1021/acsami.1c20333
CuAgTe0.7Se0.3,393.0,261.68,7133.0,0.2163,0.0004884423209792001,0.8874610825003497,https://doi.org/10.1021/acsami.1c20333
CuAgTe0.7Se0.3,397.0,258.97,6982.0,0.2295,0.00046825104800380014,0.8100029022113667,https://doi.org/10.1021/acsami.1c20333
CuAgTe0.7Se0.3,403.0,255.43,6695.0,0.2819,0.00043681182640549997,0.6244596170323394,https://doi.org/10.1021/acsami.1c20333
CuAgTe0.7Se0.3,408.0,252.45,6349.0,0.2855,0.0004046281348724999,0.5782426585918738,https://doi.org/10.1021/acsami.1c20333
CuAgTe0.7Se0.3,422.0,249.18,6602.0,0.2946,0.0004099226191848,0.5871939758858982,https://doi.org/10.1021/acsami.1c20333
CuAgTe0.7Se0.3,443.0,246.2,6675.0,0.3096,0.00040460138699999996,0.5789354471608527,https://doi.org/10.1021/acsami.1c20333
Sn0.93Pb0.06Zn0.01Se,300.0,473.39,1500.0,0.854,0.00033614713815,0.134,https://doi.org/10.1021/acsami.1c20549
Sn0.93Pb0.06Zn0.01Se,373.0,498.21,1137.0,0.708,0.00028221841306169996,0.162,https://doi.org/10.1021/acsami.1c20549
Sn0.93Pb0.06Zn0.01Se,473.0,532.62,656.0,0.591,0.00018609674624640003,0.155,https://doi.org/10.1021/acsami.1c20549
Sn0.93Pb0.06Zn0.01Se,573.0,550.0,315.0,0.5163,9.528749999999999e-05,0.10575196106914585,https://doi.org/10.1021/acsami.1c20549
Sn0.93Pb0.06Zn0.01Se,673.0,525.18,710.0,0.4346,0.00019582796300399998,0.3032494687107501,https://doi.org/10.1021/acsami.1c20549
Sn0.93Pb0.06Zn0.01Se,773.0,402.0,5082.0,0.338,0.000821271528,1.86,https://doi.org/10.1021/acsami.1c20549
Sn0.96Pb0.03Zn0.01Se,300.0,443.66,3578.0,1.1234,0.0007042727518568,0.1880735495433862,https://doi.org/10.1021/acsami.1c20549
Sn0.96Pb0.03Zn0.01Se,373.0,476.0,2140.0,0.8506,0.00048487264,0.2126234360686574,https://doi.org/10.1021/acsami.1c20549
Sn0.96Pb0.03Zn0.01Se,473.0,515.6,1137.0,0.6623,0.00030226390032,0.2158701870019025,https://doi.org/10.1021/acsami.1c20549
Sn0.96Pb0.03Zn0.01Se,573.0,546.2,566.0,0.5649,0.00016885729304000002,0.17127850754455656,https://doi.org/10.1021/acsami.1c20549
Sn0.96Pb0.03Zn0.01Se,673.0,520.21,872.0,0.4706,0.00023597928325520001,0.3374714356794509,https://doi.org/10.1021/acsami.1c20549
Sn0.96Pb0.03Zn0.01Se,773.0,406.0,4317.0,0.3627,0.00073,1.5165825483209263,https://doi.org/10.1021/acsami.1c20549
Sn0.97Pb0.02Zn0.01Se,300.0,428.87,4233.0,1.2792,0.0007785734757177,0.1825922785454268,https://doi.org/10.1021/acsami.1c20549
Sn0.97Pb0.02Zn0.01Se,373.0,459.64,2795.0,1.0747,0.0005904966582319999,0.20494580210341115,https://doi.org/10.1021/acsami.1c20549
Sn0.97Pb0.02Zn0.01Se,473.0,507.09,1319.0,0.9477,0.0003391680136239,0.16927980420397246,https://doi.org/10.1021/acsami.1c20549
Sn0.97Pb0.02Zn0.01Se,573.0,540.43,724.0,0.8464,0.00021145475946759995,0.14315167435601933,https://doi.org/10.1021/acsami.1c20549
Sn0.97Pb0.02Zn0.01Se,673.0,518.44,900.0,0.6961,0.00024190203024000007,0.23387453864605667,https://doi.org/10.1021/acsami.1c20549
Sn0.97Pb0.02Zn0.01Se,773.0,411.97,4000.0,0.5654,0.0006788771236,0.9281429369345596,https://doi.org/10.1021/acsami.1c20549
Sn0.98Pb0.01Zn0.01Se,300.0,435.21,5000.0,1.2338,0.0009470387204999998,0.2302736392851353,https://doi.org/10.1021/acsami.1c20549
Sn0.98Pb0.01Zn0.01Se,373.0,460.71,3000.0,1.0812,0.0006367611122999999,0.21967433859406216,https://doi.org/10.1021/acsami.1c20549
Sn0.98Pb0.01Zn0.01Se,473.0,500.0,1560.0,0.9052,0.00039,0.20378921785240833,https://doi.org/10.1021/acsami.1c20549
Sn0.98Pb0.01Zn0.01Se,573.0,533.0,872.0,0.768,0.000247725608,0.18482652784375,https://doi.org/10.1021/acsami.1c20549
Sn0.98Pb0.01Zn0.01Se,673.0,516.31,971.0,0.667,0.0002588453116330999,0.26117375521600633,https://doi.org/10.1021/acsami.1c20549
Sn0.98Pb0.01Zn0.01Se,773.0,370.57,5582.0,0.549,0.0007665321011918,1.0792883683447383,https://doi.org/10.1021/acsami.1c20549
Sn0.9Pb0.09Zn0.01Se,300.0,507.09,274.0,1.2662,7.04564334594e-05,0.01669320015623124,https://doi.org/10.1021/acsami.1c20549
Sn0.9Pb0.09Zn0.01Se,373.0,542.2,280.0,0.9771,8.23146352e-05,0.031422944355337226,https://doi.org/10.1021/acsami.1c20549
Sn0.9Pb0.09Zn0.01Se,473.0,578.93,306.0,0.75,0.00010255894313939997,0.06468050680658158,https://doi.org/10.1021/acsami.1c20549
Sn0.9Pb0.09Zn0.01Se,573.0,605.36,209.0,0.6405,7.65902924864e-05,0.06851871599485902,https://doi.org/10.1021/acsami.1c20549
Sn0.9Pb0.09Zn0.01Se,673.0,563.21,630.5,0.5588,0.00019999807033505002,0.24087097590459675,https://doi.org/10.1021/acsami.1c20549
Sn0.9Pb0.09Zn0.01Se,773.0,386.62,4275.0,0.4804,0.00063900572931,1.0282086360462739,https://doi.org/10.1021/acsami.1c20549
SnSe,300.0,497.14,1207.0,2.3323,0.00029830785277719997,0.03837085959488916,https://doi.org/10.1021/acsami.1c20549
SnSe,373.0,523.4,900.0,1.774,0.000246552804,0.05184002023224352,https://doi.org/10.1021/acsami.1c20549
SnSe,473.0,539.36,600.0,1.2871,0.00017454552575999998,0.06414422631068292,https://doi.org/10.1021/acsami.1c20549
SnSe,573.0,558.21,337.0,1.048,0.000119,0.06506393129770992,https://doi.org/10.1021/acsami.1c20549
SnSe,673.0,535.0,700.0,0.8903,0.000175,0.15145523699876445,https://doi.org/10.1021/acsami.1c20549
SnSe,773.0,426.06,2482.0,0.6,0.000424,0.5804589965987159,https://doi.org/10.1021/acsami.1c20549
Bi2Si2Te6,373.0,119.15,12037.0,0.849,0.00017088594873250002,0.0750771011510277,https://doi.org/10.1021/acsami.1c23351
Bi2Si2Te6,473.0,160.64,10694.0,0.7539,0.0002759609114624,0.17313902523108524,https://doi.org/10.1021/acsami.1c23351
Bi2Si2Te6,573.0,182.0,8520.0,0.709,0.00028221648,0.22808186606488012,https://doi.org/10.1021/acsami.1c23351
Bi2Si2Te6,673.0,153.0,7454.0,0.679,0.000174490686,0.17294879481296024,https://doi.org/10.1021/acsami.1c23351
Bi2Si2Te6,773.0,101.0,8889.0,0.741,9.0676689e-05,0.09459255141295547,https://doi.org/10.1021/acsami.1c23351
Sb2Si2Te6,373.0,139.8,30275.0,0.8608,0.0005916958110000001,0.2563923530471655,https://doi.org/10.1021/acsami.1c23351
Sb2Si2Te6,473.0,168.32,24312.0,0.75,0.0006887984037887998,0.43440219332280317,https://doi.org/10.1021/acsami.1c23351
Sb2Si2Te6,573.0,191.9,19404.0,0.6569,0.00071456413644,0.6232992086773025,https://doi.org/10.1021/acsami.1c23351
Sb2Si2Te6,673.0,213.37,13750.0,0.5,0.000625992907375,0.84258645332675,https://doi.org/10.1021/acsami.1c23351
Sb2Si2Te6,773.0,222.28,12361.0,0.4188,0.0006107372126223999,1.1272680643675146,https://doi.org/10.1021/acsami.1c23351
Tl8.95Bi1.05Te6.0,444.0,-103.0,570.0,0.34,6.04713e-06,0.007896840352941175,https://doi.org/10.1021/cm402593f
Tl8.95Bi1.05Te6.0,504.0,80.0,1054.0,0.356,6.7456e-06,0.009549950561797752,https://doi.org/10.1021/cm402593f
Tl8.95Bi1.05Te6.0,382.0,-208.0,320.0,0.344,1.384448e-05,0.015373812093023256,https://doi.org/10.1021/cm402593f
Tl8.95Bi1.05Te6.0,322.0,-220.0,170.0,0.3375,8.228e-06,0.007850121481481481,https://doi.org/10.1021/cm402593f
Tl8.97Sb1.03Te6,326.0,118.2,43300.0,0.671,0.0006049546919999999,0.291,https://doi.org/10.1021/cm402593f
Tl8.97Sb1.03Te6,385.5,148.3,33000.0,0.58,0.0007257653700000001,0.4754,https://doi.org/10.1021/cm402593f
Tl8.97Sb1.03Te6,445.0,181.0,25138.0,0.515,0.000823546018,0.7116077242912622,https://doi.org/10.1021/cm402593f
Tl8.97Sb1.03Te6,504.0,200.8,20000.0,0.463,0.0008064128000000001,0.883,https://doi.org/10.1021/cm402593f
Tl8.98Sb1.02Te6,326.0,113.0,42000.0,0.593,0.0005362979999999999,0.2923,https://doi.org/10.1021/cm402593f
Tl8.98Sb1.02Te6,385.0,140.0,34220.0,0.54,0.000670712,0.4781928148148148,https://doi.org/10.1021/cm402593f
Tl8.98Sb1.02Te6,445.0,166.5,27730.0,0.5,0.0007687379925,0.684176813325,https://doi.org/10.1021/cm402593f
Tl8.98Sb1.02Te6,503.0,192.0,22400.0,0.46,0.0008257536,0.9062,https://doi.org/10.1021/cm402593f
Tl8.99Bi1.01Te6.0,322.0,243.0,8350.0,0.396,0.00049305915,0.40092183409090904,https://doi.org/10.1021/cm402593f
Tl8.99Bi1.01Te6.0,382.0,271.0,6500.0,0.34,0.00047736649999999996,0.5363353029411765,https://doi.org/10.1021/cm402593f
Tl8.99Bi1.01Te6.0,499.0,307.0,4300.0,0.322,0.00040527069999999997,0.6280437245341615,https://doi.org/10.1021/cm402593f
Tl8.99Sb1.01Te6,326.0,107.0,53300.0,0.71,0.0006102317,0.28019089323943663,https://doi.org/10.1021/cm402593f
Tl8.99Sb1.01Te6,385.0,137.0,40400.0,0.607,0.0007582676,0.4809440296540362,https://doi.org/10.1021/cm402593f
Tl8.99Sb1.01Te6,445.0,165.7,31743.0,0.57,0.0008715513620699999,0.6804216774055264,https://doi.org/10.1021/cm402593f
Tl8.99Sb1.01Te6,503.0,179.75,26055.0,0.528,0.0008418386784375,0.8019788925266335,https://doi.org/10.1021/cm402593f
Tl9.0Bi0.95Te6.0,325.0,140.0,37455.0,0.592,0.000734118,0.4030208614864865,https://doi.org/10.1021/cm402593f
Tl9.0Bi0.95Te6.0,385.0,157.7,30000.0,0.55,0.0007460786999999999,0.5222550899999998,https://doi.org/10.1021/cm402593f
Tl9.0Bi0.95Te6.0,443.0,182.2,24460.0,0.52,0.0008119947063999998,0.6917570287215383,https://doi.org/10.1021/cm402593f
Tl9.0Bi0.95Te6.0,500.0,198.0,21000.0,0.5,0.000823284,0.823284,https://doi.org/10.1021/cm402593f
Tl9.0Bi0.96Te6.0,325.0,148.4,36000.0,0.65,0.00079281216,0.39640608,https://doi.org/10.1021/cm402593f
Tl9.0Bi0.96Te6.0,385.0,167.8,28640.0,0.56,0.0008064118976000001,0.5544081796,https://doi.org/10.1021/cm402593f
Tl9.0Bi0.96Te6.0,443.0,190.0,23500.0,0.52,0.00084835,0.7227289423076922,https://doi.org/10.1021/cm402593f
Tl9.0Bi0.96Te6.0,500.0,210.4,19700.0,0.4965,0.0008720827520000001,0.8782303645518631,https://doi.org/10.1021/cm402593f
Tl9.0Bi0.97Te6.0,325.0,152.48,34090.0,0.59,0.000792597627136,0.4366003878291525,https://doi.org/10.1021/cm402593f
Tl9.0Bi0.97Te6.0,385.0,173.6,27100.0,0.5,0.0008167116159999999,0.62886794432,https://doi.org/10.1021/cm402593f
Tl9.0Bi0.97Te6.0,443.0,195.0,22000.0,0.474,0.00083655,0.7818389240506329,https://doi.org/10.1021/cm402593f
Tl9.0Bi0.97Te6.0,503.0,216.5,18455.0,0.45,0.00086502737375,0.9669083755472222,https://doi.org/10.1021/cm402593f
Tl9.0Bi0.98Te6.0,325.0,164.46,25800.0,0.538,0.0006978149632800001,0.42154249640520447,https://doi.org/10.1021/cm402593f
Tl9.0Bi0.98Te6.0,385.0,190.0,20636.0,0.446,0.0007449596,0.6430705067264574,https://doi.org/10.1021/cm402593f
Tl9.0Bi0.98Te6.0,443.0,217.4,17545.0,0.42,0.0008292251242000001,0.8746350714776191,https://doi.org/10.1021/cm402593f
Tl9.0Bi0.98Te6.0,503.0,239.3,14545.0,0.39,0.00083291200705,1.0742429219132053,https://doi.org/10.1021/cm402593f
Tl9.0Bi0.99Te6.0,325.0,183.47,24636.0,0.486,0.0008292783308124,0.5545585545556173,https://doi.org/10.1021/cm402593f
Tl9.0Bi0.99Te6.0,385.0,209.0,18400.0,0.455,0.0008037304,0.6800795692307692,https://doi.org/10.1021/cm402593f
Tl9.0Bi0.99Te6.0,443.0,237.2,14000.0,0.4085,0.00078769376,0.8542186919951041,https://doi.org/10.1021/cm402593f
Tl9.0Bi0.99Te6.0,503.0,264.0,11182.0,0.394,0.000779340672,0.994945071106599,https://doi.org/10.1021/cm402593f
Tl9.0BiTe6.0,325.0,200.0,18091.0,5.0,0.00072364,0.0470366,https://doi.org/10.1021/cm402593f
Tl9.0BiTe6.0,385.0,233.47,13364.0,3.97,0.0007284481313875999,0.0706429548071098,https://doi.org/10.1021/cm402593f
Tl9.0BiTe6.0,443.0,260.0,10200.0,3.8,0.00068952,0.0803835157894737,https://doi.org/10.1021/cm402593f
Tl9.0BiTe6.0,503.0,285.0,8100.0,3.43,0.0006579225,0.09648251239067054,https://doi.org/10.1021/cm402593f
Tl9.0Sb0.97Te6,327.0,104.0,50000.0,0.73,0.0005408,0.2422487671232877,https://doi.org/10.1021/cm402593f
Tl9.0Sb0.97Te6,447.0,155.0,32000.0,0.612,0.0007687999999999999,0.5615254901960784,https://doi.org/10.1021/cm402593f
Tl9.0Sb0.97Te6,507.0,173.0,26330.0,0.55,0.00078803057,0.7264209072545454,https://doi.org/10.1021/cm402593f
Tl9.0Sb0.98Te6,326.0,106.0,53000.0,0.69,0.000595508,0.28135595362318844,https://doi.org/10.1021/cm402593f
Tl9.0Sb0.98Te6,385.0,133.0,40734.0,0.637,0.000720543726,0.4354934607692307,https://doi.org/10.1021/cm402593f
Tl9.0Sb0.98Te6,444.0,159.0,32455.0,0.586,0.000820494855,0.6295,https://doi.org/10.1021/cm402593f
Tl9.0Sb0.98Te6,503.0,177.0,27100.0,0.537,0.0008490158999999999,0.7952607033519553,https://doi.org/10.1021/cm402593f
Tl9.0Sb0.99Te6,325.0,122.0,44770.0,0.71,0.00066635668,0.30502242394366197,https://doi.org/10.1021/cm402593f
Tl9.0Sb1.0Te6,502.0,193.0,22636.0,0.5,0.000843168364,0.846541037456,https://doi.org/10.1021/cm402593f
Cu5Sn2Se7,300.0,21.3,662800.0,5.28,0.00030070573200000007,0.017085552954545457,https://doi.org/10.1021/cm501899q
Cu5Sn2Se7,400.0,26.34,500000.0,4.774,0.0003468978,0.029065588604943442,https://doi.org/10.1021/cm501899q
Cu5Sn2Se7,500.0,34.42,383900.0,4.304,0.0004548203039600001,0.052836931222118966,https://doi.org/10.1021/cm501899q
Cu5Sn2Se7,598.0,44.2,302200.0,3.856,0.0005903900080000001,0.09155944626141081,https://doi.org/10.1021/cm501899q
Cu5Sn2Se7,698.0,51.06,233635.0,3.314,0.0006091153222860001,0.12829284699928428,https://doi.org/10.1021/cm501899q
MgAgSb,300.0,172.18,49818.0,1.0656,0.0014769020566632002,0.41579449793445944,https://doi.org/10.1021/cm5041826
MgAgSb,350.0,188.36,40909.0,1.0,0.0014514304400464002,0.5080006540162401,https://doi.org/10.1021/cm5041826
MgAgSb,400.0,201.27,36364.0,0.9689,0.0014730915634956002,0.6081500932998659,https://doi.org/10.1021/cm5041826
MgAgSb,450.0,206.36,36909.0,0.9705,0.0015717494502864003,0.7287864529921485,https://doi.org/10.1021/cm5041826
MgAgSb,500.0,199.1,42000.0,1.01,0.00166491402,0.8242148613861385,https://doi.org/10.1021/cm5041826
MgAgSb,550.0,175.82,52000.0,1.0836,0.0016074589647999996,0.8158937159837578,https://doi.org/10.1021/cm5041826
MgAgSb0.985In0.015,300.0,148.9,90185.0,1.4246,0.00199951057385,0.4210677889618139,https://doi.org/10.1021/cm5041826
MgAgSb0.985In0.015,350.0,164.55,72072.0,1.2295,0.0019514721025800002,0.5555227620195201,https://doi.org/10.1021/cm5041826
MgAgSb0.985In0.015,400.0,178.36,65045.0,1.19,0.0020692303770320003,0.6955396225317647,https://doi.org/10.1021/cm5041826
MgAgSb0.985In0.015,450.0,186.18,67207.0,1.2754,0.0023295957302268,0.8219523903105378,https://doi.org/10.1021/cm5041826
MgAgSb0.985In0.015,500.0,183.09,77838.0,1.4492,0.0026092813962078,0.9002488946342119,https://doi.org/10.1021/cm5041826
MgAgSb0.985In0.015,550.0,165.45,96036.0,1.6732,0.0026288608932899995,0.8641366790040041,https://doi.org/10.1021/cm5041826
MgAgSb0.98In0.02,300.0,133.45,102583.0,1.4262,0.0021986,0.4589,https://doi.org/10.1021/cm5041826
MgAgSb0.98In0.02,350.0,146.0,81261.0,1.3426,0.001955,0.5068,https://doi.org/10.1021/cm5041826
MgAgSb0.98In0.02,400.0,160.73,68288.0,1.3082,0.001942,0.5918,https://doi.org/10.1021/cm5041826
MgAgSb0.98In0.02,450.0,175.09,64144.0,1.33607,0.002075,0.69589,https://doi.org/10.1021/cm5041826
MgAgSb0.98In0.02,500.0,175.27,71171.0,1.4468,0.0022945,0.7918,https://doi.org/10.1021/cm5041826
MgAgSb0.98In0.02,550.0,154.55,90450.0,1.6468,0.0022979,0.7658,https://doi.org/10.1021/cm5041826
MgAgSb0.995In0.005,300.0,163.1,64685.0,1.229,0.0017207251428499998,0.438,https://doi.org/10.1021/cm5041826
MgAgSb0.995In0.005,350.0,179.5,48545.0,1.095,0.00156413203625,0.516,https://doi.org/10.1021/cm5041826
MgAgSb0.995In0.005,400.0,195.45,41091.0,1.0279,0.0015697050664274998,0.638,https://doi.org/10.1021/cm5041826
MgAgSb0.995In0.005,450.0,204.9,41050.0,1.0164,0.0017234436105,0.8,https://doi.org/10.1021/cm5041826
MgAgSb0.995In0.005,500.0,202.36,46000.0,1.0459,0.0018836802016000001,0.941,https://doi.org/10.1021/cm5041826
MgAgSb0.995In0.005,550.0,182.73,54000.0,1.1148,0.0018030736566,0.9068,https://doi.org/10.1021/cm5041826
MgAgSb0.99In0.01,300.0,155.45,79820.0,1.146,0.0019288265535499997,0.5049284171596858,https://doi.org/10.1021/cm5041826
MgAgSb0.99In0.01,350.0,170.36,62523.0,0.9885,0.0018145756181808003,0.642490102542519,https://doi.org/10.1021/cm5041826
MgAgSb0.99In0.01,400.0,187.82,53273.0,0.9508,0.0018792771214051996,0.7906088016008412,https://doi.org/10.1021/cm5041826
MgAgSb0.99In0.01,450.0,200.72,51636.0,1.013,0.0020803379361024,0.933,https://doi.org/10.1021/cm5041826
MgAgSb0.99In0.01,500.0,202.73,57455.0,1.1508,0.0023613690663694996,1.0259684855620002,https://doi.org/10.1021/cm5041826
MgAgSb0.99In0.01,550.0,182.73,71091.0,1.352,0.0023737464689139,0.989,https://doi.org/10.1021/cm5041826
Rb7.88Au2.47Ge43.53,50.0,-4.242,94.88,1.344,1.70732423232e-09,6.35165265e-08,https://doi.org/10.1021/ic3024315
Rb7.88Au2.47Ge43.53,100.0,-6.11,196.23,1.583,7.3256779830000004e-09,4.6277182457359447e-07,https://doi.org/10.1021/ic3024315
Rb7.88Au2.47Ge43.53,150.0,-8.056,296.0,1.6923,1.9210144255999996e-08,1.7027250714412337e-06,https://doi.org/10.1021/ic3024315
Rb7.88Au2.47Ge43.53,200.0,-9.369,388.47,1.7692,3.4099182203670003e-08,3.854757201409677e-06,https://doi.org/10.1021/ic3024315
Rb7.88Au2.47Ge43.53,250.0,-11.14,471.0,1.8785,5.8450911600000003e-08,7.778934202821401e-06,https://doi.org/10.1021/ic3024315
Rb7.88Au2.47Ge43.53,300.0,-12.61,551.4,2.0769,8.767927193999998e-08,1.2664924446049395e-05,https://doi.org/10.1021/ic3024315
Cu2Zn0.2Fe0.8SnSe4,373.0,232.95,2645.0,1.7402,0.00014353278311249998,0.030765273015149117,https://doi.org/10.1021/ic402455x
Cu2Zn0.2Fe0.8SnSe4,473.0,238.15,2835.0,1.2756,0.0001607882227875,0.05962122089878292,https://doi.org/10.1021/ic402455x
Cu2Zn0.2Fe0.8SnSe4,573.0,245.38,3356.0,0.9331,0.00020206927180639996,0.12408712115000234,https://doi.org/10.1021/ic402455x
Cu2Zn0.2Fe0.8SnSe4,673.0,238.73,4134.0,0.7795,0.0002356049813286,0.20341520517530187,https://doi.org/10.1021/ic402455x
Cu2Zn0.2Fe0.8SnSe4,773.0,221.39,6210.0,0.6929,0.00030437403434099993,0.3395600065602439,https://doi.org/10.1021/ic402455x
Cu2Zn0.4Fe0.6SnSe4,373.0,215.9,3226.0,1.9213,0.00015037292506,0.02919330716045386,https://doi.org/10.1021/ic402455x
Cu2Zn0.4Fe0.6SnSe4,473.0,214.45,4302.0,1.4252,0.00019784382835499997,0.06566105165023506,https://doi.org/10.1021/ic402455x
Cu2Zn0.4Fe0.6SnSe4,573.0,220.81,5458.0,1.0591,0.0002661160121938,0.14397552165711208,https://doi.org/10.1021/ic402455x
Cu2Zn0.4Fe0.6SnSe4,673.0,231.2,6210.0,0.8583,0.0003319458624,0.2602814463418385,https://doi.org/10.1021/ic402455x
Cu2Zn0.4Fe0.6SnSe4,773.0,229.48,7136.0,0.7126,0.00037578939837439995,0.40764132043700696,https://doi.org/10.1021/ic402455x
Cu2Zn0.6Fe0.4SnSe4,373.0,263.87,86.92,2.488,6.052011600148001e-06,0.0009073152439128634,https://doi.org/10.1021/ic402455x
Cu2Zn0.6Fe0.4SnSe4,473.0,330.92,306.87,1.7598,3.3604734198768004e-05,0.00903229871349998,https://doi.org/10.1021/ic402455x
Cu2Zn0.6Fe0.4SnSe4,573.0,322.25,980.18,1.2835,0.00010178685336125,0.04544126760887904,https://doi.org/10.1021/ic402455x
Cu2Zn0.6Fe0.4SnSe4,673.0,299.13,2169.0,1.0276,0.00019407942371609996,0.12710729093123324,https://doi.org/10.1021/ic402455x
Cu2Zn0.6Fe0.4SnSe4,773.0,281.5,3670.0,0.8543,0.0002908190575,0.2631430778971088,https://doi.org/10.1021/ic402455x
Cu2Zn0.8Fe0.2SnSe4,373.0,281.03,26.67,2.5,2.1063395502029997e-06,0.0003142658608902876,https://doi.org/10.1021/ic402455x
Cu2Zn0.8Fe0.2SnSe4,473.0,360.12,155.35,1.539,2.014678447704e-05,0.006191961700870644,https://doi.org/10.1021/ic402455x
Cu2Zn0.8Fe0.2SnSe4,573.0,365.32,725.89,1.0394,9.6876337485136e-05,0.05340594706463626,https://doi.org/10.1021/ic402455x
Cu2Zn0.8Fe0.2SnSe4,673.0,339.37,1734.0,0.8071,0.00019970824262459998,0.166526635220364,https://doi.org/10.1021/ic402455x
Cu2Zn0.8Fe0.2SnSe4,773.0,313.22,2861.0,0.6693,0.0002806834643924,0.32417199757257614,https://doi.org/10.1021/ic402455x
CsNd2Ag3Te5,298.0,-32.57,83.82,0.5303,8.891666671799999e-08,4.996637126525363e-05,https://doi.org/10.1021/ic5007132
CsNd2Ag3Te5,385.0,32.87,126.5,0.4528,1.3667526785e-07,0.00011621019903323763,https://doi.org/10.1021/ic5007132
CsNd2Ag3Te5,462.0,135.78,195.6,0.3489,3.60612236304e-06,0.004775088941600688,https://doi.org/10.1021/ic5007132
CsNd2Ag3Te5,539.0,147.25,389.6,0.3112,8.44752635e-06,0.014631159070212082,https://doi.org/10.1021/ic5007132
CsNd2Ag3Te5,616.0,150.0,694.0,0.357,1.5615e-05,0.02694352941176471,https://doi.org/10.1021/ic5007132
CsNd2Ag3Te5,687.0,157.0,976.0,0.341,2.4057424e-05,0.048467596152492666,https://doi.org/10.1021/ic5007132
CsPr2Ag3Te5,298.0,-49.08,52.94,0.6466,1.2752432841599998e-07,5.8772424788072995e-05,https://doi.org/10.1021/ic5007132
CsPr2Ag3Te5,385.0,43.52,69.12,0.6545,1.3091261644800003e-07,7.700742144000002e-05,https://doi.org/10.1021/ic5007132
CsPr2Ag3Te5,462.0,133.94,98.53,0.6159,1.7676206723079999e-06,0.0013259307527298198,https://doi.org/10.1021/ic5007132
CsPr2Ag3Te5,539.0,141.74,169.0,0.523,3.3952484644000005e-06,0.003499118398301339,https://doi.org/10.1021/ic5007132
CsPr2Ag3Te5,616.0,156.42,434.0,0.439,1.0618771917599999e-05,0.014900144649753073,https://doi.org/10.1021/ic5007132
CsSm2Ag3Te5,298.0,-90.28,83.82,0.6625,6.831730994879999e-07,0.00030729899418479093,https://doi.org/10.1021/ic5007132
CsSm2Ag3Te5,385.0,58.8,88.24,0.6068,3.050845056e-07,0.00019356877827290703,https://doi.org/10.1021/ic5007132
CsSm2Ag3Te5,462.0,177.78,95.59,0.5213,3.021191577756e-06,0.0026775187203592404,https://doi.org/10.1021/ic5007132
CsSm2Ag3Te5,539.0,189.35,188.24,0.4827,6.7490482514e-06,0.007536227486025689,https://doi.org/10.1021/ic5007132
CsSm2Ag3Te5,616.0,197.69,358.52,0.4629,1.4011440618571999e-05,0.01864559823080655,https://doi.org/10.1021/ic5007132
CsTb2Ag3Te5,298.0,21.3,244.44,0.5337,1.1089998360000001e-07,6.192279391568297e-05,https://doi.org/10.1021/ic5007132
CsTb2Ag3Te5,385.0,61.93,272.59,0.5079,1.045471214491e-06,0.0007924914699331265,https://doi.org/10.1021/ic5007132
CsTb2Ag3Te5,462.0,115.6,281.5,0.405,3.7617858399999996e-06,0.004291222365629629,https://doi.org/10.1021/ic5007132
CsTb2Ag3Te5,539.0,173.7,345.2,0.375,1.0415267387999997e-05,0.014970210992351999,https://doi.org/10.1021/ic5007132
CsTb2Ag3Te5,616.0,179.0,473.3,0.403,1.51650053e-05,0.023180256240198514,https://doi.org/10.1021/ic5007132
CsTb2Ag3Te5,687.0,192.6,621.0,0.384,2.3035845959999997e-05,0.04121256816281249,https://doi.org/10.1021/ic5007132
Ag0.94CuSe,298.0,-88.54,196825.0,1.667,0.0015875,0.28378824235152966,https://doi.org/10.1021/ic502102e
Ag0.94CuSe,391.0,-14.65,59903.0,1.881,1.28565316175e-05,0.002672463510070441,https://doi.org/10.1021/ic502102e
Ag0.94CuSe,470.0,112.1,44930.0,1.241,0.0005646088013,0.257,https://doi.org/10.1021/ic502102e
Ag0.94CuSe,479.0,208.28,16210.0,0.563,0.000703198851664,0.6136,https://doi.org/10.1021/ic502102e
Ag0.94CuSe,549.0,202.6,20065.0,0.616,0.0008236032393999998,0.7340230169327921,https://doi.org/10.1021/ic502102e
Ag0.94CuSe,625.0,212.1,17589.0,0.593,0.0007912659654899999,0.8339649720594434,https://doi.org/10.1021/ic502102e
Ag0.94CuSe,694.0,220.4,14221.0,0.5988,0.0007781,0.87,https://doi.org/10.1021/ic502102e
Ag0.97CuSe,298.0,-98.1,179710.0,1.4647,0.0017294589530999997,0.3518664354637809,https://doi.org/10.1021/ic502102e
Ag0.97CuSe,391.0,-30.57,59903.0,2.1163,5.59808450847e-05,0.010342820218361151,https://doi.org/10.1021/ic502102e
Ag0.97CuSe,468.0,89.17,43509.0,1.67,0.0003459526287501,0.07,https://doi.org/10.1021/ic502102e
Ag0.97CuSe,479.0,190.44,14569.0,0.632,0.0005283796573584,0.4004649618270151,https://doi.org/10.1021/ic502102e
Ag0.97CuSe,557.0,204.46,15597.0,0.564,0.0006520152972852,0.6439229088437172,https://doi.org/10.1021/ic502102e
Ag0.97CuSe,629.0,211.5,14000.0,0.5698,0.0006262515,0.6913165909090909,https://doi.org/10.1021/ic502102e
AgCuSe,298.0,-74.56,89860.0,1.6607,0.000499549136896,0.08964029794364305,https://doi.org/10.1021/ic502102e
AgCuSe,382.0,-26.75,55856.0,1.9464,3.9968458999999996e-05,0.007844200235306206,https://doi.org/10.1021/ic502102e
AgCuSe,479.0,206.37,11232.0,0.483,0.0004783548957408,0.4743933645131329,https://doi.org/10.1021/ic502102e
AgCuSe,549.0,215.92,11513.0,0.5,0.0005367527124032,0.5893544782187135,https://doi.org/10.1021/ic502102e
AgCuSe,621.0,226.0,10130.0,0.53,0.00051,0.6062364631698113,https://doi.org/10.1021/ic502102e
AgCuSe,694.0,230.5,9100.0,0.529,0.000483485275,0.607,https://doi.org/10.1021/ic502102e
Ti0.95Al0.05O2,296.0,-238.95,2104.0,5.67,0.00012013230365999998,0.006271457122285713,https://doi.org/10.1021/jp302652c
Ti0.96Al0.04O2,296.0,-282.2,2112.0,5.72,0.00016819300607999997,0.008703694020923077,https://doi.org/10.1021/jp302652c
Ti0.97Al0.03O2,296.0,-322.67,2077.0,5.812,0.00021624878432530004,0.011013358596057949,https://doi.org/10.1021/jp302652c
Ti0.98Al0.02O2,296.0,-376.0,1990.0,5.875,0.00028133823999999997,0.01417465856,https://doi.org/10.1021/jp302652c
Ti0.995Al0.005O2,296.0,-439.53,1172.0,7.0,0.0002264147196948,0.0095741081470944,https://doi.org/10.1021/jp302652c
Ti0.99Al0.01O2,296.0,-414.77,1699.5,6.2376,0.00029237204285354997,0.013874266494268754,https://doi.org/10.1021/jp302652c
TiO2,296.0,-461.86,388.0,6.3015,8.276608792480001e-05,0.0038877667262938666,https://doi.org/10.1021/jp302652c
Ta0.84Ti0.16FeSb,304.0,105.0,409100.0,5.493,0.00452,0.24961579464773345,https://doi.org/10.1038/s41467-018-08223-5
Ta0.84Ti0.16FeSb,370.0,118.4,339300.0,5.168,0.00477,0.342,https://doi.org/10.1038/s41467-018-08223-5
Ta0.84Ti0.16FeSb,470.0,142.0,258200.0,4.74,0.0052063448,0.5162409400843881,https://doi.org/10.1038/s41467-018-08223-5
Ta0.84Ti0.16FeSb,570.0,165.5,202600.0,4.4,0.00554926465,0.7188820114772727,https://doi.org/10.1038/s41467-018-08223-5
Ta0.84Ti0.16FeSb,670.0,183.6,162953.0,4.135,0.00549297615888,0.8900348310639903,https://doi.org/10.1038/s41467-018-08223-5
Ta0.84Ti0.16FeSb,770.0,200.0,135000.0,3.913,0.0054,1.0647,https://doi.org/10.1038/s41467-018-08223-5
Ta0.84Ti0.16FeSb,870.0,212.7,114485.0,3.69,0.005179449085649999,1.2211709226329268,https://doi.org/10.1038/s41467-018-08223-5
Ta0.84Ti0.16FeSb,970.0,224.0,100700.0,3.522,0.0050527231999999995,1.3915790755252697,https://doi.org/10.1038/s41467-018-08223-5
Ta0.88Ti0.12FeSb,304.0,111.4,401150.0,5.977,0.005,0.25320221817232724,https://doi.org/10.1038/s41467-018-08223-5
Ta0.88Ti0.12FeSb,370.0,125.4,325500.0,5.45,0.00514,0.348,https://doi.org/10.1038/s41467-018-08223-5
Ta0.88Ti0.12FeSb,470.0,148.4,244011.0,4.95,0.00537374688816,0.513,https://doi.org/10.1038/s41467-018-08223-5
Ta0.88Ti0.12FeSb,570.0,172.0,185933.0,4.604,0.005500641872,0.6810090936229366,https://doi.org/10.1038/s41467-018-08223-5
Ta0.88Ti0.12FeSb,670.0,191.1,146657.0,4.31,0.00535579778097,0.836,https://doi.org/10.1038/s41467-018-08223-5
Ta0.88Ti0.12FeSb,770.0,206.7,119498.0,4.07,0.005105538905219999,0.968,https://doi.org/10.1038/s41467-018-08223-5
Ta0.88Ti0.12FeSb,870.0,220.0,100200.0,3.828,0.00484968,1.1022,https://doi.org/10.1038/s41467-018-08223-5
Ta0.88Ti0.12FeSb,970.0,231.0,86500.0,3.6575,0.00462,1.2241297894736842,https://doi.org/10.1038/s41467-018-08223-5
Ta0.92Ti0.08FeSb,304.0,135.0,277000.0,6.62,0.005048325,0.23182640483383685,https://doi.org/10.1038/s41467-018-08223-5
Ta0.92Ti0.08FeSb,370.0,150.0,234400.0,5.985,0.005274,0.331,https://doi.org/10.1038/s41467-018-08223-5
Ta0.92Ti0.08FeSb,470.0,174.2,182600.0,5.465,0.005541113863999999,0.4785,https://doi.org/10.1038/s41467-018-08223-5
Ta0.92Ti0.08FeSb,570.0,194.8,144600.0,5.05,0.005487141984,0.627,https://doi.org/10.1038/s41467-018-08223-5
Ta0.92Ti0.08FeSb,670.0,213.3,115950.0,4.708,0.005276,0.752,https://doi.org/10.1038/s41467-018-08223-5
Ta0.92Ti0.08FeSb,770.0,230.6,95550.0,4.45,0.005081001198,0.883,https://doi.org/10.1038/s41467-018-08223-5
Ta0.92Ti0.08FeSb,870.0,246.0,80100.0,4.18,0.004843,1.0088943760765552,https://doi.org/10.1038/s41467-018-08223-5
Ta0.92Ti0.08FeSb,970.0,258.0,69750.0,3.95,0.004622,1.1401402101265823,https://doi.org/10.1038/s41467-018-08223-5
Ta0.94Ti0.06FeSb,570.0,202.4,116800.0,5.03,0.00482,0.544,https://doi.org/10.1038/s41467-018-08223-5
Ta0.94Ti0.06FeSb,670.0,222.4,93500.0,4.667,0.00468,0.669,https://doi.org/10.1038/s41467-018-08223-5
Ta0.94Ti0.06FeSb,770.0,240.3,76500.0,4.365,0.00448,0.785,https://doi.org/10.1038/s41467-018-08223-5
Ta0.96Ti0.04FeSb,304.0,178.5,77700.0,6.92,0.002475696825,0.10875893566473988,https://doi.org/10.1038/s41467-018-08223-5
Ta0.96Ti0.04FeSb,370.0,194.48,80100.0,6.365,0.003,0.178,https://doi.org/10.1038/s41467-018-08223-5
Ta0.96Ti0.04FeSb,470.0,220.8,76039.0,5.703,0.0037071019929600007,0.3075,https://doi.org/10.1038/s41467-018-08223-5
Ta0.96Ti0.04FeSb,570.0,245.6,67300.0,5.195,0.004059492928,0.45,https://doi.org/10.1038/s41467-018-08223-5
Ta0.96Ti0.04FeSb,670.0,262.7,56925.0,4.82,0.00392846768325,0.546073308667531,https://doi.org/10.1038/s41467-018-08223-5
Ta0.96Ti0.04FeSb,970.0,299.0,36100.0,3.845,0.0032273761,0.8141885089726918,https://doi.org/10.1038/s41467-018-08223-5
Ta0.98Ti0.02FeSb,304.0,181.8,43600.0,8.52,0.001417,0.05141717787042255,https://doi.org/10.1038/s41467-018-08223-5
Ta0.98Ti0.02FeSb,370.0,207.6,49000.0,7.725,0.0021117902399999996,0.1011472347961165,https://doi.org/10.1038/s41467-018-08223-5
Ta0.98Ti0.02FeSb,470.0,237.0,51500.0,6.8045,0.002879,0.1998046359027114,https://doi.org/10.1038/s41467-018-08223-5
Ta0.98Ti0.02FeSb,570.0,263.0,46900.0,6.133,0.00322,0.30149924620903307,https://doi.org/10.1038/s41467-018-08223-5
Ta0.98Ti0.02FeSb,670.0,278.0,40700.0,5.593,0.00309848,0.375,https://doi.org/10.1038/s41467-018-08223-5
Ta0.98Ti0.02FeSb,770.0,298.0,34000.0,5.14,0.0030076,0.4523129805447471,https://doi.org/10.1038/s41467-018-08223-5
Ta0.98Ti0.02FeSb,870.0,305.5,29250.0,4.717,0.0027299098125,0.503,https://doi.org/10.1038/s41467-018-08223-5
Ta0.98Ti0.02FeSb,970.0,319.0,25300.0,4.38,0.0025745533,0.566,https://doi.org/10.1038/s41467-018-08223-5
TaFeSb,670.0,69.48,2908.0,5.475,1.4038283923199999e-05,0.0017179269823824658,https://doi.org/10.1038/s41467-018-08223-5
TaFeSb,770.0,98.0,3324.0,5.018,3.1923695999999996e-05,0.004898614172977283,https://doi.org/10.1038/s41467-018-08223-5
TaFeSb,870.0,114.3,4155.0,4.644,5.428295594999999e-05,0.010169287613372092,https://doi.org/10.1038/s41467-018-08223-5
TaFeSb,970.0,117.86,5817.0,4.4566,8.080382833320001e-05,0.01758733417475295,https://doi.org/10.1038/s41467-018-08223-5
Ca3Co2O6,373.0,227.0,17.0,7.43,8.75993e-07,4.397649919246299e-05,https://doi.org/10.1063/1.1622115
Ca3Co2O6,473.0,213.6,111.0,6.71,5.064370559999999e-06,0.0003569966132459016,https://doi.org/10.1063/1.1622115
Ca3Co2O6,573.0,174.0,630.0,6.0,1.907388e-05,0.0018215555399999999,https://doi.org/10.1063/1.1622115
Ca3Co2O6,673.0,157.0,2000.0,5.33,4.9298e-05,0.006224681801125704,https://doi.org/10.1063/1.1622115
Ca3Co2O6,773.0,146.0,4570.0,4.64,9.741412e-05,0.01622868852586207,https://doi.org/10.1063/1.1622115
Ca3Co2O6,873.0,142.0,8100.0,3.87,0.0001633284,0.03684384837209302,https://doi.org/10.1063/1.1622115
Ca3Co2O6,973.0,149.0,11111.0,3.17,0.00024667531099999997,0.0757145355214511,https://doi.org/10.1063/1.1622115
Ca3Co2O6,1073.0,160.0,13500.0,2.442,0.0003456,0.15185454545454544,https://doi.org/10.1063/1.1622115
Tl2GeTe3,323.0,201.0,2850.0,0.311,0.00011514285,0.117,https://doi.org/10.1063/1.2181427
Tl2GeTe3,373.0,212.0,3350.0,0.297,0.0001556,0.1916,https://doi.org/10.1063/1.2181427
Tl2GeTe3,423.0,227.5,3200.0,0.29,0.00016562,0.24157675862068967,https://doi.org/10.1063/1.2181427
Tl2GeTe3,473.0,234.5,3030.0,0.27,0.0001635,0.2918943570277777,https://doi.org/10.1063/1.2181427
Tl4PbTe3,373.0,46.53,53500.0,1.025,0.00011,0.04215070602921951,https://doi.org/10.1063/1.2181427
Tl4PbTe3,323.0,52.0,81800.0,1.2,0.00017,0.0609,https://doi.org/10.1063/1.2181427
Tl4PbTe3,423.0,67.0,39900.0,0.823,0.000175,0.0876,https://doi.org/10.1063/1.2181427
Tl4PbTe3,473.0,95.0,27500.0,0.73,0.0002481875,0.156,https://doi.org/10.1063/1.2181427
Tl4PbTe3,523.0,130.0,19900.0,0.634,0.000327,0.269,https://doi.org/10.1063/1.2181427
Tl4PbTe3,573.0,166.0,14500.0,0.545,0.000409,0.426,https://doi.org/10.1063/1.2181427
Tl4PbTe3,623.0,204.2,11200.0,0.521,0.0004670135679999999,0.5584442473397312,https://doi.org/10.1063/1.2181427
Tl4PbTe3,673.0,234.5,9800.0,0.494,0.000523,0.718,https://doi.org/10.1063/1.2181427
Tl4SnTe3,323.0,126.0,28700.0,0.52,0.00045564119999999997,0.272,https://doi.org/10.1063/1.2181427
Tl4SnTe3,373.0,124.3,23700.0,0.464,0.0003635,0.286,https://doi.org/10.1063/1.2181427
Tl4SnTe3,423.0,145.0,20000.0,0.448,0.0004205,0.39,https://doi.org/10.1063/1.2181427
Tl4SnTe3,473.0,160.0,18200.0,0.45,0.0004635,0.48,https://doi.org/10.1063/1.2181427
Tl4SnTe3,523.0,175.0,16400.0,0.47,0.000492,0.546,https://doi.org/10.1063/1.2181427
Tl4SnTe3,623.0,200.0,13000.0,0.49,0.000536,0.667,https://doi.org/10.1063/1.2181427
Tl4SnTe3,673.0,212.0,12450.0,0.5,0.0005524,0.74,https://doi.org/10.1063/1.2181427
Ba0.03Co4Sb12,300.0,-219.66,39900.0,5.4135,0.0019251955724400001,0.10668858810972569,https://doi.org/10.1063/1.2920210
Ba0.03Co4Sb12,400.0,-244.3,34000.0,4.753,0.00202920466,0.167,https://doi.org/10.1063/1.2920210
Ba0.03Co4Sb12,500.0,-244.14,27660.0,4.075,0.0016486560333359996,0.20228908384490793,https://doi.org/10.1063/1.2920210
Ba0.03Co4Sb12,800.0,-161.4,37234.0,3.83,0.00096994421064,0.204,https://doi.org/10.1063/1.2920210
Ba0.03Co4Sb12,700.0,-184.83,32978.0,3.729,0.0011265986868642,0.21148272480690267,https://doi.org/10.1063/1.2920210
Ba0.03Co4Sb12,600.0,-215.17,29787.0,3.714,0.0013790823655443,0.22279198150957993,https://doi.org/10.1063/1.2920210
Ba0.05Yb0.09Co4Sb12,300.0,-157.5,112400.0,2.814,0.0027882225,0.29,https://doi.org/10.1063/1.2920210
Ba0.05Yb0.09Co4Sb12,400.0,-186.0,100000.0,2.75,0.0034595999999999997,0.51,https://doi.org/10.1063/1.2920210
Ba0.05Yb0.09Co4Sb12,600.0,-225.86,82600.0,2.47,0.00421365229096,1.0235592609619433,https://doi.org/10.1063/1.2920210
Ba0.05Yb0.09Co4Sb12,800.0,-235.5,78191.0,2.59,0.0043364924077499995,1.28,https://doi.org/10.1063/1.2920210
Ba0.08Yb0.09Co4Sb12,300.0,-126.2,206600.0,2.51,0.0032904025039999997,0.38,https://doi.org/10.1063/1.2920210
Ba0.08Yb0.09Co4Sb12,400.0,-145.0,172340.0,2.53,0.0036234484999999998,0.57,https://doi.org/10.1063/1.2920210
Ba0.08Yb0.09Co4Sb12,600.0,-175.5,138000.0,2.45,0.0042504345,1.03,https://doi.org/10.1063/1.2920210
Ba0.08Yb0.09Co4Sb12,700.0,-184.0,122000.0,2.41,0.004130432,1.1997105394190868,https://doi.org/10.1063/1.2920210
Ba0.08Yb0.09Co4Sb12,800.0,-191.38,114400.0,2.466,0.00419004922336,1.3,https://doi.org/10.1063/1.2920210
Ba0.11Yb0.03Co4Sb12,300.0,-114.8,178700.0,3.203,0.002355094448,0.215,https://doi.org/10.1063/1.2920210
Ba0.11Yb0.03Co4Sb12,400.0,-136.55,150000.0,3.278,0.0027968853750000005,0.3412916870042709,https://doi.org/10.1063/1.2920210
Ba0.11Yb0.03Co4Sb12,500.0,-153.7,130800.0,3.234,0.0030899786519999993,0.4777332486085343,https://doi.org/10.1063/1.2920210
Ba0.11Yb0.03Co4Sb12,600.0,-166.9,119000.0,3.113,0.00331481759,0.634,https://doi.org/10.1063/1.2920210
Ba0.11Yb0.03Co4Sb12,700.0,-175.5,111170.0,3.038,0.0034240637925,0.78,https://doi.org/10.1063/1.2920210
Ba0.11Yb0.08Co4Sb12,300.0,-107.0,211500.0,2.38,0.0024214634999999997,0.3,https://doi.org/10.1063/1.2920210
Ba0.11Yb0.08Co4Sb12,400.0,-127.0,177300.0,2.42,0.0028596717,0.47267300826446285,https://doi.org/10.1063/1.2920210
Ba0.11Yb0.08Co4Sb12,500.0,-144.5,154000.0,2.39,0.0032155585,0.6727109832635982,https://doi.org/10.1063/1.2920210
Ba0.11Yb0.08Co4Sb12,600.0,-159.0,135100.0,2.346,0.0034154631,0.864,https://doi.org/10.1063/1.2920210
Ba0.11Yb0.08Co4Sb12,700.0,-167.93,123404.0,2.316,0.0034800526385996003,1.0518293812693091,https://doi.org/10.1063/1.2920210
Ba0.11Yb0.08Co4Sb12,800.0,-178.62,112600.0,2.32,0.00359251475544,1.2387981915310347,https://doi.org/10.1063/1.2920210
Ba0.15Yb0.01Co4Sb12,300.0,-125.1,179700.0,4.35,0.0028123067969999995,0.1939521928965517,https://doi.org/10.1063/1.2920210
Ba0.15Yb0.01Co4Sb12,400.0,-146.2,144000.0,4.04,0.0030779193599999996,0.3185,https://doi.org/10.1063/1.2920210
Ba0.15Yb0.01Co4Sb12,500.0,-165.0,127500.0,3.82,0.0034711875,0.445,https://doi.org/10.1063/1.2920210
Ba0.15Yb0.01Co4Sb12,600.0,-179.0,113000.0,3.624,0.003620633,0.5994425496688741,https://doi.org/10.1063/1.2920210
Ba0.15Yb0.01Co4Sb12,800.0,-190.34,100000.0,3.549,0.0036229315599999997,0.822,https://doi.org/10.1063/1.2920210
Ag3.4Mo9Se11,350.0,71.0,58000.0,1.26,0.000292378,0.0804,https://doi.org/10.1063/1.3579261
Ag3.4Mo9Se11,447.0,87.0,48800.0,1.225,0.0003693672,0.13478133746938775,https://doi.org/10.1063/1.3579261
Ag3.4Mo9Se11,547.0,104.4,41950.0,1.2,0.000457228152,0.2053,https://doi.org/10.1063/1.3579261
Ag3.4Mo9Se11,645.0,119.6,36750.0,1.155,0.00052567788,0.287,https://doi.org/10.1063/1.3579261
Ag3.4Mo9Se11,743.0,132.9,33250.0,1.124,0.0005872751325,0.3785,https://doi.org/10.1063/1.3579261
Ag3.5Mo9Se11,350.0,69.75,57600.0,1.22,0.0002802276,0.08039316393442622,https://doi.org/10.1063/1.3579261
Ag3.5Mo9Se11,447.0,89.6,48100.0,1.18,0.00038615449599999996,0.14628055907796605,https://doi.org/10.1063/1.3579261
Ag3.5Mo9Se11,547.0,107.6,41500.0,1.15,0.00048047703999999994,0.2265,https://doi.org/10.1063/1.3579261
Ag3.5Mo9Se11,645.0,123.7,36400.0,1.124,0.000556981516,0.3196201759964412,https://doi.org/10.1063/1.3579261
Ag3.5Mo9Se11,743.0,138.6,32300.0,1.1,0.000620481708,0.41910719003999997,https://doi.org/10.1063/1.3579261
Ag3.7Mo9Se11,350.0,74.0,55400.0,1.1804,0.0003033704,0.08995225347339886,https://doi.org/10.1063/1.3579261
Ag3.7Mo9Se11,447.0,93.6,47100.0,1.162,0.00041264121599999995,0.15873547637865748,https://doi.org/10.1063/1.3579261
Ag3.7Mo9Se11,547.0,112.5,40700.0,1.144,0.0005151093749999999,0.245,https://doi.org/10.1063/1.3579261
Ag3.7Mo9Se11,645.0,128.0,35967.0,1.128,0.000589283328,0.3369572221276596,https://doi.org/10.1063/1.3579261
Ag3.7Mo9Se11,743.0,143.8,31700.0,1.109,0.0006555065480000001,0.4391716547917043,https://doi.org/10.1063/1.3579261
Ag3.8Mo9Se11,350.0,92.4,35800.0,0.8527,0.000305651808,0.125,https://doi.org/10.1063/1.3579261
Ag3.8Mo9Se11,447.0,118.0,30300.0,0.84,0.0004218972,0.2226,https://doi.org/10.1063/1.3579261
Ag3.8Mo9Se11,547.0,138.5,25900.0,0.82,0.000496820275,0.3314154761280488,https://doi.org/10.1063/1.3579261
Ag3.8Mo9Se11,645.0,157.5,22700.0,0.8,0.000563101875,0.45400088671875,https://doi.org/10.1063/1.3579261
Ag3.8Mo9Se11,743.0,171.5,20400.0,0.784,0.0006000099,0.5686318312499999,https://doi.org/10.1063/1.3579261
Ag3.9Mo9Se11,350.0,98.0,30250.0,0.78,0.000290521,0.13036198717948716,https://doi.org/10.1063/1.3579261
Ag3.9Mo9Se11,447.0,124.6,25285.0,0.77,0.0003925536706,0.22788505293272723,https://doi.org/10.1063/1.3579261
Ag3.9Mo9Se11,547.0,146.6,21556.0,0.76,0.00046327206735999993,0.3334339747972631,https://doi.org/10.1063/1.3579261
Ag3.9Mo9Se11,645.0,166.1,18600.0,0.75,0.000513159306,0.44131700316,https://doi.org/10.1063/1.3579261
Ag3.9Mo9Se11,743.0,181.6,16500.0,0.74,0.00054414624,0.5463522382702702,https://doi.org/10.1063/1.3579261
BaDyCo4O7,368.0,142.9,77.0,0.613,1.502e-06,0.0008,https://doi.org/10.1063/1.3663526
BaErCo4O7,368.0,132.0,94.0,0.624,1.6e-06,0.0009,https://doi.org/10.1063/1.3663526
BaHoCo4O7,368.0,134.0,87.0,0.58,1.5e-06,0.00087,https://doi.org/10.1063/1.3663526
BaLuCo4O7,368.0,128.0,99.0,0.59,1.6e-06,0.0010116981152542375,https://doi.org/10.1063/1.3663526
BaTmCo4O7,368.0,130.0,108.0,0.5567,1.75e-06,0.00113,https://doi.org/10.1063/1.3663526
In0.005Pb0.995Te0.994I0.006,378.0,-153.2,81875.0,1.882,0.0019216258999999998,0.375,https://doi.org/10.1063/1.3694742
In0.005Pb0.995Te0.994I0.006,428.0,-160.2,72200.0,1.8,0.001852,0.4405888324799999,https://doi.org/10.1063/1.3694742
In0.005Pb0.995Te0.994I0.006,481.0,-166.0,62900.0,1.703,0.0017332724,0.486,https://doi.org/10.1063/1.3694742
In0.005Pb0.995Te0.994I0.006,533.0,-164.0,55300.0,1.593,0.0014873488,0.49765028901443814,https://doi.org/10.1063/1.3694742
In0.005Pb0.995Te0.994I0.006,585.0,-162.0,49048.0,1.4935,0.001287215712,0.5041989899698693,https://doi.org/10.1063/1.3694742
In0.005Pb0.995Te0.994I0.006,637.0,-162.3,44450.0,1.421,0.0011708703405000002,0.5248729112586208,https://doi.org/10.1063/1.3694742
In0.005Pb0.995Te0.994I0.006,663.0,-162.2,43010.0,1.413,0.0011315432083999998,0.528,https://doi.org/10.1063/1.3694742
In0.005Pb0.995Te0.996I0.004,378.0,-191.02,49400.0,1.828,0.001805,0.38,https://doi.org/10.1063/1.3694742
In0.005Pb0.995Te0.996I0.004,428.0,-200.0,42700.0,1.756,0.0017079999999999999,0.4163006833712984,https://doi.org/10.1063/1.3694742
In0.005Pb0.995Te0.996I0.004,481.0,-207.4,37350.0,1.636,0.001606601286,0.4723564905660147,https://doi.org/10.1063/1.3694742
In0.005Pb0.995Te0.996I0.004,533.0,-208.9,34000.0,1.548,0.00148373314,0.5108719403229974,https://doi.org/10.1063/1.3694742
In0.005Pb0.995Te0.996I0.004,585.0,-207.8,31410.0,1.48,0.001357,0.5361090931581082,https://doi.org/10.1063/1.3694742
In0.005Pb0.995Te0.996I0.004,663.0,-203.2,28100.0,1.425,0.001160255744,0.5398242514189473,https://doi.org/10.1063/1.3694742
In0.005Pb0.995Te0.996I0.004,637.0,-207.42,28900.0,1.434,0.0012433663299599997,0.543,https://doi.org/10.1063/1.3694742
In0.005Pb0.995Te0.998I0.002,378.0,-222.0,33594.0,1.644,0.001655646696,0.382,https://doi.org/10.1063/1.3694742
In0.005Pb0.995Te0.998I0.002,428.0,-231.5,28100.0,1.53,0.0015059422249999999,0.4212701126143791,https://doi.org/10.1063/1.3694742
In0.005Pb0.995Te0.998I0.002,481.0,-239.0,23968.0,1.45,0.001369076128,0.45,https://doi.org/10.1063/1.3694742
In0.005Pb0.995Te0.998I0.002,533.0,-238.2,21550.0,1.35,0.001222730622,0.4827521640933333,https://doi.org/10.1063/1.3694742
In0.005Pb0.995Te0.998I0.002,585.0,-237.95,19841.0,1.3067,0.0011234014378024998,0.5,https://doi.org/10.1063/1.3694742
In0.005Pb0.995Te0.998I0.002,637.0,-233.5,18260.0,1.2747,0.000995576285,0.5,https://doi.org/10.1063/1.3694742
In0.005Pb0.995Te0.998I0.002,663.0,-231.0,17936.0,1.2693,0.0009570828959999999,0.5,https://doi.org/10.1063/1.3694742
In0.005Pb0.995Te0.999I0.001,378.0,-254.72,23016.0,1.7342,0.0014933305196544,0.322,https://doi.org/10.1063/1.3694742
In0.005Pb0.995Te0.999I0.001,428.0,-260.7,18890.0,1.6,0.0012838492161,0.34342966530674995,https://doi.org/10.1063/1.3694742
In0.005Pb0.995Te0.999I0.001,663.0,-255.0,11770.0,1.373,0.00076534425,0.366,https://doi.org/10.1063/1.3694742
In0.005Pb0.995Te0.999I0.001,481.0,-268.5,16000.0,1.473,0.001153476,0.37666120570264766,https://doi.org/10.1063/1.3694742
In0.005Pb0.995Te0.999I0.001,637.0,-260.7,12000.0,1.36,0.0008155738799999998,0.38200041291176456,https://doi.org/10.1063/1.3694742
In0.005Pb0.995Te0.999I0.001,533.0,-269.4,14150.0,1.38,0.00103247,0.4,https://doi.org/10.1063/1.3694742
In0.005Pb0.995Te0.999I0.001,585.0,-269.0,13050.0,1.35,0.00094431105,0.405,https://doi.org/10.1063/1.3694742
In0.015Pb0.985Te0.994I0.006,378.0,-201.6,30470.0,1.735,0.001256,0.2698024136078386,https://doi.org/10.1063/1.3694742
In0.015Pb0.985Te0.994I0.006,428.0,-212.5,27700.0,1.592,0.001250828125,0.3362779130025126,https://doi.org/10.1063/1.3694742
In0.015Pb0.985Te0.994I0.006,481.0,-219.5,25300.0,1.515,0.001218960325,0.389,https://doi.org/10.1063/1.3694742
In0.015Pb0.985Te0.994I0.006,533.0,-220.1,24200.0,1.44,0.0011723450419999998,0.437,https://doi.org/10.1063/1.3694742
In0.015Pb0.985Te0.994I0.006,637.0,-219.5,22800.0,1.359,0.001003,0.5149011618101546,https://doi.org/10.1063/1.3694742
In0.015Pb0.985Te0.996I0.004,481.0,-230.45,20780.0,1.4,0.0011035676679499997,0.37915432020282136,https://doi.org/10.1063/1.3694742
In0.015Pb0.985Te0.996I0.004,533.0,-231.3,20100.0,1.33,0.001075343769,0.43094603674962406,https://doi.org/10.1063/1.3694742
In0.015Pb0.985Te0.996I0.004,585.0,-230.4,19900.0,1.293,0.001056374784,0.474,https://doi.org/10.1063/1.3694742
In0.015Pb0.985Te0.996I0.004,637.0,-225.39,19800.0,1.262,0.0010058529115799999,0.51,https://doi.org/10.1063/1.3694742
In0.015Pb0.985Te0.996I0.004,663.0,-225.78,19688.0,1.259,0.0010036274661791998,0.5285186736114452,https://doi.org/10.1063/1.3694742
In0.015Pb0.985Te0.998I0.002,378.0,-209.0,19730.0,1.68,0.00086182613,0.192,https://doi.org/10.1063/1.3694742
In0.015Pb0.985Te0.998I0.002,533.0,-235.5,15900.0,1.43,0.000881817975,0.3263,https://doi.org/10.1063/1.3694742
In0.015Pb0.985Te0.998I0.002,585.0,-238.6,15780.0,1.39,0.000895,0.365,https://doi.org/10.1063/1.3694742
In0.015Pb0.985Te0.998I0.002,637.0,-232.8,15750.0,1.355,0.000852,0.403,https://doi.org/10.1063/1.3694742
In0.015Pb0.985Te0.998I0.002,663.0,-233.2,15703.0,1.3538,0.0008539643147199999,0.4182141680154823,https://doi.org/10.1063/1.3694742
In0.015Pb0.985Te0.998I0.002,585.0,-235.0,13250.0,1.393,0.00073173125,0.301,https://doi.org/10.1063/1.3694742
In0.01Pb0.99Te0.994I0.006,378.0,-179.2,57900.0,1.774,0.0018593218559999998,0.3961801925411499,https://doi.org/10.1063/1.3694742
In0.01Pb0.99Te0.994I0.006,428.0,-186.51,49000.0,1.657,0.0017045130248999995,0.4402725254418828,https://doi.org/10.1063/1.3694742
In0.01Pb0.99Te0.994I0.006,481.0,-192.5,42100.0,1.561,0.001560068125,0.48071285594170404,https://doi.org/10.1063/1.3694742
In0.01Pb0.99Te0.994I0.006,533.0,-195.24,37970.0,1.49,0.0014473654290720003,0.5177488414062927,https://doi.org/10.1063/1.3694742
In0.01Pb0.99Te0.994I0.006,585.0,-200.0,34600.0,1.42,0.001384,0.563,https://doi.org/10.1063/1.3694742
In0.01Pb0.99Te0.994I0.006,663.0,-201.6,30625.0,1.366,0.0012446784,0.59,https://doi.org/10.1063/1.3694742
In0.01Pb0.99Te0.994I0.006,637.0,-202.0,31406.0,1.376,0.001281490424,0.5932481105290698,https://doi.org/10.1063/1.3694742
In0.01Pb0.99Te0.996I0.004,378.0,-202.0,40625.0,1.644,0.001669,0.3811413777372263,https://doi.org/10.1063/1.3694742
In0.01Pb0.99Te0.996I0.004,428.0,-210.55,35200.0,1.5766,0.001568,0.42361897180261326,https://doi.org/10.1063/1.3694742
In0.01Pb0.99Te0.998I0.002,428.0,-238.7,23350.0,1.61,0.001336,0.3536792784608695,https://doi.org/10.1063/1.3694742
In0.01Pb0.99Te0.998I0.002,481.0,-253.0,20500.0,1.512,0.0013121845,0.4174343548280423,https://doi.org/10.1063/1.3694742
In0.01Pb0.99Te0.998I0.002,533.0,-259.0,19100.0,1.44,0.0012812471,0.471,https://doi.org/10.1063/1.3694742
In0.01Pb0.99Te0.998I0.002,585.0,-256.0,18125.0,1.3844,0.00118784,0.497,https://doi.org/10.1063/1.3694742
In0.01Pb0.99Te0.998I0.002,637.0,-251.0,17000.0,1.356,0.00115,0.5031252426253687,https://doi.org/10.1063/1.3694742
In0.01Pb0.99Te0.998I0.002,663.0,-247.7,16984.0,1.3455,0.00105,0.511,https://doi.org/10.1063/1.3694742
In0.01Pb0.99Te0.999I0.001,533.0,-224.3,15560.0,1.3948,0.0007828312244000001,0.29914614468396905,https://doi.org/10.1063/1.3694742
Mo3Sb7,723.0,39.17,425000.0,6.82,0.0006520727825000001,0.06912736389259531,https://doi.org/10.1063/1.5144156
Mo3Sb7,823.0,44.7,401150.0,6.973,0.0008015338034999999,0.0946023691783307,https://doi.org/10.1063/1.5144156
Mo3Sb7I,523.0,36.29,494500.0,5.77,0.00065123874745,0.059029092706473135,https://doi.org/10.1063/1.5144156
Mo3Sb7I,623.0,42.49,460700.0,6.197,0.00083174782607,0.0855,https://doi.org/10.1063/1.5144156
Mo3Sb7I,723.0,49.73,431500.0,6.376,0.00106713095635,0.12100622356352728,https://doi.org/10.1063/1.5144156
Mo3Sb7I,823.0,55.07,397325.0,6.52,0.00123,0.155,https://doi.org/10.1063/1.5144156
Mo3Sb7I0.75,323.0,17.4,624500.0,5.0,0.00018907361999999996,0.012214155851999997,https://doi.org/10.1063/1.5144156
Mo3Sb7I0.75,423.0,24.5,569400.0,5.556,0.00034178235,0.026021226430885527,https://doi.org/10.1063/1.5144156
Mo3Sb7I0.75,523.0,31.56,511222.0,5.908,0.0005091942890591999,0.04507593317162518,https://doi.org/10.1063/1.5144156
Mo3Sb7I0.75,623.0,38.54,477200.0,6.29,0.00070880023952,0.07020390289681398,https://doi.org/10.1063/1.5144156
Mo3Sb7I0.75,723.0,45.5,447150.0,6.49,0.0009257122875,0.10312634574152542,https://doi.org/10.1063/1.5144156
Mo3Sb7I0.75,823.0,49.13,421810.0,6.56,0.0010181467979890001,0.1277339656623395,https://doi.org/10.1063/1.5144156
Mo3Sb7I1.25,323.0,21.2,571800.0,4.704,0.000256989792,0.01764619532653061,https://doi.org/10.1063/1.5144156
Mo3Sb7I1.25,423.0,28.2,523600.0,5.19,0.000416387664,0.03393679804855491,https://doi.org/10.1063/1.5144156
Mo3Sb7I1.25,523.0,35.83,483500.0,5.602,0.0006207119331499999,0.058,https://doi.org/10.1063/1.5144156
Mo3Sb7I1.25,623.0,43.2,451050.0,5.87,0.0008417675520000001,0.08933921378126067,https://doi.org/10.1063/1.5144156
Mo3Sb7I1.25,720.0,50.7,422250.0,6.031,0.0010853894024999999,0.129,https://doi.org/10.1063/1.5144156
Mo3Sb7I1.25,820.0,57.68,400000.0,6.214,0.00133079296,0.1745,https://doi.org/10.1063/1.5144156
Mo3Sb7I1.5,323.0,6.6,497000.0,4.31,2.1649319999999994e-05,0.0016224432389791183,https://doi.org/10.1063/1.5144156
Mo3Sb7I1.5,423.0,13.7,456500.0,4.71,8.568048499999998e-05,0.007694871582802546,https://doi.org/10.1063/1.5144156
Mo3Sb7I1.5,523.0,21.1,422000.0,5.13,0.00018787862000000004,0.019154097126705655,https://doi.org/10.1063/1.5144156
Mo3Sb7I1.5,623.0,28.0,392400.0,5.39,0.0003076416,0.03555857454545455,https://doi.org/10.1063/1.5144156
Mo3Sb7I1.5,723.0,35.75,366600.0,5.59,0.0004685377125,0.06059977927325581,https://doi.org/10.1063/1.5144156
Mo3Sb7I1.5,823.0,42.6,343854.0,5.785,0.0006240124850400001,0.088,https://doi.org/10.1063/1.5144156
Eu2Zn0.96Sb2,300.0,113.0,25918.0,0.54,0.000330946942,0.18385941222222218,https://doi.org/10.1073/pnas.1819157116
Eu2Zn0.96Sb2,473.0,160.0,20850.0,0.497,0.00053376,0.5079848692152917,https://doi.org/10.1073/pnas.1819157116
Eu2Zn0.96Sb2,623.0,195.0,16224.0,0.466,0.0006169176,0.8247632291845493,https://doi.org/10.1073/pnas.1819157116
Eu2Zn0.96Sb2,723.0,200.0,14898.0,0.47,0.00059592,0.9167024680851065,https://doi.org/10.1073/pnas.1819157116
Eu2Zn0.96Sb2,823.0,193.0,15340.0,0.5,0.00057139966,0.94052384036,https://doi.org/10.1073/pnas.1819157116
Eu2Zn0.98Sb2,300.0,142.0,18000.0,0.5,0.000362952,0.2177712,https://doi.org/10.1073/pnas.1819157116
Eu2Zn0.98Sb2,473.0,197.0,13470.0,0.46,0.0005227572299999999,0.5375308038913044,https://doi.org/10.1073/pnas.1819157116
Eu2Zn0.98Sb2,623.0,233.0,10646.0,0.435,0.000577960694,0.827746005429885,https://doi.org/10.1073/pnas.1819157116
Eu2Zn0.98Sb2,723.0,235.0,10408.0,0.448,0.0005747818,0.94,https://doi.org/10.1073/pnas.1819157116
Eu2Zn0.98Sb2,823.0,216.0,12211.0,0.476,0.000569716416,1.0,https://doi.org/10.1073/pnas.1819157116
Eu2ZnSb2,300.0,250.0,3231.0,0.43,0.0002019375,0.14088662790697673,https://doi.org/10.1073/pnas.1819157116
Eu2ZnSb2,473.0,317.0,3027.0,0.4,0.000304180203,0.3596930900475,https://doi.org/10.1073/pnas.1819157116
Eu2ZnSb2,623.0,323.0,3333.0,0.41,0.000347728557,0.5283777829536586,https://doi.org/10.1073/pnas.1819157116
Eu2ZnSb2,823.0,220.0,6600.0,0.47,0.00031944,0.5593598297872341,https://doi.org/10.1073/pnas.1819157116
Eu2ZnSb2,723.0,288.0,4320.0,0.42,0.00035831808,0.6168189805714286,https://doi.org/10.1073/pnas.1819157116
Tl0.1Co4Sb12,50.0,-32.77,224444.0,4.12,0.00024102432916760005,0.0029250525384417483,https://doi.org/10.1103/PhysRevB.61.2475
Tl0.1Co4Sb12,100.0,-75.6,171180.0,4.82,0.0009783553247999998,0.020297828315352692,https://doi.org/10.1103/PhysRevB.61.2475
Tl0.1Co4Sb12,150.0,-98.3,124691.0,4.0,0.00120487541699,0.045182828137125,https://doi.org/10.1103/PhysRevB.61.2475
Tl0.1Co4Sb12,250.0,-159.0,86325.0,3.927,0.002182382325,0.1389344490068755,https://doi.org/10.1103/PhysRevB.61.2475
Tl0.22Co4Sb12,50.0,-23.3,306060.0,2.903,0.0001661569134,0.0028618138718567,https://doi.org/10.1103/PhysRevB.61.2475
Tl0.22Co4Sb12,100.0,-53.7,214894.0,3.9,0.0006196876788600002,0.015889427663076928,https://doi.org/10.1103/PhysRevB.61.2475
Tl0.22Co4Sb12,150.0,-73.0,162903.0,3.6545,0.0008681100869999999,0.03563182734984266,https://doi.org/10.1103/PhysRevB.61.2475
Tl0.22Co4Sb12,200.0,-92.57,134667.0,3.564,0.0011539891162682997,0.06475808733267675,https://doi.org/10.1103/PhysRevB.61.2475
Tl0.22Co4Sb12,250.0,-105.4,118824.0,3.515,0.0013200348278400002,0.09388583412802276,https://doi.org/10.1103/PhysRevB.61.2475
Tl0.7Co4Sn0.75Sb11.25,50.0,-14.53,47867.0,2.612,1.0105724120299998e-05,0.00019344801149119445,https://doi.org/10.1103/PhysRevB.61.2475
Tl0.7Co4Sn0.75Sb11.25,150.0,-31.76,46977.0,2.333,4.7385587155200004e-05,0.003046651553056151,https://doi.org/10.1103/PhysRevB.61.2475
Tl0.7Co4Sn0.75Sb11.25,200.0,-40.88,46544.0,2.29,7.778314127360001e-05,0.006793287447475984,https://doi.org/10.1103/PhysRevB.61.2475
Tl0.7Co4Sn0.75Sb11.25,250.0,-50.0,46330.0,2.38,0.000115825,0.012166491596638657,https://doi.org/10.1103/PhysRevB.61.2475
Tl0.8Co4SnSb11,50.0,1.01,123171.0,2.2848,1.256467371e-07,2.7496222229516803e-06,https://doi.org/10.1103/PhysRevB.61.2475
Tl0.8Co4SnSb11,100.0,4.05,114773.0,2.58,1.8825641325e-06,7.296760203488372e-05,https://doi.org/10.1103/PhysRevB.61.2475
Tl0.8Co4SnSb11,150.0,6.76,107447.0,2.224,4.910070027199999e-06,0.0003311647949999999,https://doi.org/10.1103/PhysRevB.61.2475
Tl0.8Co4SnSb11,200.0,10.14,100000.0,2.236,1.028196e-05,0.000919674418604651,https://doi.org/10.1103/PhysRevB.61.2475
Tl0.8Co4SnSb11,250.0,14.86,90990.0,2.26,2.0092375404e-05,0.002222607898672566,https://doi.org/10.1103/PhysRevB.61.2475
PbTe,323.0,-230.71,22500.0,2.165,0.00119760984225,0.183,https://doi.org/10.1021/acsami.1c14518
PbTe,428.0,-269.84,24079.0,1.58,0.0017532792908223995,0.482,https://doi.org/10.1021/acsami.1c14518
PbTe,529.0,-307.61,17961.0,1.3,0.0016995400852281,0.713,https://doi.org/10.1021/acsami.1c14518
PbTe,629.0,-320.38,13224.0,1.186,0.0013573555863456,0.736,https://doi.org/10.1021/acsami.1c14518
PbTe,724.0,-297.55,12039.0,1.194,0.0010658849340975,0.6463154876772111,https://doi.org/10.1021/acsami.1c14518
PbTe,821.0,-264.13,13026.0,1.31,0.0009087544207793999,0.5695323507327384,https://doi.org/10.1021/acsami.1c14518
PbZn0.015Te,320.0,-248.91,57200.0,2.075,0.00354389395932,0.55,https://doi.org/10.1021/acsami.1c14518
PbZn0.015Te,421.0,-292.7,27830.0,1.522,0.0023842876606999996,0.665,https://doi.org/10.1021/acsami.1c14518
PbZn0.015Te,520.0,-326.0,15980.0,1.244,0.00169829048,0.728,https://doi.org/10.1021/acsami.1c14518
PbZn0.015Te,618.0,-296.6,18800.0,1.122,0.0016538653280000002,0.937,https://doi.org/10.1021/acsami.1c14518
PbZn0.015Te,716.0,-269.0,23200.0,1.089,0.0016787752,1.097,https://doi.org/10.1021/acsami.1c14518
PbZn0.015Te,811.0,-239.4,27000.0,1.137,0.00154743372,1.097,https://doi.org/10.1021/acsami.1c14518
Pb0.995Zn0.02Te,318.0,-213.0,80921.0,2.28,0.003671304849,0.503,https://doi.org/10.1021/acsami.1c14518
Pb0.995Zn0.02Te,419.0,-268.2,40600.0,1.6643,0.0029204083439999993,0.7352346909427385,https://doi.org/10.1021/acsami.1c14518
Pb0.995Zn0.02Te,520.0,-312.7,22730.0,1.313,0.0022225687217,0.8802252363168317,https://doi.org/10.1021/acsami.1c14518
Pb0.995Zn0.02Te,622.0,-312.3,21908.0,1.16,0.0021367155013200002,1.16,https://doi.org/10.1021/acsami.1c14518
Pb0.995Zn0.02Te,724.0,-287.6,24420.0,1.1105,0.0020198700192,1.3168715838818552,https://doi.org/10.1021/acsami.1c14518
Pb0.995Zn0.02Te,825.0,-261.14,27039.0,1.1472,0.0018439002590843996,1.3260265984524318,https://doi.org/10.1021/acsami.1c14518
Pb0.985Zn0.03Te,318.0,-171.2,105000.0,2.42,0.0030774911999999995,0.397,https://doi.org/10.1021/acsami.1c14518
Pb0.985Zn0.03Te,419.0,-217.12,53200.0,1.7874,0.00250790622208,0.5879001382183731,https://doi.org/10.1021/acsami.1c14518
Pb0.985Zn0.03Te,520.0,-265.3,29400.0,1.39,0.0020692922460000002,0.782,https://doi.org/10.1021/acsami.1c14518
Pb0.985Zn0.03Te,622.0,-276.36,24868.0,1.181,0.0018992897598528,1.0003033282205263,https://doi.org/10.1021/acsami.1c14518
Pb0.985Zn0.03Te,724.0,-266.85,25066.0,1.1056,0.0017849228513850005,1.1688532420429996,https://doi.org/10.1021/acsami.1c14518
Pb0.985Zn0.03Te,825.0,-250.0,25855.0,1.119,0.0016159375,1.2,https://doi.org/10.1021/acsami.1c14518
Pb0.98Zn0.035Te,318.0,-161.0,114276.0,2.5902,0.002962148196,0.358,https://doi.org/10.1021/acsami.1c14518
Pb0.98Zn0.035Te,419.0,-208.9,59400.0,1.9077,0.0025921690739999998,0.565,https://doi.org/10.1021/acsami.1c14518
Pb0.98Zn0.035Te,520.0,-253.53,33400.0,1.4694,0.00214686719406,0.7597461146802776,https://doi.org/10.1021/acsami.1c14518
Pb0.98Zn0.035Te,618.0,-276.3,27240.0,1.236,0.0020795476356000003,1.05,https://doi.org/10.1021/acsami.1c14518
Pb0.98Zn0.035Te,719.0,-273.7,25860.0,1.141,0.0019372163033999996,1.2207349010907973,https://doi.org/10.1021/acsami.1c14518
Pb0.98Zn0.035Te,821.0,-255.8,26450.0,1.16,0.0017307197780000003,1.24,https://doi.org/10.1021/acsami.1c14518
Pb0.975Zn0.04Te,323.0,-150.0,130530.0,2.753,0.002936925,0.3445792862332001,https://doi.org/10.1021/acsami.1c14518
Pb0.975Zn0.04Te,423.0,-191.5,68450.0,1.94,0.0025102155125,0.5473304957667526,https://doi.org/10.1021/acsami.1c14518
Pb0.975Zn0.04Te,520.0,-232.61,38400.0,1.511,0.0020777246246400003,0.72,https://doi.org/10.1021/acsami.1c14518
Pb0.975Zn0.04Te,622.0,-251.3,30600.0,1.2778,0.001932441714,0.9406626593426201,https://doi.org/10.1021/acsami.1c14518
Pb0.975Zn0.04Te,724.0,-253.3,28030.0,1.1639,0.0017984297467000003,1.121,https://doi.org/10.1021/acsami.1c14518
Pb0.975Zn0.04Te,825.0,-242.4,27829.0,1.183,0.00163516970304,1.144,https://doi.org/10.1021/acsami.1c14518
Cu7PSe6,325.0,132.74,507.3,0.249,8.938579125480002e-06,0.011666820143698799,https://doi.org/10.1021/acsami.1c11193
Cu7PSe6,422.0,179.76,2451.7,0.2569,7.922339433791998e-05,0.1301373001580468,https://doi.org/10.1021/acsami.1c11193
Cu7PSe6,523.0,204.76,4078.7,0.3,0.00017100625835312,0.2981209103956059,https://doi.org/10.1021/acsami.1c11193
Cu7PSe6,623.0,220.0,3613.0,0.3206,0.0001748692,0.339811327510917,https://doi.org/10.1021/acsami.1c11193
Cu7PSe6,673.0,231.0,3401.0,0.3333,0.000181480761,0.3664463010891089,https://doi.org/10.1021/acsami.1c11193
Cu7P(S0.25Se0.75)6,325.0,215.98,2308.0,0.2686,0.00010766210780319999,0.13026874548041695,https://doi.org/10.1021/acsami.1c11193
Cu7P(S0.25Se0.75)6,422.0,232.54,2452.0,0.2863,0.00013259153612319997,0.1954370528955305,https://doi.org/10.1021/acsami.1c11193
Cu7P(S0.25Se0.75)6,523.0,221.4,4670.0,0.312,0.00022891387319999999,0.38372421693461534,https://doi.org/10.1021/acsami.1c11193
Cu7P(S0.25Se0.75)6,623.0,221.9,6234.0,0.3186,0.00030695972874,0.6002382642969868,https://doi.org/10.1021/acsami.1c11193
Cu7P(S0.25Se0.75)6,673.0,238.0,5140.0,0.3108,0.00029115016,0.630450636036036,https://doi.org/10.1021/acsami.1c11193
Cu7P(S0.5Se0.5)6,325.0,256.21,1000.0,0.2529,6.564356409999998e-05,0.08435807960656384,https://doi.org/10.1021/acsami.1c11193
Cu7P(S0.5Se0.5)6,422.0,260.0,1250.0,0.26,8.45e-05,0.13715,https://doi.org/10.1021/acsami.1c11193
Cu7P(S0.5Se0.5)6,523.0,250.4,2840.0,0.289,0.0001780684544,0.3222484486200692,https://doi.org/10.1021/acsami.1c11193
Cu7P(S0.5Se0.5)6,623.0,264.5,4604.0,0.289,0.000322096991,0.6943474927093426,https://doi.org/10.1021/acsami.1c11193
Cu7P(S0.5Se0.5)6,673.0,280.0,4079.0,0.2863,0.0003197936,0.7517327726161369,https://doi.org/10.1021/acsami.1c11193
Cu7P(S0.55Se0.45)6,325.0,283.43,398.0,0.2373,3.19723608302e-05,0.04378852621076696,https://doi.org/10.1021/acsami.1c11193
Cu7P(S0.55Se0.45)6,422.0,282.0,875.0,0.2265,6.95835e-05,0.12964343046357615,https://doi.org/10.1021/acsami.1c11193
Cu7P(S0.55Se0.45)6,523.0,284.0,1580.0,0.228,0.00012743648,0.2923213992982456,https://doi.org/10.1021/acsami.1c11193
Cu7P(S0.55Se0.45)6,623.0,286.0,1926.0,0.223,0.000157539096,0.4401204341165919,https://doi.org/10.1021/acsami.1c11193
Cu7P(S0.55Se0.45)6,673.0,271.5,2300.0,0.215,0.000169538175,0.530693915232558,https://doi.org/10.1021/acsami.1c11193
Cu7P(S0.6Se0.4)6,325.0,288.7,379.0,0.22,3.1588774509999995e-05,0.046665235071590906,https://doi.org/10.1021/acsami.1c11193
Cu7P(S0.6Se0.4)6,422.0,313.1,687.0,0.21,6.734771607000001e-05,0.1353368389597143,https://doi.org/10.1021/acsami.1c11193
Cu7P(S0.6Se0.4)6,523.0,275.5,1990.0,0.225,0.0001510414975,0.35108756974444444,https://doi.org/10.1021/acsami.1c11193
Cu7P(S0.6Se0.4)6,623.0,286.4,2255.0,0.22,0.00018496628479999997,0.52379088832,https://doi.org/10.1021/acsami.1c11193
Cu7P(S0.6Se0.4)6,673.0,293.3,2220.0,0.204,0.00019097525580000002,0.6300311134970589,https://doi.org/10.1021/acsami.1c11193
Cu7P(S0.65Se0.35)6,325.0,253.25,223.0,0.2373,1.43022304375e-05,0.019587968361514958,https://doi.org/10.1021/acsami.1c11193
Cu7P(S0.65Se0.35)6,422.0,297.4,559.0,0.209,4.944173883999999e-05,0.0998297310549282,https://doi.org/10.1021/acsami.1c11193
Cu7P(S0.65Se0.35)6,523.0,279.8,1665.0,0.2304,0.0001303495866,0.2958890355546875,https://doi.org/10.1021/acsami.1c11193
Cu7P(S0.65Se0.35)6,623.0,298.22,1693.0,0.229,0.00015056724010120001,0.4096217929390725,https://doi.org/10.1021/acsami.1c11193
Cu7P(S0.65Se0.35)6,673.0,303.0,1675.0,0.2115,0.000153780075,0.4893332882978723,https://doi.org/10.1021/acsami.1c11193
Cu7P(S0.75Se0.25)6,325.0,402.96,16.44,0.2392,2.669473960704e-06,0.0036270026639999998,https://doi.org/10.1021/acsami.1c11193
Cu7P(S0.75Se0.25)6,422.0,359.17,190.0,0.1882,2.4510586891000002e-05,0.05495997698194475,https://doi.org/10.1021/acsami.1c11193
Cu7P(S0.75Se0.25)6,523.0,298.22,1306.0,0.2157,0.0001161493299304,0.2816230855521521,https://doi.org/10.1021/acsami.1c11193
Cu7P(S0.75Se0.25)6,623.0,310.06,1585.0,0.2196,0.000152377467706,0.4322912676723042,https://doi.org/10.1021/acsami.1c11193
Cu7P(S0.75Se0.25)6,673.0,313.61,1667.0,0.2157,0.00016395150391070002,0.5115408536481275,https://doi.org/10.1021/acsami.1c11193
Cu7PS6,325.0,97.62,2.34,0.2333,2.2299414696000004e-08,3.106433680325761e-05,https://doi.org/10.1021/acsami.1c11193
Cu7PS6,422.0,125.0,6.62,0.202,1.034375e-07,0.00021609220297029704,https://doi.org/10.1021/acsami.1c11193
Cu7PS6,523.0,223.21,142.0,0.1559,7.0748239822e-06,0.02373401502688005,https://doi.org/10.1021/acsami.1c11193
Cu7PS6,623.0,270.24,370.0,0.195,2.7020973312000002e-05,0.0863285455044923,https://doi.org/10.1021/acsami.1c11193
Cu7PS6,673.0,281.55,501.0,0.2069,3.97144716525e-05,0.1291824041669043,https://doi.org/10.1021/acsami.1c11193
ZrNiSn,376.0,-101.04,36966.0,4.22,0.0003773889104256,0.03362517306161745,https://doi.org/10.1021/acsami.1c05639
ZrNiSn,474.0,-132.87,47448.0,3.744,0.0008376677220312001,0.10605088147510384,https://doi.org/10.1021/acsami.1c05639
ZrNiSn,573.0,-152.1,58897.0,3.573,0.0013625473457699998,0.21851095133675064,https://doi.org/10.1021/acsami.1c05639
ZrNiSn,673.0,-160.4,69790.0,3.491,0.0017955682864000003,0.3461522362495561,https://doi.org/10.1021/acsami.1c05639
ZrNiSn,771.0,-158.3,78180.0,3.5854,0.0019591040202000002,0.4212833155503431,https://doi.org/10.1021/acsami.1c05639
ZrNiSn,873.0,-154.9,86806.0,3.7073,0.00208282403206,0.4904662099070428,https://doi.org/10.1021/acsami.1c05639
ZrNiSn,972.0,-151.4,96111.0,3.9512,0.00220305249756,0.5419535907137882,https://doi.org/10.1021/acsami.1c05639
Bi0.48Sb1.52Te3,300.0,228.2,64770.0,1.258,0.0033729132947999995,0.8043513421621621,https://doi.org/10.1021/acsami.1c05525
Bi0.48Sb1.52Te3,350.0,239.59,50000.0,1.222,0.002870168405,0.8220613271276596,https://doi.org/10.1021/acsami.1c05525
Bi0.48Sb1.52Te3,400.0,233.31,41620.0,1.4203,0.002265524604882,0.6380411476116313,https://doi.org/10.1021/acsami.1c05525
Bi0.48Sb1.52Te3,450.0,211.82,37584.0,1.72,0.0016863081028416,0.44118525946437204,https://doi.org/10.1021/acsami.1c05525
Bi0.48Sb1.52Te3,500.0,181.2,35570.0,2.086,0.0011678854607999997,0.266,https://doi.org/10.1021/acsami.1c05525
Cu12Sb4S13,324.0,73.68,103319.0,1.5105,0.0005608922360256001,0.12031054913756664,https://doi.org/10.1021/acsami.1c03493
Cu12Sb4S13,425.0,87.51,97672.0,1.5215,0.0007479721857672001,0.2089307781472626,https://doi.org/10.1021/acsami.1c03493
Cu12Sb4S13,525.0,100.1,91383.0,1.5384,0.0009156585738299998,0.3124809875589898,https://doi.org/10.1021/acsami.1c03493
Cu12Sb4S13,625.0,112.69,83333.0,1.5148,0.0010582487753213,0.43662891772894935,https://doi.org/10.1021/acsami.1c03493
Cu12Sb4S13,724.0,136.94,63403.0,1.3586,0.0011889687899308,0.6336032709479605,https://doi.org/10.1021/acsami.1c03493
Cu11.9Gd0.1Sb4S13,327.0,78.34,108427.0,1.4827,0.0006654333702412001,0.1467570729539842,https://doi.org/10.1021/acsami.1c03493
Cu11.9Gd0.1Sb4S13,425.0,90.62,103987.0,1.4979,0.0008539396218028002,0.24228876378008551,https://doi.org/10.1021/acsami.1c03493
Cu11.9Gd0.1Sb4S13,525.0,103.21,97870.0,1.503,0.0010425410022669999,0.36416102873597805,https://doi.org/10.1021/acsami.1c03493
Cu11.9Gd0.1Sb4S13,625.0,115.8,85398.0,1.5046,0.00114515643672,0.4756897334507511,https://doi.org/10.1021/acsami.1c03493
Cu11.9Gd0.1Sb4S13,724.0,138.5,64592.0,1.3679,0.001239019892,0.6557865354251042,https://doi.org/10.1021/acsami.1c03493
Cu11.8Gd0.2Sb4S13,327.0,79.12,110412.0,1.411,0.0006911762934528001,0.16018047339409328,https://doi.org/10.1021/acsami.1c03493
Cu11.8Gd0.2Sb4S13,425.0,91.87,107701.0,1.4312,0.0009090068762269,0.2699328691981781,https://doi.org/10.1021/acsami.1c03493
Cu11.8Gd0.2Sb4S13,525.0,103.52,102008.0,1.4464,0.0010931575519231998,0.39678354173097347,https://doi.org/10.1021/acsami.1c03493
Cu11.8Gd0.2Sb4S13,625.0,115.7,90019.0,1.4439,0.00120503844331,0.5216074707865849,https://doi.org/10.1021/acsami.1c03493
Cu11.8Gd0.2Sb4S13,724.0,138.0,65650.0,1.305,0.0012502386,0.7078,https://doi.org/10.1021/acsami.1c03493
Cu11.7Gd0.3Sb4S13,320.0,80.21,117112.0,1.3916,0.0007534569278391998,0.17325827601936183,https://doi.org/10.1021/acsami.1c03493
Cu11.7Gd0.3Sb4S13,424.0,94.35,114608.0,1.416,0.0010202315338799998,0.3054930581674576,https://doi.org/10.1021/acsami.1c03493
Cu11.7Gd0.3Sb4S13,523.0,106.01,108671.0,1.4336,0.0012212577493871002,0.4455341817309245,https://doi.org/10.1021/acsami.1c03493
Cu11.7Gd0.3Sb4S13,623.0,117.51,99280.0,1.463,0.0013709178179280002,0.5837879703138374,https://doi.org/10.1021/acsami.1c03493
Cu11.7Gd0.3Sb4S13,723.0,144.1,73220.0,1.33,0.0015203993881999997,0.8328,https://doi.org/10.1021/acsami.1c03493
Cu11.6Gd0.4Sb4S13,327.0,81.3,102008.0,1.3,0.00067424125752,0.16959760862233847,https://doi.org/10.1021/acsami.1c03493
Cu11.6Gd0.4Sb4S13,425.0,95.28,100000.0,1.3257,0.00090782784,0.2910363068567549,https://doi.org/10.1021/acsami.1c03493
Cu11.6Gd0.4Sb4S13,525.0,106.94,95734.0,1.3696,0.0010948296860824002,0.4196740546095649,https://doi.org/10.1021/acsami.1c03493
Cu11.6Gd0.4Sb4S13,625.0,118.13,86315.0,1.3941,0.0012044996629234999,0.5399987729195806,https://doi.org/10.1021/acsami.1c03493
Cu11.6Gd0.4Sb4S13,724.0,145.2,66010.0,1.3063,0.0013916914703999998,0.7713271259049221,https://doi.org/10.1021/acsami.1c03493
Cu11.5Gd0.5Sb4S13,327.0,84.72,89851.0,1.3857,0.0006449036117184,0.15218552430678847,https://doi.org/10.1021/acsami.1c03493
Cu11.5Gd0.5Sb4S13,425.0,98.55,90336.0,1.4059,0.0008773524914399999,0.26522143030229745,https://doi.org/10.1021/acsami.1c03493
Cu11.5Gd0.5Sb4S13,525.0,111.14,86937.0,1.4176,0.0010738544829252,0.39769582642193146,https://doi.org/10.1021/acsami.1c03493
Cu11.5Gd0.5Sb4S13,625.0,122.64,80821.0,1.4445,0.0012155938756416,0.5259578901183801,https://doi.org/10.1021/acsami.1c03493
Cu11.5Gd0.5Sb4S13,724.0,152.33,57372.0,1.3392,0.0013312844948508,0.7197207095818244,https://doi.org/10.1021/acsami.1c03493
Ag2Se,297.0,-132.99,180873.0,1.1502,0.0031989813929073,0.8260280592014155,https://doi.org/10.1021/acsami.1c08410
Ag2Se,350.0,-114.03,240896.0,1.4945,0.0031323323614464,0.7335672977626231,https://doi.org/10.1021/acsami.1c08410
Ag2Se,374.0,-102.99,286667.0,1.7546,0.0030406596976466998,0.634,https://doi.org/10.1021/acsami.1c08410
Ag2Se,399.0,-127.46,284768.0,2.0733,0.0046263556220287995,0.548,https://doi.org/10.1021/acsami.1c08410
Ag2Se,423.0,-87.6,139837.0,3.004,0.00107307557712,0.148,https://doi.org/10.1021/acsami.1c08410
Ag2Se,474.0,-94.33,126638.0,3.0293,0.0011268437803982,0.162,https://doi.org/10.1021/acsami.1c08410
Ag2Se,524.0,-100.0,118621.0,3.1,0.00118621,0.19,https://doi.org/10.1021/acsami.1c08410
Ag2Se,573.0,-103.6,114210.0,3.08,0.0012258113616,0.221,https://doi.org/10.1021/acsami.1c08410
NbCoSn,375.0,-195.29,58698.0,11.762,0.0022386351303018,0.07137291054779586,https://doi.org/10.1021/acsami.1c08127
NbCoSn,474.0,-208.7,53254.0,10.48,0.0023195147152599996,0.10490934876271371,https://doi.org/10.1021/acsami.1c08127
NbCoSn,576.0,-214.3,47550.0,9.31,0.0021837094995000006,0.1351038315480129,https://doi.org/10.1021/acsami.1c08127
NbCoSn,678.0,-219.2,43077.0,8.78,0.00206979126528,0.16,https://doi.org/10.1021/acsami.1c08127
NbCoSn,779.0,-228.82,37633.0,8.1548,0.0019704109077892,0.18822657786429917,https://doi.org/10.1021/acsami.1c08127
NbCoSn,879.0,-228.53,35030.0,7.643,0.001829475410327,0.21040283732532158,https://doi.org/10.1021/acsami.1c08127
NbCoSn,970.0,-230.9,32430.0,7.345,0.0017289992883000001,0.22833618919686866,https://doi.org/10.1021/acsami.1c08127
NbCo0.98Ni0.02Sn,387.0,-127.65,84286.0,10.5476,0.0013734001234350002,0.05039116460325999,https://doi.org/10.1021/acsami.1c08127
NbCo0.98Ni0.02Sn,498.0,-147.06,70476.0,9.2381,0.0015241593343536,0.0821631448575024,https://doi.org/10.1021/acsami.1c08127
NbCo0.98Ni0.02Sn,605.0,-161.76,59048.0,8.3214,0.0015450675406848,0.11233276397172397,https://doi.org/10.1021/acsami.1c08127
NbCo0.98Ni0.02Sn,704.0,-167.65,52619.0,7.75,0.0014789371074275003,0.13434473853276904,https://doi.org/10.1021/acsami.1c08127
NbCo0.98Ni0.02Sn,804.0,-177.65,47337.0,7.25,0.0014939331165825002,0.16567203113549384,https://doi.org/10.1021/acsami.1c08127
NbCo0.98Ni0.02Sn,904.0,-187.65,40480.0,6.8929,0.0014254029108,0.18694079870057595,https://doi.org/10.1021/acsami.1c08127
NbCo0.98Ni0.02Sn,1001.0,-194.71,37160.0,6.619,0.0014088093291560002,0.21305607168532348,https://doi.org/10.1021/acsami.1c08127
NbCo0.96Ni0.04Sn,382.0,-119.41,112426.0,9.6548,0.0016030540138905998,0.06342613345757646,https://doi.org/10.1021/acsami.1c08127
NbCo0.96Ni0.04Sn,492.0,-139.41,97278.0,8.5714,0.0018906123368717998,0.10852150987480755,https://doi.org/10.1021/acsami.1c08127
NbCo0.96Ni0.04Sn,600.0,-155.0,82604.0,7.7976,0.0019845611,0.15270553247152968,https://doi.org/10.1021/acsami.1c08127
NbCo0.96Ni0.04Sn,704.0,-164.41,72189.0,7.2619,0.0019513154556908999,0.1891689614021666,https://doi.org/10.1021/acsami.1c08127
NbCo0.96Ni0.04Sn,804.0,-174.12,64142.0,6.6905,0.0019446426855648,0.23368847159316927,https://doi.org/10.1021/acsami.1c08127
NbCo0.96Ni0.04Sn,904.0,-182.25,56568.0,6.3214,0.0018789096555,0.26869591049008135,https://doi.org/10.1021/acsami.1c08127
NbCo0.96Ni0.04Sn,1002.0,-186.47,51124.0,6.0833,0.0017776357174515997,0.2928001231053051,https://doi.org/10.1021/acsami.1c08127
NbCo0.94Ni0.06Sn,382.0,-56.18,188941.0,9.5357,0.0005963341482484,0.023889137098575753,https://doi.org/10.1021/acsami.1c08127
NbCo0.94Ni0.06Sn,487.0,-68.53,164524.0,8.5357,0.0007726640807116,0.04408395413458172,https://doi.org/10.1021/acsami.1c08127
NbCo0.94Ni0.06Sn,594.0,-80.59,142857.0,7.7738,0.0009278202293217001,0.07089521420889268,https://doi.org/10.1021/acsami.1c08127
NbCo0.94Ni0.06Sn,697.0,-85.59,128372.0,7.2024,0.0009404080978932001,0.09100639290119411,https://doi.org/10.1021/acsami.1c08127
NbCo0.94Ni0.06Sn,798.0,-95.29,112558.0,6.7262,0.0010220473619278001,0.121256250902201,https://doi.org/10.1021/acsami.1c08127
NbCo0.94Ni0.06Sn,898.0,-108.24,96190.0,6.369,0.0011269521901439998,0.15889512745318132,https://doi.org/10.1021/acsami.1c08127
NbCo0.94Ni0.06Sn,998.0,-112.35,91905.0,6.0714,0.0011600729303625,0.1906895912807219,https://doi.org/10.1021/acsami.1c08127
NbCo0.92Ni0.08Sn,382.0,-75.0,165476.0,9.4524,0.0009308025,0.03761653706995048,https://doi.org/10.1021/acsami.1c08127
NbCo0.92Ni0.08Sn,492.0,-89.12,146190.0,8.285,0.001161095713536,0.06895100676641062,https://doi.org/10.1021/acsami.1c08127
NbCo0.92Ni0.08Sn,600.0,-105.0,126512.0,7.4524,0.0013947948,0.11229629112769039,https://doi.org/10.1021/acsami.1c08127
NbCo0.92Ni0.08Sn,704.0,-116.47,111395.0,6.7738,0.0015111022379554998,0.15704862492554725,https://doi.org/10.1021/acsami.1c08127
NbCo0.92Ni0.08Sn,804.0,-129.71,98810.0,6.2381,0.0016624470359210002,0.21426514754179704,https://doi.org/10.1021/acsami.1c08127
NbCo0.92Ni0.08Sn,904.0,-135.0,90240.0,5.8333,0.001644624,0.25487118714964085,https://doi.org/10.1021/acsami.1c08127
NbCo0.92Ni0.08Sn,1002.0,-144.2,81429.0,5.55,0.0016932053115599997,0.30569220219515675,https://doi.org/10.1021/acsami.1c08127
NbCo0.9Ni0.1Sn,382.0,-132.94,103529.0,9.2619,0.0018296725308644,0.07546344775804109,https://doi.org/10.1021/acsami.1c08127
NbCo0.9Ni0.1Sn,492.0,-151.76,90952.0,8.0952,0.0020947243889151996,0.1273105543218547,https://doi.org/10.1021/acsami.1c08127
NbCo0.9Ni0.1Sn,600.0,-170.59,78333.0,7.2738,0.0022795645675173,0.18803634145981193,https://doi.org/10.1021/acsami.1c08127
NbCo0.9Ni0.1Sn,703.0,-184.71,68571.0,6.6905,0.0023394905735211005,0.2458204727875844,https://doi.org/10.1021/acsami.1c08127
NbCo0.9Ni0.1Sn,803.0,-195.88,60118.0,6.1905,0.0023066660029792,0.29920891695215207,https://doi.org/10.1021/acsami.1c08127
NbCo0.9Ni0.1Sn,902.0,-206.67,54201.0,5.833,0.0023150596108688997,0.3579948172473423,https://doi.org/10.1021/acsami.1c08127
NbCo0.9Ni0.1Sn,1001.0,-210.72,48284.0,5.5,0.0021439505120256002,0.39019899318865925,https://doi.org/10.1021/acsami.1c08127
GeTe,325.0,30.0,718750.0,7.0,0.000646875,0.030033482142857143,https://doi.org/10.1021/acsami.1c11599
GeTe,375.0,36.33,575000.0,6.2813,0.0007589246174999999,0.045308571722812156,https://doi.org/10.1021/acsami.1c11599
GeTe,425.0,44.0,460000.0,5.552,0.00089056,0.06817146974063401,https://doi.org/10.1021/acsami.1c11599
GeTe,475.0,52.67,396552.0,4.8542,0.0011000863635528002,0.10764719679609001,https://doi.org/10.1021/acsami.1c11599
GeTe,525.0,67.33,310811.0,4.2813,0.0014090084887378998,0.1727815048203577,https://doi.org/10.1021/acsami.1c11599
GeTe,550.0,75.4,280488.0,4.0,0.00159461915808,0.21926013423600002,https://doi.org/10.1021/acsami.1c11599
Ge0.89In0.05Pb0.06Te,325.0,136.81,63889.0,1.2867,0.0011958088860529001,0.3020423470639563,https://doi.org/10.1021/acsami.1c11599
Ge0.89In0.05Pb0.06Te,375.0,152.94,58081.0,1.2467,0.0013585519709315998,0.40864441252855543,https://doi.org/10.1021/acsami.1c11599
Ge0.89In0.05Pb0.06Te,425.0,170.76,52273.0,1.213,0.0015242272360847999,0.5340449920330089,https://doi.org/10.1021/acsami.1c11599
Ge0.89In0.05Pb0.06Te,475.0,185.88,48117.0,1.1933,0.0016625084820048,0.6617711631209922,https://doi.org/10.1021/acsami.1c11599
Ge0.89In0.05Pb0.06Te,525.0,185.71,54245.0,1.2267,0.0018708126314045002,0.8006657141007277,https://doi.org/10.1021/acsami.1c11599
Ge0.89In0.05Pb0.06Te,550.0,186.55,56373.0,1.2667,0.0019618312766325,0.8518253747121458,https://doi.org/10.1021/acsami.1c11599
Ge0.87In0.05Pb0.08Te,325.0,162.02,52752.0,1.16,0.0013847653420608003,0.387973048422207,https://doi.org/10.1021/acsami.1c11599
Ge0.87In0.05Pb0.08Te,375.0,183.19,48117.0,1.1133,0.0016147380062036998,0.5439025889934316,https://doi.org/10.1021/acsami.1c11599
Ge0.87In0.05Pb0.08Te,425.0,207.39,43511.0,1.1,0.0018714347430830996,0.7230543325548339,https://doi.org/10.1021/acsami.1c11599
Ge0.87In0.05Pb0.08Te,475.0,227.56,39860.0,1.113,0.002064092446496,0.8809019874982928,https://doi.org/10.1021/acsami.1c11599
Ge0.87In0.05Pb0.08Te,525.0,217.14,50000.0,1.18,0.0023574889799999996,1.0488828088983049,https://doi.org/10.1021/acsami.1c11599
Ge0.87In0.05Pb0.08Te,550.0,216.47,53241.0,1.226,0.0024948339095769,1.1192158648183481,https://doi.org/10.1021/acsami.1c11599
Ge0.85In0.05Pb0.1Te,325.0,199.0,33043.0,0.9733,0.0013085358429999999,0.4369404592366177,https://doi.org/10.1021/acsami.1c11599
Ge0.85In0.05Pb0.1Te,375.0,219.5,29040.0,0.954,0.00139915446,0.5499820990566038,https://doi.org/10.1021/acsami.1c11599
Ge0.85In0.05Pb0.1Te,425.0,242.35,27446.0,0.9333,0.001612000258535,0.7340620485132058,https://doi.org/10.1021/acsami.1c11599
Ge0.85In0.05Pb0.1Te,475.0,248.4,27913.0,0.9533,0.0017223035572800003,0.8581707644057485,https://doi.org/10.1021/acsami.1c11599
Ge0.85In0.05Pb0.1Te,525.0,239.0,34441.0,1.0267,0.001967304361,1.005975250340898,https://doi.org/10.1021/acsami.1c11599
Ge0.85In0.05Pb0.1Te,550.0,237.31,36076.0,1.1133,0.0020316573183436,1.00369309717864,https://doi.org/10.1021/acsami.1c11599
Ge0.83In0.05Pb0.12Te,325.0,212.44,19263.0,0.9733,0.0008693537065968,0.29029071678204044,https://doi.org/10.1021/acsami.1c11599
Ge0.83In0.05Pb0.12Te,375.0,238.66,17319.0,0.9467,0.0009864659171964,0.39075178931937254,https://doi.org/10.1021/acsami.1c11599
Ge0.83In0.05Pb0.12Te,425.0,254.45,16862.0,0.9267,0.001091726859755,0.500684056756097,https://doi.org/10.1021/acsami.1c11599
Ge0.83In0.05Pb0.12Te,475.0,253.78,18489.0,0.9533,0.0011907708882275998,0.5933244224358648,https://doi.org/10.1021/acsami.1c11599
Ge0.83In0.05Pb0.12Te,525.0,239.0,25109.0,1.02,0.001434251189,0.7382175237499999,https://doi.org/10.1021/acsami.1c11599
Ge0.83In0.05Pb0.12Te,550.0,235.63,26995.0,1.0867,0.0014988028088155,0.7867,https://doi.org/10.1021/acsami.1c11599
SnSe,300.0,168.04,462.0,1.7279,1.3045698019199998e-05,0.002265009205254934,https://doi.org/10.1021/acsami.1c10081
SnSe,373.0,208.23,879.0,1.4066,3.81132052191e-05,0.010106800473997084,https://doi.org/10.1021/acsami.1c10081
SnSe,473.0,242.72,3015.0,1.0777,0.00017762269017599998,0.07795818173262317,https://doi.org/10.1021/acsami.1c10081
SnSe,573.0,286.71,5280.0,0.8951,0.0004340298552479999,0.2778450531304926,https://doi.org/10.1021/acsami.1c10081
SnSe,673.0,325.47,5061.0,0.7443,0.0005361153784749001,0.4847583631782987,https://doi.org/10.1021/acsami.1c10081
SnSe,773.0,316.35,4568.0,0.6279,0.00045715320918000005,0.5627957169870043,https://doi.org/10.1021/acsami.1c10081
SnSe0.9S0.1,300.0,186.08,530.0,1.4164,1.639e-05,0.003886964739903983,https://doi.org/10.1021/acsami.1c10081
SnSe0.9S0.1,373.0,225.0,1515.0,1.169,6.885e-05,0.0219,https://doi.org/10.1021/acsami.1c10081
SnSe0.9S0.1,473.0,261.32,2348.0,0.9246,0.0001385,0.0695,https://doi.org/10.1021/acsami.1c10081
SnSe0.9S0.1,573.0,305.66,4189.0,0.8049,0.0003595,0.2562,https://doi.org/10.1021/acsami.1c10081
SnSe0.9S0.1,673.0,346.23,4220.0,0.6902,0.0005132,0.5019,https://doi.org/10.1021/acsami.1c10081
SnSe0.9S0.1,773.0,339.94,4182.0,0.5869,0.0004959,0.6514,https://doi.org/10.1021/acsami.1c10081
SnSe0.8S0.2,300.0,198.42,402.0,1.2672,1.5826939552799996e-05,0.003746908038068181,https://doi.org/10.1021/acsami.1c10081
SnSe0.8S0.2,373.0,234.49,1068.0,1.2852,5.87245781868e-05,0.017043470015309994,https://doi.org/10.1021/acsami.1c10081
SnSe0.8S0.2,473.0,273.27,1841.0,0.8672,0.00013747942342889996,0.07498589400584606,https://doi.org/10.1021/acsami.1c10081
SnSe0.8S0.2,573.0,319.81,2742.0,0.7852,0.0002804474717862,0.20465664968605785,https://doi.org/10.1021/acsami.1c10081
SnSe0.8S0.2,673.0,365.41,2727.0,0.7098,0.00036412122450870006,0.34524314468069195,https://doi.org/10.1021/acsami.1c10081
SnSe0.8S0.2,773.0,358.81,2917.0,0.582,0.0003755480451637,0.498794912219141,https://doi.org/10.1021/acsami.1c10081
Cu1.85Se,301.0,25.58,493269.0,2.8806,0.00032276386169159996,0.033726280069836696,https://doi.org/10.1021/acsami.1c08886
Cu1.85Se,399.0,22.99,467308.0,4.0455,0.00024699101705079996,0.02436025603838072,https://doi.org/10.1021/acsami.1c08886
Cu1.85Se,502.0,32.99,348077.0,3.9394,0.00037882615698770004,0.04827403432193365,https://doi.org/10.1021/acsami.1c08886
Cu1.85Se,603.0,44.42,274038.0,3.697,0.0005407143527832,0.08819333371064907,https://doi.org/10.1021/acsami.1c08886
Cu1.85Se,706.0,57.76,221154.0,3.4394,0.0007378178671104,0.15145066412163236,https://doi.org/10.1021/acsami.1c08886
Cu1.85Se,784.0,73.3,176923.0,3.393,0.0009505878174699999,0.21964658087134686,https://doi.org/10.1021/acsami.1c08886
Li0.01Cu1.85Se,301.0,26.49,436538.0,2.4254,0.00030632748901379995,0.038016234102891816,https://doi.org/10.1021/acsami.1c08886
Li0.01Cu1.85Se,399.0,22.73,467308.0,3.3182,0.0002414360333932,0.029031697102009167,https://doi.org/10.1021/acsami.1c08886
Li0.01Cu1.85Se,502.0,33.38,365385.0,3.697,0.000407120882394,0.05528122341406222,https://doi.org/10.1021/acsami.1c08886
Li0.01Cu1.85Se,603.0,45.71,290385.0,3.5455,0.0006067316095785,0.10318972234546199,https://doi.org/10.1021/acsami.1c08886
Li0.01Cu1.85Se,706.0,57.11,235577.0,3.3788,0.0007683466590617,0.16054597528636205,https://doi.org/10.1021/acsami.1c08886
Li0.01Cu1.85Se,784.0,74.34,187500.0,3.3864,0.0010362066750000001,0.23989665520907158,https://doi.org/10.1021/acsami.1c08886
Li0.02Cu1.85Se,301.0,34.7,179808.0,2.746,0.00021650501472000001,0.0244,https://doi.org/10.1021/acsami.1c08886
Li0.02Cu1.85Se,399.0,36.23,220192.0,3.3582,0.00028902685967679997,0.03434033619529605,https://doi.org/10.1021/acsami.1c08886
Li0.02Cu1.85Se,502.0,35.71,296154.0,3.2612,0.0003776567950314,0.05813311391689035,https://doi.org/10.1021/acsami.1c08886
Li0.02Cu1.85Se,603.0,47.79,244231.0,3.2164,0.0005577952976271,0.1045736116369672,https://doi.org/10.1021/acsami.1c08886
Li0.02Cu1.85Se,706.0,61.3,202885.0,3.0522,0.0007623789356499999,0.176344777068639,https://doi.org/10.1021/acsami.1c08886
Li0.02Cu1.85Se,784.0,76.36,166346.0,2.9701,0.0009699385075616,0.25602901920079946,https://doi.org/10.1021/acsami.1c08886
Li0.03Cu1.85Se,301.0,38.83,135577.0,1.8507,0.00020441878415529996,0.03324690875384735,https://doi.org/10.1021/acsami.1c08886
Li0.03Cu1.85Se,399.0,42.21,167308.0,2.3134,0.0002980900034028,0.05141260108831901,https://doi.org/10.1021/acsami.1c08886
Li0.03Cu1.85Se,502.0,37.92,281731.0,2.6045,0.0004051084425984,0.07808194977323739,https://doi.org/10.1021/acsami.1c08886
Li0.03Cu1.85Se,603.0,51.58,232692.0,2.6269,0.0006190762283088,0.14210779461350126,https://doi.org/10.1021/acsami.1c08886
Li0.03Cu1.85Se,706.0,63.55,192308.0,2.4701,0.0007766555695699999,0.221982442863212,https://doi.org/10.1021/acsami.1c08886
Li0.03Cu1.85Se,784.0,78.29,165385.0,2.4776,0.0010136982662785,0.3207698743793769,https://doi.org/10.1021/acsami.1c08886
Li0.03Cu1.83Bi0.02Se,303.0,52.5,89655.0,1.0625,0.00024711159375,0.07047041214705882,https://doi.org/10.1021/acsami.1c08886
Li0.03Cu1.83Bi0.02Se,401.0,49.0,96552.0,1.5714,0.000231821352,0.059157669690721656,https://doi.org/10.1021/acsami.1c08886
Li0.03Cu1.83Bi0.02Se,504.0,47.75,173563.0,2.0357,0.0003957344876875,0.09797621545144176,https://doi.org/10.1021/acsami.1c08886
Li0.03Cu1.83Bi0.02Se,606.0,60.72,171264.0,2.0893,0.0006314363928575999,0.18314768299033435,https://doi.org/10.1021/acsami.1c08886
Li0.03Cu1.83Bi0.02Se,711.0,78.46,143678.0,2.0179,0.0008844776875447998,0.3116426165044614,https://doi.org/10.1021/acsami.1c08886
Li0.03Cu1.83Bi0.02Se,761.0,92.25,131034.0,1.6607,0.001115107529625,0.5109874330370476,https://doi.org/10.1021/acsami.1c08886
Li0.03Cu1.82Bi0.03Se,303.0,51.75,101149.0,1.1161,0.0002708833438125,0.07353969462878548,https://doi.org/10.1021/acsami.1c08886
Li0.03Cu1.82Bi0.03Se,401.0,43.59,95402.0,1.3482,0.00018127220491620004,0.05391644724180107,https://doi.org/10.1021/acsami.1c08886
Li0.03Cu1.82Bi0.03Se,504.0,56.75,139080.0,1.6518,0.0004479158325,0.13666883374500546,https://doi.org/10.1021/acsami.1c08886
Li0.03Cu1.82Bi0.03Se,606.0,73.08,132184.0,1.7232,0.0007059532910976,0.24826351810883562,https://doi.org/10.1021/acsami.1c08886
Li0.03Cu1.82Bi0.03Se,711.0,90.5,119540.0,1.7321,0.000979062485,0.4018898601899429,https://doi.org/10.1021/acsami.1c08886
Li0.03Cu1.82Bi0.03Se,761.0,104.1,106897.0,1.7054,0.00115842247857,0.516922426522675,https://doi.org/10.1021/acsami.1c08886
Li0.03Cu1.81Bi0.04Se,303.0,57.0,96552.0,1.0714,0.000313697448,0.08871600405450812,https://doi.org/10.1021/acsami.1c08886
Li0.03Cu1.81Bi0.04Se,401.0,53.75,68966.0,1.4196,0.00019924708437499999,0.05628210822370738,https://doi.org/10.1021/acsami.1c08886
Li0.03Cu1.81Bi0.04Se,504.0,72.05,103448.0,1.5714,0.0005370195162199999,0.1722399364737686,https://doi.org/10.1021/acsami.1c08886
Li0.03Cu1.81Bi0.04Se,606.0,107.7,70115.0,1.428,0.00081328421835,0.3451332187115546,https://doi.org/10.1021/acsami.1c08886
Li0.03Cu1.81Bi0.04Se,711.0,132.82,58621.0,1.3839,0.0010341419948403999,0.5313064226689244,https://doi.org/10.1021/acsami.1c08886
Li0.03Cu1.81Bi0.04Se,761.0,140.5,54023.0,1.1875,0.00106642752575,0.6834116607122106,https://doi.org/10.1021/acsami.1c08886
Li0.03Cu1.8Bi0.05Se,303.0,56.25,81609.0,0.8929,0.0002582159765625,0.08762396785579292,https://doi.org/10.1021/acsami.1c08886
Li0.03Cu1.8Bi0.05Se,401.0,52.25,67816.0,1.2143,0.00018514191849999998,0.06113967661903977,https://doi.org/10.1021/acsami.1c08886
Li0.03Cu1.8Bi0.05Se,504.0,69.23,91954.0,1.3839,0.0004407164783266,0.16050372503548407,https://doi.org/10.1021/acsami.1c08886
Li0.03Cu1.8Bi0.05Se,606.0,107.2,57471.0,1.035,0.00066044753664,0.3972,https://doi.org/10.1021/acsami.1c08886
Li0.03Cu1.8Bi0.05Se,711.0,131.0,46200.0,1.01,0.0007928382,0.5581266932673268,https://doi.org/10.1021/acsami.1c08886
Li0.03Cu1.8Bi0.05Se,761.0,135.5,45455.0,0.9643,0.00083456516375,0.6586167060186144,https://doi.org/10.1021/acsami.1c08886
SnSe,373.0,257.35,32.26,0.7632,2.13654826585e-06,0.001044198772486963,https://doi.org/10.1021/acsami.1c09208
SnSe,473.0,322.79,64.52,0.6044,6.722557142132e-06,0.0052610349573600865,https://doi.org/10.1021/acsami.1c09208
SnSe,573.0,425.36,193.55,0.5052,3.501922013408001e-05,0.037,https://doi.org/10.1021/acsami.1c09208
SnSe,673.0,465.22,645.16,0.4326,0.00013963175196174402,0.206,https://doi.org/10.1021/acsami.1c09208
SnSe,773.0,397.79,2410.0,0.3779,0.00038135089068100006,0.7800588475692326,https://doi.org/10.1021/acsami.1c09208
SnSe,873.0,298.53,7790.0,0.2809,0.0006942460534109998,2.1576247939758026,https://doi.org/10.1021/acsami.1c09208
SnSe,373.0,230.88,16.13,0.7647,8.598189150719998e-07,0.00041939643693194185,https://doi.org/10.1021/acsami.1c09208
SnSe,473.0,308.82,48.39,0.6059,4.614944254236e-06,0.0036026879555267005,https://doi.org/10.1021/acsami.1c09208
SnSe,573.0,428.26,161.29,0.5037,2.9581654965603996e-05,0.03365155508296821,https://doi.org/10.1021/acsami.1c09208
SnSe,673.0,461.6,597.0,0.4326,0.00012720551232,0.2092,https://doi.org/10.1021/acsami.1c09208
SnSe,773.0,386.7,2393.0,0.38,0.00035784177776999995,0.7279255110952895,https://doi.org/10.1021/acsami.1c09208
SnSe,873.0,308.09,6290.0,0.3838,0.0005970433285489999,1.3580480089194291,https://doi.org/10.1021/acsami.1c09208
CaZn0.4Ag0.2Sb,371.0,74.78,101563.0,1.164,0.0005679452116492,0.1810203380771935,https://doi.org/10.1021/acsami.1c01818
CaZn0.4Ag0.2Sb,472.0,93.36,77844.0,1.143,0.0006784952788223999,0.2801835272127496,https://doi.org/10.1021/acsami.1c01818
CaZn0.4Ag0.2Sb,573.0,111.3,57522.0,1.01,0.00071256470418,0.4042570054407327,https://doi.org/10.1021/acsami.1c01818
CaZn0.4Ag0.2Sb,673.0,136.2,40373.0,0.853,0.00074893691412,0.5908962991826027,https://doi.org/10.1021/acsami.1c01818
CaZn0.4Ag0.2Sb,773.0,139.7,37901.0,0.9215,0.0007396793270899999,0.6204797827895495,https://doi.org/10.1021/acsami.1c01818
CaZn0.4Ag0.2Sb,873.0,137.91,36932.0,1.0222,0.0007024159162691999,0.5998915035247618,https://doi.org/10.1021/acsami.1c01818
(CaZn0.4Ag0.2Sb)0.95(LiZnSb)0.05,371.0,102.31,69519.0,1.0489,0.0007276787383359001,0.25738279332883873,https://doi.org/10.1021/acsami.1c01818
(CaZn0.4Ag0.2Sb)0.95(LiZnSb)0.05,472.0,122.91,52953.0,1.037,0.0007999539864993,0.3641063467962099,https://doi.org/10.1021/acsami.1c01818
(CaZn0.4Ag0.2Sb)0.95(LiZnSb)0.05,573.0,144.85,39394.0,0.9096,0.000826546097365,0.5206804241316457,https://doi.org/10.1021/acsami.1c01818
(CaZn0.4Ag0.2Sb)0.95(LiZnSb)0.05,673.0,161.9,31325.0,0.888,0.00082107868325,0.6222814795351914,https://doi.org/10.1021/acsami.1c01818
(CaZn0.4Ag0.2Sb)0.95(LiZnSb)0.05,773.0,168.4,29020.0,0.795,0.0008229654112,0.8001915256070441,https://doi.org/10.1021/acsami.1c01818
(CaZn0.4Ag0.2Sb)0.95(LiZnSb)0.05,873.0,164.55,29279.0,0.794,0.0007927787724975001,0.871657264975211,https://doi.org/10.1021/acsami.1c01818
(CaZn0.4Ag0.2Sb)0.91(LiZnSb)0.09,371.0,119.33,45139.0,0.91,0.0006427635116971,0.26204973938420234,https://doi.org/10.1021/acsami.1c01818
(CaZn0.4Ag0.2Sb)0.91(LiZnSb)0.09,472.0,143.96,34759.0,0.8948,0.0007203622559344001,0.3799854546278909,https://doi.org/10.1021/acsami.1c01818
(CaZn0.4Ag0.2Sb)0.91(LiZnSb)0.09,573.0,167.9,26585.0,0.797,0.0007494420498500001,0.5388083997039523,https://doi.org/10.1021/acsami.1c01818
(CaZn0.4Ag0.2Sb)0.91(LiZnSb)0.09,673.0,189.02,21078.0,0.7378,0.0007530865961112,0.686943994555215,https://doi.org/10.1021/acsami.1c01818
(CaZn0.4Ag0.2Sb)0.91(LiZnSb)0.09,773.0,193.53,20379.0,0.67,0.0007632722312811,0.8806110966870003,https://doi.org/10.1021/acsami.1c01818
(CaZn0.4Ag0.2Sb)0.91(LiZnSb)0.09,873.0,178.88,23713.0,0.6044,0.0007587698639871999,1.095973016645972,https://doi.org/10.1021/acsami.1c01818
(CaZn0.4Ag0.2Sb)0.87(LiZnSb)0.13,371.0,122.0,44070.0,0.687,0.0006559378799999999,0.3542255509170305,https://doi.org/10.1021/acsami.1c01818
(CaZn0.4Ag0.2Sb)0.87(LiZnSb)0.13,472.0,147.1,34301.0,0.6933,0.00074221910141,0.5053042202012403,https://doi.org/10.1021/acsami.1c01818
(CaZn0.4Ag0.2Sb)0.87(LiZnSb)0.13,573.0,170.15,26694.0,0.5541,0.0007728185946150001,0.7991789473279103,https://doi.org/10.1021/acsami.1c01818
(CaZn0.4Ag0.2Sb)0.87(LiZnSb)0.13,673.0,193.4,20251.0,0.548,0.0007574594935600001,0.9302376627114598,https://doi.org/10.1021/acsami.1c01818
(CaZn0.4Ag0.2Sb)0.87(LiZnSb)0.13,773.0,196.69,19428.0,0.574,0.0007516101831107998,1.039,https://doi.org/10.1021/acsami.1c01818
(CaZn0.4Ag0.2Sb)0.87(LiZnSb)0.13,873.0,180.23,23933.0,0.5393,0.0007774121184556999,1.2584475791059262,https://doi.org/10.1021/acsami.1c01818
(CaZn0.4Ag0.2Sb)0.83(LiZnSb)0.17,371.0,119.33,42345.0,0.8948,0.0006029779326705001,0.25000537887880586,https://doi.org/10.1021/acsami.1c01818
(CaZn0.4Ag0.2Sb)0.83(LiZnSb)0.17,472.0,143.51,33592.0,0.9067,0.0006918312743991998,0.3601459815996717,https://doi.org/10.1021/acsami.1c01818
(CaZn0.4Ag0.2Sb)0.83(LiZnSb)0.17,573.0,163.88,26694.0,0.717,0.0007169115325535999,0.5729293000742158,https://doi.org/10.1021/acsami.1c01818
(CaZn0.4Ag0.2Sb)0.83(LiZnSb)0.17,673.0,185.86,20767.0,0.6459,0.0007173739936732001,0.7474728251154416,https://doi.org/10.1021/acsami.1c01818
(CaZn0.4Ag0.2Sb)0.83(LiZnSb)0.17,773.0,189.25,21776.0,0.5778,0.000779919689,1.0434024222862583,https://doi.org/10.1021/acsami.1c01818
(CaZn0.4Ag0.2Sb)0.83(LiZnSb)0.17,873.0,174.8,25048.0,0.575,0.00076534264192,1.1619897850368,https://doi.org/10.1021/acsami.1c01818
Bi2Te3,306.0,-114.53,45000.0,0.9574,0.0005902704405,0.18865965614476707,https://doi.org/10.1021/acsami.1c00355
Bi2Te3,366.0,-126.53,32338.0,0.9178,0.0005177262350242,0.20645870780001876,https://doi.org/10.1021/acsami.1c00355
Bi2Te3,426.0,-132.8,27078.0,0.874,0.0004775432755200001,0.232761367701968,https://doi.org/10.1021/acsami.1c00355
Bi2Te3,478.0,-127.73,22792.0,0.9089,0.0003718504064968,0.19556001133839848,https://doi.org/10.1021/acsami.1c00355
Bi2Te3,505.0,-113.0,20649.0,0.924,0.000263667081,0.14410376180194803,https://doi.org/10.1021/acsami.1c00355
Bi2Te3,572.0,-75.32,15974.0,0.9598,9.062213773759999e-05,0.05400694184820504,https://doi.org/10.1021/acsami.1c00355
Bi1.94Nb0.06Te3,306.0,-87.63,82157.0,0.882,0.0006308849914533,0.21887846642257344,https://doi.org/10.1021/acsami.1c00355
Bi1.94Nb0.06Te3,366.0,-97.4,77647.0,0.8695,0.00073661845372,0.3100659621179069,https://doi.org/10.1021/acsami.1c00355
Bi1.94Nb0.06Te3,426.0,-107.14,72353.0,0.8611,0.0008305386109988,0.41088079001914857,https://doi.org/10.1021/acsami.1c00355
Bi1.94Nb0.06Te3,478.0,-115.07,63529.0,0.8521,0.0008411941531920999,0.4718821795866961,https://doi.org/10.1021/acsami.1c00355
Bi1.94Nb0.06Te3,505.0,-115.6,57078.0,0.8467,0.0007627538620799999,0.45493173538490606,https://doi.org/10.1021/acsami.1c00355
Bi1.94Nb0.06Te3,572.0,-100.67,37597.0,0.8521,0.0003810248752933,0.25577541212037036,https://doi.org/10.1021/acsami.1c00355
Bi1.92Nb0.08Te3,306.0,-96.58,115325.0,0.8695,0.00107571658733,0.37857306006093144,https://doi.org/10.1021/acsami.1c00355
Bi1.92Nb0.08Te3,366.0,-103.51,113961.0,0.8395,0.0012210146329161,0.5323303819503187,https://doi.org/10.1021/acsami.1c00355
Bi1.92Nb0.08Te3,426.0,-112.53,112792.0,0.8144,0.0014282851975128002,0.7471138189347408,https://doi.org/10.1021/acsami.1c00355
Bi1.92Nb0.08Te3,478.0,-120.53,104026.0,0.7935,0.0015112357281034,0.9103600227264338,https://doi.org/10.1021/acsami.1c00355
Bi1.92Nb0.08Te3,505.0,-121.2,98571.0,0.7786,0.00144795279024,0.9391422541371693,https://doi.org/10.1021/acsami.1c00355
Bi1.92Nb0.08Te3,572.0,-112.2,66667.0,0.763,0.0008392601962799999,0.6291701602518479,https://doi.org/10.1021/acsami.1c00355
Bi1.9Nb0.1Te3,306.0,-100.4,64510.0,0.856,0.0006502711216000002,0.2324567327214954,https://doi.org/10.1021/acsami.1c00355
Bi1.9Nb0.1Te3,366.0,-106.3,64902.0,0.803,0.0007333724803799998,0.33426441820557906,https://doi.org/10.1021/acsami.1c00355
Bi1.9Nb0.1Te3,426.0,-112.53,64706.0,0.7774,0.0008193721362354001,0.4489999100029334,https://doi.org/10.1021/acsami.1c00355
Bi1.9Nb0.1Te3,478.0,-117.7,60000.0,0.7615,0.0008311974,0.521749648325673,https://doi.org/10.1021/acsami.1c00355
Bi1.9Nb0.1Te3,505.0,-117.07,55714.0,0.7548,0.0007635818143185999,0.5108754852025609,https://doi.org/10.1021/acsami.1c00355
Bi1.9Nb0.1Te3,572.0,-105.5,34481.0,0.7395,0.00038378215025,0.2968538065490196,https://doi.org/10.1021/acsami.1c00355
BiCuSeO,100.0,103.09,1.4277,2.8535,1.517295042237e-08,5.317312220911161e-07,https://doi.org/10.1021/acsami.0c22861
BiCuSeO,150.0,110.31,2.5845,2.1019,3.144896127045e-08,2.2443237977865265e-06,https://doi.org/10.1021/acsami.0c22861
BiCuSeO,250.0,164.43,7.7019,1.5414,2.0823800245731001e-07,3.377416674083787e-05,https://doi.org/10.1021/acsami.0c22861
Bi0.98Pb0.02CuSeO,50.0,39.69,120913.0,3.9108,0.00019047377733929997,0.0024352277966055535,https://doi.org/10.1021/acsami.0c22861
Bi0.98Pb0.02CuSeO,100.0,79.38,86851.0,2.6369,0.0005472641663243999,0.02075407358354128,https://doi.org/10.1021/acsami.0c22861
Bi0.98Pb0.02CuSeO,150.0,128.87,51795.0,2.1019,0.0008601842660355,0.061386193398984254,https://doi.org/10.1021/acsami.0c22861
Bi0.98Pb0.02CuSeO,250.0,203.61,22230.0,1.7197,0.0009215898235830001,0.13397537704003606,https://doi.org/10.1021/acsami.0c22861
Bi0.96Pb0.04CuSeO,50.0,29.63,213745.0,2.7898,0.00018765462269049998,0.0033632271612750015,https://doi.org/10.1021/acsami.0c22861
Bi0.96Pb0.04CuSeO,100.0,57.73,149712.0,2.3439,0.0004989531021648,0.021287303304953282,https://doi.org/10.1021/acsami.0c22861
Bi0.96Pb0.04CuSeO,150.0,94.33,100000.0,2.051,0.00088981489,0.06507666187225743,https://doi.org/10.1021/acsami.0c22861
Bi0.96Pb0.04CuSeO,250.0,156.7,48270.0,1.707,0.0011852645402999997,0.1735888313268892,https://doi.org/10.1021/acsami.0c22861
Bi0.94Pb0.06CuSeO,50.0,26.29,189824.0,2.1656,0.00013119953411839998,0.003029172841669745,https://doi.org/10.1021/acsami.0c22861
Bi0.94Pb0.06CuSeO,100.0,46.91,136151.0,2.172,0.0002996068243630999,0.013794052687067213,https://doi.org/10.1021/acsami.0c22861
Bi0.94Pb0.06CuSeO,150.0,71.6,100000.0,1.9363,0.0005126559999999999,0.039714093890409544,https://doi.org/10.1021/acsami.0c22861
Bi0.94Pb0.06CuSeO,250.0,110.8,58250.0,1.7197,0.00071511428,0.10395916148165378,https://doi.org/10.1021/acsami.0c22861
Bi0.92Pb0.08CuSeO,50.0,24.23,252384.0,2.0,0.0001481728544736,0.0037043213618400002,https://doi.org/10.1021/acsami.0c22861
Bi0.92Pb0.08CuSeO,100.0,39.6,189824.0,2.102,0.00029767440384,0.014161484483349196,https://doi.org/10.1021/acsami.0c22861
Bi0.92Pb0.08CuSeO,150.0,57.22,142771.0,2.051,0.0004674505857964,0.03418702480227206,https://doi.org/10.1021/acsami.0c22861
Bi0.92Pb0.08CuSeO,250.0,88.14,88916.0,2.0,0.0006907581369936,0.0863447671242,https://doi.org/10.1021/acsami.0c22861
Bi0.9Pb0.1CuSeO,50.0,26.29,246463.0,2.0382,0.0001703463775783,0.004178843528071337,https://doi.org/10.1021/acsami.0c22861
Bi0.9Pb0.1CuSeO,100.0,40.98,189824.0,2.1656,0.00031878290856959997,0.014720304237606207,https://doi.org/10.1021/acsami.0c22861
Bi0.9Pb0.1CuSeO,150.0,54.64,149712.0,2.166,0.0004469696074752,0.030953573924875348,https://doi.org/10.1021/acsami.0c22861
Bi0.9Pb0.1CuSeO,250.0,80.9,97650.0,2.102,0.0006391006965000001,0.07601102479781163,https://doi.org/10.1021/acsami.0c22861
Mg3.5Gd0.01Sb2,300.0,-239.64,5971.0,1.1912,0.0003428985850415999,0.08635793780429817,https://doi.org/10.1021/acsami.0c22558
Mg3.5Gd0.01Sb2,400.0,-254.23,6918.0,1.0109,0.00044713035308219994,0.17692367319505392,https://doi.org/10.1021/acsami.0c22558
Mg3.5Gd0.01Sb2,500.0,-285.92,6711.0,0.8813,0.0005486259035903999,0.3112594483095427,https://doi.org/10.1021/acsami.0c22558
Mg3.5Gd0.01Sb2,600.0,-308.8,5926.0,0.7859,0.0005650881894400001,0.43141991813716757,https://doi.org/10.1021/acsami.0c22558
Mg3.5Gd0.01Sb2,700.0,-323.94,5062.0,0.725,0.0005311917196632,0.5128747638127448,https://doi.org/10.1021/acsami.0c22558
Mg3.5Gd0.02Sb2,300.0,-220.0,11583.0,1.1363,0.0005606172,0.14801122942884798,https://doi.org/10.1021/acsami.0c22558
Mg3.5Gd0.02Sb2,400.0,-241.07,12249.0,0.987,0.0007118475102801,0.2884893658683283,https://doi.org/10.1021/acsami.0c22558
Mg3.5Gd0.02Sb2,500.0,-273.94,10926.0,0.8505,0.0008199211684536,0.48202302672169306,https://doi.org/10.1021/acsami.0c22558
Mg3.5Gd0.02Sb2,600.0,-295.0,9147.0,0.77,0.000796017675,0.6202735129870129,https://doi.org/10.1021/acsami.0c22558
Mg3.5Gd0.02Sb2,700.0,-318.66,7279.0,0.6913,0.0007391401997724001,0.7484422679599018,https://doi.org/10.1021/acsami.0c22558
Mg3.5Gd0.03Sb2,300.0,-197.5,19493.0,1.0815,0.00076034883125,0.2109150710818308,https://doi.org/10.1021/acsami.0c22558
Mg3.5Gd0.03Sb2,400.0,-221.07,19150.0,0.9902,0.0009358977448349999,0.37806412637244996,https://doi.org/10.1021/acsami.0c22558
Mg3.5Gd0.03Sb2,500.0,-254.23,16667.0,0.8604,0.0010772364259643,0.6260090806394119,https://doi.org/10.1021/acsami.0c22558
Mg3.5Gd0.03Sb2,600.0,-272.89,13942.0,0.762,0.0010382461301781999,0.8175166379355905,https://doi.org/10.1021/acsami.0c22558
Mg3.5Gd0.03Sb2,700.0,-291.9,11122.0,0.6554,0.0009476567944199998,1.012144882657919,https://doi.org/10.1021/acsami.0c22558
Mg3.5Gd0.04Sb2,300.0,-220.36,15045.0,1.1011,0.0007305630778320001,0.19904543034202166,https://doi.org/10.1021/acsami.0c22558
Mg3.5Gd0.04Sb2,400.0,-250.0,14893.0,0.9098,0.0009308125,0.4092382941305781,https://doi.org/10.1021/acsami.0c22558
Mg3.5Gd0.04Sb2,500.0,-278.0,13524.0,0.8055,0.001045188816,0.6487826294227187,https://doi.org/10.1021/acsami.0c22558
Mg3.5Gd0.04Sb2,600.0,-290.85,12405.0,0.7087,0.0010493851276125001,0.8884310379109639,https://doi.org/10.1021/acsami.0c22558
Mg3.5Gd0.04Sb2,700.0,-303.8,11322.0,0.6261,0.0010449576496800001,1.1682963660373742,https://doi.org/10.1021/acsami.0c22558
Mg3.5Gd0.035Sb2,300.0,-190.1,21413.0,1.19,0.0007738232081299999,0.19508148104117645,https://doi.org/10.1021/acsami.0c22558
Mg3.5Gd0.035Sb2,400.0,-207.5,20665.0,1.0429,0.00088975740625,0.34126278885799216,https://doi.org/10.1021/acsami.0c22558
Mg3.5Gd0.035Sb2,500.0,-234.6,17972.0,0.9272,0.00098912783952,0.5333950817083692,https://doi.org/10.1021/acsami.0c22558
Mg3.5Gd0.035Sb2,600.0,-254.58,14931.0,0.8154,0.0009676926886284001,0.7120623168715233,https://doi.org/10.1021/acsami.0c22558
Mg3.5Gd0.035Sb2,700.0,-275.35,12156.0,0.7022,0.0009216390191100001,0.9187515143506124,https://doi.org/10.1021/acsami.0c22558
Mg3.5Gd0.045Sb2,300.0,-196.43,23049.0,1.2066,0.0008893397852001001,0.2211187929388613,https://doi.org/10.1021/acsami.0c22558
Mg3.5Gd0.045Sb2,400.0,-213.93,22244.0,1.0446,0.0010180199027555999,0.38982190417599083,https://doi.org/10.1021/acsami.0c22558
Mg3.5Gd0.045Sb2,500.0,-244.29,19592.0,0.9391,0.0011692036195272,0.6225128418311149,https://doi.org/10.1021/acsami.0c22558
Mg3.5Gd0.045Sb2,600.0,-257.39,17082.0,0.8505,0.0011316758738921999,0.7983604048622222,https://doi.org/10.1021/acsami.0c22558
Mg3.5Gd0.045Sb2,700.0,-271.48,14631.0,0.763,0.0010783250429424,0.9892890302223852,https://doi.org/10.1021/acsami.0c22558
Mg3.5Gd0.03Sb1.97Te0.03,300.0,-215.0,18956.0,1.0043,0.0008762411,0.2617468186796774,https://doi.org/10.1021/acsami.0c22558
Mg3.5Gd0.03Sb1.97Te0.03,400.0,-223.93,19198.0,0.8736,0.0009626768927902,0.440786123072436,https://doi.org/10.1021/acsami.0c22558
Mg3.5Gd0.03Sb1.97Te0.03,500.0,-251.76,17655.0,0.7804,0.0011190285881279999,0.7169583470835468,https://doi.org/10.1021/acsami.0c22558
Mg3.5Gd0.03Sb1.97Te0.03,600.0,-266.55,15432.0,0.6728,0.0010964266633800002,0.9777883442746732,https://doi.org/10.1021/acsami.0c22558
Mg3.5Gd0.03Sb1.97Te0.03,700.0,-279.58,13218.0,0.6337,0.0010331846580551997,1.1412801966839827,https://doi.org/10.1021/acsami.0c22558
Mg3.5Gd0.04Sb1.97Te0.03,300.0,-183.21,20045.0,0.9457,0.0006728285476845,0.21343826192804272,https://doi.org/10.1021/acsami.0c22558
Mg3.5Gd0.04Sb1.97Te0.03,400.0,-201.07,21143.0,0.8429,0.0008547934106206999,0.40564404347879934,https://doi.org/10.1021/acsami.0c22558
Mg3.5Gd0.04Sb1.97Te0.03,500.0,-226.79,20147.0,0.788,0.0010362348365026998,0.6575094140245556,https://doi.org/10.1021/acsami.0c22558
Mg3.5Gd0.04Sb1.97Te0.03,600.0,-238.57,18575.0,0.7076,0.0010572081040175,0.8964455376066989,https://doi.org/10.1021/acsami.0c22558
Mg3.5Gd0.04Sb1.97Te0.03,700.0,-253.87,16527.0,0.6141,0.0010651647682263,1.214159481775623,https://doi.org/10.1021/acsami.0c22558
Mg3.5Ho0.01Sb2,300.0,-199.3,2217.0,1.118,8.806032633000002e-05,0.023629783451699464,https://doi.org/10.1021/acsami.0c22558
Mg3.5Ho0.01Sb2,400.0,-245.77,2632.0,0.9876,0.00015898041411279999,0.06439060919918994,https://doi.org/10.1021/acsami.0c22558
Mg3.5Ho0.01Sb2,500.0,-290.07,2561.0,0.8602,0.00021548408914889996,0.12525231873337594,https://doi.org/10.1021/acsami.0c22558
Mg3.5Ho0.01Sb2,600.0,-296.8,2308.0,0.7682,0.00020331227392000003,0.15879636078104664,https://doi.org/10.1021/acsami.0c22558
Mg3.5Ho0.01Sb2,700.0,-317.48,2139.0,0.7045,0.0002155974043056,0.21422027397291699,https://doi.org/10.1021/acsami.0c22558
Mg3.5Ho0.02Sb2,300.0,-194.37,11239.0,1.2494,0.0004246060134591,0.098,https://doi.org/10.1021/acsami.0c22558
Mg3.5Ho0.02Sb2,400.0,-250.0,11744.0,1.0663,0.000734,0.2753446497233423,https://doi.org/10.1021/acsami.0c22558
Mg3.5Ho0.02Sb2,500.0,-289.36,10129.0,0.9258,0.0008480931640384,0.4580326010144741,https://doi.org/10.1021/acsami.0c22558
Mg3.5Ho0.02Sb2,600.0,-313.64,8261.0,0.8261,0.0008126349797456,0.5902202975999999,https://doi.org/10.1021/acsami.0c22558
Mg3.5Ho0.02Sb2,700.0,-333.57,6819.0,0.717,0.0007587429352731,0.7407532143530963,https://doi.org/10.1021/acsami.0c22558
Mg3.5Ho0.03Sb2,300.0,-192.96,16695.0,1.2371,0.0006216143109120001,0.15074310344644734,https://doi.org/10.1021/acsami.0c22558
Mg3.5Ho0.03Sb2,400.0,-220.07,15724.0,1.0416,0.0007615259762476,0.2924446913393241,https://doi.org/10.1021/acsami.0c22558
Mg3.5Ho0.03Sb2,500.0,-258.2,13030.0,0.9213,0.0008686741371999999,0.47143934505589924,https://doi.org/10.1021/acsami.0c22558
Mg3.5Ho0.03Sb2,600.0,-283.33,10251.0,0.8102,0.0008229081371138999,0.6094111111680325,https://doi.org/10.1021/acsami.0c22558
Mg3.5Ho0.03Sb2,700.0,-304.2,8261.0,0.7352,0.0007618,0.7278528438900979,https://doi.org/10.1021/acsami.0c22558
Mg3.5Ho0.04Sb2,300.0,-188.8,19512.0,1.3404,0.0006955138252800001,0.15566558309758283,https://doi.org/10.1021/acsami.0c22558
Mg3.5Ho0.04Sb2,400.0,-226.1,18673.0,1.1393,0.00095458635433,0.3351483733274818,https://doi.org/10.1021/acsami.0c22558
Mg3.5Ho0.04Sb2,500.0,-267.96,15290.0,0.9708,0.0010978611668639997,0.565441474487021,https://doi.org/10.1021/acsami.0c22558
Mg3.5Ho0.04Sb2,600.0,-292.55,12029.0,0.825,0.0010295080095725,0.7487330978709091,https://doi.org/10.1021/acsami.0c22558
Mg3.5Ho0.04Sb2,700.0,-310.49,9655.0,0.717,0.0009307810071655002,0.9087122803568342,https://doi.org/10.1021/acsami.0c22558
Mg3.5Ho0.01Sb1.97Te0.03,300.0,-214.1,19512.0,1.143,0.0008944068607199999,0.23475245688188973,https://doi.org/10.1021/acsami.0c22558
Mg3.5Ho0.01Sb1.97Te0.03,400.0,-233.8,17869.0,0.9888,0.00097676314036,0.395130720210356,https://doi.org/10.1021/acsami.0c22558
Mg3.5Ho0.01Sb1.97Te0.03,500.0,-261.35,15661.0,0.8727,0.0010697061641725002,0.6128716421293113,https://doi.org/10.1021/acsami.0c22558
Mg3.5Ho0.01Sb1.97Te0.03,600.0,-281.91,12875.0,0.789,0.0010232180692875002,0.7781126002186314,https://doi.org/10.1021/acsami.0c22558
Mg3.5Ho0.01Sb1.97Te0.03,700.0,-297.8,10755.0,0.7284,0.0009538054542000002,0.9166169933278419,https://doi.org/10.1021/acsami.0c22558
Mg3.5Ho0.02Sb1.97Te0.03,300.0,-217.96,25916.0,1.143,0.0012311800504256,0.32314437019044623,https://doi.org/10.1021/acsami.0c22558
Mg3.5Ho0.02Sb1.97Te0.03,400.0,-225.0,22442.0,0.982,0.00113612625,0.462780549898167,https://doi.org/10.1021/acsami.0c22558
Mg3.5Ho0.02Sb1.97Te0.03,500.0,-253.19,19279.0,0.894,0.0012358836900319,0.6912101174675056,https://doi.org/10.1021/acsami.0c22558
Mg3.5Ho0.02Sb1.97Te0.03,600.0,-268.09,16496.0,0.8239,0.0011856046046575996,0.863409106438354,https://doi.org/10.1021/acsami.0c22558
Mg3.5Ho0.02Sb1.97Te0.03,700.0,-280.5,14059.0,0.7761,0.00110616563475,0.9977012554116736,https://doi.org/10.1021/acsami.0c22558
Mg3.5Ho0.03Sb1.97Te0.03,300.0,-200.0,27081.0,1.164,0.00108324,0.2791855670103093,https://doi.org/10.1021/acsami.0c22558
Mg3.5Ho0.03Sb1.97Te0.03,400.0,-208.8,23829.0,0.9551,0.00103888339776,0.43508884839702655,https://doi.org/10.1021/acsami.0c22558
Mg3.5Ho0.03Sb1.97Te0.03,500.0,-235.21,21306.0,0.8798,0.0011787276917946,0.6698838894036143,https://doi.org/10.1021/acsami.0c22558
Mg3.5Ho0.03Sb1.97Te0.03,600.0,-245.77,18974.0,0.8191,0.0011460844898846002,0.8395198314378709,https://doi.org/10.1021/acsami.0c22558
Mg3.5Ho0.03Sb1.97Te0.03,700.0,-256.1,16667.0,0.7472,0.0010931420290700002,1.0240891599959852,https://doi.org/10.1021/acsami.0c22558
Mg3.5Ho0.04Sb1.97Te0.03,300.0,-206.34,27189.0,1.1787,0.0011576041821684,0.29463074119837107,https://doi.org/10.1021/acsami.0c22558
Mg3.5Ho0.04Sb1.97Te0.03,400.0,-210.92,24310.0,0.9921,0.001081484959984,0.43603868964176995,https://doi.org/10.1021/acsami.0c22558
Mg3.5Ho0.04Sb1.97Te0.03,500.0,-237.0,21450.0,0.9112,0.0012048250499999999,0.6611199791483757,https://doi.org/10.1021/acsami.0c22558
Mg3.5Ho0.04Sb1.97Te0.03,600.0,-254.0,18676.0,0.8375,0.001204900816,0.8632125248955224,https://doi.org/10.1021/acsami.0c22558
Mg3.5Ho0.04Sb1.97Te0.03,700.0,-265.5,16150.0,0.7477,0.0011384175374999999,1.065791462150595,https://doi.org/10.1021/acsami.0c22558
AgCuTe,320.0,65.19,75588.0,1.0716,0.0003212290523268,0.093,https://doi.org/10.1021/acsami.0c17836
AgCuTe,422.0,120.0,24175.0,0.6,0.0003381,0.2448444,https://doi.org/10.1021/acsami.0c17836
AgCuTe,522.0,255.44,9806.0,0.4704,0.0006398375148416,0.7100237728471839,https://doi.org/10.1021/acsami.0c17836
AgCuTe,623.0,252.23,9320.0,0.5185,0.0005929381474279999,0.7124406284429006,https://doi.org/10.1021/acsami.0c17836
AgCuTe,723.0,249.61,9029.0,0.5531,0.0005625532183109001,0.7353570364107408,https://doi.org/10.1021/acsami.0c17836
AgCuTe0.9Se0.1,320.0,172.0,34854.0,0.4531,0.001031120736,0.7446,https://doi.org/10.1021/acsami.0c17836
AgCuTe0.9Se0.1,422.0,181.15,24078.0,0.358,0.0008029,0.8855,https://doi.org/10.1021/acsami.0c17836
AgCuTe0.9Se0.1,522.0,195.3,23786.0,0.3753,0.0009114,1.4458,https://doi.org/10.1021/acsami.0c17836
AgCuTe0.9Se0.1,623.0,214.0,21650.0,0.554,0.0009914834,1.1149714046931407,https://doi.org/10.1021/acsami.0c17836
AgCuTe0.9Se0.1,723.0,225.87,17864.0,0.5778,0.0009113722772616,1.1403983323989908,https://doi.org/10.1021/acsami.0c17836
AgCuTe0.8Se0.2,320.0,97.0,29515.0,0.6348,0.0002734,0.1399907422810334,https://doi.org/10.1021/acsami.0c17836
AgCuTe0.8Se0.2,422.0,161.63,14757.0,0.4,0.0003855156590733,0.4067190203223315,https://doi.org/10.1021/acsami.0c17836
AgCuTe0.8Se0.2,522.0,178.56,23107.0,0.4926,0.0007453,0.7988,https://doi.org/10.1021/acsami.0c17836
AgCuTe0.8Se0.2,623.0,178.42,24854.0,0.563,0.0007911946903255999,0.8755138402714898,https://doi.org/10.1021/acsami.0c17836
AgCuTe0.8Se0.2,723.0,179.7,28835.0,0.6149,0.0009311424151499998,1.0927,https://doi.org/10.1021/acsami.0c17836
AgCuTe0.7Se0.3,320.0,200.48,20194.0,0.4679,0.0008173,0.5473,https://doi.org/10.1021/acsami.0c17836
AgCuTe0.7Se0.3,422.0,191.83,14854.0,0.3185,0.0005536,0.7355,https://doi.org/10.1021/acsami.0c17836
AgCuTe0.7Se0.3,522.0,231.35,13301.0,0.367,0.0007119070620724998,1.0125762572257355,https://doi.org/10.1021/acsami.0c17836
AgCuTe0.7Se0.3,623.0,250.19,11650.0,0.432,0.000729232170565,1.0516473200509142,https://doi.org/10.1021/acsami.0c17836
AgCuTe0.7Se0.3,723.0,254.27,10146.0,0.5074,0.0006559717010034,0.9236,https://doi.org/10.1021/acsami.0c17836
AgCuTe0.6Se0.4,320.0,219.23,11068.0,0.5358,0.0005319479238171999,0.3176993945903396,https://doi.org/10.1021/acsami.0c17836
AgCuTe0.6Se0.4,422.0,217.5,8835.0,0.3049,0.0004203,0.6705,https://doi.org/10.1021/acsami.0c17836
AgCuTe0.6Se0.4,522.0,245.83,8155.0,0.379,0.0004928261314795001,0.6787737219849578,https://doi.org/10.1021/acsami.0c17836
AgCuTe0.6Se0.4,623.0,251.4,7184.0,0.5037,0.00045404288064000004,0.5615817245160215,https://doi.org/10.1021/acsami.0c17836
AgCuTe0.6Se0.4,723.0,258.1,6699.0,0.643,0.0004462579713900001,0.4945,https://doi.org/10.1021/acsami.0c17836
AgCuTe0.5Se0.5,320.0,97.32,5534.0,0.341,5.241352340159999e-05,0.049185711110005845,https://doi.org/10.1021/acsami.0c17836
AgCuTe0.5Se0.5,422.0,146.0,2715.0,0.2272,5.467e-05,0.0945,https://doi.org/10.1021/acsami.0c17836
AgCuTe0.5Se0.5,522.0,161.05,1845.0,0.296,4.785395411250001e-05,0.08439109475244934,https://doi.org/10.1021/acsami.0c17836
AgCuTe0.5Se0.5,623.0,155.7,2913.0,0.38,7.482e-05,0.12,https://doi.org/10.1021/acsami.0c17836
AgCuTe0.5Se0.5,723.0,150.0,3883.0,0.4938,8.73675e-05,0.12791960814094774,https://doi.org/10.1021/acsami.0c17836
Mg2Sn0.995Sb0.005,350.0,-148.1,195614.0,5.1069,0.004290521186539999,0.294049700461924,https://doi.org/10.1021/acsami.0c17462
Mg2Sn0.995Sb0.005,444.0,-170.09,138596.0,4.0755,0.0040096665602276,0.436827862284641,https://doi.org/10.1021/acsami.0c17462
Mg2Sn0.995Sb0.005,544.0,-187.93,102632.0,4.1132,0.0036247246366567995,0.47939565358876274,https://doi.org/10.1021/acsami.0c17462
Mg2Sn0.995Sb0.005,646.0,-187.0,104380.0,4.302,0.0036500642199999997,0.5481035532589494,https://doi.org/10.1021/acsami.0c17462
Mg2Sn0.99Sb0.01,350.0,-113.2,349107.0,6.0,0.0044735408836800005,0.260956551548,https://doi.org/10.1021/acsami.0c17462
Mg2Sn0.99Sb0.01,444.0,-133.0,289400.0,4.7799,0.0051191966,0.4755169125713927,https://doi.org/10.1021/acsami.0c17462
Mg2Sn0.99Sb0.01,544.0,-153.02,216814.0,4.6478,0.0050767259144056005,0.5942034720591777,https://doi.org/10.1021/acsami.0c17462
Mg2Sn0.99Sb0.01,646.0,-170.86,167544.0,4.4277,0.004891135381142401,0.7136150724344447,https://doi.org/10.1021/acsami.0c17462
Mg2Sn0.98Sb0.02,350.0,-86.29,460177.0,7.101,0.0034264614216457006,0.168886283280664,https://doi.org/10.1021/acsami.0c17462
Mg2Sn0.98Sb0.02,444.0,-99.22,346429.0,5.7296,0.0034104578434035995,0.26428429252848334,https://doi.org/10.1021/acsami.0c17462
Mg2Sn0.98Sb0.02,544.0,-117.3,304464.0,5.17,0.00418920847056,0.44079872494867306,https://doi.org/10.1021/acsami.0c17462
Mg2Sn0.98Sb0.02,646.0,-141.38,229200.0,4.674,0.0045813193684799995,0.6331904818224389,https://doi.org/10.1021/acsami.0c17462
Ag8SiSe6,298.0,-151.94,68519.0,0.6811,0.0015818134361083999,0.6920869240350949,https://doi.org/10.1021/acsami.0c15877
Ag8SiSe6,343.0,-145.49,79144.0,0.738,0.0016752679648744,0.7786137018318688,https://doi.org/10.1021/acsami.0c15877
Ag8SiSe6,398.0,-140.3,90520.0,0.7899,0.0017818038268000004,0.8977819003245981,https://doi.org/10.1021/acsami.0c15877
Ag8SiSe6,423.0,-97.93,56923.0,0.5433,0.0005459077873627,0.42503035901789454,https://doi.org/10.1021/acsami.0c15877
Ag8SiSe6,473.0,-103.9,53237.0,0.52,0.0005747045947700001,0.5227601410119423,https://doi.org/10.1021/acsami.0c15877
Ag8SiSe6,298.0,-162.46,42390.0,0.554,0.001118809935324,0.601814730553343,https://doi.org/10.1021/acsami.0c15877
Ag8SiSe6,343.0,-157.38,48613.0,0.6091,0.0012040693598771998,0.6780426702312914,https://doi.org/10.1021/acsami.0c15877
Ag8SiSe6,398.0,-153.63,54412.0,0.6579,0.0012842416494828,0.7769086130022106,https://doi.org/10.1021/acsami.0c15877
Ag8SiSe6,423.0,-107.78,37927.0,0.47,0.00044058007262680007,0.39652206536412005,https://doi.org/10.1021/acsami.0c15877
Ag8SiSe6,473.0,-113.7,35006.0,0.441,0.00045254671614,0.4853845730934694,https://doi.org/10.1021/acsami.0c15877
Ag8SiSe6,298.0,-158.0,51658.0,0.563,0.001289590312,0.682589543474245,https://doi.org/10.1021/acsami.0c15877
Ag8SiSe6,343.0,-152.1,58847.0,0.616,0.00136139062527,0.7649,https://doi.org/10.1021/acsami.0c15877
Ag8SiSe6,398.0,-147.68,65198.0,0.6703,0.0014219281137152,0.8442897049957476,https://doi.org/10.1021/acsami.0c15877
Ag8SiSe6,423.0,-104.64,42571.0,0.492,0.0004661324246016,0.4007601943221073,https://doi.org/10.1021/acsami.0c15877
Ag8SiSe6,473.0,-110.08,39318.0,0.4636,0.0004764400484352,0.48610039454238474,https://doi.org/10.1021/acsami.0c15877
Ag8SiSe6,298.0,-166.21,39526.0,0.5121,0.0010919359518166,0.6354167421233096,https://doi.org/10.1021/acsami.0c15877
Ag8SiSe6,343.0,-162.58,45083.0,0.565,0.0011916454152812001,0.7234236768875252,https://doi.org/10.1021/acsami.0c15877
Ag8SiSe6,398.0,-158.71,50338.0,0.6016,0.0012679570410658002,0.838841260545526,https://doi.org/10.1021/acsami.0c15877
Ag8SiSe6,423.0,-112.74,35047.0,0.4504,0.0004454581504571999,0.4183587869524768,https://doi.org/10.1021/acsami.0c15877
Ag8SiSe6,473.0,-118.7,32051.0,0.4208,0.00045158865418999997,0.5076079691822005,https://doi.org/10.1021/acsami.0c15877
GeSe,326.0,774.26,3.1346,2.8447,1.8791254553069595e-06,0.00021534604648295737,https://doi.org/10.1021/acsami.0c10850
GeSe,424.0,737.68,15.518,2.0096,8.444457719283199e-06,0.001781673006058955,https://doi.org/10.1021/acsami.0c10850
GeSe,524.0,841.25,15.248,1.4612,1.0791033424999998e-05,0.003869765613673692,https://doi.org/10.1021/acsami.0c10850
GeSe,623.0,742.8,53.112,1.1359,2.9304643726079998e-05,0.01607253547085821,https://doi.org/10.1021/acsami.0c10850
GeSe,673.0,688.4,114.98,0.9854,5.44883965088e-05,0.03721401547637751,https://doi.org/10.1021/acsami.0c10850
GeSe,723.0,629.21,231.013,0.8738,9.145925353501332e-05,0.07567525784597691,https://doi.org/10.1021/acsami.0c10850
GeSe,772.0,522.06,400.0,0.7621,0.00010901865743999997,0.11043485571930192,https://doi.org/10.1021/acsami.0c10850
GeSe0.95Te0.05,326.0,634.0,12.4,1.9126,4.9842544000000005e-06,0.000849559204433755,https://doi.org/10.1021/acsami.0c10850
GeSe0.95Te0.05,430.0,595.35,55.012,1.4223,1.9498542536970003e-05,0.005894940090625819,https://doi.org/10.1021/acsami.0c10850
GeSe0.95Te0.05,535.0,599.48,63.318,1.0631,2.2754986689187202e-05,0.011451338424151213,https://doi.org/10.1021/acsami.0c10850
GeSe0.95Te0.05,633.0,567.22,134.52,0.8592,4.3280266840368004e-05,0.031885950779740393,https://doi.org/10.1021/acsami.0c10850
GeSe0.95Te0.05,681.0,551.75,239.21,0.7621,7.282223683062499e-05,0.06507275066481515,https://doi.org/10.1021/acsami.0c10850
GeSe0.95Te0.05,725.0,533.0,400.0,0.6893,0.0001136356,0.11952097780356882,https://doi.org/10.1021/acsami.0c10850
GeSe0.95Te0.05,778.0,470.62,800.0,0.6311,0.00017718654752,0.2184299381564887,https://doi.org/10.1021/acsami.0c10850
GeSe0.9Te0.1,320.0,75.31,2974.0,1.932,1.68673268014e-05,0.0027937601327370602,https://doi.org/10.1021/acsami.0c10850
GeSe0.9Te0.1,430.0,104.96,2584.0,1.534,2.8466898534399993e-05,0.007979639093736635,https://doi.org/10.1021/acsami.0c10850
GeSe0.9Te0.1,530.0,130.05,2245.0,1.2233,3.79696906125e-05,0.016450532187218998,https://doi.org/10.1021/acsami.0c10850
GeSe0.9Te0.1,630.0,118.05,3000.0,1.2184,4.18074075e-05,0.021617421803184506,https://doi.org/10.1021/acsami.0c10850
GeSe0.9Te0.1,678.0,137.45,3304.0,1.0534,6.242082826e-05,0.04017592705551548,https://doi.org/10.1021/acsami.0c10850
GeSe0.9Te0.1,728.0,158.93,3483.0,0.8398,8.797620848669999e-05,0.0762642054993065,https://doi.org/10.1021/acsami.0c10850
GeSe0.9Te0.1,776.0,185.04,4153.0,0.7816,0.00014219789604479998,0.14117907795645443,https://doi.org/10.1021/acsami.0c10850
GeSe0.85Te0.15,320.0,15.04,88059.0,2.0,1.9919086694399998e-05,0.0031870538711039997,https://doi.org/10.1021/acsami.0c10850
GeSe0.85Te0.15,430.0,22.15,73881.0,1.8932,3.62476809225e-05,0.008232887595961863,https://doi.org/10.1021/acsami.0c10850
GeSe0.85Te0.15,530.0,28.21,59328.0,1.7184,4.7213465644800005e-05,0.014561881280111735,https://doi.org/10.1021/acsami.0c10850
GeSe0.85Te0.15,630.0,36.69,53358.0,1.6845,7.18281971838e-05,0.026863617824751555,https://doi.org/10.1021/acsami.0c10850
GeSe0.85Te0.15,678.0,40.0,55597.0,1.733,8.895519999999999e-05,0.034801861281015575,https://doi.org/10.1021/acsami.0c10850
GeSe0.85Te0.15,728.0,71.26,27985.0,1.5825,0.000142107482986,0.06537393214142687,https://doi.org/10.1021/acsami.0c10850
GeSe0.85Te0.15,776.0,123.1,20522.0,1.072,0.00031098238441999997,0.22511411409507462,https://doi.org/10.1021/acsami.0c10850
GeSe0.8Te0.2,320.0,14.83,108955.0,2.0144,2.39623532995e-05,0.003806569229467831,https://doi.org/10.1021/acsami.0c10850
GeSe0.8Te0.2,430.0,21.54,91045.0,1.8786,4.2242294322e-05,0.009669001681283934,https://doi.org/10.1021/acsami.0c10850
GeSe0.8Te0.2,530.0,27.44,71642.0,1.7282,5.39431018112e-05,0.016543133873357253,https://doi.org/10.1021/acsami.0c10850
GeSe0.8Te0.2,630.0,35.94,66418.0,1.7621,8.57910413448e-05,0.030672695106534243,https://doi.org/10.1021/acsami.0c10850
GeSe0.8Te0.2,678.0,38.51,74254.0,1.9126,0.0001101201745054,0.03903664034019722,https://doi.org/10.1021/acsami.0c10850
GeSe0.8Te0.2,728.0,68.84,57090.0,1.7913,0.0002705464043040001,0.1099524269152638,https://doi.org/10.1021/acsami.0c10850
GeSe0.8Te0.2,776.0,121.4,43284.0,1.25,0.00063791786064,0.3960194078853119,https://doi.org/10.1021/acsami.0c10850
GeSe0.75Te0.25,320.0,14.03,99254.0,1.6845,1.9537246688599997e-05,0.0037114389672615006,https://doi.org/10.1021/acsami.0c10850
GeSe0.75Te0.25,430.0,20.53,83955.0,1.6262,3.53854289595e-05,0.009356619390348665,https://doi.org/10.1021/acsami.0c10850
GeSe0.75Te0.25,530.0,26.51,64552.0,1.5146,4.5365861015200005e-05,0.015874756594517366,https://doi.org/10.1021/acsami.0c10850
GeSe0.75Te0.25,630.0,35.69,60821.0,1.5243,7.747233617809999e-05,0.03201966265971462,https://doi.org/10.1021/acsami.0c10850
GeSe0.75Te0.25,678.0,39.05,72388.0,1.6845,0.00011038464216999998,0.044429081265218155,https://doi.org/10.1021/acsami.0c10850
GeSe0.75Te0.25,728.0,88.3,66791.0,1.7621,0.0005207620799899999,0.21514942070978946,https://doi.org/10.1021/acsami.0c10850
GeSe0.75Te0.25,776.0,120.6,60821.0,1.213,0.0008846025195599999,0.5659122466434954,https://doi.org/10.1021/acsami.0c10850
GeSe0.7Te0.3,320.0,13.84,101119.0,1.6408,1.93688995264e-05,0.0037774548076840563,https://doi.org/10.1021/acsami.0c10850
GeSe0.7Te0.3,430.0,20.0,85075.0,1.6117,3.403e-05,0.009079171061611963,https://doi.org/10.1021/acsami.0c10850
GeSe0.7Te0.3,530.0,26.15,64179.0,1.4854,4.3887044227499994e-05,0.015659171563602393,https://doi.org/10.1021/acsami.0c10850
GeSe0.7Te0.3,630.0,34.96,61940.0,1.5631,7.5703167104e-05,0.030511800444961937,https://doi.org/10.1021/acsami.0c10850
GeSe0.7Te0.3,678.0,39.59,72388.0,1.7039,0.00011345864202280002,0.04514640488964048,https://doi.org/10.1021/acsami.0c10850
GeSe0.7Te0.3,728.0,100.69,72201.0,1.75,0.0007320081128961,0.3045153749647776,https://doi.org/10.1021/acsami.0c10850
GeSe0.7Te0.3,776.0,119.7,70149.0,1.3155,0.0010051011854099999,0.5928989128682327,https://doi.org/10.1021/acsami.0c10850
GeSe0.65Te0.35,320.0,11.56,131716.0,1.8883,1.76016832576e-05,0.002982862173612244,https://doi.org/10.1021/acsami.0c10850
GeSe0.65Te0.35,430.0,18.0,110075.0,1.8641,3.56643e-05,0.00822683815245963,https://doi.org/10.1021/acsami.0c10850
GeSe0.65Te0.35,530.0,24.1,85450.0,1.7476,4.963021450000001e-05,0.015051507029640651,https://doi.org/10.1021/acsami.0c10850
GeSe0.65Te0.35,630.0,34.0,80597.0,1.7573,9.317013199999999e-05,0.03340191382234109,https://doi.org/10.1021/acsami.0c10850
GeSe0.65Te0.35,678.0,40.0,89925.0,1.8738,0.00014387999999999998,0.052060326609029775,https://doi.org/10.1021/acsami.0c10850
GeSe0.65Te0.35,728.0,112.47,93657.0,1.9806,0.0011847143057912997,0.435459969007405,https://doi.org/10.1021/acsami.0c10850
GeSe0.65Te0.35,776.0,123.05,86194.0,1.6068,0.001305089427685,0.6302896414510579,https://doi.org/10.1021/acsami.0c10850
GeSe0.6Te0.4,320.0,51.13,203731.0,2.9563,0.0005326092471139001,0.05765144236932923,https://doi.org/10.1021/acsami.0c10850
GeSe0.6Te0.4,430.0,70.8,168519.0,2.6359,0.0008447250801599998,0.1378018075301794,https://doi.org/10.1021/acsami.0c10850
GeSe0.6Te0.4,530.0,94.0,133209.0,2.11,0.001177034724,0.29565327190521323,https://doi.org/10.1021/acsami.0c10850
GeSe0.6Te0.4,630.0,100.0,144776.0,2.1827,0.00144776,0.4178718101434003,https://doi.org/10.1021/acsami.0c10850
GeSe0.6Te0.4,678.0,110.16,131343.0,2.7476,0.0015938769359808,0.3933063628603081,https://doi.org/10.1021/acsami.0c10850
GeSe0.6Te0.4,728.0,122.2,115672.0,2.264,0.00172731146848,0.5554252425147703,https://doi.org/10.1021/acsami.0c10850
GeSe0.6Te0.4,776.0,132.78,101866.0,2.125,0.0017959514059944,0.6558391957890137,https://doi.org/10.1021/acsami.0c10850
GeSe0.55Te0.45,320.0,50.08,222761.0,2.7379,0.0005586860136703999,0.06529804754539172,https://doi.org/10.1021/acsami.0c10850
GeSe0.55Te0.45,430.0,70.77,181852.0,2.4663,0.0009107862656508,0.1587958051452962,https://doi.org/10.1021/acsami.0c10850
GeSe0.55Te0.45,530.0,93.97,144403.0,2.1106,0.0012751306050427,0.32020241669318256,https://doi.org/10.1021/acsami.0c10850
GeSe0.55Te0.45,630.0,102.1,150741.0,1.8932,0.0015713859878099996,0.5229099790409358,https://doi.org/10.1021/acsami.0c10850
GeSe0.55Te0.45,678.0,110.93,137313.0,2.4471,0.0016897003018137003,0.4681528358586445,https://doi.org/10.1021/acsami.0c10850
GeSe0.55Te0.45,728.0,121.36,121269.0,2.2788,0.0017860801007423999,0.5705925545640105,https://doi.org/10.1021/acsami.0c10850
GeSe0.55Te0.45,776.0,132.78,107836.0,2.135,0.0019012056605423999,0.6910236967592048,https://doi.org/10.1021/acsami.0c10850
GeSe0.5Te0.5,320.0,46.42,241791.0,2.9563,0.0005210152121724001,0.05639646446408281,https://doi.org/10.1021/acsami.0c10850
GeSe0.5Te0.5,430.0,66.04,196667.0,2.6456,0.0008577201684272002,0.13940870593577867,https://doi.org/10.1021/acsami.0c10850
GeSe0.5Te0.5,530.0,88.91,157407.0,2.2692,0.0012443004618566999,0.29062191291382466,https://doi.org/10.1021/acsami.0c10850
GeSe0.5Te0.5,630.0,102.1,157222.0,2.0337,0.0016389465890199997,0.5077132079867236,https://doi.org/10.1021/acsami.0c10850
GeSe0.5Te0.5,678.0,111.0,144776.0,2.6117,0.001783785096,0.46307244135543896,https://doi.org/10.1021/acsami.0c10850
GeSe0.5Te0.5,728.0,121.36,128731.0,2.4519,0.0018959822992575999,0.5629410309798657,https://doi.org/10.1021/acsami.0c10850
GeSe0.5Te0.5,776.0,132.7,113806.0,2.31,0.00200404285774,0.6732195920373333,https://doi.org/10.1021/acsami.0c10850
(CuI)0.003Bi2Te3,325.0,-156.98,132444.0,1.4074,0.0032637804606575997,0.7536795862680972,https://doi.org/10.1021/acsami.0c09529
(CuI)0.003Bi2Te3,371.0,-165.74,109029.0,1.3556,0.0029949991110804004,0.8196700134337773,https://doi.org/10.1021/acsami.0c09529
(CuI)0.003Bi2Te3,420.0,-170.86,93431.0,1.3852,0.0027275442259676002,0.8270059016072713,https://doi.org/10.1021/acsami.0c09529
(CuI)0.003Bi2Te3,470.0,-169.48,84100.0,1.4519,0.0024156438606399997,0.7819771433988567,https://doi.org/10.1021/acsami.0c09529
(CuI)0.003Bi2Te3,519.0,-162.26,81218.0,1.575,0.0021383324866567997,0.7046314670316693,https://doi.org/10.1021/acsami.0c09529
(CuI)0.003Bi2Te3,568.0,-151.47,79900.0,1.7288,0.0018331585559099998,0.6022871701509024,https://doi.org/10.1021/acsami.0c09529
Mg2Zn0.96Sb2,300.0,288.82,3013.0,0.6822,0.0002513353981012,0.11052568078328935,https://doi.org/10.1021/acsami.0c09391
Mg2Zn0.96Sb2,373.0,289.47,3411.0,0.6292,0.00028581751674990004,0.1694372755049471,https://doi.org/10.1021/acsami.0c09391
Mg2Zn0.96Sb2,473.0,244.74,5695.0,0.6545,0.00034111721698200007,0.24652168622228576,https://doi.org/10.1021/acsami.0c09391
Mg2Zn0.96Sb2,573.0,207.89,9503.0,0.7344,0.00041070304970629995,0.3204423304489514,https://doi.org/10.1021/acsami.0c09391
Mg2Zn0.96Sb2,673.0,182.78,14934.0,0.8458,0.0004989229631256001,0.3969911967173431,https://doi.org/10.1021/acsami.0c09391
Mg2Zn0.96Sb2,773.0,160.26,20921.0,0.9605,0.0005373196414595998,0.4324290295140767,https://doi.org/10.1021/acsami.0c09391
Mg2Zn0.98Sb2,300.0,277.63,5364.0,0.7563,0.00041344862825159996,0.16400183587925427,https://doi.org/10.1021/acsami.0c09391
Mg2Zn0.98Sb2,373.0,296.71,4570.0,0.6735,0.0004023282861369999,0.2228187835621395,https://doi.org/10.1021/acsami.0c09391
Mg2Zn0.98Sb2,473.0,283.55,5132.0,0.6711,0.00041261589203,0.2908170420655491,https://doi.org/10.1021/acsami.0c09391
Mg2Zn0.98Sb2,573.0,241.5,7649.0,0.74,0.00044610689025,0.3512,https://doi.org/10.1021/acsami.0c09391
Mg2Zn0.98Sb2,673.0,208.0,12632.0,0.842,0.000546510848,0.43681924074109263,https://doi.org/10.1021/acsami.0c09391
Mg2Zn0.98Sb2,773.0,186.2,18618.0,0.966,0.00064549425192,0.5165290442382608,https://doi.org/10.1021/acsami.0c09391
Mg2ZnSb2,300.0,427.5,662.0,0.7341,0.00012098463749999999,0.04944202595014303,https://doi.org/10.1021/acsami.0c09391
Mg2ZnSb2,373.0,346.2,729.0,0.685,8.737388675999999e-05,0.047577313520408754,https://doi.org/10.1021/acsami.0c09391
Mg2ZnSb2,473.0,150.33,1523.0,0.7405,3.441844285470001e-05,0.02198504182346131,https://doi.org/10.1021/acsami.0c09391
Mg2ZnSb2,573.0,100.0,3179.0,0.8656,3.179e-05,0.021043981053604433,https://doi.org/10.1021/acsami.0c09391
Mg2ZnSb2,673.0,104.64,5629.0,1.0256,6.16349021184e-05,0.04044489969352886,https://doi.org/10.1021/acsami.0c09391
Mg2ZnSb2,773.0,119.87,8974.0,1.1889,0.00012894576286060001,0.08383806433782807,https://doi.org/10.1021/acsami.0c09391
Mg2Zn1.02Sb2,300.0,411.84,662.0,0.7119,0.00011228326686719996,0.0473170109006321,https://doi.org/10.1021/acsami.0c09391
Mg2Zn1.02Sb2,373.0,269.08,894.0,0.6778,6.472921748159999e-05,0.035621124403418115,https://doi.org/10.1021/acsami.0c09391
Mg2Zn1.02Sb2,473.0,96.69,2052.0,0.7317,1.91840579172e-05,0.012401338519660517,https://doi.org/10.1021/acsami.0c09391
Mg2Zn1.02Sb2,573.0,72.19,4172.0,0.8498,2.1741944529199998e-05,0.01466007791860626,https://doi.org/10.1021/acsami.0c09391
Mg2Zn1.02Sb2,673.0,88.74,7152.0,1.0008,5.6320480915199986e-05,0.03787338494797122,https://doi.org/10.1021/acsami.0c09391
Mg2Zn1.02Sb2,773.0,109.93,11118.0,1.1611,0.00013435663727820002,0.08944766223068522,https://doi.org/10.1021/acsami.0c09391
Mg2Zn1.04Sb2,300.0,433.55,430.0,0.7167,8.0825209075e-05,0.03383223485768104,https://doi.org/10.1021/acsami.0c09391
Mg2Zn1.04Sb2,373.0,317.76,596.0,0.6659,6.01789648896e-05,0.03370889608623036,https://doi.org/10.1021/acsami.0c09391
Mg2Zn1.04Sb2,473.0,131.58,1391.0,0.6444,2.40827952924e-05,0.017677160417916206,https://doi.org/10.1021/acsami.0c09391
Mg2Zn1.04Sb2,573.0,95.39,3013.0,0.6944,2.74160465773e-05,0.022622976222340007,https://doi.org/10.1021/acsami.0c09391
Mg2Zn1.04Sb2,673.0,104.61,5464.0,0.7794,5.9793929474399995e-05,0.05163114515816167,https://doi.org/10.1021/acsami.0c09391
Mg2Zn1.04Sb2,773.0,121.8,8709.0,0.883,0.00012920010515999998,0.11310496182183463,https://doi.org/10.1021/acsami.0c09391
Mg1.98Li0.02Zn0.98Sb2,300.0,77.25,100529.0,1.1789,0.0005999130905625,0.15266258984540673,https://doi.org/10.1021/acsami.0c09391
Mg1.98Li0.02Zn0.98Sb2,373.0,92.06,83598.0,1.1289,0.0007084966948728001,0.23409448772039546,https://doi.org/10.1021/acsami.0c09391
Mg1.98Li0.02Zn0.98Sb2,473.0,110.58,67302.0,1.0579,0.0008229645755928,0.3679575047314438,https://doi.org/10.1021/acsami.0c09391
Mg1.98Li0.02Zn0.98Sb2,573.0,129.63,55026.0,1.0118,0.0009246534318594,0.5236473774020916,https://doi.org/10.1021/acsami.0c09391
Mg1.98Li0.02Zn0.98Sb2,673.0,146.03,45820.0,0.9934,0.0009771005444380002,0.6619575864775258,https://doi.org/10.1021/acsami.0c09391
Mg1.98Li0.02Zn0.98Sb2,773.0,157.67,38300.0,1.0066,0.0009521314468699998,0.7311718740617027,https://doi.org/10.1021/acsami.0c09391
Mg1.98K0.02Zn0.98Sb2,300.0,205.82,10688.0,0.741,0.0004527636922112,0.18330513854704453,https://doi.org/10.1021/acsami.0c09391
Mg1.98K0.02Zn0.98Sb2,373.0,237.04,8677.0,0.667,0.0004875429428031999,0.27264395452112977,https://doi.org/10.1021/acsami.0c09391
Mg1.98K0.02Zn0.98Sb2,473.0,254.5,7407.0,0.6344,0.00047975324175,0.3576974832089376,https://doi.org/10.1021/acsami.0c09391
Mg1.98K0.02Zn0.98Sb2,573.0,233.86,8254.0,0.668,0.0004514153836984,0.3872170881125497,https://doi.org/10.1021/acsami.0c09391
Mg1.98K0.02Zn0.98Sb2,673.0,206.88,12063.0,0.762,0.0005162883708672,0.4559869732199811,https://doi.org/10.1021/acsami.0c09391
Mg1.98K0.02Zn0.98Sb2,773.0,184.66,17143.0,0.874,0.0005845645673308,0.5170119113806733,https://doi.org/10.1021/acsami.0c09391
Mg1.98Ag0.02Zn0.98Sb2,300.0,94.71,62222.0,1.078,0.0005581303506702,0.15532384527,https://doi.org/10.1021/acsami.0c09391
Mg1.98Ag0.02Zn0.98Sb2,373.0,113.7,50794.0,1.0,0.00065664908586,0.24493010902578,https://doi.org/10.1021/acsami.0c09391
Mg1.98Ag0.02Zn0.98Sb2,473.0,133.33,41693.0,0.9404,0.0007411718289077001,0.37279272126046586,https://doi.org/10.1021/acsami.0c09391
Mg1.98Ag0.02Zn0.98Sb2,573.0,151.4,34921.0,0.9152,0.0008004577651600001,0.5011607292795892,https://doi.org/10.1021/acsami.0c09391
Mg1.98Ag0.02Zn0.98Sb2,673.0,162.4,29841.0,0.9205,0.0007870193721600001,0.5754090575379468,https://doi.org/10.1021/acsami.0c09391
Mg1.98Ag0.02Zn0.98Sb2,773.0,165.7,27513.0,0.973,0.0007554104093699999,0.6001359161798663,https://doi.org/10.1021/acsami.0c09391
Mg1.96Li0.04Zn0.98Sb2,300.0,52.38,153439.0,1.4171,0.0004209851218716,0.08912252950496084,https://doi.org/10.1021/acsami.0c09391
Mg1.96Li0.04Zn0.98Sb2,373.0,62.7,127831.0,1.338,0.0005025407319900001,0.1379,https://doi.org/10.1021/acsami.0c09391
Mg1.96Li0.04Zn0.98Sb2,473.0,76.72,103280.0,1.2632,0.0006079017835519999,0.22762630115587076,https://doi.org/10.1021/acsami.0c09391
Mg1.96Li0.04Zn0.98Sb2,573.0,90.48,84233.0,1.175,0.0006895844384832001,0.3362824538305307,https://doi.org/10.1021/acsami.0c09391
Mg1.96Li0.04Zn0.98Sb2,673.0,104.76,70053.0,1.1224,0.0007688076888528,0.4609832275462708,https://doi.org/10.1021/acsami.0c09391
Mg1.96Li0.04Zn0.98Sb2,773.0,122.22,58836.0,1.1,0.0008788761881424,0.6176102667582501,https://doi.org/10.1021/acsami.0c09391
Ag0.97CrSe2,303.0,85.49,26857.0,0.4979,0.00019628546146569997,0.11945068251477624,https://doi.org/10.1021/acsami.0c09355
Ag0.97CrSe2,403.0,96.61,21364.0,0.436,0.00019940072522439998,0.18430846849869997,https://doi.org/10.1021/acsami.0c09355
Ag0.97CrSe2,503.0,118.43,14157.0,0.4146,0.0001985613379893,0.24089810180563892,https://doi.org/10.1021/acsami.0c09355
Ag0.97CrSe2,603.0,131.46,12601.0,0.3992,0.00021776709989160004,0.32894178665990687,https://doi.org/10.1021/acsami.0c09355
Ag0.97CrSe2,703.0,144.07,11217.0,0.3954,0.0002328219016833,0.41394485807627696,https://doi.org/10.1021/acsami.0c09355
Ag0.97CrSe2,753.0,157.48,10000.0,0.3992,0.000247999504,0.46779465559118233,https://doi.org/10.1021/acsami.0c09355
Ag0.97Cr0.99Sb0.01Se2,303.0,78.6,30323.0,0.5862,0.00018733428107999998,0.09683092317850561,https://doi.org/10.1021/acsami.0c09355
Ag0.97Cr0.99Sb0.01Se2,403.0,88.98,19184.0,0.5243,0.0001518881766336,0.11674792138726071,https://doi.org/10.1021/acsami.0c09355
Ag0.97Cr0.99Sb0.01Se2,503.0,111.23,15016.0,0.5071,0.0001857796473064,0.18427758350447485,https://doi.org/10.1021/acsami.0c09355
Ag0.97Cr0.99Sb0.01Se2,603.0,132.2,13545.0,0.4724,0.00023672379779999994,0.30216860726799316,https://doi.org/10.1021/acsami.0c09355
Ag0.97Cr0.99Sb0.01Se2,703.0,167.74,10240.0,0.4569,0.000288119885824,0.44330987028731017,https://doi.org/10.1021/acsami.0c09355
Ag0.97Cr0.99Sb0.01Se2,753.0,197.01,7556.0,0.459,0.0002932705753956,0.4811170877404941,https://doi.org/10.1021/acsami.0c09355
Ag0.97Cr0.97Sb0.03Se2,303.0,74.15,32414.0,0.5444,0.00017821938411500003,0.09919264031382258,https://doi.org/10.1021/acsami.0c09355
Ag0.97Cr0.97Sb0.03Se2,403.0,86.02,21461.0,0.4736,0.0001587993904244,0.13512701507819508,https://doi.org/10.1021/acsami.0c09355
Ag0.97Cr0.97Sb0.03Se2,503.0,111.0,17091.0,0.4481,0.000210578211,0.23637768384958713,https://doi.org/10.1021/acsami.0c09355
Ag0.97Cr0.97Sb0.03Se2,603.0,128.81,17153.0,0.4213,0.00028460285216330006,0.4073475429728695,https://doi.org/10.1021/acsami.0c09355
Ag0.97Cr0.97Sb0.03Se2,703.0,150.0,15772.0,0.4054,0.00035486999999999997,0.6153764430192403,https://doi.org/10.1021/acsami.0c09355
Ag0.97Cr0.97Sb0.03Se2,753.0,172.44,12983.0,0.4134,0.00038605669238879996,0.7031947009404121,https://doi.org/10.1021/acsami.0c09355
Ag0.97Cr0.95Sb0.05Se2,303.0,82.63,20889.0,0.6146,0.00014262417832409997,0.07031423044614757,https://doi.org/10.1021/acsami.0c09355
Ag0.97Cr0.95Sb0.05Se2,403.0,96.4,12240.0,0.5201,0.0001137458304,0.08813606931590079,https://doi.org/10.1021/acsami.0c09355
Ag0.97Cr0.95Sb0.05Se2,503.0,119.07,9792.0,0.5067,0.00013882769470079998,0.13781395388692,https://doi.org/10.1021/acsami.0c09355
Ag0.97Cr0.95Sb0.05Se2,603.0,135.81,10491.0,0.4854,0.0001934997398451,0.24037977570373983,https://doi.org/10.1021/acsami.0c09355
Ag0.97Cr0.95Sb0.05Se2,703.0,167.95,9109.0,0.4644,0.0002569394075725,0.38895005065346144,https://doi.org/10.1021/acsami.0c09355
Ag0.97Cr0.95Sb0.05Se2,753.0,200.0,6743.0,0.5033,0.00026972,0.40353498907212404,https://doi.org/10.1021/acsami.0c09355
Ag0.97Cr0.99Bi0.01Se2,303.0,77.75,22488.0,0.5339,0.0001359413655,0.07714971670069301,https://doi.org/10.1021/acsami.0c09355
Ag0.97Cr0.99Bi0.01Se2,403.0,92.8,16549.0,0.4628,0.00014251734015999998,0.12410217822921349,https://doi.org/10.1021/acsami.0c09355
Ag0.97Cr0.99Bi0.01Se2,503.0,111.86,12368.0,0.4531,0.0001547565739328,0.17179994855042685,https://doi.org/10.1021/acsami.0c09355
Ag0.97Cr0.99Bi0.01Se2,603.0,125.42,12082.0,0.4046,0.0001900519912648,0.28324604728787545,https://doi.org/10.1021/acsami.0c09355
Ag0.97Cr0.99Bi0.01Se2,703.0,156.41,9792.0,0.3879,0.00023955235067519998,0.434146178202283,https://doi.org/10.1021/acsami.0c09355
Ag0.97Cr0.99Bi0.01Se2,753.0,187.83,7618.0,0.404,0.00026876386960020005,0.5009385985370065,https://doi.org/10.1021/acsami.0c09355
Ag0.97Cr0.97Bi0.03Se2,303.0,77.55,24870.0,0.4937,0.00014956824217499999,0.0917949713976605,https://doi.org/10.1021/acsami.0c09355
Ag0.97Cr0.97Bi0.03Se2,403.0,85.38,18008.0,0.4301,0.0001312737171552,0.12300234367250779,https://doi.org/10.1021/acsami.0c09355
Ag0.97Cr0.97Bi0.03Se2,503.0,105.93,15260.0,0.4088,0.00017123497637400002,0.21069274245626712,https://doi.org/10.1021/acsami.0c09355
Ag0.97Cr0.97Bi0.03Se2,603.0,120.34,15410.0,0.3975,0.000223163237396,0.33853442050261134,https://doi.org/10.1021/acsami.0c09355
Ag0.97Cr0.97Bi0.03Se2,703.0,151.92,12877.0,0.3958,0.0002971971217727999,0.5278665401876663,https://doi.org/10.1021/acsami.0c09355
Ag0.97Cr0.97Bi0.03Se2,753.0,180.98,10468.0,0.396,0.00034286636386719993,0.6519655858383878,https://doi.org/10.1021/acsami.0c09355
Ag0.97Cr0.95Bi0.05Se2,303.0,87.92,21364.0,0.5356,0.0001651421476096,0.0934243292115549,https://doi.org/10.1021/acsami.0c09355
Ag0.97Cr0.95Bi0.05Se2,403.0,97.03,14780.0,0.4724,0.000139151052902,0.11870845537575361,https://doi.org/10.1021/acsami.0c09355
Ag0.97Cr0.95Bi0.05Se2,503.0,115.68,12020.0,0.4703,0.000160849986048,0.17203389960056134,https://doi.org/10.1021/acsami.0c09355
Ag0.97Cr0.95Bi0.05Se2,603.0,126.69,12336.0,0.4569,0.00019799719284959997,0.26130949286125804,https://doi.org/10.1021/acsami.0c09355
Ag0.97Cr0.95Bi0.05Se2,703.0,162.71,8902.0,0.4644,0.0002356763915782,0.356762496295165,https://doi.org/10.1021/acsami.0c09355
Ag0.97Cr0.95Bi0.05Se2,753.0,188.35,6601.0,0.4645,0.00023417524422249996,0.37962100947156613,https://doi.org/10.1021/acsami.0c09355
SnTe,323.0,36.93,761798.0,8.1348,0.0010389590811702,0.041252862174604735,https://doi.org/10.1021/acsami.0c09781
SnTe,423.0,41.46,562921.0,7.5495,0.0009676226952036,0.05421609379046596,https://doi.org/10.1021/acsami.0c09781
SnTe,523.0,50.22,421348.0,6.7,0.0010626600492431998,0.08295092623196917,https://doi.org/10.1021/acsami.0c09781
SnTe,623.0,63.65,320225.0,5.6333,0.0012973347475625,0.14347532489507703,https://doi.org/10.1021/acsami.0c09781
SnTe,723.0,82.46,241573.0,4.6067,0.0016426122359667998,0.2578003009972423,https://doi.org/10.1021/acsami.0c09781
Sn0.985In0.015Te,323.0,53.28,559551.0,6.3778,0.0015884301014784,0.08044512571380777,https://doi.org/10.1021/acsami.0c09781
Sn0.985In0.015Te,423.0,63.65,420230.0,5.7222,0.001702487254175,0.12585231353605691,https://doi.org/10.1021/acsami.0c09781
Sn0.985In0.015Te,523.0,75.99,316854.0,5.0556,0.0018296671176053995,0.18927840464190676,https://doi.org/10.1021/acsami.0c09781
Sn0.985In0.015Te,623.0,90.72,246067.0,4.2921,0.0020251605443328,0.29395284805091554,https://doi.org/10.1021/acsami.0c09781
Sn0.985In0.015Te,723.0,106.7,189326.0,3.6778,0.0021554556841400004,0.4237300722261189,https://doi.org/10.1021/acsami.0c09781
(Sn0.985In0.015Te)0.95(AgCl)0.05,323.0,50.95,577528.0,5.5667,0.00149920637902,0.0869893582236262,https://doi.org/10.1021/acsami.0c09781
(Sn0.985In0.015Te)0.95(AgCl)0.05,423.0,63.21,478652.0,5.1889,0.0019124560284732,0.15590373683134454,https://doi.org/10.1021/acsami.0c09781
(Sn0.985In0.015Te)0.95(AgCl)0.05,523.0,76.64,371910.0,4.6966,0.0021844838991359997,0.24325790555894217,https://doi.org/10.1021/acsami.0c09781
(Sn0.985In0.015Te)0.95(AgCl)0.05,623.0,92.46,278652.0,4.0337,0.0023821545960431996,0.3679208452128105,https://doi.org/10.1021/acsami.0c09781
(Sn0.985In0.015Te)0.95(AgCl)0.05,723.0,106.81,222472.0,3.6333,0.0025380442477192,0.5050521539925087,https://doi.org/10.1021/acsami.0c09781
(Sn0.985In0.015Te)0.9(AgCl)0.1,323.0,57.37,464045.0,3.8889,0.0015273191508604997,0.12685440246032076,https://doi.org/10.1021/acsami.0c09781
(Sn0.985In0.015Te)0.9(AgCl)0.1,423.0,70.22,365169.0,3.5778,0.0018005929793796,0.21288245018658697,https://doi.org/10.1021/acsami.0c09781
(Sn0.985In0.015Te)0.9(AgCl)0.1,523.0,83.48,289888.0,3.3222,0.0020202034980352002,0.3180321562435764,https://doi.org/10.1021/acsami.0c09781
(Sn0.985In0.015Te)0.9(AgCl)0.1,623.0,96.67,231461.0,3.0,0.00218,0.4491879054776822,https://doi.org/10.1021/acsami.0c09781
(Sn0.985In0.015Te)0.9(AgCl)0.1,723.0,112.9,180899.0,2.6222,0.00230581282259,0.635764880913954,https://doi.org/10.1021/acsami.0c09781
(Sn0.985In0.015Te)0.9(AgCl)0.1,823.0,127.25,146067.0,2.256,0.0023651990266875,0.8628363470584276,https://doi.org/10.1021/acsami.0c09781
(Sn0.985In0.015Te)0.85(AgCl)0.15,323.0,58.53,420225.0,4.0,0.0014395903742025,0.11624692271685189,https://doi.org/10.1021/acsami.0c09781
(Sn0.985In0.015Te)0.85(AgCl)0.15,423.0,70.51,317978.0,3.5889,0.0015808785352778004,0.1863277384219425,https://doi.org/10.1021/acsami.0c09781
(Sn0.985In0.015Te)0.85(AgCl)0.15,523.0,84.2,249438.0,3.367,0.0017684256223200001,0.274691595032183,https://doi.org/10.1021/acsami.0c09781
(Sn0.985In0.015Te)0.85(AgCl)0.15,623.0,98.99,195506.0,2.9775,0.0019157672236706,0.3961,https://doi.org/10.1021/acsami.0c09781
(Sn0.985In0.015Te)0.85(AgCl)0.15,723.0,115.07,155056.0,2.5778,0.0020531127613743995,0.575840067683176,https://doi.org/10.1021/acsami.0c09781
(Sn0.985In0.015Te)0.85(AgCl)0.15,823.0,132.46,122472.0,2.18,0.0021488510427552,0.811240554214463,https://doi.org/10.1021/acsami.0c09781
Cu2SnSe3,323.0,89.29,13265.0,2.8264,0.00010575791988650002,0.01208597796608389,https://doi.org/10.1021/acsami.0c04298
Cu2SnSe3,423.0,100.85,12245.0,2.0455,0.00012454049701249997,0.025754402462130278,https://doi.org/10.1021/acsami.0c04298
Cu2SnSe3,523.0,120.23,11905.0,1.6125,0.00017208978577450002,0.05581578788220992,https://doi.org/10.1021/acsami.0c04298
Cu2SnSe3,623.0,148.13,12245.0,1.3099,0.0002686858745405,0.12778937311148292,https://doi.org/10.1021/acsami.0c04298
Cu2SnSe3,723.0,166.98,12585.0,1.1446,0.00035089900223399993,0.2216494658528586,https://doi.org/10.1021/acsami.0c04298
Cu2SnSe3,823.0,207.38,8844.0,0.9,0.00038034917115359996,0.3518,https://doi.org/10.1021/acsami.0c04298
Cu2Sn0.95Fe0.05Se3,323.0,55.48,115306.0,3.428,0.0003549153733023999,0.033441559386427996,https://doi.org/10.1021/acsami.0c04298
Cu2Sn0.95Fe0.05Se3,423.0,71.43,100000.0,2.7025,0.0005102244900000001,0.07986122452173913,https://doi.org/10.1021/acsami.0c04298
Cu2Sn0.95Fe0.05Se3,523.0,87.86,86824.0,2.314,0.0006702274143904,0.15148182269929955,https://doi.org/10.1021/acsami.0c04298
Cu2Sn0.95Fe0.05Se3,623.0,103.62,75676.0,2.0207,0.0008125411125744001,0.250513739364503,https://doi.org/10.1021/acsami.0c04298
Cu2Sn0.95Fe0.05Se3,723.0,112.15,70608.0,1.9292,0.0008880807694800001,0.33282313722477713,https://doi.org/10.1021/acsami.0c04298
Cu2Sn0.95Fe0.05Se3,823.0,185.0,29592.0,1.0,0.0010127862,0.85,https://doi.org/10.1021/acsami.0c04298
Ge9Sb2Te12,324.0,53.25,229091.0,2.899,0.0006496018486875,0.0726012414538634,https://doi.org/10.1021/acsami.0c02155
Ge9Sb2Te12,423.0,77.28,173636.0,2.8586,0.0010369886413824,0.1534479099226038,https://doi.org/10.1021/acsami.0c02155
Ge9Sb2Te12,525.0,97.5,136364.0,2.7576,0.001296310275,0.24679536349543083,https://doi.org/10.1021/acsami.0c02155
Ge9Sb2Te12,625.0,112.88,120000.0,2.8232,0.001529027328,0.3384960612071408,https://doi.org/10.1021/acsami.0c02155
Ge9Sb2Te12,725.0,135.19,108182.0,2.5354,0.0019771705919702,0.5653737789612665,https://doi.org/10.1021/acsami.0c02155
Ge9Sb2Te12,827.0,168.75,95455.0,1.6869,0.0027182302734375,1.3326080005529743,https://doi.org/10.1021/acsami.0c02155
